{
  "faceAnnotations": [
    {
      "boundingPoly": {
        "vertices": [
          {
            "x": 288,
            "y": 12
          },
          {
            "x": 360,
            "y": 12
          },
          {
            "x": 360,
            "y": 95
          },
          {
            "x": 288,
            "y": 95
          }
        ]
      },
      "fdBoundingPoly": {
        "vertices": [
          {
            "x": 293,
            "y": 33
          },
          {
            "x": 350,
            "y": 33
          },
          {
            "x": 350,
            "y": 90
          },
          {
            "x": 293,
            "y": 90
          }
        ]
      },
      "landmarks": [
        {
          "type": "LEFT_EYE",
          "position": {
            "x": 305.1056213378906,
            "y": 56.206024169921875,
            "z": -5.551616141019622e-06
          }
        },
        {
          "type": "RIGHT_EYE",
          "position": {
            "x": 323.74981689453125,
            "y": 52.092803955078125,
            "z": -9.091235160827637
          }
        },
        {
          "type": "LEFT_OF_LEFT_EYEBROW",
          "position": {
            "x": 298.0845031738281,
            "y": 51.91591262817383,
            "z": 4.480959415435791
          }
        },
        {
          "type": "RIGHT_OF_LEFT_EYEBROW",
          "position": {
            "x": 306.9285888671875,
            "y": 50.62480926513672,
            "z": -6.605321407318115
          }
        },
        {
          "type": "LEFT_OF_RIGHT_EYEBROW",
          "position": {
            "x": 316.38238525390625,
            "y": 48.44470977783203,
            "z": -11.111909866333008
          }
        },
        {
          "type": "RIGHT_OF_RIGHT_EYEBROW",
          "position": {
            "x": 330.8905029296875,
            "y": 46.065208435058594,
            "z": -10.804694175720215
          }
        },
        {
          "type": "MIDPOINT_BETWEEN_EYES",
          "position": {
            "x": 311.7942810058594,
            "y": 53.530517578125,
            "z": -8.83561897277832
          }
        },
        {
          "type": "NOSE_TIP",
          "position": {
            "x": 312.5152282714844,
            "y": 67.33547973632812,
            "z": -13.419438362121582
          }
        },
        {
          "type": "UPPER_LIP",
          "position": {
            "x": 317.602783203125,
            "y": 74.7529296875,
            "z": -7.981103420257568
          }
        },
        {
          "type": "LOWER_LIP",
          "position": {
            "x": 319.2494201660156,
            "y": 80.10659790039062,
            "z": -6.126150131225586
          }
        },
        {
          "type": "MOUTH_LEFT",
          "position": {
            "x": 311.8759765625,
            "y": 77.90646362304688,
            "z": 1.1630885601043701
          }
        },
        {
          "type": "MOUTH_RIGHT",
          "position": {
            "x": 328.2252197265625,
            "y": 74.00723266601562,
            "z": -6.162083148956299
          }
        },
        {
          "type": "MOUTH_CENTER",
          "position": {
            "x": 318.4233093261719,
            "y": 76.92756652832031,
            "z": -6.343940258026123
          }
        },
        {
          "type": "NOSE_BOTTOM_RIGHT",
          "position": {
            "x": 321.4582824707031,
            "y": 66.15519714355469,
            "z": -8.241074562072754
          }
        },
        {
          "type": "NOSE_BOTTOM_LEFT",
          "position": {
            "x": 311.2439880371094,
            "y": 68.80925750732422,
            "z": -3.070537805557251
          }
        },
        {
          "type": "NOSE_BOTTOM_CENTER",
          "position": {
            "x": 316.1731872558594,
            "y": 69.97855377197266,
            "z": -8.528203964233398
          }
        },
        {
          "type": "LEFT_EYE_TOP_BOUNDARY",
          "position": {
            "x": 303.99407958984375,
            "y": 54.69163513183594,
            "z": -1.423553705215454
          }
        },
        {
          "type": "LEFT_EYE_RIGHT_CORNER",
          "position": {
            "x": 308.9451599121094,
            "y": 55.02857208251953,
            "z": -1.7781826257705688
          }
        },
        {
          "type": "LEFT_EYE_BOTTOM_BOUNDARY",
          "position": {
            "x": 305.1803894042969,
            "y": 57.30668640136719,
            "z": -0.022925399243831635
          }
        },
        {
          "type": "LEFT_EYE_LEFT_CORNER",
          "position": {
            "x": 301.9141540527344,
            "y": 56.35721969604492,
            "z": 3.649402141571045
          }
        },
        {
          "type": "LEFT_EYE_PUPIL",
          "position": {
            "x": 304.3944396972656,
            "y": 55.99785232543945,
            "z": -0.31729984283447266
          }
        },
        {
          "type": "RIGHT_EYE_TOP_BOUNDARY",
          "position": {
            "x": 323.1240539550781,
            "y": 50.79508972167969,
            "z": -10.642290115356445
          }
        },
        {
          "type": "RIGHT_EYE_RIGHT_CORNER",
          "position": {
            "x": 328.7131042480469,
            "y": 50.970481872558594,
            "z": -9.235343933105469
          }
        },
        {
          "type": "RIGHT_EYE_BOTTOM_BOUNDARY",
          "position": {
            "x": 324.08636474609375,
            "y": 53.19921112060547,
            "z": -9.236725807189941
          }
        },
        {
          "type": "RIGHT_EYE_LEFT_CORNER",
          "position": {
            "x": 319.888916015625,
            "y": 52.57164001464844,
            "z": -7.241247653961182
          }
        },
        {
          "type": "RIGHT_EYE_PUPIL",
          "position": {
            "x": 324.0123596191406,
            "y": 51.99610137939453,
            "z": -9.805791854858398
          }
        },
        {
          "type": "LEFT_EYEBROW_UPPER_MIDPOINT",
          "position": {
            "x": 301.2423095703125,
            "y": 48.978302001953125,
            "z": -2.5783064365386963
          }
        },
        {
          "type": "RIGHT_EYEBROW_UPPER_MIDPOINT",
          "position": {
            "x": 322.0224304199219,
            "y": 44.7573356628418,
            "z": -12.586965560913086
          }
        },
        {
          "type": "LEFT_EAR_TRAGION",
          "position": {
            "x": 305.8746643066406,
            "y": 63.78785705566406,
            "z": 30.866790771484375
          }
        },
        {
          "type": "RIGHT_EAR_TRAGION",
          "position": {
            "x": 349.37713623046875,
            "y": 54.807708740234375,
            "z": 9.885799407958984
          }
        },
        {
          "type": "FOREHEAD_GLABELLA",
          "position": {
            "x": 311.1595458984375,
            "y": 49.54582977294922,
            "z": -9.624601364135742
          }
        },
        {
          "type": "CHIN_GNATHION",
          "position": {
            "x": 322.78814697265625,
            "y": 89.68147277832031,
            "z": -2.4615867137908936
          }
        },
        {
          "type": "CHIN_LEFT_GONION",
          "position": {
            "x": 307.77276611328125,
            "y": 78.3311767578125,
            "z": 23.274690628051758
          }
        },
        {
          "type": "CHIN_RIGHT_GONION",
          "position": {
            "x": 347.38763427734375,
            "y": 70.24429321289062,
            "z": 4.224793910980225
          }
        }
      ],
      "rollAngle": -13.87154769897461,
      "panAngle": -25.36836051940918,
      "tiltAngle": -4.991081714630127,
      "detectionConfidence": 0.9482630491256714,
      "landmarkingConfidence": 0.8127783536911011,
      "joyLikelihood": "VERY_UNLIKELY",
      "sorrowLikelihood": "VERY_UNLIKELY",
      "angerLikelihood": "VERY_UNLIKELY",
      "surpriseLikelihood": "VERY_UNLIKELY",
      "underExposedLikelihood": "VERY_UNLIKELY",
      "blurredLikelihood": "VERY_UNLIKELY",
      "headwearLikelihood": "VERY_UNLIKELY"
    },
    {
      "boundingPoly": {
        "vertices": [
          {
            "x": 169,
            "y": 36
          },
          {
            "x": 230,
            "y": 36
          },
          {
            "x": 230,
            "y": 107
          },
          {
            "x": 169,
            "y": 107
          }
        ]
      },
      "fdBoundingPoly": {
        "vertices": [
          {
            "x": 168,
            "y": 52
          },
          {
            "x": 220,
            "y": 52
          },
          {
            "x": 220,
            "y": 104
          },
          {
            "x": 168,
            "y": 104
          }
        ]
      },
      "landmarks": [
        {
          "type": "LEFT_EYE",
          "position": {
            "x": 181.0624542236328,
            "y": 72.88892364501953,
            "z": 5.670030077453703e-05
          }
        },
        {
          "type": "RIGHT_EYE",
          "position": {
            "x": 197.4107666015625,
            "y": 70.31820678710938,
            "z": -10.674511909484863
          }
        },
        {
          "type": "LEFT_OF_LEFT_EYEBROW",
          "position": {
            "x": 176.4146270751953,
            "y": 69.10575103759766,
            "z": 4.6368088722229
          }
        },
        {
          "type": "RIGHT_OF_LEFT_EYEBROW",
          "position": {
            "x": 182.49037170410156,
            "y": 67.9276123046875,
            "z": -5.8941850662231445
          }
        },
        {
          "type": "LEFT_OF_RIGHT_EYEBROW",
          "position": {
            "x": 189.6747283935547,
            "y": 66.50300598144531,
            "z": -10.838149070739746
          }
        },
        {
          "type": "RIGHT_OF_RIGHT_EYEBROW",
          "position": {
            "x": 202.36314392089844,
            "y": 63.90561294555664,
            "z": -12.382107734680176
          }
        },
        {
          "type": "MIDPOINT_BETWEEN_EYES",
          "position": {
            "x": 186.16159057617188,
            "y": 70.51029205322266,
            "z": -8.61412239074707
          }
        },
        {
          "type": "NOSE_TIP",
          "position": {
            "x": 185.5699462890625,
            "y": 82.16810607910156,
            "z": -13.009551048278809
          }
        },
        {
          "type": "UPPER_LIP",
          "position": {
            "x": 189.8675537109375,
            "y": 88.46711730957031,
            "z": -9.237521171569824
          }
        },
        {
          "type": "LOWER_LIP",
          "position": {
            "x": 191.57945251464844,
            "y": 93.79376220703125,
            "z": -8.105772972106934
          }
        },
        {
          "type": "MOUTH_LEFT",
          "position": {
            "x": 186.07745361328125,
            "y": 90.65290832519531,
            "z": -0.769527018070221
          }
        },
        {
          "type": "MOUTH_RIGHT",
          "position": {
            "x": 201.0431365966797,
            "y": 88.09468841552734,
            "z": -9.046927452087402
          }
        },
        {
          "type": "MOUTH_CENTER",
          "position": {
            "x": 190.71437072753906,
            "y": 90.55206298828125,
            "z": -8.10932445526123
          }
        },
        {
          "type": "NOSE_BOTTOM_RIGHT",
          "position": {
            "x": 194.46609497070312,
            "y": 82.25611877441406,
            "z": -9.796632766723633
          }
        },
        {
          "type": "NOSE_BOTTOM_LEFT",
          "position": {
            "x": 184.9778289794922,
            "y": 83.62093353271484,
            "z": -3.8125967979431152
          }
        },
        {
          "type": "NOSE_BOTTOM_CENTER",
          "position": {
            "x": 188.805908203125,
            "y": 84.77967834472656,
            "z": -9.366752624511719
          }
        },
        {
          "type": "LEFT_EYE_TOP_BOUNDARY",
          "position": {
            "x": 180.48838806152344,
            "y": 71.49874114990234,
            "z": -1.2752559185028076
          }
        },
        {
          "type": "LEFT_EYE_RIGHT_CORNER",
          "position": {
            "x": 184.161376953125,
            "y": 72.01443481445312,
            "z": -2.1025772094726562
          }
        },
        {
          "type": "LEFT_EYE_BOTTOM_BOUNDARY",
          "position": {
            "x": 181.2899169921875,
            "y": 74.15927124023438,
            "z": -0.27357184886932373
          }
        },
        {
          "type": "LEFT_EYE_LEFT_CORNER",
          "position": {
            "x": 179.3167266845703,
            "y": 73.03997802734375,
            "z": 3.2765307426452637
          }
        },
        {
          "type": "LEFT_EYE_PUPIL",
          "position": {
            "x": 180.8905029296875,
            "y": 72.65077209472656,
            "z": -0.4691879153251648
          }
        },
        {
          "type": "RIGHT_EYE_TOP_BOUNDARY",
          "position": {
            "x": 195.6405792236328,
            "y": 68.58120727539062,
            "z": -11.455379486083984
          }
        },
        {
          "type": "RIGHT_EYE_RIGHT_CORNER",
          "position": {
            "x": 200.90914916992188,
            "y": 68.82955932617188,
            "z": -11.015167236328125
          }
        },
        {
          "type": "RIGHT_EYE_BOTTOM_BOUNDARY",
          "position": {
            "x": 197.26324462890625,
            "y": 70.9481201171875,
            "z": -10.565881729125977
          }
        },
        {
          "type": "RIGHT_EYE_LEFT_CORNER",
          "position": {
            "x": 193.8530731201172,
            "y": 70.03787231445312,
            "z": -8.347073554992676
          }
        },
        {
          "type": "RIGHT_EYE_PUPIL",
          "position": {
            "x": 196.41348266601562,
            "y": 69.66047668457031,
            "z": -10.93915843963623
          }
        },
        {
          "type": "LEFT_EYEBROW_UPPER_MIDPOINT",
          "position": {
            "x": 178.2748565673828,
            "y": 66.4154052734375,
            "z": -1.7053678035736084
          }
        },
        {
          "type": "RIGHT_EYEBROW_UPPER_MIDPOINT",
          "position": {
            "x": 194.69068908691406,
            "y": 63.24580764770508,
            "z": -12.748649597167969
          }
        },
        {
          "type": "LEFT_EAR_TRAGION",
          "position": {
            "x": 185.88226318359375,
            "y": 80.59097290039062,
            "z": 25.454591751098633
          }
        },
        {
          "type": "RIGHT_EAR_TRAGION",
          "position": {
            "x": 220.24830627441406,
            "y": 73.9603500366211,
            "z": 2.282801389694214
          }
        },
        {
          "type": "FOREHEAD_GLABELLA",
          "position": {
            "x": 185.6866912841797,
            "y": 67.02947998046875,
            "z": -8.990028381347656
          }
        },
        {
          "type": "CHIN_GNATHION",
          "position": {
            "x": 194.1533966064453,
            "y": 102.26719665527344,
            "z": -6.011549949645996
          }
        },
        {
          "type": "CHIN_LEFT_GONION",
          "position": {
            "x": 185.80914306640625,
            "y": 92.67253875732422,
            "z": 18.159334182739258
          }
        },
        {
          "type": "CHIN_RIGHT_GONION",
          "position": {
            "x": 216.8681182861328,
            "y": 86.72534942626953,
            "z": -2.7216758728027344
          }
        }
      ],
      "rollAngle": -11.288196563720703,
      "panAngle": -33.424896240234375,
      "tiltAngle": -0.6027126312255859,
      "detectionConfidence": 0.987600564956665,
      "landmarkingConfidence": 0.6877533793449402,
      "joyLikelihood": "POSSIBLE",
      "sorrowLikelihood": "VERY_UNLIKELY",
      "angerLikelihood": "VERY_UNLIKELY",
      "surpriseLikelihood": "VERY_UNLIKELY",
      "underExposedLikelihood": "VERY_UNLIKELY",
      "blurredLikelihood": "VERY_UNLIKELY",
      "headwearLikelihood": "VERY_UNLIKELY"
    }
  ]
}
