{
  "faceAnnotations": [
    {
      "boundingPoly": {
        "vertices": [
          {
            "x": 336,
            "y": 24
          },
          {
            "x": 440,
            "y": 24
          },
          {
            "x": 440,
            "y": 144
          },
          {
            "x": 336,
            "y": 144
          }
        ]
      },
      "fdBoundingPoly": {
        "vertices": [
          {
            "x": 347,
            "y": 76
          },
          {
            "x": 412,
            "y": 76
          },
          {
            "x": 412,
            "y": 141
          },
          {
            "x": 347,
            "y": 141
          }
        ]
      },
      "landmarks": [
        {
          "type": "LEFT_EYE",
          "position": {
            "x": 383.4867858886719,
            "y": 96.90153503417969,
            "z": -0.0001559705415274948
          }
        },
        {
          "type": "RIGHT_EYE",
          "position": {
            "x": 409.60198974609375,
            "y": 110.20075988769531,
            "z": 11.921783447265625
          }
        },
        {
          "type": "LEFT_OF_LEFT_EYEBROW",
          "position": {
            "x": 379.48565673828125,
            "y": 85.97659301757812,
            "z": -6.048990249633789
          }
        },
        {
          "type": "RIGHT_OF_LEFT_EYEBROW",
          "position": {
            "x": 394.7246398925781,
            "y": 99.93898010253906,
            "z": -5.681265354156494
          }
        },
        {
          "type": "LEFT_OF_RIGHT_EYEBROW",
          "position": {
            "x": 407.2367858886719,
            "y": 106.43375396728516,
            "z": 0.1397572159767151
          }
        },
        {
          "type": "RIGHT_OF_RIGHT_EYEBROW",
          "position": {
            "x": 422.4997863769531,
            "y": 108.332275390625,
            "z": 13.920888900756836
          }
        },
        {
          "type": "MIDPOINT_BETWEEN_EYES",
          "position": {
            "x": 397.1428527832031,
            "y": 107.4891128540039,
            "z": 0.643458366394043
          }
        },
        {
          "type": "NOSE_TIP",
          "position": {
            "x": 386.8665771484375,
            "y": 124.07504272460938,
            "z": 3.88594913482666
          }
        },
        {
          "type": "UPPER_LIP",
          "position": {
            "x": 380.35296630859375,
            "y": 126.35295104980469,
            "z": 15.678946495056152
          }
        },
        {
          "type": "LOWER_LIP",
          "position": {
            "x": 374.51800537109375,
            "y": 130.3600616455078,
            "z": 23.012969970703125
          }
        },
        {
          "type": "MOUTH_LEFT",
          "position": {
            "x": 368.02728271484375,
            "y": 119.29640197753906,
            "z": 19.926542282104492
          }
        },
        {
          "type": "MOUTH_RIGHT",
          "position": {
            "x": 387.8599853515625,
            "y": 128.7386474609375,
            "z": 29.175203323364258
          }
        },
        {
          "type": "MOUTH_CENTER",
          "position": {
            "x": 377.45440673828125,
            "y": 127.8279800415039,
            "z": 20.267539978027344
          }
        },
        {
          "type": "NOSE_BOTTOM_RIGHT",
          "position": {
            "x": 392.5761413574219,
            "y": 121.48451232910156,
            "z": 17.391176223754883
          }
        },
        {
          "type": "NOSE_BOTTOM_LEFT",
          "position": {
            "x": 378.60638427734375,
            "y": 115.13636779785156,
            "z": 11.067723274230957
          }
        },
        {
          "type": "NOSE_BOTTOM_CENTER",
          "position": {
            "x": 383.55609130859375,
            "y": 122.85943603515625,
            "z": 12.134387016296387
          }
        },
        {
          "type": "LEFT_EYE_TOP_BOUNDARY",
          "position": {
            "x": 385.04791259765625,
            "y": 96.9985122680664,
            "z": -2.7832753658294678
          }
        },
        {
          "type": "LEFT_EYE_RIGHT_CORNER",
          "position": {
            "x": 388.77227783203125,
            "y": 99.5351791381836,
            "z": 2.5863187313079834
          }
        },
        {
          "type": "LEFT_EYE_BOTTOM_BOUNDARY",
          "position": {
            "x": 382.7658996582031,
            "y": 98.29779052734375,
            "z": 0.9477759599685669
          }
        },
        {
          "type": "LEFT_EYE_LEFT_CORNER",
          "position": {
            "x": 378.7178039550781,
            "y": 92.35759735107422,
            "z": -0.2138051837682724
          }
        },
        {
          "type": "LEFT_EYE_PUPIL",
          "position": {
            "x": 383.451904296875,
            "y": 97.17432403564453,
            "z": -0.7744470238685608
          }
        },
        {
          "type": "RIGHT_EYE_TOP_BOUNDARY",
          "position": {
            "x": 410.82574462890625,
            "y": 110.38249969482422,
            "z": 9.192428588867188
          }
        },
        {
          "type": "RIGHT_EYE_RIGHT_CORNER",
          "position": {
            "x": 414.69610595703125,
            "y": 111.02350616455078,
            "z": 16.494577407836914
          }
        },
        {
          "type": "RIGHT_EYE_BOTTOM_BOUNDARY",
          "position": {
            "x": 408.36749267578125,
            "y": 111.66963958740234,
            "z": 12.928078651428223
          }
        },
        {
          "type": "RIGHT_EYE_LEFT_CORNER",
          "position": {
            "x": 404.9492492675781,
            "y": 107.60147857666016,
            "z": 9.768477439880371
          }
        },
        {
          "type": "RIGHT_EYE_PUPIL",
          "position": {
            "x": 409.8955078125,
            "y": 110.92428588867188,
            "z": 11.497954368591309
          }
        },
        {
          "type": "LEFT_EYEBROW_UPPER_MIDPOINT",
          "position": {
            "x": 389.1878662109375,
            "y": 92.00774383544922,
            "z": -9.572395324707031
          }
        },
        {
          "type": "RIGHT_EYEBROW_UPPER_MIDPOINT",
          "position": {
            "x": 417.1453552246094,
            "y": 106.52086639404297,
            "z": 3.4216361045837402
          }
        },
        {
          "type": "LEFT_EAR_TRAGION",
          "position": {
            "x": 359.01983642578125,
            "y": 71.4756851196289,
            "z": 29.545927047729492
          }
        },
        {
          "type": "RIGHT_EAR_TRAGION",
          "position": {
            "x": 417.50994873046875,
            "y": 101.8655014038086,
            "z": 56.695308685302734
          }
        },
        {
          "type": "FOREHEAD_GLABELLA",
          "position": {
            "x": 401.196533203125,
            "y": 103.7483901977539,
            "z": -3.848048210144043
          }
        },
        {
          "type": "CHIN_GNATHION",
          "position": {
            "x": 366.126953125,
            "y": 136.83074951171875,
            "z": 34.66484451293945
          }
        },
        {
          "type": "CHIN_LEFT_GONION",
          "position": {
            "x": 350.2005920410156,
            "y": 93.7421875,
            "z": 32.69293975830078
          }
        },
        {
          "type": "CHIN_RIGHT_GONION",
          "position": {
            "x": 402.9756774902344,
            "y": 121.23284912109375,
            "z": 57.28456497192383
          }
        }
      ],
      "rollAngle": 43.55744552612305,
      "panAngle": 27.3619327545166,
      "tiltAngle": -33.963871002197266,
      "detectionConfidence": 0.6862263083457947,
      "landmarkingConfidence": 0.36447519063949585,
      "joyLikelihood": "VERY_UNLIKELY",
      "sorrowLikelihood": "VERY_UNLIKELY",
      "angerLikelihood": "VERY_UNLIKELY",
      "surpriseLikelihood": "VERY_UNLIKELY",
      "underExposedLikelihood": "VERY_UNLIKELY",
      "blurredLikelihood": "VERY_UNLIKELY",
      "headwearLikelihood": "VERY_UNLIKELY"
    },
    {
      "boundingPoly": {
        "vertices": [
          {
            "x": 84,
            "y": 144
          },
          {
            "x": 154,
            "y": 144
          },
          {
            "x": 154,
            "y": 225
          },
          {
            "x": 84,
            "y": 225
          }
        ]
      },
      "fdBoundingPoly": {
        "vertices": [
          {
            "x": 97,
            "y": 161
          },
          {
            "x": 150,
            "y": 161
          },
          {
            "x": 150,
            "y": 215
          },
          {
            "x": 97,
            "y": 215
          }
        ]
      },
      "landmarks": [
        {
          "type": "LEFT_EYE",
          "position": {
            "x": 119.09723663330078,
            "y": 181.58522033691406,
            "z": 0.000140060976264067
          }
        },
        {
          "type": "RIGHT_EYE",
          "position": {
            "x": 133.85958862304688,
            "y": 173.56951904296875,
            "z": 13.089364051818848
          }
        },
        {
          "type": "LEFT_OF_LEFT_EYEBROW",
          "position": {
            "x": 110.81311798095703,
            "y": 180.11366271972656,
            "z": -3.0906851291656494
          }
        },
        {
          "type": "RIGHT_OF_LEFT_EYEBROW",
          "position": {
            "x": 123.01829528808594,
            "y": 173.91810607910156,
            "z": -0.15839549899101257
          }
        },
        {
          "type": "LEFT_OF_RIGHT_EYEBROW",
          "position": {
            "x": 130.1732940673828,
            "y": 170.03726196289062,
            "z": 6.190002918243408
          }
        },
        {
          "type": "RIGHT_OF_RIGHT_EYEBROW",
          "position": {
            "x": 135.44747924804688,
            "y": 166.81744384765625,
            "z": 18.74139976501465
          }
        },
        {
          "type": "MIDPOINT_BETWEEN_EYES",
          "position": {
            "x": 128.7401123046875,
            "y": 175.95265197753906,
            "z": 3.0177457332611084
          }
        },
        {
          "type": "NOSE_TIP",
          "position": {
            "x": 137.66636657714844,
            "y": 185.4666290283203,
            "z": -1.2555686235427856
          }
        },
        {
          "type": "UPPER_LIP",
          "position": {
            "x": 138.17703247070312,
            "y": 193.52444458007812,
            "z": 3.0663280487060547
          }
        },
        {
          "type": "LOWER_LIP",
          "position": {
            "x": 140.47998046875,
            "y": 200.4307098388672,
            "z": 4.676854133605957
          }
        },
        {
          "type": "MOUTH_LEFT",
          "position": {
            "x": 130.909423828125,
            "y": 200.54403686523438,
            "z": 2.609952926635742
          }
        },
        {
          "type": "MOUTH_RIGHT",
          "position": {
            "x": 141.791748046875,
            "y": 194.70083618164062,
            "z": 12.791030883789062
          }
        },
        {
          "type": "MOUTH_CENTER",
          "position": {
            "x": 138.7662353515625,
            "y": 196.96224975585938,
            "z": 4.505532741546631
          }
        },
        {
          "type": "NOSE_BOTTOM_RIGHT",
          "position": {
            "x": 137.70114135742188,
            "y": 186.5873565673828,
            "z": 8.8400239944458
          }
        },
        {
          "type": "NOSE_BOTTOM_LEFT",
          "position": {
            "x": 129.7725067138672,
            "y": 191.08416748046875,
            "z": 1.7019052505493164
          }
        },
        {
          "type": "NOSE_BOTTOM_CENTER",
          "position": {
            "x": 136.2982177734375,
            "y": 189.55560302734375,
            "z": 2.7730538845062256
          }
        },
        {
          "type": "LEFT_EYE_TOP_BOUNDARY",
          "position": {
            "x": 119.25235748291016,
            "y": 179.8542938232422,
            "z": -1.1916307210922241
          }
        },
        {
          "type": "LEFT_EYE_RIGHT_CORNER",
          "position": {
            "x": 122.06270599365234,
            "y": 180.0699462890625,
            "z": 2.7064952850341797
          }
        },
        {
          "type": "LEFT_EYE_BOTTOM_BOUNDARY",
          "position": {
            "x": 119.76074981689453,
            "y": 182.64569091796875,
            "z": -0.05204073339700699
          }
        },
        {
          "type": "LEFT_EYE_LEFT_CORNER",
          "position": {
            "x": 115.02984619140625,
            "y": 183.6276092529297,
            "z": -1.0500856637954712
          }
        },
        {
          "type": "LEFT_EYE_PUPIL",
          "position": {
            "x": 119.13034057617188,
            "y": 181.49453735351562,
            "z": -0.5991027355194092
          }
        },
        {
          "type": "RIGHT_EYE_TOP_BOUNDARY",
          "position": {
            "x": 134.00523376464844,
            "y": 171.89561462402344,
            "z": 11.888669967651367
          }
        },
        {
          "type": "RIGHT_EYE_RIGHT_CORNER",
          "position": {
            "x": 135.6680908203125,
            "y": 172.47518920898438,
            "z": 17.223331451416016
          }
        },
        {
          "type": "RIGHT_EYE_BOTTOM_BOUNDARY",
          "position": {
            "x": 134.55201721191406,
            "y": 174.7864227294922,
            "z": 13.018021583557129
          }
        },
        {
          "type": "RIGHT_EYE_LEFT_CORNER",
          "position": {
            "x": 130.90113830566406,
            "y": 175.30471801757812,
            "z": 10.540609359741211
          }
        },
        {
          "type": "RIGHT_EYE_PUPIL",
          "position": {
            "x": 134.28353881835938,
            "y": 173.33058166503906,
            "z": 12.804350852966309
          }
        },
        {
          "type": "LEFT_EYEBROW_UPPER_MIDPOINT",
          "position": {
            "x": 116.52262115478516,
            "y": 174.38253784179688,
            "z": -2.908958911895752
          }
        },
        {
          "type": "RIGHT_EYEBROW_UPPER_MIDPOINT",
          "position": {
            "x": 132.52499389648438,
            "y": 165.7472381591797,
            "z": 11.279078483581543
          }
        },
        {
          "type": "LEFT_EAR_TRAGION",
          "position": {
            "x": 99.28717803955078,
            "y": 202.02662658691406,
            "z": 12.882049560546875
          }
        },
        {
          "type": "RIGHT_EAR_TRAGION",
          "position": {
            "x": 132.773681640625,
            "y": 183.94424438476562,
            "z": 42.578861236572266
          }
        },
        {
          "type": "FOREHEAD_GLABELLA",
          "position": {
            "x": 126.92890930175781,
            "y": 171.5496368408203,
            "z": 2.3769102096557617
          }
        },
        {
          "type": "CHIN_GNATHION",
          "position": {
            "x": 142.96067810058594,
            "y": 209.73052978515625,
            "z": 7.561539649963379
          }
        },
        {
          "type": "CHIN_LEFT_GONION",
          "position": {
            "x": 111.81895446777344,
            "y": 211.34275817871094,
            "z": 8.210369110107422
          }
        },
        {
          "type": "CHIN_RIGHT_GONION",
          "position": {
            "x": 142.09072875976562,
            "y": 195.04913330078125,
            "z": 35.04597854614258
          }
        }
      ],
      "rollAngle": -26.02764129638672,
      "panAngle": 38.033260345458984,
      "tiltAngle": -2.99064302444458,
      "detectionConfidence": 0.8311070203781128,
      "landmarkingConfidence": 0.13929036259651184,
      "joyLikelihood": "VERY_UNLIKELY",
      "sorrowLikelihood": "VERY_UNLIKELY",
      "angerLikelihood": "VERY_UNLIKELY",
      "surpriseLikelihood": "VERY_UNLIKELY",
      "underExposedLikelihood": "VERY_UNLIKELY",
      "blurredLikelihood": "VERY_UNLIKELY",
      "headwearLikelihood": "VERY_UNLIKELY"
    }
  ]
}
