{
  "faceAnnotations": [
    {
      "boundingPoly": {
        "vertices": [
          {
            "x": 450,
            "y": 7
          },
          {
            "x": 688,
            "y": 7
          },
          {
            "x": 688,
            "y": 284
          },
          {
            "x": 450,
            "y": 284
          }
        ]
      },
      "fdBoundingPoly": {
        "vertices": [
          {
            "x": 475,
            "y": 91
          },
          {
            "x": 634,
            "y": 91
          },
          {
            "x": 634,
            "y": 250
          },
          {
            "x": 475,
            "y": 250
          }
        ]
      },
      "landmarks": [
        {
          "type": "LEFT_EYE",
          "position": {
            "x": 517.765380859375,
            "y": 135.4742431640625,
            "z": -0.0015581586631014943
          }
        },
        {
          "type": "RIGHT_EYE",
          "position": {
            "x": 580.025146484375,
            "y": 142.4976806640625,
            "z": -23.1834716796875
          }
        },
        {
          "type": "LEFT_OF_LEFT_EYEBROW",
          "position": {
            "x": 496.9272155761719,
            "y": 114.9900131225586,
            "z": 12.327947616577148
          }
        },
        {
          "type": "RIGHT_OF_LEFT_EYEBROW",
          "position": {
            "x": 529.2388916015625,
            "y": 123.41131591796875,
            "z": -21.413301467895508
          }
        },
        {
          "type": "LEFT_OF_RIGHT_EYEBROW",
          "position": {
            "x": 562.1925048828125,
            "y": 127.54006958007812,
            "z": -33.336936950683594
          }
        },
        {
          "type": "RIGHT_OF_RIGHT_EYEBROW",
          "position": {
            "x": 611.9483032226562,
            "y": 133.85113525390625,
            "z": -27.59037208557129
          }
        },
        {
          "type": "MIDPOINT_BETWEEN_EYES",
          "position": {
            "x": 543.5457763671875,
            "y": 139.06024169921875,
            "z": -26.17430305480957
          }
        },
        {
          "type": "NOSE_TIP",
          "position": {
            "x": 533.5012817382812,
            "y": 183.7649688720703,
            "z": -39.14268112182617
          }
        },
        {
          "type": "UPPER_LIP",
          "position": {
            "x": 536.8787231445312,
            "y": 208.02664184570312,
            "z": -19.21290397644043
          }
        },
        {
          "type": "LOWER_LIP",
          "position": {
            "x": 536.8535766601562,
            "y": 231.47390747070312,
            "z": -10.366670608520508
          }
        },
        {
          "type": "MOUTH_LEFT",
          "position": {
            "x": 518.19140625,
            "y": 212.25595092773438,
            "z": 9.570182800292969
          }
        },
        {
          "type": "MOUTH_RIGHT",
          "position": {
            "x": 565.3265991210938,
            "y": 219.97174072265625,
            "z": -9.492395401000977
          }
        },
        {
          "type": "MOUTH_CENTER",
          "position": {
            "x": 538.2783203125,
            "y": 218.207763671875,
            "z": -12.372920989990234
          }
        },
        {
          "type": "NOSE_BOTTOM_RIGHT",
          "position": {
            "x": 561.4794921875,
            "y": 189.68692016601562,
            "z": -18.97307777404785
          }
        },
        {
          "type": "NOSE_BOTTOM_LEFT",
          "position": {
            "x": 523.928955078125,
            "y": 183.14329528808594,
            "z": -5.67100191116333
          }
        },
        {
          "type": "NOSE_BOTTOM_CENTER",
          "position": {
            "x": 538.8180541992188,
            "y": 193.1549072265625,
            "z": -21.83563804626465
          }
        },
        {
          "type": "LEFT_EYE_TOP_BOUNDARY",
          "position": {
            "x": 514.494873046875,
            "y": 131.38436889648438,
            "z": -4.645984172821045
          }
        },
        {
          "type": "LEFT_EYE_RIGHT_CORNER",
          "position": {
            "x": 530.445556640625,
            "y": 138.65989685058594,
            "z": -4.095805644989014
          }
        },
        {
          "type": "LEFT_EYE_BOTTOM_BOUNDARY",
          "position": {
            "x": 516.3554077148438,
            "y": 141.6673583984375,
            "z": 0.7592406272888184
          }
        },
        {
          "type": "LEFT_EYE_LEFT_CORNER",
          "position": {
            "x": 504.7191162109375,
            "y": 133.29832458496094,
            "z": 11.655426025390625
          }
        },
        {
          "type": "LEFT_EYE_PUPIL",
          "position": {
            "x": 514.1212768554688,
            "y": 135.89810180664062,
            "z": -0.6086186170578003
          }
        },
        {
          "type": "RIGHT_EYE_TOP_BOUNDARY",
          "position": {
            "x": 581.7676391601562,
            "y": 140.9858856201172,
            "z": -29.017181396484375
          }
        },
        {
          "type": "RIGHT_EYE_RIGHT_CORNER",
          "position": {
            "x": 599.4407348632812,
            "y": 146.58944702148438,
            "z": -22.34490394592285
          }
        },
        {
          "type": "RIGHT_EYE_BOTTOM_BOUNDARY",
          "position": {
            "x": 581.4031372070312,
            "y": 149.09844970703125,
            "z": -23.55903434753418
          }
        },
        {
          "type": "RIGHT_EYE_LEFT_CORNER",
          "position": {
            "x": 567.13720703125,
            "y": 143.55047607421875,
            "z": -18.30927276611328
          }
        },
        {
          "type": "RIGHT_EYE_PUPIL",
          "position": {
            "x": 583.1282348632812,
            "y": 145.72640991210938,
            "z": -25.70516586303711
          }
        },
        {
          "type": "LEFT_EYEBROW_UPPER_MIDPOINT",
          "position": {
            "x": 512.0682373046875,
            "y": 110.89009094238281,
            "z": -10.338531494140625
          }
        },
        {
          "type": "RIGHT_EYEBROW_UPPER_MIDPOINT",
          "position": {
            "x": 585.1804809570312,
            "y": 121.40878295898438,
            "z": -36.77840805053711
          }
        },
        {
          "type": "LEFT_EAR_TRAGION",
          "position": {
            "x": 501.2991943359375,
            "y": 154.05230712890625,
            "z": 104.4479751586914
          }
        },
        {
          "type": "RIGHT_EAR_TRAGION",
          "position": {
            "x": 654.3023681640625,
            "y": 175.8982696533203,
            "z": 49.04080581665039
          }
        },
        {
          "type": "FOREHEAD_GLABELLA",
          "position": {
            "x": 544.990234375,
            "y": 124.74369049072266,
            "z": -30.05483055114746
          }
        },
        {
          "type": "CHIN_GNATHION",
          "position": {
            "x": 537.778564453125,
            "y": 262.10662841796875,
            "z": 4.217026710510254
          }
        },
        {
          "type": "CHIN_LEFT_GONION",
          "position": {
            "x": 494.3890380859375,
            "y": 204.28172302246094,
            "z": 81.75707244873047
          }
        },
        {
          "type": "CHIN_RIGHT_GONION",
          "position": {
            "x": 632.6881713867188,
            "y": 223.89547729492188,
            "z": 31.668981552124023
          }
        }
      ],
      "rollAngle": 4.881155967712402,
      "panAngle": -19.968341827392578,
      "tiltAngle": -9.037172317504883,
      "detectionConfidence": 0.998074471950531,
      "landmarkingConfidence": 0.5163950324058533,
      "joyLikelihood": "VERY_UNLIKELY",
      "sorrowLikelihood": "UNLIKELY",
      "angerLikelihood": "VERY_UNLIKELY",
      "surpriseLikelihood": "VERY_UNLIKELY",
      "underExposedLikelihood": "VERY_UNLIKELY",
      "blurredLikelihood": "VERY_UNLIKELY",
      "headwearLikelihood": "VERY_UNLIKELY"
    },
    {
      "boundingPoly": {
        "vertices": [
          {
            "x": 193,
            "y": 129
          },
          {
            "x": 257,
            "y": 129
          },
          {
            "x": 257,
            "y": 204
          },
          {
            "x": 193,
            "y": 204
          }
        ]
      },
      "fdBoundingPoly": {
        "vertices": [
          {
            "x": 200,
            "y": 147
          },
          {
            "x": 250,
            "y": 147
          },
          {
            "x": 250,
            "y": 197
          },
          {
            "x": 200,
            "y": 197
          }
        ]
      },
      "landmarks": [
        {
          "type": "LEFT_EYE",
          "position": {
            "x": 212.25482177734375,
            "y": 164.28753662109375,
            "z": -0.00048815301852300763
          }
        },
        {
          "type": "RIGHT_EYE",
          "position": {
            "x": 230.80662536621094,
            "y": 163.56698608398438,
            "z": -4.116586685180664
          }
        },
        {
          "type": "LEFT_OF_LEFT_EYEBROW",
          "position": {
            "x": 205.70709228515625,
            "y": 159.84913635253906,
            "z": 3.203249931335449
          }
        },
        {
          "type": "RIGHT_OF_LEFT_EYEBROW",
          "position": {
            "x": 215.7270050048828,
            "y": 159.44956970214844,
            "z": -4.73431396484375
          }
        },
        {
          "type": "LEFT_OF_RIGHT_EYEBROW",
          "position": {
            "x": 224.9279327392578,
            "y": 159.11248779296875,
            "z": -6.773380756378174
          }
        },
        {
          "type": "RIGHT_OF_RIGHT_EYEBROW",
          "position": {
            "x": 237.35765075683594,
            "y": 158.69874572753906,
            "z": -3.798311471939087
          }
        },
        {
          "type": "MIDPOINT_BETWEEN_EYES",
          "position": {
            "x": 220.43136596679688,
            "y": 163.41656494140625,
            "z": -5.991401195526123
          }
        },
        {
          "type": "NOSE_TIP",
          "position": {
            "x": 219.6197052001953,
            "y": 174.63804626464844,
            "z": -11.488120079040527
          }
        },
        {
          "type": "UPPER_LIP",
          "position": {
            "x": 220.86265563964844,
            "y": 181.57339477539062,
            "z": -6.994776248931885
          }
        },
        {
          "type": "LOWER_LIP",
          "position": {
            "x": 221.4247283935547,
            "y": 188.28683471679688,
            "z": -5.5487542152404785
          }
        },
        {
          "type": "MOUTH_LEFT",
          "position": {
            "x": 214.65377807617188,
            "y": 184.5981903076172,
            "z": -0.2175118625164032
          }
        },
        {
          "type": "MOUTH_RIGHT",
          "position": {
            "x": 229.54208374023438,
            "y": 184.0583038330078,
            "z": -3.5055863857269287
          }
        },
        {
          "type": "MOUTH_CENTER",
          "position": {
            "x": 221.29457092285156,
            "y": 184.69029235839844,
            "z": -5.541331768035889
          }
        },
        {
          "type": "NOSE_BOTTOM_RIGHT",
          "position": {
            "x": 226.46873474121094,
            "y": 175.74948120117188,
            "z": -5.3187642097473145
          }
        },
        {
          "type": "NOSE_BOTTOM_LEFT",
          "position": {
            "x": 216.09201049804688,
            "y": 176.12173461914062,
            "z": -3.0298728942871094
          }
        },
        {
          "type": "NOSE_BOTTOM_CENTER",
          "position": {
            "x": 220.6935577392578,
            "y": 177.56497192382812,
            "z": -7.09320068359375
          }
        },
        {
          "type": "LEFT_EYE_TOP_BOUNDARY",
          "position": {
            "x": 211.51449584960938,
            "y": 162.9061279296875,
            "z": -1.2042111158370972
          }
        },
        {
          "type": "LEFT_EYE_RIGHT_CORNER",
          "position": {
            "x": 215.36314392089844,
            "y": 164.39724731445312,
            "z": -0.6459788680076599
          }
        },
        {
          "type": "LEFT_EYE_BOTTOM_BOUNDARY",
          "position": {
            "x": 211.8822784423828,
            "y": 165.4055938720703,
            "z": -0.07451087236404419
          }
        },
        {
          "type": "LEFT_EYE_LEFT_CORNER",
          "position": {
            "x": 208.46905517578125,
            "y": 164.3255157470703,
            "z": 2.6500353813171387
          }
        },
        {
          "type": "LEFT_EYE_PUPIL",
          "position": {
            "x": 211.43173217773438,
            "y": 164.2281036376953,
            "z": -0.31039971113204956
          }
        },
        {
          "type": "RIGHT_EYE_TOP_BOUNDARY",
          "position": {
            "x": 230.46630859375,
            "y": 162.2275390625,
            "z": -5.395166873931885
          }
        },
        {
          "type": "RIGHT_EYE_RIGHT_CORNER",
          "position": {
            "x": 234.94436645507812,
            "y": 163.44039916992188,
            "z": -3.200862169265747
          }
        },
        {
          "type": "RIGHT_EYE_BOTTOM_BOUNDARY",
          "position": {
            "x": 230.81353759765625,
            "y": 164.84732055664062,
            "z": -4.260053634643555
          }
        },
        {
          "type": "RIGHT_EYE_LEFT_CORNER",
          "position": {
            "x": 227.01773071289062,
            "y": 163.83229064941406,
            "z": -3.1982040405273438
          }
        },
        {
          "type": "RIGHT_EYE_PUPIL",
          "position": {
            "x": 230.87709045410156,
            "y": 163.5393829345703,
            "z": -4.640636444091797
          }
        },
        {
          "type": "LEFT_EYEBROW_UPPER_MIDPOINT",
          "position": {
            "x": 210.28018188476562,
            "y": 157.2924346923828,
            "z": -2.0196399688720703
          }
        },
        {
          "type": "RIGHT_EYEBROW_UPPER_MIDPOINT",
          "position": {
            "x": 230.84158325195312,
            "y": 156.5548553466797,
            "z": -6.568241596221924
          }
        },
        {
          "type": "LEFT_EAR_TRAGION",
          "position": {
            "x": 205.31251525878906,
            "y": 173.8275146484375,
            "z": 26.224706649780273
          }
        },
        {
          "type": "RIGHT_EAR_TRAGION",
          "position": {
            "x": 248.362060546875,
            "y": 172.26312255859375,
            "z": 16.708484649658203
          }
        },
        {
          "type": "FOREHEAD_GLABELLA",
          "position": {
            "x": 220.15577697753906,
            "y": 159.04896545410156,
            "z": -6.466252326965332
          }
        },
        {
          "type": "CHIN_GNATHION",
          "position": {
            "x": 222.33682250976562,
            "y": 196.95513916015625,
            "z": -2.7935068607330322
          }
        },
        {
          "type": "CHIN_LEFT_GONION",
          "position": {
            "x": 206.145751953125,
            "y": 186.31553649902344,
            "z": 18.133338928222656
          }
        },
        {
          "type": "CHIN_RIGHT_GONION",
          "position": {
            "x": 245.05479431152344,
            "y": 184.90797424316406,
            "z": 9.528274536132812
          }
        }
      ],
      "rollAngle": -2.148601770401001,
      "panAngle": -12.461175918579102,
      "tiltAngle": -0.3826545178890228,
      "detectionConfidence": 0.52880859375,
      "landmarkingConfidence": 0.16475866734981537,
      "joyLikelihood": "VERY_LIKELY",
      "sorrowLikelihood": "VERY_UNLIKELY",
      "angerLikelihood": "VERY_UNLIKELY",
      "surpriseLikelihood": "VERY_UNLIKELY",
      "underExposedLikelihood": "VERY_UNLIKELY",
      "blurredLikelihood": "UNLIKELY",
      "headwearLikelihood": "VERY_UNLIKELY"
    }
  ]
}
