{
  "faceAnnotations": [
    {
      "boundingPoly": {
        "vertices": [
          {
            "x": 581,
            "y": 122
          },
          {
            "x": 765,
            "y": 122
          },
          {
            "x": 765,
            "y": 336
          },
          {
            "x": 581,
            "y": 336
          }
        ]
      },
      "fdBoundingPoly": {
        "vertices": [
          {
            "x": 614,
            "y": 173
          },
          {
            "x": 762,
            "y": 173
          },
          {
            "x": 762,
            "y": 322
          },
          {
            "x": 614,
            "y": 322
          }
        ]
      },
      "landmarks": [
        {
          "type": "LEFT_EYE",
          "position": {
            "x": 713.28564453125,
            "y": 235.84283447265625,
            "z": -0.0010671131312847137
          }
        },
        {
          "type": "RIGHT_EYE",
          "position": {
            "x": 737.6280517578125,
            "y": 242.28453063964844,
            "z": 49.280967712402344
          }
        },
        {
          "type": "LEFT_OF_LEFT_EYEBROW",
          "position": {
            "x": 706.4196166992188,
            "y": 213.9899139404297,
            "z": -15.072392463684082
          }
        },
        {
          "type": "RIGHT_OF_LEFT_EYEBROW",
          "position": {
            "x": 734.703857421875,
            "y": 227.08900451660156,
            "z": 7.2434492111206055
          }
        },
        {
          "type": "LEFT_OF_RIGHT_EYEBROW",
          "position": {
            "x": 745.3338012695312,
            "y": 232.06451416015625,
            "z": 31.429534912109375
          }
        },
        {
          "type": "RIGHT_OF_RIGHT_EYEBROW",
          "position": {
            "x": 746.117919921875,
            "y": 232.2436981201172,
            "z": 68.20670318603516
          }
        },
        {
          "type": "MIDPOINT_BETWEEN_EYES",
          "position": {
            "x": 735.2581176757812,
            "y": 239.27383422851562,
            "z": 19.11554718017578
          }
        },
        {
          "type": "NOSE_TIP",
          "position": {
            "x": 738.5162353515625,
            "y": 275.47467041015625,
            "z": 11.8004732131958
          }
        },
        {
          "type": "UPPER_LIP",
          "position": {
            "x": 717.869384765625,
            "y": 289.7559509277344,
            "z": 18.109073638916016
          }
        },
        {
          "type": "LOWER_LIP",
          "position": {
            "x": 707.35546875,
            "y": 305.6654357910156,
            "z": 20.113069534301758
          }
        },
        {
          "type": "MOUTH_LEFT",
          "position": {
            "x": 689.9430541992188,
            "y": 287.18194580078125,
            "z": 4.785386085510254
          }
        },
        {
          "type": "MOUTH_RIGHT",
          "position": {
            "x": 710.8602905273438,
            "y": 296.3768310546875,
            "z": 44.55659103393555
          }
        },
        {
          "type": "MOUTH_CENTER",
          "position": {
            "x": 710.7442016601562,
            "y": 296.912841796875,
            "z": 20.11576271057129
          }
        },
        {
          "type": "NOSE_BOTTOM_RIGHT",
          "position": {
            "x": 723.883544921875,
            "y": 275.1300048828125,
            "z": 35.3199348449707
          }
        },
        {
          "type": "NOSE_BOTTOM_LEFT",
          "position": {
            "x": 713.0404052734375,
            "y": 270.7919616699219,
            "z": 8.874155044555664
          }
        },
        {
          "type": "NOSE_BOTTOM_CENTER",
          "position": {
            "x": 722.876220703125,
            "y": 279.22113037109375,
            "z": 17.888582229614258
          }
        },
        {
          "type": "LEFT_EYE_TOP_BOUNDARY",
          "position": {
            "x": 718.1875,
            "y": 231.48898315429688,
            "z": -2.2131924629211426
          }
        },
        {
          "type": "LEFT_EYE_RIGHT_CORNER",
          "position": {
            "x": 717.9451904296875,
            "y": 238.47146606445312,
            "z": 9.941461563110352
          }
        },
        {
          "type": "LEFT_EYE_BOTTOM_BOUNDARY",
          "position": {
            "x": 711.7293701171875,
            "y": 238.67404174804688,
            "z": -0.6162614226341248
          }
        },
        {
          "type": "LEFT_EYE_LEFT_CORNER",
          "position": {
            "x": 705.1560668945312,
            "y": 229.49478149414062,
            "z": -7.889267444610596
          }
        },
        {
          "type": "LEFT_EYE_PUPIL",
          "position": {
            "x": 714.3346557617188,
            "y": 234.04563903808594,
            "z": -1.8584167957305908
          }
        },
        {
          "type": "RIGHT_EYE_TOP_BOUNDARY",
          "position": {
            "x": 741.8146362304688,
            "y": 240.95762634277344,
            "z": 47.54644775390625
          }
        },
        {
          "type": "RIGHT_EYE_RIGHT_CORNER",
          "position": {
            "x": 737.673828125,
            "y": 243.47398376464844,
            "z": 61.523597717285156
          }
        },
        {
          "type": "RIGHT_EYE_BOTTOM_BOUNDARY",
          "position": {
            "x": 736.1895141601562,
            "y": 247.2547149658203,
            "z": 49.12548065185547
          }
        },
        {
          "type": "RIGHT_EYE_LEFT_CORNER",
          "position": {
            "x": 732.168212890625,
            "y": 241.68588256835938,
            "z": 39.4306755065918
          }
        },
        {
          "type": "RIGHT_EYE_PUPIL",
          "position": {
            "x": 738.61669921875,
            "y": 243.79473876953125,
            "z": 49.183837890625
          }
        },
        {
          "type": "LEFT_EYEBROW_UPPER_MIDPOINT",
          "position": {
            "x": 725.8529052734375,
            "y": 216.78652954101562,
            "z": -5.747055530548096
          }
        },
        {
          "type": "RIGHT_EYEBROW_UPPER_MIDPOINT",
          "position": {
            "x": 751.4812622070312,
            "y": 227.19573974609375,
            "z": 48.2368049621582
          }
        },
        {
          "type": "LEFT_EAR_TRAGION",
          "position": {
            "x": 632.4417724609375,
            "y": 229.412109375,
            "z": -0.13189230859279633
          }
        },
        {
          "type": "RIGHT_EAR_TRAGION",
          "position": {
            "x": 685.1619873046875,
            "y": 250.18475341796875,
            "z": 112.48221588134766
          }
        },
        {
          "type": "FOREHEAD_GLABELLA",
          "position": {
            "x": 741.569580078125,
            "y": 229.81707763671875,
            "z": 18.386924743652344
          }
        },
        {
          "type": "CHIN_GNATHION",
          "position": {
            "x": 690.4475708007812,
            "y": 327.22662353515625,
            "z": 24.037302017211914
          }
        },
        {
          "type": "CHIN_LEFT_GONION",
          "position": {
            "x": 638.82470703125,
            "y": 270.56451416015625,
            "z": -4.963873386383057
          }
        },
        {
          "type": "CHIN_RIGHT_GONION",
          "position": {
            "x": 687.2572021484375,
            "y": 290.1417236328125,
            "z": 97.04442596435547
          }
        }
      ],
      "rollAngle": 22.964096069335938,
      "panAngle": 62.899410247802734,
      "tiltAngle": -0.5399345755577087,
      "detectionConfidence": 0.8936564922332764,
      "landmarkingConfidence": 0.6449060440063477,
      "joyLikelihood": "UNLIKELY",
      "sorrowLikelihood": "VERY_UNLIKELY",
      "angerLikelihood": "VERY_UNLIKELY",
      "surpriseLikelihood": "VERY_UNLIKELY",
      "underExposedLikelihood": "VERY_UNLIKELY",
      "blurredLikelihood": "VERY_UNLIKELY",
      "headwearLikelihood": "VERY_UNLIKELY"
    },
    {
      "boundingPoly": {
        "vertices": [
          {
            "x": 217,
            "y": 61
          },
          {
            "x": 422,
            "y": 61
          },
          {
            "x": 422,
            "y": 299
          },
          {
            "x": 217,
            "y": 299
          }
        ]
      },
      "fdBoundingPoly": {
        "vertices": [
          {
            "x": 219,
            "y": 133
          },
          {
            "x": 364,
            "y": 133
          },
          {
            "x": 364,
            "y": 278
          },
          {
            "x": 219,
            "y": 278
          }
        ]
      },
      "landmarks": [
        {
          "type": "LEFT_EYE",
          "position": {
            "x": 252.38600158691406,
            "y": 199.07301330566406,
            "z": 0.0014670008094981313
          }
        },
        {
          "type": "RIGHT_EYE",
          "position": {
            "x": 262.7748107910156,
            "y": 195.39990234375,
            "z": -60.18437194824219
          }
        },
        {
          "type": "LEFT_OF_LEFT_EYEBROW",
          "position": {
            "x": 247.1996307373047,
            "y": 184.7501220703125,
            "z": 21.351917266845703
          }
        },
        {
          "type": "RIGHT_OF_LEFT_EYEBROW",
          "position": {
            "x": 237.9210205078125,
            "y": 189.7860870361328,
            "z": -18.07755470275879
          }
        },
        {
          "type": "LEFT_OF_RIGHT_EYEBROW",
          "position": {
            "x": 243.25161743164062,
            "y": 187.71131896972656,
            "z": -47.5920524597168
          }
        },
        {
          "type": "RIGHT_OF_RIGHT_EYEBROW",
          "position": {
            "x": 268.2208251953125,
            "y": 177.64976501464844,
            "z": -81.23836517333984
          }
        },
        {
          "type": "MIDPOINT_BETWEEN_EYES",
          "position": {
            "x": 245.20834350585938,
            "y": 200.4022674560547,
            "z": -32.813720703125
          }
        },
        {
          "type": "NOSE_TIP",
          "position": {
            "x": 246.01918029785156,
            "y": 240.10081481933594,
            "z": -35.63056182861328
          }
        },
        {
          "type": "UPPER_LIP",
          "position": {
            "x": 268.25689697265625,
            "y": 254.75750732421875,
            "z": -32.529998779296875
          }
        },
        {
          "type": "LOWER_LIP",
          "position": {
            "x": 281.44500732421875,
            "y": 271.6221618652344,
            "z": -31.322072982788086
          }
        },
        {
          "type": "MOUTH_LEFT",
          "position": {
            "x": 282.3484191894531,
            "y": 256.91998291015625,
            "z": -5.301694869995117
          }
        },
        {
          "type": "MOUTH_RIGHT",
          "position": {
            "x": 289.3892517089844,
            "y": 253.80856323242188,
            "z": -52.70437240600586
          }
        },
        {
          "type": "MOUTH_CENTER",
          "position": {
            "x": 276.4780578613281,
            "y": 261.28997802734375,
            "z": -31.48655128479004
          }
        },
        {
          "type": "NOSE_BOTTOM_RIGHT",
          "position": {
            "x": 271.86590576171875,
            "y": 233.9005889892578,
            "z": -47.752925872802734
          }
        },
        {
          "type": "NOSE_BOTTOM_LEFT",
          "position": {
            "x": 265.3602600097656,
            "y": 235.60537719726562,
            "z": -14.361440658569336
          }
        },
        {
          "type": "NOSE_BOTTOM_CENTER",
          "position": {
            "x": 262.2183532714844,
            "y": 243.70919799804688,
            "z": -32.79014587402344
          }
        },
        {
          "type": "LEFT_EYE_TOP_BOUNDARY",
          "position": {
            "x": 246.72268676757812,
            "y": 196.94091796875,
            "z": -0.7749238610267639
          }
        },
        {
          "type": "LEFT_EYE_RIGHT_CORNER",
          "position": {
            "x": 254.9055633544922,
            "y": 198.43408203125,
            "z": -12.003985404968262
          }
        },
        {
          "type": "LEFT_EYE_BOTTOM_BOUNDARY",
          "position": {
            "x": 253.68325805664062,
            "y": 202.6722412109375,
            "z": 0.042245764285326004
          }
        },
        {
          "type": "LEFT_EYE_LEFT_CORNER",
          "position": {
            "x": 255.1571807861328,
            "y": 197.4833984375,
            "z": 13.269705772399902
          }
        },
        {
          "type": "LEFT_EYE_PUPIL",
          "position": {
            "x": 250.82240295410156,
            "y": 199.60731506347656,
            "z": 0.7946782112121582
          }
        },
        {
          "type": "RIGHT_EYE_TOP_BOUNDARY",
          "position": {
            "x": 257.7103576660156,
            "y": 192.6597137451172,
            "z": -61.57646179199219
          }
        },
        {
          "type": "RIGHT_EYE_RIGHT_CORNER",
          "position": {
            "x": 269.9520263671875,
            "y": 190.5619354248047,
            "z": -71.59204864501953
          }
        },
        {
          "type": "RIGHT_EYE_BOTTOM_BOUNDARY",
          "position": {
            "x": 264.5184326171875,
            "y": 198.63839721679688,
            "z": -60.67406463623047
          }
        },
        {
          "type": "RIGHT_EYE_LEFT_CORNER",
          "position": {
            "x": 261.2785339355469,
            "y": 196.8612518310547,
            "z": -48.297752380371094
          }
        },
        {
          "type": "RIGHT_EYE_PUPIL",
          "position": {
            "x": 262.0032958984375,
            "y": 195.23577880859375,
            "z": -61.62974548339844
          }
        },
        {
          "type": "LEFT_EYEBROW_UPPER_MIDPOINT",
          "position": {
            "x": 235.57412719726562,
            "y": 182.26968383789062,
            "z": 0.9381933808326721
          }
        },
        {
          "type": "RIGHT_EYEBROW_UPPER_MIDPOINT",
          "position": {
            "x": 247.53660583496094,
            "y": 177.616455078125,
            "z": -65.05682373046875
          }
        },
        {
          "type": "LEFT_EAR_TRAGION",
          "position": {
            "x": 326.0459289550781,
            "y": 195.27044677734375,
            "z": 54.02220153808594
          }
        },
        {
          "type": "RIGHT_EAR_TRAGION",
          "position": {
            "x": 352.1890869140625,
            "y": 184.50418090820312,
            "z": -84.97076416015625
          }
        },
        {
          "type": "FOREHEAD_GLABELLA",
          "position": {
            "x": 238.20364379882812,
            "y": 189.05099487304688,
            "z": -33.3153076171875
          }
        },
        {
          "type": "CHIN_GNATHION",
          "position": {
            "x": 301.3648681640625,
            "y": 292.5726318359375,
            "z": -29.202110290527344
          }
        },
        {
          "type": "CHIN_LEFT_GONION",
          "position": {
            "x": 322.6989440917969,
            "y": 241.35763549804688,
            "z": 43.19983673095703
          }
        },
        {
          "type": "CHIN_RIGHT_GONION",
          "position": {
            "x": 345.3606262207031,
            "y": 232.59967041015625,
            "z": -81.8718032836914
          }
        }
      ],
      "rollAngle": -26.247400283813477,
      "panAngle": -79.02699279785156,
      "tiltAngle": -0.9499520063400269,
      "detectionConfidence": 0.6791713833808899,
      "landmarkingConfidence": 0.4551545977592468,
      "joyLikelihood": "VERY_UNLIKELY",
      "sorrowLikelihood": "VERY_UNLIKELY",
      "angerLikelihood": "VERY_UNLIKELY",
      "surpriseLikelihood": "VERY_UNLIKELY",
      "underExposedLikelihood": "VERY_UNLIKELY",
      "blurredLikelihood": "VERY_UNLIKELY",
      "headwearLikelihood": "VERY_UNLIKELY"
    }
  ]
}
