{
  "faceAnnotations": [
    {
      "boundingPoly": {
        "vertices": [
          {
            "x": 760,
            "y": 88
          },
          {
            "x": 990,
            "y": 88
          },
          {
            "x": 990,
            "y": 356
          },
          {
            "x": 760,
            "y": 356
          }
        ]
      },
      "fdBoundingPoly": {
        "vertices": [
          {
            "x": 812,
            "y": 146
          },
          {
            "x": 986,
            "y": 146
          },
          {
            "x": 986,
            "y": 320
          },
          {
            "x": 812,
            "y": 320
          }
        ]
      },
      "landmarks": [
        {
          "type": "LEFT_EYE",
          "position": {
            "x": 895.597900390625,
            "y": 198.11489868164062,
            "z": 0.0003538970777299255
          }
        },
        {
          "type": "RIGHT_EYE",
          "position": {
            "x": 947.9857788085938,
            "y": 218.72817993164062,
            "z": 38.304927825927734
          }
        },
        {
          "type": "LEFT_OF_LEFT_EYEBROW",
          "position": {
            "x": 873.0517578125,
            "y": 178.86314392089844,
            "z": -5.879752159118652
          }
        },
        {
          "type": "RIGHT_OF_LEFT_EYEBROW",
          "position": {
            "x": 918.8311157226562,
            "y": 189.13168334960938,
            "z": 1.2417452335357666
          }
        },
        {
          "type": "LEFT_OF_RIGHT_EYEBROW",
          "position": {
            "x": 945.021728515625,
            "y": 198.47048950195312,
            "z": 20.113502502441406
          }
        },
        {
          "type": "RIGHT_OF_RIGHT_EYEBROW",
          "position": {
            "x": 964.8692626953125,
            "y": 210.22946166992188,
            "z": 59.134578704833984
          }
        },
        {
          "type": "MIDPOINT_BETWEEN_EYES",
          "position": {
            "x": 929.8648071289062,
            "y": 207.98756408691406,
            "z": 7.3281025886535645
          }
        },
        {
          "type": "NOSE_TIP",
          "position": {
            "x": 935.0084228515625,
            "y": 247.3695526123047,
            "z": -16.44696807861328
          }
        },
        {
          "type": "UPPER_LIP",
          "position": {
            "x": 917.4149169921875,
            "y": 272.0750732421875,
            "z": -7.3803558349609375
          }
        },
        {
          "type": "LOWER_LIP",
          "position": {
            "x": 911.0089111328125,
            "y": 291.0360412597656,
            "z": -7.2902445793151855
          }
        },
        {
          "type": "MOUTH_LEFT",
          "position": {
            "x": 878.16650390625,
            "y": 271.6907958984375,
            "z": -9.215967178344727
          }
        },
        {
          "type": "MOUTH_RIGHT",
          "position": {
            "x": 926.3983154296875,
            "y": 286.8160400390625,
            "z": 21.28018569946289
          }
        },
        {
          "type": "MOUTH_CENTER",
          "position": {
            "x": 913.6322631835938,
            "y": 280.0253601074219,
            "z": -5.052650451660156
          }
        },
        {
          "type": "NOSE_BOTTOM_RIGHT",
          "position": {
            "x": 932.7523193359375,
            "y": 255.0802001953125,
            "z": 15.797266960144043
          }
        },
        {
          "type": "NOSE_BOTTOM_LEFT",
          "position": {
            "x": 902.8994750976562,
            "y": 246.23419189453125,
            "z": -5.962864875793457
          }
        },
        {
          "type": "NOSE_BOTTOM_CENTER",
          "position": {
            "x": 922.38427734375,
            "y": 257.2884216308594,
            "z": -5.119386672973633
          }
        },
        {
          "type": "LEFT_EYE_TOP_BOUNDARY",
          "position": {
            "x": 897.6937255859375,
            "y": 195.78994750976562,
            "z": -3.717759609222412
          }
        },
        {
          "type": "LEFT_EYE_RIGHT_CORNER",
          "position": {
            "x": 905.92431640625,
            "y": 204.05343627929688,
            "z": 7.385496139526367
          }
        },
        {
          "type": "LEFT_EYE_BOTTOM_BOUNDARY",
          "position": {
            "x": 893.7291870117188,
            "y": 203.62954711914062,
            "z": -1.9671281576156616
          }
        },
        {
          "type": "LEFT_EYE_LEFT_CORNER",
          "position": {
            "x": 879.6705322265625,
            "y": 196.791748046875,
            "z": -3.443232774734497
          }
        },
        {
          "type": "LEFT_EYE_PUPIL",
          "position": {
            "x": 894.1420288085938,
            "y": 200.1331787109375,
            "z": -2.7817726135253906
          }
        },
        {
          "type": "RIGHT_EYE_TOP_BOUNDARY",
          "position": {
            "x": 951.1064453125,
            "y": 214.64144897460938,
            "z": 35.11868667602539
          }
        },
        {
          "type": "RIGHT_EYE_RIGHT_CORNER",
          "position": {
            "x": 954.2615966796875,
            "y": 223.3622589111328,
            "z": 50.84075164794922
          }
        },
        {
          "type": "RIGHT_EYE_BOTTOM_BOUNDARY",
          "position": {
            "x": 946.8358154296875,
            "y": 223.89651489257812,
            "z": 36.735137939453125
          }
        },
        {
          "type": "RIGHT_EYE_LEFT_CORNER",
          "position": {
            "x": 936.2271118164062,
            "y": 216.73492431640625,
            "z": 30.314647674560547
          }
        },
        {
          "type": "RIGHT_EYE_PUPIL",
          "position": {
            "x": 948.9591674804688,
            "y": 219.52711486816406,
            "z": 37.00311279296875
          }
        },
        {
          "type": "LEFT_EYEBROW_UPPER_MIDPOINT",
          "position": {
            "x": 901.5156860351562,
            "y": 175.880126953125,
            "z": -4.719244003295898
          }
        },
        {
          "type": "RIGHT_EYEBROW_UPPER_MIDPOINT",
          "position": {
            "x": 959.5670166015625,
            "y": 196.32554626464844,
            "z": 37.44279098510742
          }
        },
        {
          "type": "LEFT_EAR_TRAGION",
          "position": {
            "x": 799.2337646484375,
            "y": 222.61123657226562,
            "z": 37.53190612792969
          }
        },
        {
          "type": "RIGHT_EAR_TRAGION",
          "position": {
            "x": 923.9413452148438,
            "y": 265.2371826171875,
            "z": 125.7571792602539
          }
        },
        {
          "type": "FOREHEAD_GLABELLA",
          "position": {
            "x": 933.7391967773438,
            "y": 193.08627319335938,
            "z": 8.691102027893066
          }
        },
        {
          "type": "CHIN_GNATHION",
          "position": {
            "x": 897.4409790039062,
            "y": 320.63421630859375,
            "z": -4.618551731109619
          }
        },
        {
          "type": "CHIN_LEFT_GONION",
          "position": {
            "x": 813.776123046875,
            "y": 267.5716552734375,
            "z": 10.976746559143066
          }
        },
        {
          "type": "CHIN_RIGHT_GONION",
          "position": {
            "x": 925.2022094726562,
            "y": 305.0107116699219,
            "z": 91.92708587646484
          }
        }
      ],
      "rollAngle": 12.314094543457031,
      "panAngle": 35.06739044189453,
      "tiltAngle": 10.158319473266602,
      "detectionConfidence": 0.9635496735572815,
      "landmarkingConfidence": 0.6981956958770752,
      "joyLikelihood": "VERY_UNLIKELY",
      "sorrowLikelihood": "VERY_UNLIKELY",
      "angerLikelihood": "VERY_UNLIKELY",
      "surpriseLikelihood": "VERY_UNLIKELY",
      "underExposedLikelihood": "VERY_UNLIKELY",
      "blurredLikelihood": "VERY_UNLIKELY",
      "headwearLikelihood": "VERY_UNLIKELY"
    },
    {
      "boundingPoly": {
        "vertices": [
          {
            "x": 257,
            "y": 211
          },
          {
            "x": 416,
            "y": 211
          },
          {
            "x": 416,
            "y": 396
          },
          {
            "x": 257,
            "y": 396
          }
        ]
      },
      "fdBoundingPoly": {
        "vertices": [
          {
            "x": 260,
            "y": 249
          },
          {
            "x": 380,
            "y": 249
          },
          {
            "x": 380,
            "y": 369
          },
          {
            "x": 260,
            "y": 369
          }
        ]
      },
      "landmarks": [
        {
          "type": "LEFT_EYE",
          "position": {
            "x": 287.1908264160156,
            "y": 295.015625,
            "z": 0.00027591854450292885
          }
        },
        {
          "type": "RIGHT_EYE",
          "position": {
            "x": 320.47283935546875,
            "y": 288.9259948730469,
            "z": -34.05562210083008
          }
        },
        {
          "type": "LEFT_OF_LEFT_EYEBROW",
          "position": {
            "x": 279.2524719238281,
            "y": 286.0162048339844,
            "z": 15.974711418151855
          }
        },
        {
          "type": "RIGHT_OF_LEFT_EYEBROW",
          "position": {
            "x": 288.98443603515625,
            "y": 281.192626953125,
            "z": -13.74860954284668
          }
        },
        {
          "type": "LEFT_OF_RIGHT_EYEBROW",
          "position": {
            "x": 305.05401611328125,
            "y": 278.4575500488281,
            "z": -30.282638549804688
          }
        },
        {
          "type": "RIGHT_OF_RIGHT_EYEBROW",
          "position": {
            "x": 334.78533935546875,
            "y": 276.07452392578125,
            "z": -41.00889587402344
          }
        },
        {
          "type": "MIDPOINT_BETWEEN_EYES",
          "position": {
            "x": 296.3822326660156,
            "y": 288.0059814453125,
            "z": -23.887779235839844
          }
        },
        {
          "type": "NOSE_TIP",
          "position": {
            "x": 286.20050048828125,
            "y": 316.6282043457031,
            "z": -37.95424270629883
          }
        },
        {
          "type": "UPPER_LIP",
          "position": {
            "x": 296.733642578125,
            "y": 335.297119140625,
            "z": -32.401615142822266
          }
        },
        {
          "type": "LOWER_LIP",
          "position": {
            "x": 299.0277099609375,
            "y": 349.6555480957031,
            "z": -32.3040771484375
          }
        },
        {
          "type": "MOUTH_LEFT",
          "position": {
            "x": 293.1181335449219,
            "y": 343.65106201171875,
            "z": -11.017688751220703
          }
        },
        {
          "type": "MOUTH_RIGHT",
          "position": {
            "x": 321.95880126953125,
            "y": 339.4177551269531,
            "z": -38.050514221191406
          }
        },
        {
          "type": "MOUTH_CENTER",
          "position": {
            "x": 298.86041259765625,
            "y": 341.55804443359375,
            "z": -31.003700256347656
          }
        },
        {
          "type": "NOSE_BOTTOM_RIGHT",
          "position": {
            "x": 309.7025451660156,
            "y": 319.2710876464844,
            "z": -34.67287063598633
          }
        },
        {
          "type": "NOSE_BOTTOM_LEFT",
          "position": {
            "x": 291.8318786621094,
            "y": 322.370361328125,
            "z": -16.01957130432129
          }
        },
        {
          "type": "NOSE_BOTTOM_CENTER",
          "position": {
            "x": 295.5361022949219,
            "y": 324.27740478515625,
            "z": -31.107877731323242
          }
        },
        {
          "type": "LEFT_EYE_TOP_BOUNDARY",
          "position": {
            "x": 285.0959777832031,
            "y": 291.32794189453125,
            "z": -1.9313935041427612
          }
        },
        {
          "type": "LEFT_EYE_RIGHT_CORNER",
          "position": {
            "x": 294.40313720703125,
            "y": 294.3308410644531,
            "z": -6.954585075378418
          }
        },
        {
          "type": "LEFT_EYE_BOTTOM_BOUNDARY",
          "position": {
            "x": 286.89178466796875,
            "y": 298.3719177246094,
            "z": -0.8798224329948425
          }
        },
        {
          "type": "LEFT_EYE_LEFT_CORNER",
          "position": {
            "x": 284.1075134277344,
            "y": 296.5413818359375,
            "z": 9.643854141235352
          }
        },
        {
          "type": "LEFT_EYE_PUPIL",
          "position": {
            "x": 286.1850891113281,
            "y": 294.82110595703125,
            "z": -0.45901933312416077
          }
        },
        {
          "type": "RIGHT_EYE_TOP_BOUNDARY",
          "position": {
            "x": 318.3392028808594,
            "y": 285.3443908691406,
            "z": -36.001258850097656
          }
        },
        {
          "type": "RIGHT_EYE_RIGHT_CORNER",
          "position": {
            "x": 330.54364013671875,
            "y": 288.0508728027344,
            "z": -38.0058479309082
          }
        },
        {
          "type": "RIGHT_EYE_BOTTOM_BOUNDARY",
          "position": {
            "x": 321.2899475097656,
            "y": 292.07110595703125,
            "z": -35.08297348022461
          }
        },
        {
          "type": "RIGHT_EYE_LEFT_CORNER",
          "position": {
            "x": 314.4173278808594,
            "y": 289.7364196777344,
            "z": -27.36305046081543
          }
        },
        {
          "type": "RIGHT_EYE_PUPIL",
          "position": {
            "x": 320.2578125,
            "y": 288.68341064453125,
            "z": -35.45643997192383
          }
        },
        {
          "type": "LEFT_EYEBROW_UPPER_MIDPOINT",
          "position": {
            "x": 281.5555419921875,
            "y": 277.5833740234375,
            "z": -0.14496943354606628
          }
        },
        {
          "type": "RIGHT_EYEBROW_UPPER_MIDPOINT",
          "position": {
            "x": 317.6065368652344,
            "y": 271.11651611328125,
            "z": -37.114837646484375
          }
        },
        {
          "type": "LEFT_EAR_TRAGION",
          "position": {
            "x": 309.90264892578125,
            "y": 326.53338623046875,
            "z": 58.974239349365234
          }
        },
        {
          "type": "RIGHT_EAR_TRAGION",
          "position": {
            "x": 385.5745849609375,
            "y": 313.14208984375,
            "z": -18.523862838745117
          }
        },
        {
          "type": "FOREHEAD_GLABELLA",
          "position": {
            "x": 295.70281982421875,
            "y": 278.9915466308594,
            "z": -23.19986343383789
          }
        },
        {
          "type": "CHIN_GNATHION",
          "position": {
            "x": 303.1235656738281,
            "y": 371.62158203125,
            "z": -31.231185913085938
          }
        },
        {
          "type": "CHIN_LEFT_GONION",
          "position": {
            "x": 300.4059753417969,
            "y": 354.7107849121094,
            "z": 37.533203125
          }
        },
        {
          "type": "CHIN_RIGHT_GONION",
          "position": {
            "x": 368.92401123046875,
            "y": 342.95465087890625,
            "z": -32.748863220214844
          }
        }
      ],
      "rollAngle": -1.715327501296997,
      "panAngle": -45.881404876708984,
      "tiltAngle": 8.3091402053833,
      "detectionConfidence": 0.7868043184280396,
      "landmarkingConfidence": 0.5207810997962952,
      "joyLikelihood": "VERY_UNLIKELY",
      "sorrowLikelihood": "UNLIKELY",
      "angerLikelihood": "VERY_UNLIKELY",
      "surpriseLikelihood": "VERY_UNLIKELY",
      "underExposedLikelihood": "VERY_UNLIKELY",
      "blurredLikelihood": "VERY_UNLIKELY",
      "headwearLikelihood": "VERY_UNLIKELY"
    }
  ]
}
