{
  "faceAnnotations": [
    {
      "boundingPoly": {
        "vertices": [
          {
            "x": 161,
            "y": 88
          },
          {
            "x": 262,
            "y": 88
          },
          {
            "x": 262,
            "y": 205
          },
          {
            "x": 161,
            "y": 205
          }
        ]
      },
      "fdBoundingPoly": {
        "vertices": [
          {
            "x": 162,
            "y": 114
          },
          {
            "x": 245,
            "y": 114
          },
          {
            "x": 245,
            "y": 197
          },
          {
            "x": 162,
            "y": 197
          }
        ]
      },
      "landmarks": [
        {
          "type": "LEFT_EYE",
          "position": {
            "x": 177.85565185546875,
            "y": 148.13243103027344,
            "z": -0.0003381230926606804
          }
        },
        {
          "type": "RIGHT_EYE",
          "position": {
            "x": 192.4976348876953,
            "y": 144.5971221923828,
            "z": -27.570772171020508
          }
        },
        {
          "type": "LEFT_OF_LEFT_EYEBROW",
          "position": {
            "x": 173.9956817626953,
            "y": 141.58998107910156,
            "z": 10.592304229736328
          }
        },
        {
          "type": "RIGHT_OF_LEFT_EYEBROW",
          "position": {
            "x": 174.69512939453125,
            "y": 141.01165771484375,
            "z": -9.723806381225586
          }
        },
        {
          "type": "LEFT_OF_RIGHT_EYEBROW",
          "position": {
            "x": 182.0245361328125,
            "y": 139.03622436523438,
            "z": -23.009336471557617
          }
        },
        {
          "type": "RIGHT_OF_RIGHT_EYEBROW",
          "position": {
            "x": 197.71987915039062,
            "y": 135.7735137939453,
            "z": -34.905155181884766
          }
        },
        {
          "type": "MIDPOINT_BETWEEN_EYES",
          "position": {
            "x": 179.345703125,
            "y": 146.6223602294922,
            "z": -16.62802505493164
          }
        },
        {
          "type": "NOSE_TIP",
          "position": {
            "x": 174.5557861328125,
            "y": 165.9791259765625,
            "z": -21.28070831298828
          }
        },
        {
          "type": "UPPER_LIP",
          "position": {
            "x": 183.90969848632812,
            "y": 175.43807983398438,
            "z": -17.93446922302246
          }
        },
        {
          "type": "LOWER_LIP",
          "position": {
            "x": 187.97268676757812,
            "y": 184.46334838867188,
            "z": -17.04424285888672
          }
        },
        {
          "type": "MOUTH_LEFT",
          "position": {
            "x": 186.2847442626953,
            "y": 179.61764526367188,
            "z": -3.410752296447754
          }
        },
        {
          "type": "MOUTH_RIGHT",
          "position": {
            "x": 197.44009399414062,
            "y": 176.90158081054688,
            "z": -24.77299690246582
          }
        },
        {
          "type": "MOUTH_CENTER",
          "position": {
            "x": 186.9300537109375,
            "y": 179.42996215820312,
            "z": -16.90896224975586
          }
        },
        {
          "type": "NOSE_BOTTOM_RIGHT",
          "position": {
            "x": 188.57264709472656,
            "y": 165.43051147460938,
            "z": -22.698625564575195
          }
        },
        {
          "type": "NOSE_BOTTOM_LEFT",
          "position": {
            "x": 181.93333435058594,
            "y": 166.72671508789062,
            "z": -8.192118644714355
          }
        },
        {
          "type": "NOSE_BOTTOM_CENTER",
          "position": {
            "x": 181.24879455566406,
            "y": 169.3291473388672,
            "z": -17.963226318359375
          }
        },
        {
          "type": "LEFT_EYE_TOP_BOUNDARY",
          "position": {
            "x": 175.59738159179688,
            "y": 146.3930206298828,
            "z": -0.9062845706939697
          }
        },
        {
          "type": "LEFT_EYE_RIGHT_CORNER",
          "position": {
            "x": 180.8533477783203,
            "y": 147.62503051757812,
            "z": -5.3804216384887695
          }
        },
        {
          "type": "LEFT_EYE_BOTTOM_BOUNDARY",
          "position": {
            "x": 178.08389282226562,
            "y": 150.19268798828125,
            "z": -0.12504315376281738
          }
        },
        {
          "type": "LEFT_EYE_LEFT_CORNER",
          "position": {
            "x": 177.50086975097656,
            "y": 148.38357543945312,
            "z": 6.788491249084473
          }
        },
        {
          "type": "LEFT_EYE_PUPIL",
          "position": {
            "x": 176.96023559570312,
            "y": 148.29025268554688,
            "z": 0.11938764154911041
          }
        },
        {
          "type": "RIGHT_EYE_TOP_BOUNDARY",
          "position": {
            "x": 189.83897399902344,
            "y": 142.90782165527344,
            "z": -28.186872482299805
          }
        },
        {
          "type": "RIGHT_EYE_RIGHT_CORNER",
          "position": {
            "x": 197.36566162109375,
            "y": 143.3189697265625,
            "z": -31.307273864746094
          }
        },
        {
          "type": "RIGHT_EYE_BOTTOM_BOUNDARY",
          "position": {
            "x": 192.84803771972656,
            "y": 146.85093688964844,
            "z": -27.447410583496094
          }
        },
        {
          "type": "RIGHT_EYE_LEFT_CORNER",
          "position": {
            "x": 189.23658752441406,
            "y": 145.85903930664062,
            "z": -21.649860382080078
          }
        },
        {
          "type": "RIGHT_EYE_PUPIL",
          "position": {
            "x": 191.53680419921875,
            "y": 144.73680114746094,
            "z": -27.88878059387207
          }
        },
        {
          "type": "LEFT_EYEBROW_UPPER_MIDPOINT",
          "position": {
            "x": 171.71356201171875,
            "y": 137.9973907470703,
            "z": -0.3542402982711792
          }
        },
        {
          "type": "RIGHT_EYEBROW_UPPER_MIDPOINT",
          "position": {
            "x": 187.15451049804688,
            "y": 134.21929931640625,
            "z": -29.947355270385742
          }
        },
        {
          "type": "LEFT_EAR_TRAGION",
          "position": {
            "x": 204.91680908203125,
            "y": 158.39501953125,
            "z": 35.07712936401367
          }
        },
        {
          "type": "RIGHT_EAR_TRAGION",
          "position": {
            "x": 235.9854736328125,
            "y": 150.2081756591797,
            "z": -26.530109405517578
          }
        },
        {
          "type": "FOREHEAD_GLABELLA",
          "position": {
            "x": 177.05258178710938,
            "y": 140.00048828125,
            "z": -16.87775993347168
          }
        },
        {
          "type": "CHIN_GNATHION",
          "position": {
            "x": 195.88282775878906,
            "y": 198.62501525878906,
            "z": -14.907132148742676
          }
        },
        {
          "type": "CHIN_LEFT_GONION",
          "position": {
            "x": 199.78890991210938,
            "y": 179.74566650390625,
            "z": 25.873790740966797
          }
        },
        {
          "type": "CHIN_RIGHT_GONION",
          "position": {
            "x": 228.9550018310547,
            "y": 172.5960693359375,
            "z": -30.027185440063477
          }
        }
      ],
      "rollAngle": -12.175312995910645,
      "panAngle": -61.79179000854492,
      "tiltAngle": 0.862385094165802,
      "detectionConfidence": 0.8614193201065063,
      "landmarkingConfidence": 0.640339732170105,
      "joyLikelihood": "VERY_UNLIKELY",
      "sorrowLikelihood": "VERY_UNLIKELY",
      "angerLikelihood": "VERY_UNLIKELY",
      "surpriseLikelihood": "VERY_UNLIKELY",
      "underExposedLikelihood": "VERY_UNLIKELY",
      "blurredLikelihood": "VERY_UNLIKELY",
      "headwearLikelihood": "VERY_UNLIKELY"
    },
    {
      "boundingPoly": {
        "vertices": [
          {
            "x": 310,
            "y": 25
          },
          {
            "x": 409,
            "y": 25
          },
          {
            "x": 409,
            "y": 140
          },
          {
            "x": 310,
            "y": 140
          }
        ]
      },
      "fdBoundingPoly": {
        "vertices": [
          {
            "x": 336,
            "y": 50
          },
          {
            "x": 410,
            "y": 50
          },
          {
            "x": 410,
            "y": 124
          },
          {
            "x": 336,
            "y": 124
          }
        ]
      },
      "landmarks": [
        {
          "type": "LEFT_EYE",
          "position": {
            "x": 382.9448547363281,
            "y": 71.16205596923828,
            "z": -0.00016299006529152393
          }
        },
        {
          "type": "RIGHT_EYE",
          "position": {
            "x": 385.0325622558594,
            "y": 72.29518127441406,
            "z": 29.81622314453125
          }
        },
        {
          "type": "LEFT_OF_LEFT_EYEBROW",
          "position": {
            "x": 377.81195068359375,
            "y": 64.96528625488281,
            "z": -9.734326362609863
          }
        },
        {
          "type": "RIGHT_OF_LEFT_EYEBROW",
          "position": {
            "x": 387.96527099609375,
            "y": 63.95729064941406,
            "z": 7.632437705993652
          }
        },
        {
          "type": "LEFT_OF_RIGHT_EYEBROW",
          "position": {
            "x": 388.7918701171875,
            "y": 63.89854431152344,
            "z": 22.117982864379883
          }
        },
        {
          "type": "RIGHT_OF_RIGHT_EYEBROW",
          "position": {
            "x": 381.5960693359375,
            "y": 66.3095474243164,
            "z": 40.34868240356445
          }
        },
        {
          "type": "MIDPOINT_BETWEEN_EYES",
          "position": {
            "x": 389.7356872558594,
            "y": 69.52570343017578,
            "z": 14.58096981048584
          }
        },
        {
          "type": "NOSE_TIP",
          "position": {
            "x": 403.6246032714844,
            "y": 85.4322280883789,
            "z": 13.262351989746094
          }
        },
        {
          "type": "UPPER_LIP",
          "position": {
            "x": 397.5215148925781,
            "y": 96.849609375,
            "z": 13.29033374786377
          }
        },
        {
          "type": "LOWER_LIP",
          "position": {
            "x": 397.3528137207031,
            "y": 106.66707611083984,
            "z": 13.012123107910156
          }
        },
        {
          "type": "MOUTH_LEFT",
          "position": {
            "x": 389.4063720703125,
            "y": 103.28719329833984,
            "z": 1.813281774520874
          }
        },
        {
          "type": "MOUTH_RIGHT",
          "position": {
            "x": 391.33026123046875,
            "y": 103.15786743164062,
            "z": 25.3309268951416
          }
        },
        {
          "type": "MOUTH_CENTER",
          "position": {
            "x": 396.26385498046875,
            "y": 101.95957946777344,
            "z": 13.225436210632324
          }
        },
        {
          "type": "NOSE_BOTTOM_RIGHT",
          "position": {
            "x": 391.89141845703125,
            "y": 89.58019256591797,
            "z": 22.10921859741211
          }
        },
        {
          "type": "NOSE_BOTTOM_LEFT",
          "position": {
            "x": 391.1781921386719,
            "y": 89.2630615234375,
            "z": 5.86667013168335
          }
        },
        {
          "type": "NOSE_BOTTOM_CENTER",
          "position": {
            "x": 396.5793762207031,
            "y": 90.88864135742188,
            "z": 13.536073684692383
          }
        },
        {
          "type": "LEFT_EYE_TOP_BOUNDARY",
          "position": {
            "x": 384.5460510253906,
            "y": 69.05606842041016,
            "z": -0.05800720676779747
          }
        },
        {
          "type": "LEFT_EYE_RIGHT_CORNER",
          "position": {
            "x": 383.43743896484375,
            "y": 71.71855926513672,
            "z": 5.974187850952148
          }
        },
        {
          "type": "LEFT_EYE_BOTTOM_BOUNDARY",
          "position": {
            "x": 383.62567138671875,
            "y": 73.270751953125,
            "z": -0.10637690871953964
          }
        },
        {
          "type": "LEFT_EYE_LEFT_CORNER",
          "position": {
            "x": 379.69195556640625,
            "y": 72.11404418945312,
            "z": -5.885377407073975
          }
        },
        {
          "type": "LEFT_EYE_PUPIL",
          "position": {
            "x": 383.67779541015625,
            "y": 71.33329010009766,
            "z": -0.5348125696182251
          }
        },
        {
          "type": "RIGHT_EYE_TOP_BOUNDARY",
          "position": {
            "x": 386.6061706542969,
            "y": 69.9107437133789,
            "z": 29.830408096313477
          }
        },
        {
          "type": "RIGHT_EYE_RIGHT_CORNER",
          "position": {
            "x": 382.79986572265625,
            "y": 73.18547058105469,
            "z": 35.966835021972656
          }
        },
        {
          "type": "RIGHT_EYE_BOTTOM_BOUNDARY",
          "position": {
            "x": 385.7135009765625,
            "y": 74.25321960449219,
            "z": 29.746814727783203
          }
        },
        {
          "type": "RIGHT_EYE_LEFT_CORNER",
          "position": {
            "x": 384.51409912109375,
            "y": 72.4019546508789,
            "z": 23.869604110717773
          }
        },
        {
          "type": "RIGHT_EYE_PUPIL",
          "position": {
            "x": 385.8305969238281,
            "y": 72.20140075683594,
            "z": 30.130924224853516
          }
        },
        {
          "type": "LEFT_EYEBROW_UPPER_MIDPOINT",
          "position": {
            "x": 384.1576232910156,
            "y": 60.21894073486328,
            "z": -1.0594334602355957
          }
        },
        {
          "type": "RIGHT_EYEBROW_UPPER_MIDPOINT",
          "position": {
            "x": 386.39208984375,
            "y": 61.13252639770508,
            "z": 31.380170822143555
          }
        },
        {
          "type": "LEFT_EAR_TRAGION",
          "position": {
            "x": 348.6333923339844,
            "y": 92.36271667480469,
            "z": -17.259538650512695
          }
        },
        {
          "type": "RIGHT_EAR_TRAGION",
          "position": {
            "x": 353.28143310546875,
            "y": 94.96693420410156,
            "z": 50.52254104614258
          }
        },
        {
          "type": "FOREHEAD_GLABELLA",
          "position": {
            "x": 389.3116760253906,
            "y": 63.105045318603516,
            "z": 14.814062118530273
          }
        },
        {
          "type": "CHIN_GNATHION",
          "position": {
            "x": 395.7161865234375,
            "y": 121.68727111816406,
            "z": 12.702142715454102
          }
        },
        {
          "type": "CHIN_LEFT_GONION",
          "position": {
            "x": 364.71551513671875,
            "y": 109.41912841796875,
            "z": -15.668534278869629
          }
        },
        {
          "type": "CHIN_RIGHT_GONION",
          "position": {
            "x": 368.9374694824219,
            "y": 111.137939453125,
            "z": 45.7106819152832
          }
        }
      ],
      "rollAngle": -11.913003921508789,
      "panAngle": 86.48323822021484,
      "tiltAngle": 2.3979272842407227,
      "detectionConfidence": 0.9334394931793213,
      "landmarkingConfidence": 0.3542420566082001,
      "joyLikelihood": "VERY_UNLIKELY",
      "sorrowLikelihood": "VERY_UNLIKELY",
      "angerLikelihood": "VERY_UNLIKELY",
      "surpriseLikelihood": "VERY_UNLIKELY",
      "underExposedLikelihood": "VERY_UNLIKELY",
      "blurredLikelihood": "VERY_UNLIKELY",
      "headwearLikelihood": "VERY_UNLIKELY"
    }
  ]
}
