{
  "faceAnnotations": [
    {
      "boundingPoly": {
        "vertices": [
          {
            "x": 134,
            "y": 135
          },
          {
            "x": 492,
            "y": 135
          },
          {
            "x": 492,
            "y": 552
          },
          {
            "x": 134,
            "y": 552
          }
        ]
      },
      "fdBoundingPoly": {
        "vertices": [
          {
            "x": 206,
            "y": 260
          },
          {
            "x": 459,
            "y": 260
          },
          {
            "x": 459,
            "y": 513
          },
          {
            "x": 206,
            "y": 513
          }
        ]
      },
      "landmarks": [
        {
          "type": "LEFT_EYE",
          "position": {
            "x": 302.7977294921875,
            "y": 337.151123046875,
            "z": -0.0007557921926490963
          }
        },
        {
          "type": "RIGHT_EYE",
          "position": {
            "x": 399.9591064453125,
            "y": 342.516845703125,
            "z": 48.45856475830078
          }
        },
        {
          "type": "LEFT_OF_LEFT_EYEBROW",
          "position": {
            "x": 271.2097473144531,
            "y": 316.0242919921875,
            "z": -7.308744430541992
          }
        },
        {
          "type": "RIGHT_OF_LEFT_EYEBROW",
          "position": {
            "x": 348.796875,
            "y": 319.0555725097656,
            "z": -7.346877574920654
          }
        },
        {
          "type": "LEFT_OF_RIGHT_EYEBROW",
          "position": {
            "x": 394.2851257324219,
            "y": 320.1197509765625,
            "z": 16.2141056060791
          }
        },
        {
          "type": "RIGHT_OF_RIGHT_EYEBROW",
          "position": {
            "x": 438.126953125,
            "y": 315.068359375,
            "z": 72.3460922241211
          }
        },
        {
          "type": "MIDPOINT_BETWEEN_EYES",
          "position": {
            "x": 371.1011962890625,
            "y": 341.7189025878906,
            "z": 6.433825492858887
          }
        },
        {
          "type": "NOSE_TIP",
          "position": {
            "x": 382.5562744140625,
            "y": 410.4510803222656,
            "z": -12.356762886047363
          }
        },
        {
          "type": "UPPER_LIP",
          "position": {
            "x": 366.8705139160156,
            "y": 445.82904052734375,
            "z": 16.529560089111328
          }
        },
        {
          "type": "LOWER_LIP",
          "position": {
            "x": 358.3060302734375,
            "y": 479.8031005859375,
            "z": 29.434478759765625
          }
        },
        {
          "type": "MOUTH_LEFT",
          "position": {
            "x": 321.88067626953125,
            "y": 458.1371765136719,
            "z": 25.61895179748535
          }
        },
        {
          "type": "MOUTH_RIGHT",
          "position": {
            "x": 385.634521484375,
            "y": 457.4030456542969,
            "z": 62.63001251220703
          }
        },
        {
          "type": "MOUTH_CENTER",
          "position": {
            "x": 361.29376220703125,
            "y": 459.98883056640625,
            "z": 26.446048736572266
          }
        },
        {
          "type": "NOSE_BOTTOM_RIGHT",
          "position": {
            "x": 386.9272766113281,
            "y": 411.79437255859375,
            "z": 39.627750396728516
          }
        },
        {
          "type": "NOSE_BOTTOM_LEFT",
          "position": {
            "x": 338.1769104003906,
            "y": 414.197509765625,
            "z": 13.5549955368042
          }
        },
        {
          "type": "NOSE_BOTTOM_CENTER",
          "position": {
            "x": 369.345703125,
            "y": 423.7344970703125,
            "z": 12.793102264404297
          }
        },
        {
          "type": "LEFT_EYE_TOP_BOUNDARY",
          "position": {
            "x": 314.0746154785156,
            "y": 336.14190673828125,
            "z": -4.255439758300781
          }
        },
        {
          "type": "LEFT_EYE_RIGHT_CORNER",
          "position": {
            "x": 331.01849365234375,
            "y": 344.2947998046875,
            "z": 13.72753620147705
          }
        },
        {
          "type": "LEFT_EYE_BOTTOM_BOUNDARY",
          "position": {
            "x": 305.4414367675781,
            "y": 348.9564208984375,
            "z": 3.301891326904297
          }
        },
        {
          "type": "LEFT_EYE_LEFT_CORNER",
          "position": {
            "x": 283.24560546875,
            "y": 338.7121276855469,
            "z": 2.5923948287963867
          }
        },
        {
          "type": "LEFT_EYE_PUPIL",
          "position": {
            "x": 310.1434326171875,
            "y": 342.9383239746094,
            "z": 0.18112903833389282
          }
        },
        {
          "type": "RIGHT_EYE_TOP_BOUNDARY",
          "position": {
            "x": 411.56683349609375,
            "y": 336.0428466796875,
            "z": 43.816680908203125
          }
        },
        {
          "type": "RIGHT_EYE_RIGHT_CORNER",
          "position": {
            "x": 422.6968994140625,
            "y": 340.9413757324219,
            "z": 69.8572998046875
          }
        },
        {
          "type": "RIGHT_EYE_BOTTOM_BOUNDARY",
          "position": {
            "x": 404.579345703125,
            "y": 351.7526550292969,
            "z": 51.59934997558594
          }
        },
        {
          "type": "RIGHT_EYE_LEFT_CORNER",
          "position": {
            "x": 386.86865234375,
            "y": 345.76824951171875,
            "z": 42.282588958740234
          }
        },
        {
          "type": "RIGHT_EYE_PUPIL",
          "position": {
            "x": 410.1531982421875,
            "y": 343.0169982910156,
            "z": 49.457916259765625
          }
        },
        {
          "type": "LEFT_EYEBROW_UPPER_MIDPOINT",
          "position": {
            "x": 315.15106201171875,
            "y": 306.146484375,
            "z": -15.989828109741211
          }
        },
        {
          "type": "RIGHT_EYEBROW_UPPER_MIDPOINT",
          "position": {
            "x": 420.91064453125,
            "y": 305.9477844238281,
            "z": 36.098201751708984
          }
        },
        {
          "type": "LEFT_EAR_TRAGION",
          "position": {
            "x": 191.2981414794922,
            "y": 369.18035888671875,
            "z": 97.16472625732422
          }
        },
        {
          "type": "RIGHT_EAR_TRAGION",
          "position": {
            "x": 407.69122314453125,
            "y": 372.0137634277344,
            "z": 208.0708465576172
          }
        },
        {
          "type": "FOREHEAD_GLABELLA",
          "position": {
            "x": 372.7957763671875,
            "y": 319.67529296875,
            "z": 0.7460218667984009
          }
        },
        {
          "type": "CHIN_GNATHION",
          "position": {
            "x": 348.5138854980469,
            "y": 525.116455078125,
            "z": 50.596824645996094
          }
        },
        {
          "type": "CHIN_LEFT_GONION",
          "position": {
            "x": 213.24765014648438,
            "y": 445.3023986816406,
            "z": 75.0688247680664
          }
        },
        {
          "type": "CHIN_RIGHT_GONION",
          "position": {
            "x": 411.3348083496094,
            "y": 448.36871337890625,
            "z": 173.61558532714844
          }
        }
      ],
      "rollAngle": 4.2485432624816895,
      "panAngle": 26.631877899169922,
      "tiltAngle": -8.808243751525879,
      "detectionConfidence": 0.999960720539093,
      "landmarkingConfidence": 0.7381837964057922,
      "joyLikelihood": "VERY_UNLIKELY",
      "sorrowLikelihood": "VERY_UNLIKELY",
      "angerLikelihood": "VERY_UNLIKELY",
      "surpriseLikelihood": "VERY_UNLIKELY",
      "underExposedLikelihood": "VERY_UNLIKELY",
      "blurredLikelihood": "VERY_UNLIKELY",
      "headwearLikelihood": "VERY_UNLIKELY"
    },
    {
      "boundingPoly": {
        "vertices": [
          {
            "x": 595,
            "y": 539
          },
          {
            "x": 776,
            "y": 539
          },
          {
            "x": 776,
            "y": 749
          },
          {
            "x": 595,
            "y": 749
          }
        ]
      },
      "fdBoundingPoly": {
        "vertices": [
          {
            "x": 629,
            "y": 576
          },
          {
            "x": 770,
            "y": 576
          },
          {
            "x": 770,
            "y": 718
          },
          {
            "x": 629,
            "y": 718
          }
        ]
      },
      "landmarks": [
        {
          "type": "LEFT_EYE",
          "position": {
            "x": 681.5103149414062,
            "y": 627.4264526367188,
            "z": -0.0005152845405973494
          }
        },
        {
          "type": "RIGHT_EYE",
          "position": {
            "x": 731.9332275390625,
            "y": 629.7882690429688,
            "z": 21.37664794921875
          }
        },
        {
          "type": "LEFT_OF_LEFT_EYEBROW",
          "position": {
            "x": 658.4857177734375,
            "y": 611.4479370117188,
            "z": -0.018687652423977852
          }
        },
        {
          "type": "RIGHT_OF_LEFT_EYEBROW",
          "position": {
            "x": 697.62060546875,
            "y": 613.0000610351562,
            "z": -2.377488613128662
          }
        },
        {
          "type": "LEFT_OF_RIGHT_EYEBROW",
          "position": {
            "x": 721.7725219726562,
            "y": 613.6915893554688,
            "z": 7.961311340332031
          }
        },
        {
          "type": "RIGHT_OF_RIGHT_EYEBROW",
          "position": {
            "x": 745.3329467773438,
            "y": 617.7127075195312,
            "z": 34.86492919921875
          }
        },
        {
          "type": "MIDPOINT_BETWEEN_EYES",
          "position": {
            "x": 709.66455078125,
            "y": 623.7315063476562,
            "z": 0.3104623854160309
          }
        },
        {
          "type": "NOSE_TIP",
          "position": {
            "x": 716.3822631835938,
            "y": 653.4917602539062,
            "z": -19.234851837158203
          }
        },
        {
          "type": "UPPER_LIP",
          "position": {
            "x": 712.570556640625,
            "y": 674.7322998046875,
            "z": -10.811529159545898
          }
        },
        {
          "type": "LOWER_LIP",
          "position": {
            "x": 710.9940795898438,
            "y": 693.4697875976562,
            "z": -10.097454071044922
          }
        },
        {
          "type": "MOUTH_LEFT",
          "position": {
            "x": 686.7373046875,
            "y": 683.0283813476562,
            "z": -6.978890419006348
          }
        },
        {
          "type": "MOUTH_RIGHT",
          "position": {
            "x": 726.264892578125,
            "y": 685.3121948242188,
            "z": 9.767314910888672
          }
        },
        {
          "type": "MOUTH_CENTER",
          "position": {
            "x": 710.9218139648438,
            "y": 683.3848876953125,
            "z": -8.426379203796387
          }
        },
        {
          "type": "NOSE_BOTTOM_RIGHT",
          "position": {
            "x": 724.837890625,
            "y": 660.4237060546875,
            "z": 5.917974472045898
          }
        },
        {
          "type": "NOSE_BOTTOM_LEFT",
          "position": {
            "x": 695.1159057617188,
            "y": 658.85986328125,
            "z": -6.561729907989502
          }
        },
        {
          "type": "NOSE_BOTTOM_CENTER",
          "position": {
            "x": 712.6368408203125,
            "y": 663.0931396484375,
            "z": -9.180371284484863
          }
        },
        {
          "type": "LEFT_EYE_TOP_BOUNDARY",
          "position": {
            "x": 681.8511352539062,
            "y": 622.0970458984375,
            "z": -2.9926834106445312
          }
        },
        {
          "type": "LEFT_EYE_RIGHT_CORNER",
          "position": {
            "x": 689.2955322265625,
            "y": 627.4908447265625,
            "z": 4.041967868804932
          }
        },
        {
          "type": "LEFT_EYE_BOTTOM_BOUNDARY",
          "position": {
            "x": 679.6984252929688,
            "y": 630.6317138671875,
            "z": -1.3353358507156372
          }
        },
        {
          "type": "LEFT_EYE_LEFT_CORNER",
          "position": {
            "x": 668.5206909179688,
            "y": 626.7916259765625,
            "z": 0.06506326049566269
          }
        },
        {
          "type": "LEFT_EYE_PUPIL",
          "position": {
            "x": 680.196533203125,
            "y": 626.0390625,
            "z": -1.8361032009124756
          }
        },
        {
          "type": "RIGHT_EYE_TOP_BOUNDARY",
          "position": {
            "x": 732.0971069335938,
            "y": 624.7125854492188,
            "z": 18.29279327392578
          }
        },
        {
          "type": "RIGHT_EYE_RIGHT_CORNER",
          "position": {
            "x": 738.75439453125,
            "y": 630.4404296875,
            "z": 29.84805679321289
          }
        },
        {
          "type": "RIGHT_EYE_BOTTOM_BOUNDARY",
          "position": {
            "x": 731.1836547851562,
            "y": 632.95458984375,
            "z": 20.0428524017334
          }
        },
        {
          "type": "RIGHT_EYE_LEFT_CORNER",
          "position": {
            "x": 720.6768798828125,
            "y": 628.9540405273438,
            "z": 16.919849395751953
          }
        },
        {
          "type": "RIGHT_EYE_PUPIL",
          "position": {
            "x": 731.7686767578125,
            "y": 628.7233276367188,
            "z": 19.910451889038086
          }
        },
        {
          "type": "LEFT_EYEBROW_UPPER_MIDPOINT",
          "position": {
            "x": 680.4738159179688,
            "y": 605.6434936523438,
            "z": -3.890611410140991
          }
        },
        {
          "type": "RIGHT_EYEBROW_UPPER_MIDPOINT",
          "position": {
            "x": 735.009033203125,
            "y": 608.5457763671875,
            "z": 19.168254852294922
          }
        },
        {
          "type": "LEFT_EAR_TRAGION",
          "position": {
            "x": 622.350341796875,
            "y": 660.9163818359375,
            "z": 43.33654022216797
          }
        },
        {
          "type": "RIGHT_EAR_TRAGION",
          "position": {
            "x": 736.6068115234375,
            "y": 667.0603637695312,
            "z": 91.62511444091797
          }
        },
        {
          "type": "FOREHEAD_GLABELLA",
          "position": {
            "x": 710.3330078125,
            "y": 612.00927734375,
            "z": 1.0143823623657227
          }
        },
        {
          "type": "CHIN_GNATHION",
          "position": {
            "x": 708.19873046875,
            "y": 718.7408447265625,
            "z": -7.041473388671875
          }
        },
        {
          "type": "CHIN_LEFT_GONION",
          "position": {
            "x": 637.1596069335938,
            "y": 692.6248779296875,
            "z": 19.925325393676758
          }
        },
        {
          "type": "CHIN_RIGHT_GONION",
          "position": {
            "x": 740.3095703125,
            "y": 697.927734375,
            "z": 63.62036895751953
          }
        }
      ],
      "rollAngle": -0.9150131344795227,
      "panAngle": 23.22861671447754,
      "tiltAngle": 9.10871696472168,
      "detectionConfidence": 0.9857462048530579,
      "landmarkingConfidence": 0.420322060585022,
      "joyLikelihood": "VERY_UNLIKELY",
      "sorrowLikelihood": "VERY_UNLIKELY",
      "angerLikelihood": "VERY_UNLIKELY",
      "surpriseLikelihood": "VERY_UNLIKELY",
      "underExposedLikelihood": "VERY_UNLIKELY",
      "blurredLikelihood": "VERY_UNLIKELY",
      "headwearLikelihood": "VERY_UNLIKELY"
    }
  ]
}
