{
  "faceAnnotations": [
    {
      "boundingPoly": {
        "vertices": [
          {
            "x": 769,
            "y": 89
          },
          {
            "x": 1026,
            "y": 89
          },
          {
            "x": 1026,
            "y": 388
          },
          {
            "x": 769,
            "y": 388
          }
        ]
      },
      "fdBoundingPoly": {
        "vertices": [
          {
            "x": 806,
            "y": 184
          },
          {
            "x": 989,
            "y": 184
          },
          {
            "x": 989,
            "y": 367
          },
          {
            "x": 806,
            "y": 367
          }
        ]
      },
      "landmarks": [
        {
          "type": "LEFT_EYE",
          "position": {
            "x": 874.7882080078125,
            "y": 242.846435546875,
            "z": -0.00040320894913747907
          }
        },
        {
          "type": "RIGHT_EYE",
          "position": {
            "x": 947.533203125,
            "y": 240.79144287109375,
            "z": 15.646227836608887
          }
        },
        {
          "type": "LEFT_OF_LEFT_EYEBROW",
          "position": {
            "x": 846.6043701171875,
            "y": 230.3736572265625,
            "z": -2.662008047103882
          }
        },
        {
          "type": "RIGHT_OF_LEFT_EYEBROW",
          "position": {
            "x": 898.1333618164062,
            "y": 231.99078369140625,
            "z": -14.976197242736816
          }
        },
        {
          "type": "LEFT_OF_RIGHT_EYEBROW",
          "position": {
            "x": 934.6632080078125,
            "y": 229.9066162109375,
            "z": -7.2646307945251465
          }
        },
        {
          "type": "RIGHT_OF_RIGHT_EYEBROW",
          "position": {
            "x": 975.3131713867188,
            "y": 222.23992919921875,
            "z": 23.502782821655273
          }
        },
        {
          "type": "MIDPOINT_BETWEEN_EYES",
          "position": {
            "x": 918.0437622070312,
            "y": 246.60275268554688,
            "z": -7.655635833740234
          }
        },
        {
          "type": "NOSE_TIP",
          "position": {
            "x": 920.3253173828125,
            "y": 296.53204345703125,
            "z": -16.419090270996094
          }
        },
        {
          "type": "UPPER_LIP",
          "position": {
            "x": 915.0381469726562,
            "y": 320.1545104980469,
            "z": 9.259378433227539
          }
        },
        {
          "type": "LOWER_LIP",
          "position": {
            "x": 913.2354125976562,
            "y": 341.6247863769531,
            "z": 21.682512283325195
          }
        },
        {
          "type": "MOUTH_LEFT",
          "position": {
            "x": 878.2550659179688,
            "y": 325.50689697265625,
            "z": 26.099620819091797
          }
        },
        {
          "type": "MOUTH_RIGHT",
          "position": {
            "x": 941.003173828125,
            "y": 322.6356201171875,
            "z": 38.35125732421875
          }
        },
        {
          "type": "MOUTH_CENTER",
          "position": {
            "x": 913.8534545898438,
            "y": 329.0002746582031,
            "z": 18.094091415405273
          }
        },
        {
          "type": "NOSE_BOTTOM_RIGHT",
          "position": {
            "x": 934.468994140625,
            "y": 293.1226806640625,
            "z": 18.058021545410156
          }
        },
        {
          "type": "NOSE_BOTTOM_LEFT",
          "position": {
            "x": 894.293212890625,
            "y": 297.2037353515625,
            "z": 9.420734405517578
          }
        },
        {
          "type": "NOSE_BOTTOM_CENTER",
          "position": {
            "x": 915.34814453125,
            "y": 305.78057861328125,
            "z": 4.463395595550537
          }
        },
        {
          "type": "LEFT_EYE_TOP_BOUNDARY",
          "position": {
            "x": 875.1943359375,
            "y": 242.1940460205078,
            "z": -5.922283172607422
          }
        },
        {
          "type": "LEFT_EYE_RIGHT_CORNER",
          "position": {
            "x": 890.1430053710938,
            "y": 247.1334686279297,
            "z": 4.411008358001709
          }
        },
        {
          "type": "LEFT_EYE_BOTTOM_BOUNDARY",
          "position": {
            "x": 874.0499877929688,
            "y": 249.44313049316406,
            "z": 1.16765558719635
          }
        },
        {
          "type": "LEFT_EYE_LEFT_CORNER",
          "position": {
            "x": 857.65283203125,
            "y": 243.8615264892578,
            "z": 3.9466142654418945
          }
        },
        {
          "type": "LEFT_EYE_PUPIL",
          "position": {
            "x": 873.1349487304688,
            "y": 246.64517211914062,
            "z": -1.5333285331726074
          }
        },
        {
          "type": "RIGHT_EYE_TOP_BOUNDARY",
          "position": {
            "x": 951.9598999023438,
            "y": 238.90853881835938,
            "z": 10.155672073364258
          }
        },
        {
          "type": "RIGHT_EYE_RIGHT_CORNER",
          "position": {
            "x": 964.4379272460938,
            "y": 240.23260498046875,
            "z": 26.57425308227539
          }
        },
        {
          "type": "RIGHT_EYE_BOTTOM_BOUNDARY",
          "position": {
            "x": 949.3290405273438,
            "y": 246.8656768798828,
            "z": 17.210418701171875
          }
        },
        {
          "type": "RIGHT_EYE_LEFT_CORNER",
          "position": {
            "x": 932.9439697265625,
            "y": 243.95578002929688,
            "z": 13.570615768432617
          }
        },
        {
          "type": "RIGHT_EYE_PUPIL",
          "position": {
            "x": 952.0060424804688,
            "y": 243.31527709960938,
            "z": 14.927416801452637
          }
        },
        {
          "type": "LEFT_EYEBROW_UPPER_MIDPOINT",
          "position": {
            "x": 873.2548828125,
            "y": 221.98883056640625,
            "z": -16.789886474609375
          }
        },
        {
          "type": "RIGHT_EYEBROW_UPPER_MIDPOINT",
          "position": {
            "x": 956.5913696289062,
            "y": 218.3099822998047,
            "z": 0.637062668800354
          }
        },
        {
          "type": "LEFT_EAR_TRAGION",
          "position": {
            "x": 808.8239135742188,
            "y": 259.44305419921875,
            "z": 89.67940521240234
          }
        },
        {
          "type": "RIGHT_EAR_TRAGION",
          "position": {
            "x": 978.3894653320312,
            "y": 251.26583862304688,
            "z": 127.98168182373047
          }
        },
        {
          "type": "FOREHEAD_GLABELLA",
          "position": {
            "x": 916.736572265625,
            "y": 230.73828125,
            "z": -14.212947845458984
          }
        },
        {
          "type": "CHIN_GNATHION",
          "position": {
            "x": 910.8506469726562,
            "y": 374.04522705078125,
            "z": 42.61433410644531
          }
        },
        {
          "type": "CHIN_LEFT_GONION",
          "position": {
            "x": 820.5302124023438,
            "y": 315.82281494140625,
            "z": 77.20545196533203
          }
        },
        {
          "type": "CHIN_RIGHT_GONION",
          "position": {
            "x": 975.8150634765625,
            "y": 309.2154846191406,
            "z": 109.82473754882812
          }
        }
      ],
      "rollAngle": 1.0585874319076538,
      "panAngle": 12.32275676727295,
      "tiltAngle": -16.407724380493164,
      "detectionConfidence": 0.9981769323348999,
      "landmarkingConfidence": 0.6895921230316162,
      "joyLikelihood": "VERY_UNLIKELY",
      "sorrowLikelihood": "VERY_UNLIKELY",
      "angerLikelihood": "VERY_UNLIKELY",
      "surpriseLikelihood": "VERY_UNLIKELY",
      "underExposedLikelihood": "VERY_UNLIKELY",
      "blurredLikelihood": "VERY_UNLIKELY",
      "headwearLikelihood": "VERY_UNLIKELY"
    },
    {
      "boundingPoly": {
        "vertices": [
          {
            "x": 380,
            "y": 82
          },
          {
            "x": 635,
            "y": 82
          },
          {
            "x": 635,
            "y": 379
          },
          {
            "x": 380,
            "y": 379
          }
        ]
      },
      "fdBoundingPoly": {
        "vertices": [
          {
            "x": 403,
            "y": 195
          },
          {
            "x": 567,
            "y": 195
          },
          {
            "x": 567,
            "y": 359
          },
          {
            "x": 403,
            "y": 359
          }
        ]
      },
      "landmarks": [
        {
          "type": "LEFT_EYE",
          "position": {
            "x": 445.9187316894531,
            "y": 232.63327026367188,
            "z": -0.0015225159004330635
          }
        },
        {
          "type": "RIGHT_EYE",
          "position": {
            "x": 512.9337158203125,
            "y": 242.28640747070312,
            "z": -31.680755615234375
          }
        },
        {
          "type": "LEFT_OF_LEFT_EYEBROW",
          "position": {
            "x": 422.4718017578125,
            "y": 209.515625,
            "z": 12.155435562133789
          }
        },
        {
          "type": "RIGHT_OF_LEFT_EYEBROW",
          "position": {
            "x": 453.6614074707031,
            "y": 222.54531860351562,
            "z": -25.743947982788086
          }
        },
        {
          "type": "LEFT_OF_RIGHT_EYEBROW",
          "position": {
            "x": 487.2666320800781,
            "y": 228.16766357421875,
            "z": -41.40146255493164
          }
        },
        {
          "type": "RIGHT_OF_RIGHT_EYEBROW",
          "position": {
            "x": 537.9935302734375,
            "y": 228.80422973632812,
            "z": -41.50404739379883
          }
        },
        {
          "type": "MIDPOINT_BETWEEN_EYES",
          "position": {
            "x": 469.7314758300781,
            "y": 240.96170043945312,
            "z": -29.19745445251465
          }
        },
        {
          "type": "NOSE_TIP",
          "position": {
            "x": 459.60595703125,
            "y": 289.56842041015625,
            "z": -33.88895034790039
          }
        },
        {
          "type": "UPPER_LIP",
          "position": {
            "x": 467.0494689941406,
            "y": 312.79833984375,
            "z": -9.063030242919922
          }
        },
        {
          "type": "LOWER_LIP",
          "position": {
            "x": 469.9948425292969,
            "y": 332.8626708984375,
            "z": 3.5898876190185547
          }
        },
        {
          "type": "MOUTH_LEFT",
          "position": {
            "x": 451.770751953125,
            "y": 313.6202697753906,
            "z": 23.7420654296875
          }
        },
        {
          "type": "MOUTH_RIGHT",
          "position": {
            "x": 501.8528137207031,
            "y": 320.3292236328125,
            "z": -0.7409284710884094
          }
        },
        {
          "type": "MOUTH_CENTER",
          "position": {
            "x": 470.0574645996094,
            "y": 321.10089111328125,
            "z": -0.4120357632637024
          }
        },
        {
          "type": "NOSE_BOTTOM_RIGHT",
          "position": {
            "x": 487.84197998046875,
            "y": 293.011962890625,
            "z": -14.934612274169922
          }
        },
        {
          "type": "NOSE_BOTTOM_LEFT",
          "position": {
            "x": 453.6894836425781,
            "y": 283.5662841796875,
            "z": 1.9788706302642822
          }
        },
        {
          "type": "NOSE_BOTTOM_CENTER",
          "position": {
            "x": 467.13970947265625,
            "y": 298.2508544921875,
            "z": -14.489422798156738
          }
        },
        {
          "type": "LEFT_EYE_TOP_BOUNDARY",
          "position": {
            "x": 440.2630615234375,
            "y": 229.17813110351562,
            "z": -4.749966621398926
          }
        },
        {
          "type": "LEFT_EYE_RIGHT_CORNER",
          "position": {
            "x": 455.021240234375,
            "y": 234.44493103027344,
            "z": -4.455467224121094
          }
        },
        {
          "type": "LEFT_EYE_BOTTOM_BOUNDARY",
          "position": {
            "x": 443.8167419433594,
            "y": 237.99484252929688,
            "z": 2.3288052082061768
          }
        },
        {
          "type": "LEFT_EYE_LEFT_CORNER",
          "position": {
            "x": 431.8782653808594,
            "y": 228.63839721679688,
            "z": 13.81318187713623
          }
        },
        {
          "type": "LEFT_EYE_PUPIL",
          "position": {
            "x": 440.5110168457031,
            "y": 233.13546752929688,
            "z": 0.4000508189201355
          }
        },
        {
          "type": "RIGHT_EYE_TOP_BOUNDARY",
          "position": {
            "x": 509.493408203125,
            "y": 240.77182006835938,
            "z": -36.88225555419922
          }
        },
        {
          "type": "RIGHT_EYE_RIGHT_CORNER",
          "position": {
            "x": 528.5476684570312,
            "y": 244.8038330078125,
            "z": -31.04014778137207
          }
        },
        {
          "type": "RIGHT_EYE_BOTTOM_BOUNDARY",
          "position": {
            "x": 512.2400512695312,
            "y": 248.9587860107422,
            "z": -29.718017578125
          }
        },
        {
          "type": "RIGHT_EYE_LEFT_CORNER",
          "position": {
            "x": 496.9180908203125,
            "y": 242.86285400390625,
            "z": -23.671844482421875
          }
        },
        {
          "type": "RIGHT_EYE_PUPIL",
          "position": {
            "x": 511.4719543457031,
            "y": 245.10472106933594,
            "z": -32.73641586303711
          }
        },
        {
          "type": "LEFT_EYEBROW_UPPER_MIDPOINT",
          "position": {
            "x": 435.6000061035156,
            "y": 208.63497924804688,
            "z": -14.00775146484375
          }
        },
        {
          "type": "RIGHT_EYEBROW_UPPER_MIDPOINT",
          "position": {
            "x": 510.7203369140625,
            "y": 221.2342529296875,
            "z": -48.881195068359375
          }
        },
        {
          "type": "LEFT_EAR_TRAGION",
          "position": {
            "x": 440.25506591796875,
            "y": 233.85287475585938,
            "z": 114.90757751464844
          }
        },
        {
          "type": "RIGHT_EAR_TRAGION",
          "position": {
            "x": 597.3301391601562,
            "y": 260.046630859375,
            "z": 41.92061233520508
          }
        },
        {
          "type": "FOREHEAD_GLABELLA",
          "position": {
            "x": 469.1312561035156,
            "y": 225.3892822265625,
            "z": -36.28384017944336
          }
        },
        {
          "type": "CHIN_GNATHION",
          "position": {
            "x": 473.23309326171875,
            "y": 359.0045166015625,
            "z": 23.767820358276367
          }
        },
        {
          "type": "CHIN_LEFT_GONION",
          "position": {
            "x": 433.497802734375,
            "y": 291.2596130371094,
            "z": 100.4984359741211
          }
        },
        {
          "type": "CHIN_RIGHT_GONION",
          "position": {
            "x": 574.6328735351562,
            "y": 313.84149169921875,
            "z": 34.51557159423828
          }
        }
      ],
      "rollAngle": 0.41950932145118713,
      "panAngle": -26.13079833984375,
      "tiltAngle": -19.01784324645996,
      "detectionConfidence": 0.6015164852142334,
      "landmarkingConfidence": 0.3631882667541504,
      "joyLikelihood": "VERY_UNLIKELY",
      "sorrowLikelihood": "VERY_UNLIKELY",
      "angerLikelihood": "VERY_UNLIKELY",
      "surpriseLikelihood": "VERY_UNLIKELY",
      "underExposedLikelihood": "VERY_UNLIKELY",
      "blurredLikelihood": "VERY_UNLIKELY",
      "headwearLikelihood": "VERY_UNLIKELY"
    }
  ]
}
