{
  "faceAnnotations": [
    {
      "boundingPoly": {
        "vertices": [
          {
            "x": 794,
            "y": 4
          },
          {
            "x": 1169,
            "y": 4
          },
          {
            "x": 1169,
            "y": 440
          },
          {
            "x": 794,
            "y": 440
          }
        ]
      },
      "fdBoundingPoly": {
        "vertices": [
          {
            "x": 842,
            "y": 142
          },
          {
            "x": 1108,
            "y": 142
          },
          {
            "x": 1108,
            "y": 408
          },
          {
            "x": 842,
            "y": 408
          }
        ]
      },
      "landmarks": [
        {
          "type": "LEFT_EYE",
          "position": {
            "x": 941.4517822265625,
            "y": 221.49191284179688,
            "z": -0.0029134806245565414
          }
        },
        {
          "type": "RIGHT_EYE",
          "position": {
            "x": 1045.9041748046875,
            "y": 238.85321044921875,
            "z": 7.707408905029297
          }
        },
        {
          "type": "LEFT_OF_LEFT_EYEBROW",
          "position": {
            "x": 904.8099365234375,
            "y": 189.84974670410156,
            "z": 0.8525182008743286
          }
        },
        {
          "type": "RIGHT_OF_LEFT_EYEBROW",
          "position": {
            "x": 972.4940185546875,
            "y": 205.59027099609375,
            "z": -26.321802139282227
          }
        },
        {
          "type": "LEFT_OF_RIGHT_EYEBROW",
          "position": {
            "x": 1026.13818359375,
            "y": 214.85458374023438,
            "z": -22.282079696655273
          }
        },
        {
          "type": "RIGHT_OF_RIGHT_EYEBROW",
          "position": {
            "x": 1091.4605712890625,
            "y": 218.09228515625,
            "z": 14.21860408782959
          }
        },
        {
          "type": "MIDPOINT_BETWEEN_EYES",
          "position": {
            "x": 994.8228149414062,
            "y": 232.14044189453125,
            "z": -20.080148696899414
          }
        },
        {
          "type": "NOSE_TIP",
          "position": {
            "x": 984.095703125,
            "y": 305.300048828125,
            "z": -35.83254623413086
          }
        },
        {
          "type": "UPPER_LIP",
          "position": {
            "x": 975.3110961914062,
            "y": 337.01300048828125,
            "z": 0.318825900554657
          }
        },
        {
          "type": "LOWER_LIP",
          "position": {
            "x": 968.5657958984375,
            "y": 372.3774719238281,
            "z": 18.26045036315918
          }
        },
        {
          "type": "MOUTH_LEFT",
          "position": {
            "x": 928.709228515625,
            "y": 337.4149475097656,
            "z": 30.69025993347168
          }
        },
        {
          "type": "MOUTH_RIGHT",
          "position": {
            "x": 1016.034423828125,
            "y": 352.1923828125,
            "z": 37.19480895996094
          }
        },
        {
          "type": "MOUTH_CENTER",
          "position": {
            "x": 972.3173828125,
            "y": 352.18743896484375,
            "z": 13.173727035522461
          }
        },
        {
          "type": "NOSE_BOTTOM_RIGHT",
          "position": {
            "x": 1011.9129028320312,
            "y": 306.3970031738281,
            "z": 10.816393852233887
          }
        },
        {
          "type": "NOSE_BOTTOM_LEFT",
          "position": {
            "x": 951.498046875,
            "y": 296.6007385253906,
            "z": 6.252795696258545
          }
        },
        {
          "type": "NOSE_BOTTOM_CENTER",
          "position": {
            "x": 977.7808227539062,
            "y": 314.0169372558594,
            "z": -6.0241007804870605
          }
        },
        {
          "type": "LEFT_EYE_TOP_BOUNDARY",
          "position": {
            "x": 939.1974487304688,
            "y": 215.63198852539062,
            "z": -9.363489151000977
          }
        },
        {
          "type": "LEFT_EYE_RIGHT_CORNER",
          "position": {
            "x": 961.06396484375,
            "y": 226.77796936035156,
            "z": 2.291501998901367
          }
        },
        {
          "type": "LEFT_EYE_BOTTOM_BOUNDARY",
          "position": {
            "x": 938.0086669921875,
            "y": 228.0360107421875,
            "z": 0.7845161557197571
          }
        },
        {
          "type": "LEFT_EYE_LEFT_CORNER",
          "position": {
            "x": 915.7154541015625,
            "y": 215.5047149658203,
            "z": 8.348334312438965
          }
        },
        {
          "type": "LEFT_EYE_PUPIL",
          "position": {
            "x": 935.888671875,
            "y": 221.53480529785156,
            "z": -2.80299973487854
          }
        },
        {
          "type": "RIGHT_EYE_TOP_BOUNDARY",
          "position": {
            "x": 1051.0255126953125,
            "y": 234.45887756347656,
            "z": -1.1953500509262085
          }
        },
        {
          "type": "RIGHT_EYE_RIGHT_CORNER",
          "position": {
            "x": 1071.2666015625,
            "y": 241.35733032226562,
            "z": 19.86172103881836
          }
        },
        {
          "type": "RIGHT_EYE_BOTTOM_BOUNDARY",
          "position": {
            "x": 1046.923583984375,
            "y": 246.96336364746094,
            "z": 8.987698554992676
          }
        },
        {
          "type": "RIGHT_EYE_LEFT_CORNER",
          "position": {
            "x": 1025.438232421875,
            "y": 236.35430908203125,
            "z": 6.95520544052124
          }
        },
        {
          "type": "RIGHT_EYE_PUPIL",
          "position": {
            "x": 1050.7125244140625,
            "y": 240.91952514648438,
            "z": 5.4696502685546875
          }
        },
        {
          "type": "LEFT_EYEBROW_UPPER_MIDPOINT",
          "position": {
            "x": 940.4759521484375,
            "y": 184.93426513671875,
            "z": -23.50401496887207
          }
        },
        {
          "type": "RIGHT_EYEBROW_UPPER_MIDPOINT",
          "position": {
            "x": 1061.8983154296875,
            "y": 205.30023193359375,
            "z": -14.607828140258789
          }
        },
        {
          "type": "LEFT_EAR_TRAGION",
          "position": {
            "x": 852.90380859375,
            "y": 225.96363830566406,
            "z": 144.11215209960938
          }
        },
        {
          "type": "RIGHT_EAR_TRAGION",
          "position": {
            "x": 1106.7977294921875,
            "y": 269.0078125,
            "z": 162.77999877929688
          }
        },
        {
          "type": "FOREHEAD_GLABELLA",
          "position": {
            "x": 999.3309326171875,
            "y": 210.0814208984375,
            "z": -28.67327117919922
          }
        },
        {
          "type": "CHIN_GNATHION",
          "position": {
            "x": 959.1312255859375,
            "y": 416.80133056640625,
            "z": 46.66489028930664
          }
        },
        {
          "type": "CHIN_LEFT_GONION",
          "position": {
            "x": 853.0728149414062,
            "y": 309.88665771484375,
            "z": 118.59442901611328
          }
        },
        {
          "type": "CHIN_RIGHT_GONION",
          "position": {
            "x": 1082.87451171875,
            "y": 348.5745544433594,
            "z": 135.3362579345703
          }
        }
      ],
      "rollAngle": 10.60920238494873,
      "panAngle": 4.24819278717041,
      "tiltAngle": -14.417431831359863,
      "detectionConfidence": 0.7986760139465332,
      "landmarkingConfidence": 0.35486167669296265,
      "joyLikelihood": "VERY_UNLIKELY",
      "sorrowLikelihood": "VERY_UNLIKELY",
      "angerLikelihood": "VERY_UNLIKELY",
      "surpriseLikelihood": "VERY_UNLIKELY",
      "underExposedLikelihood": "VERY_UNLIKELY",
      "blurredLikelihood": "VERY_UNLIKELY",
      "headwearLikelihood": "VERY_UNLIKELY"
    },
    {
      "boundingPoly": {
        "vertices": [
          {
            "x": 240,
            "y": 194
          },
          {
            "x": 384,
            "y": 194
          },
          {
            "x": 384,
            "y": 361
          },
          {
            "x": 240,
            "y": 361
          }
        ]
      },
      "fdBoundingPoly": {
        "vertices": [
          {
            "x": 249,
            "y": 229
          },
          {
            "x": 370,
            "y": 229
          },
          {
            "x": 370,
            "y": 350
          },
          {
            "x": 249,
            "y": 350
          }
        ]
      },
      "landmarks": [
        {
          "type": "LEFT_EYE",
          "position": {
            "x": 325.3722839355469,
            "y": 271.27642822265625,
            "z": -0.0003555593721102923
          }
        },
        {
          "type": "RIGHT_EYE",
          "position": {
            "x": 357.27166748046875,
            "y": 277.18695068359375,
            "z": 27.66905975341797
          }
        },
        {
          "type": "LEFT_OF_LEFT_EYEBROW",
          "position": {
            "x": 312.7206115722656,
            "y": 258.76910400390625,
            "z": -6.6682448387146
          }
        },
        {
          "type": "RIGHT_OF_LEFT_EYEBROW",
          "position": {
            "x": 340.09619140625,
            "y": 263.2884216308594,
            "z": 0.427320271730423
          }
        },
        {
          "type": "LEFT_OF_RIGHT_EYEBROW",
          "position": {
            "x": 356.02227783203125,
            "y": 266.1285705566406,
            "z": 14.091190338134766
          }
        },
        {
          "type": "RIGHT_OF_RIGHT_EYEBROW",
          "position": {
            "x": 367.3766174316406,
            "y": 268.54345703125,
            "z": 40.3101692199707
          }
        },
        {
          "type": "MIDPOINT_BETWEEN_EYES",
          "position": {
            "x": 346.9510803222656,
            "y": 273.89215087890625,
            "z": 6.661872863769531
          }
        },
        {
          "type": "NOSE_TIP",
          "position": {
            "x": 350.9130554199219,
            "y": 299.67376708984375,
            "z": -3.42334246635437
          }
        },
        {
          "type": "UPPER_LIP",
          "position": {
            "x": 341.89739990234375,
            "y": 314.3593444824219,
            "z": 4.135725498199463
          }
        },
        {
          "type": "LOWER_LIP",
          "position": {
            "x": 337.3508605957031,
            "y": 328.9505615234375,
            "z": 6.384288311004639
          }
        },
        {
          "type": "MOUTH_LEFT",
          "position": {
            "x": 320.5135498046875,
            "y": 317.2109375,
            "z": 1.9679081439971924
          }
        },
        {
          "type": "MOUTH_RIGHT",
          "position": {
            "x": 346.1949768066406,
            "y": 321.78466796875,
            "z": 24.06375503540039
          }
        },
        {
          "type": "MOUTH_CENTER",
          "position": {
            "x": 338.63818359375,
            "y": 320.9789733886719,
            "z": 6.545300483703613
          }
        },
        {
          "type": "NOSE_BOTTOM_RIGHT",
          "position": {
            "x": 348.71282958984375,
            "y": 302.9256286621094,
            "z": 17.019453048706055
          }
        },
        {
          "type": "NOSE_BOTTOM_LEFT",
          "position": {
            "x": 330.8769226074219,
            "y": 299.7791748046875,
            "z": 1.6349691152572632
          }
        },
        {
          "type": "NOSE_BOTTOM_CENTER",
          "position": {
            "x": 343.3661804199219,
            "y": 305.50189208984375,
            "z": 4.136458873748779
          }
        },
        {
          "type": "LEFT_EYE_TOP_BOUNDARY",
          "position": {
            "x": 326.90631103515625,
            "y": 268.6025085449219,
            "z": -2.6512482166290283
          }
        },
        {
          "type": "LEFT_EYE_RIGHT_CORNER",
          "position": {
            "x": 330.6352233886719,
            "y": 273.0437927246094,
            "z": 5.2668046951293945
          }
        },
        {
          "type": "LEFT_EYE_BOTTOM_BOUNDARY",
          "position": {
            "x": 324.1282043457031,
            "y": 274.13507080078125,
            "z": -0.7778509855270386
          }
        },
        {
          "type": "LEFT_EYE_LEFT_CORNER",
          "position": {
            "x": 315.6034240722656,
            "y": 269.80010986328125,
            "z": -2.9764552116394043
          }
        },
        {
          "type": "LEFT_EYE_PUPIL",
          "position": {
            "x": 324.6676330566406,
            "y": 271.2771911621094,
            "z": -1.7073339223861694
          }
        },
        {
          "type": "RIGHT_EYE_TOP_BOUNDARY",
          "position": {
            "x": 359.64678955078125,
            "y": 274.4652099609375,
            "z": 25.49219512939453
          }
        },
        {
          "type": "RIGHT_EYE_RIGHT_CORNER",
          "position": {
            "x": 361.1986083984375,
            "y": 278.0542297363281,
            "z": 36.322235107421875
          }
        },
        {
          "type": "RIGHT_EYE_BOTTOM_BOUNDARY",
          "position": {
            "x": 357.0128479003906,
            "y": 280.0636291503906,
            "z": 27.35263442993164
          }
        },
        {
          "type": "RIGHT_EYE_LEFT_CORNER",
          "position": {
            "x": 350.5549011230469,
            "y": 276.2898254394531,
            "z": 22.16533851623535
          }
        },
        {
          "type": "RIGHT_EYE_PUPIL",
          "position": {
            "x": 358.3134765625,
            "y": 277.310791015625,
            "z": 27.133180618286133
          }
        },
        {
          "type": "LEFT_EYEBROW_UPPER_MIDPOINT",
          "position": {
            "x": 328.9880065917969,
            "y": 256.04132080078125,
            "z": -5.344203948974609
          }
        },
        {
          "type": "RIGHT_EYEBROW_UPPER_MIDPOINT",
          "position": {
            "x": 364.5125427246094,
            "y": 262.403564453125,
            "z": 25.188745498657227
          }
        },
        {
          "type": "LEFT_EAR_TRAGION",
          "position": {
            "x": 265.81256103515625,
            "y": 283.45556640625,
            "z": 22.431489944458008
          }
        },
        {
          "type": "RIGHT_EAR_TRAGION",
          "position": {
            "x": 340.1953430175781,
            "y": 296.7294921875,
            "z": 86.34099578857422
          }
        },
        {
          "type": "FOREHEAD_GLABELLA",
          "position": {
            "x": 349.1856689453125,
            "y": 264.33782958984375,
            "z": 6.020748615264893
          }
        },
        {
          "type": "CHIN_GNATHION",
          "position": {
            "x": 330.174560546875,
            "y": 347.5736083984375,
            "z": 10.843437194824219
          }
        },
        {
          "type": "CHIN_LEFT_GONION",
          "position": {
            "x": 276.13323974609375,
            "y": 313.4083251953125,
            "z": 11.576504707336426
          }
        },
        {
          "type": "CHIN_RIGHT_GONION",
          "position": {
            "x": 343.3543395996094,
            "y": 325.39599609375,
            "z": 69.34335327148438
          }
        }
      ],
      "rollAngle": 9.468374252319336,
      "panAngle": 40.237274169921875,
      "tiltAngle": 0.7909002304077148,
      "detectionConfidence": 0.5719440579414368,
      "landmarkingConfidence": 0.25745463371276855,
      "joyLikelihood": "UNLIKELY",
      "sorrowLikelihood": "VERY_UNLIKELY",
      "angerLikelihood": "VERY_UNLIKELY",
      "surpriseLikelihood": "VERY_UNLIKELY",
      "underExposedLikelihood": "VERY_UNLIKELY",
      "blurredLikelihood": "VERY_UNLIKELY",
      "headwearLikelihood": "VERY_UNLIKELY"
    }
  ]
}
