{
  "faceAnnotations": [
    {
      "boundingPoly": {
        "vertices": [
          {
            "x": 614,
            "y": 131
          },
          {
            "x": 836,
            "y": 131
          },
          {
            "x": 836,
            "y": 390
          },
          {
            "x": 614,
            "y": 390
          }
        ]
      },
      "fdBoundingPoly": {
        "vertices": [
          {
            "x": 629,
            "y": 190
          },
          {
            "x": 800,
            "y": 190
          },
          {
            "x": 800,
            "y": 362
          },
          {
            "x": 629,
            "y": 362
          }
        ]
      },
      "landmarks": [
        {
          "type": "LEFT_EYE",
          "position": {
            "x": 687.734130859375,
            "y": 241.76821899414062,
            "z": -0.0007438510656356812
          }
        },
        {
          "type": "RIGHT_EYE",
          "position": {
            "x": 745.1380004882812,
            "y": 250.45167541503906,
            "z": -15.249359130859375
          }
        },
        {
          "type": "LEFT_OF_LEFT_EYEBROW",
          "position": {
            "x": 664.9560546875,
            "y": 222.96279907226562,
            "z": 12.635552406311035
          }
        },
        {
          "type": "RIGHT_OF_LEFT_EYEBROW",
          "position": {
            "x": 698.7474365234375,
            "y": 227.93682861328125,
            "z": -16.181793212890625
          }
        },
        {
          "type": "LEFT_OF_RIGHT_EYEBROW",
          "position": {
            "x": 730.8045043945312,
            "y": 231.8607635498047,
            "z": -24.42818832397461
          }
        },
        {
          "type": "RIGHT_OF_RIGHT_EYEBROW",
          "position": {
            "x": 773.5296630859375,
            "y": 239.64686584472656,
            "z": -15.375697135925293
          }
        },
        {
          "type": "MIDPOINT_BETWEEN_EYES",
          "position": {
            "x": 711.3800659179688,
            "y": 242.65567016601562,
            "z": -21.28593635559082
          }
        },
        {
          "type": "NOSE_TIP",
          "position": {
            "x": 702.2328491210938,
            "y": 284.94036865234375,
            "z": -40.49955368041992
          }
        },
        {
          "type": "UPPER_LIP",
          "position": {
            "x": 703.2744750976562,
            "y": 307.3366394042969,
            "z": -24.76437759399414
          }
        },
        {
          "type": "LOWER_LIP",
          "position": {
            "x": 699.6107177734375,
            "y": 328.87261962890625,
            "z": -20.081005096435547
          }
        },
        {
          "type": "MOUTH_LEFT",
          "position": {
            "x": 677.5227661132812,
            "y": 312.52508544921875,
            "z": 0.0754389837384224
          }
        },
        {
          "type": "MOUTH_RIGHT",
          "position": {
            "x": 727.4594116210938,
            "y": 320.6405029296875,
            "z": -14.143113136291504
          }
        },
        {
          "type": "MOUTH_CENTER",
          "position": {
            "x": 701.3145751953125,
            "y": 317.60101318359375,
            "z": -19.8940486907959
          }
        },
        {
          "type": "NOSE_BOTTOM_RIGHT",
          "position": {
            "x": 725.2308959960938,
            "y": 292.9181213378906,
            "z": -19.51018524169922
          }
        },
        {
          "type": "NOSE_BOTTOM_LEFT",
          "position": {
            "x": 688.2821655273438,
            "y": 287.38616943359375,
            "z": -10.212796211242676
          }
        },
        {
          "type": "NOSE_BOTTOM_CENTER",
          "position": {
            "x": 705.0176391601562,
            "y": 295.9002685546875,
            "z": -25.054306030273438
          }
        },
        {
          "type": "LEFT_EYE_TOP_BOUNDARY",
          "position": {
            "x": 682.4451293945312,
            "y": 237.2398681640625,
            "z": -3.3764090538024902
          }
        },
        {
          "type": "LEFT_EYE_RIGHT_CORNER",
          "position": {
            "x": 695.9769287109375,
            "y": 245.22093200683594,
            "z": -2.1129884719848633
          }
        },
        {
          "type": "LEFT_EYE_BOTTOM_BOUNDARY",
          "position": {
            "x": 682.7009887695312,
            "y": 247.86614990234375,
            "z": 0.4327230453491211
          }
        },
        {
          "type": "LEFT_EYE_LEFT_CORNER",
          "position": {
            "x": 671.3927001953125,
            "y": 240.5479736328125,
            "z": 10.362579345703125
          }
        },
        {
          "type": "LEFT_EYE_PUPIL",
          "position": {
            "x": 681.2597045898438,
            "y": 241.92105102539062,
            "z": -0.25384217500686646
          }
        },
        {
          "type": "RIGHT_EYE_TOP_BOUNDARY",
          "position": {
            "x": 747.4064331054688,
            "y": 247.19479370117188,
            "z": -20.150896072387695
          }
        },
        {
          "type": "RIGHT_EYE_RIGHT_CORNER",
          "position": {
            "x": 760.7332763671875,
            "y": 254.0174102783203,
            "z": -13.232711791992188
          }
        },
        {
          "type": "RIGHT_EYE_BOTTOM_BOUNDARY",
          "position": {
            "x": 745.14599609375,
            "y": 255.94586181640625,
            "z": -16.221633911132812
          }
        },
        {
          "type": "RIGHT_EYE_LEFT_CORNER",
          "position": {
            "x": 734.5320434570312,
            "y": 250.32025146484375,
            "z": -12.124927520751953
          }
        },
        {
          "type": "RIGHT_EYE_PUPIL",
          "position": {
            "x": 747.9716186523438,
            "y": 252.10000610351562,
            "z": -17.567716598510742
          }
        },
        {
          "type": "LEFT_EYEBROW_UPPER_MIDPOINT",
          "position": {
            "x": 681.7257690429688,
            "y": 217.13352966308594,
            "z": -6.030077934265137
          }
        },
        {
          "type": "RIGHT_EYEBROW_UPPER_MIDPOINT",
          "position": {
            "x": 752.3069458007812,
            "y": 227.94473266601562,
            "z": -24.289644241333008
          }
        },
        {
          "type": "LEFT_EAR_TRAGION",
          "position": {
            "x": 656.874755859375,
            "y": 271.5184326171875,
            "z": 92.93341064453125
          }
        },
        {
          "type": "RIGHT_EAR_TRAGION",
          "position": {
            "x": 804.7328491210938,
            "y": 294.1771240234375,
            "z": 54.98704528808594
          }
        },
        {
          "type": "FOREHEAD_GLABELLA",
          "position": {
            "x": 713.9771728515625,
            "y": 229.50082397460938,
            "z": -22.712509155273438
          }
        },
        {
          "type": "CHIN_GNATHION",
          "position": {
            "x": 696.8671264648438,
            "y": 361.3049621582031,
            "z": -10.506118774414062
          }
        },
        {
          "type": "CHIN_LEFT_GONION",
          "position": {
            "x": 650.5048217773438,
            "y": 314.8135070800781,
            "z": 64.51274871826172
          }
        },
        {
          "type": "CHIN_RIGHT_GONION",
          "position": {
            "x": 784.185546875,
            "y": 335.29730224609375,
            "z": 30.03348159790039
          }
        }
      ],
      "rollAngle": 8.668312072753906,
      "panAngle": -14.303139686584473,
      "tiltAngle": -0.15086112916469574,
      "detectionConfidence": 0.9980971813201904,
      "landmarkingConfidence": 0.6715019345283508,
      "joyLikelihood": "VERY_UNLIKELY",
      "sorrowLikelihood": "VERY_UNLIKELY",
      "angerLikelihood": "VERY_UNLIKELY",
      "surpriseLikelihood": "VERY_UNLIKELY",
      "underExposedLikelihood": "VERY_UNLIKELY",
      "blurredLikelihood": "VERY_UNLIKELY",
      "headwearLikelihood": "VERY_UNLIKELY"
    },
    {
      "boundingPoly": {
        "vertices": [
          {
            "x": 308,
            "y": 41
          },
          {
            "x": 603,
            "y": 41
          },
          {
            "x": 603,
            "y": 385
          },
          {
            "x": 308,
            "y": 385
          }
        ]
      },
      "fdBoundingPoly": {
        "vertices": [
          {
            "x": 348,
            "y": 166
          },
          {
            "x": 567,
            "y": 166
          },
          {
            "x": 567,
            "y": 385
          },
          {
            "x": 348,
            "y": 385
          }
        ]
      },
      "landmarks": [
        {
          "type": "LEFT_EYE",
          "position": {
            "x": 484.5984802246094,
            "y": 262.01806640625,
            "z": -0.003375970060005784
          }
        },
        {
          "type": "RIGHT_EYE",
          "position": {
            "x": 548.0838012695312,
            "y": 267.5597839355469,
            "z": 64.00796508789062
          }
        },
        {
          "type": "LEFT_OF_LEFT_EYEBROW",
          "position": {
            "x": 474.4256286621094,
            "y": 238.23402404785156,
            "z": -24.50452995300293
          }
        },
        {
          "type": "RIGHT_OF_LEFT_EYEBROW",
          "position": {
            "x": 524.9403076171875,
            "y": 257.4921875,
            "z": -1.5666332244873047
          }
        },
        {
          "type": "LEFT_OF_RIGHT_EYEBROW",
          "position": {
            "x": 552.62548828125,
            "y": 261.32818603515625,
            "z": 29.568931579589844
          }
        },
        {
          "type": "RIGHT_OF_RIGHT_EYEBROW",
          "position": {
            "x": 575.58349609375,
            "y": 248.30108642578125,
            "z": 80.91475677490234
          }
        },
        {
          "type": "MIDPOINT_BETWEEN_EYES",
          "position": {
            "x": 529.9671020507812,
            "y": 273.8326721191406,
            "z": 21.10402488708496
          }
        },
        {
          "type": "NOSE_TIP",
          "position": {
            "x": 515.92578125,
            "y": 328.92926025390625,
            "z": 28.82093048095703
          }
        },
        {
          "type": "UPPER_LIP",
          "position": {
            "x": 489.8477478027344,
            "y": 338.5769958496094,
            "z": 53.30732345581055
          }
        },
        {
          "type": "LOWER_LIP",
          "position": {
            "x": 470.4146728515625,
            "y": 356.7574462890625,
            "z": 69.85610961914062
          }
        },
        {
          "type": "MOUTH_LEFT",
          "position": {
            "x": 452.4713134765625,
            "y": 331.3291015625,
            "z": 47.63956069946289
          }
        },
        {
          "type": "MOUTH_RIGHT",
          "position": {
            "x": 494.3674621582031,
            "y": 334.8455810546875,
            "z": 96.73402404785156
          }
        },
        {
          "type": "MOUTH_CENTER",
          "position": {
            "x": 478.601806640625,
            "y": 344.7736511230469,
            "z": 63.15021896362305
          }
        },
        {
          "type": "NOSE_BOTTOM_RIGHT",
          "position": {
            "x": 512.2201538085938,
            "y": 312.760009765625,
            "z": 67.37730407714844
          }
        },
        {
          "type": "NOSE_BOTTOM_LEFT",
          "position": {
            "x": 482.22039794921875,
            "y": 309.84588623046875,
            "z": 33.114524841308594
          }
        },
        {
          "type": "NOSE_BOTTOM_CENTER",
          "position": {
            "x": 498.8987731933594,
            "y": 327.8170166015625,
            "z": 45.93293380737305
          }
        },
        {
          "type": "LEFT_EYE_TOP_BOUNDARY",
          "position": {
            "x": 494.0262756347656,
            "y": 260.6025085449219,
            "z": -4.756364345550537
          }
        },
        {
          "type": "LEFT_EYE_RIGHT_CORNER",
          "position": {
            "x": 498.6236572265625,
            "y": 264.0359191894531,
            "z": 14.462747573852539
          }
        },
        {
          "type": "LEFT_EYE_BOTTOM_BOUNDARY",
          "position": {
            "x": 481.65423583984375,
            "y": 265.7125244140625,
            "z": 3.125965118408203
          }
        },
        {
          "type": "LEFT_EYE_LEFT_CORNER",
          "position": {
            "x": 471.11383056640625,
            "y": 254.5609130859375,
            "z": -7.023333549499512
          }
        },
        {
          "type": "LEFT_EYE_PUPIL",
          "position": {
            "x": 488.13818359375,
            "y": 262.4344177246094,
            "z": -1.0386085510253906
          }
        },
        {
          "type": "RIGHT_EYE_TOP_BOUNDARY",
          "position": {
            "x": 554.6802368164062,
            "y": 266.6324157714844,
            "z": 58.350379943847656
          }
        },
        {
          "type": "RIGHT_EYE_RIGHT_CORNER",
          "position": {
            "x": 556.4007568359375,
            "y": 263.1568603515625,
            "z": 81.29573059082031
          }
        },
        {
          "type": "RIGHT_EYE_BOTTOM_BOUNDARY",
          "position": {
            "x": 546.0454711914062,
            "y": 272.7658996582031,
            "z": 66.44793701171875
          }
        },
        {
          "type": "RIGHT_EYE_LEFT_CORNER",
          "position": {
            "x": 536.193603515625,
            "y": 266.18597412109375,
            "z": 52.09614944458008
          }
        },
        {
          "type": "RIGHT_EYE_PUPIL",
          "position": {
            "x": 550.3566284179688,
            "y": 268.67864990234375,
            "z": 63.614810943603516
          }
        },
        {
          "type": "LEFT_EYEBROW_UPPER_MIDPOINT",
          "position": {
            "x": 507.17327880859375,
            "y": 244.19894409179688,
            "z": -20.74494743347168
          }
        },
        {
          "type": "RIGHT_EYEBROW_UPPER_MIDPOINT",
          "position": {
            "x": 572.8259887695312,
            "y": 250.769287109375,
            "z": 47.74070358276367
          }
        },
        {
          "type": "LEFT_EAR_TRAGION",
          "position": {
            "x": 367.4338684082031,
            "y": 209.22972106933594,
            "z": 37.000003814697266
          }
        },
        {
          "type": "RIGHT_EAR_TRAGION",
          "position": {
            "x": 510.6916198730469,
            "y": 229.49624633789062,
            "z": 182.57095336914062
          }
        },
        {
          "type": "FOREHEAD_GLABELLA",
          "position": {
            "x": 540.259521484375,
            "y": 261.24267578125,
            "z": 11.97114372253418
          }
        },
        {
          "type": "CHIN_GNATHION",
          "position": {
            "x": 443.68609619140625,
            "y": 378.0791320800781,
            "z": 93.57987976074219
          }
        },
        {
          "type": "CHIN_LEFT_GONION",
          "position": {
            "x": 367.635009765625,
            "y": 282.3817138671875,
            "z": 50.017181396484375
          }
        },
        {
          "type": "CHIN_RIGHT_GONION",
          "position": {
            "x": 492.9497375488281,
            "y": 293.94268798828125,
            "z": 179.9534149169922
          }
        }
      ],
      "rollAngle": 34.90009689331055,
      "panAngle": 52.71874237060547,
      "tiltAngle": -25.23834228515625,
      "detectionConfidence": 0.9500753283500671,
      "landmarkingConfidence": 0.47419875860214233,
      "joyLikelihood": "VERY_UNLIKELY",
      "sorrowLikelihood": "VERY_UNLIKELY",
      "angerLikelihood": "VERY_UNLIKELY",
      "surpriseLikelihood": "VERY_UNLIKELY",
      "underExposedLikelihood": "VERY_UNLIKELY",
      "blurredLikelihood": "VERY_UNLIKELY",
      "headwearLikelihood": "VERY_UNLIKELY"
    }
  ]
}
