{
  "faceAnnotations": [
    {
      "boundingPoly": {
        "vertices": [
          {
            "x": 871,
            "y": 179
          },
          {
            "x": 1066,
            "y": 179
          },
          {
            "x": 1066,
            "y": 406
          },
          {
            "x": 871,
            "y": 406
          }
        ]
      },
      "fdBoundingPoly": {
        "vertices": [
          {
            "x": 901,
            "y": 238
          },
          {
            "x": 1044,
            "y": 238
          },
          {
            "x": 1044,
            "y": 381
          },
          {
            "x": 901,
            "y": 381
          }
        ]
      },
      "landmarks": [
        {
          "type": "LEFT_EYE",
          "position": {
            "x": 939.489501953125,
            "y": 283.36578369140625,
            "z": -0.0005057646194472909
          }
        },
        {
          "type": "RIGHT_EYE",
          "position": {
            "x": 998.1359252929688,
            "y": 276.4071044921875,
            "z": 3.3822546005249023
          }
        },
        {
          "type": "LEFT_OF_LEFT_EYEBROW",
          "position": {
            "x": 917.492919921875,
            "y": 274.6418151855469,
            "z": 4.4201154708862305
          }
        },
        {
          "type": "RIGHT_OF_LEFT_EYEBROW",
          "position": {
            "x": 952.9913330078125,
            "y": 269.20538330078125,
            "z": -10.57415771484375
          }
        },
        {
          "type": "LEFT_OF_RIGHT_EYEBROW",
          "position": {
            "x": 981.4853515625,
            "y": 265.53692626953125,
            "z": -8.924456596374512
          }
        },
        {
          "type": "RIGHT_OF_RIGHT_EYEBROW",
          "position": {
            "x": 1015.2276000976562,
            "y": 261.3138427734375,
            "z": 10.074666023254395
          }
        },
        {
          "type": "MIDPOINT_BETWEEN_EYES",
          "position": {
            "x": 968.9841918945312,
            "y": 279.5721130371094,
            "z": -10.718925476074219
          }
        },
        {
          "type": "NOSE_TIP",
          "position": {
            "x": 974.492431640625,
            "y": 312.963623046875,
            "z": -28.30689239501953
          }
        },
        {
          "type": "UPPER_LIP",
          "position": {
            "x": 976.987060546875,
            "y": 334.87066650390625,
            "z": -14.65452766418457
          }
        },
        {
          "type": "LOWER_LIP",
          "position": {
            "x": 978.8502197265625,
            "y": 351.4481201171875,
            "z": -10.750030517578125
          }
        },
        {
          "type": "MOUTH_LEFT",
          "position": {
            "x": 955.015869140625,
            "y": 348.74505615234375,
            "z": -0.4616261124610901
          }
        },
        {
          "type": "MOUTH_RIGHT",
          "position": {
            "x": 999.3969116210938,
            "y": 341.61480712890625,
            "z": 2.2013847827911377
          }
        },
        {
          "type": "MOUTH_CENTER",
          "position": {
            "x": 977.9953002929688,
            "y": 342.833984375,
            "z": -10.366682052612305
          }
        },
        {
          "type": "NOSE_BOTTOM_RIGHT",
          "position": {
            "x": 989.32421875,
            "y": 317.85693359375,
            "z": -4.83819055557251
          }
        },
        {
          "type": "NOSE_BOTTOM_LEFT",
          "position": {
            "x": 958.6363525390625,
            "y": 323.0774230957031,
            "z": -6.561396598815918
          }
        },
        {
          "type": "NOSE_BOTTOM_CENTER",
          "position": {
            "x": 975.187255859375,
            "y": 323.5481262207031,
            "z": -14.771020889282227
          }
        },
        {
          "type": "LEFT_EYE_TOP_BOUNDARY",
          "position": {
            "x": 938.9585571289062,
            "y": 281.57281494140625,
            "z": -3.9473443031311035
          }
        },
        {
          "type": "LEFT_EYE_RIGHT_CORNER",
          "position": {
            "x": 950.5071411132812,
            "y": 285.3573913574219,
            "z": 0.9058366417884827
          }
        },
        {
          "type": "LEFT_EYE_BOTTOM_BOUNDARY",
          "position": {
            "x": 939.4032592773438,
            "y": 288.9014892578125,
            "z": -0.5238613486289978
          }
        },
        {
          "type": "LEFT_EYE_LEFT_CORNER",
          "position": {
            "x": 926.9291381835938,
            "y": 287.2918395996094,
            "z": 4.831104755401611
          }
        },
        {
          "type": "LEFT_EYE_PUPIL",
          "position": {
            "x": 938.4248046875,
            "y": 285.890625,
            "z": -1.4676562547683716
          }
        },
        {
          "type": "RIGHT_EYE_TOP_BOUNDARY",
          "position": {
            "x": 997.4987182617188,
            "y": 273.6063537597656,
            "z": -0.5630824565887451
          }
        },
        {
          "type": "RIGHT_EYE_RIGHT_CORNER",
          "position": {
            "x": 1009.1681518554688,
            "y": 276.4276428222656,
            "z": 9.473461151123047
          }
        },
        {
          "type": "RIGHT_EYE_BOTTOM_BOUNDARY",
          "position": {
            "x": 998.6356811523438,
            "y": 281.2914123535156,
            "z": 2.8625314235687256
          }
        },
        {
          "type": "RIGHT_EYE_LEFT_CORNER",
          "position": {
            "x": 986.8760375976562,
            "y": 279.89324951171875,
            "z": 2.9671220779418945
          }
        },
        {
          "type": "RIGHT_EYE_PUPIL",
          "position": {
            "x": 998.5059814453125,
            "y": 277.72796630859375,
            "z": 1.928441047668457
          }
        },
        {
          "type": "LEFT_EYEBROW_UPPER_MIDPOINT",
          "position": {
            "x": 934.3147583007812,
            "y": 264.9516906738281,
            "z": -6.9085187911987305
          }
        },
        {
          "type": "RIGHT_EYEBROW_UPPER_MIDPOINT",
          "position": {
            "x": 997.7962646484375,
            "y": 256.29583740234375,
            "z": -3.2387583255767822
          }
        },
        {
          "type": "LEFT_EAR_TRAGION",
          "position": {
            "x": 901.967041015625,
            "y": 320.8080749511719,
            "z": 70.47904968261719
          }
        },
        {
          "type": "RIGHT_EAR_TRAGION",
          "position": {
            "x": 1034.9222412109375,
            "y": 302.6343994140625,
            "z": 78.18824005126953
          }
        },
        {
          "type": "FOREHEAD_GLABELLA",
          "position": {
            "x": 967.2944946289062,
            "y": 266.8325500488281,
            "z": -11.944221496582031
          }
        },
        {
          "type": "CHIN_GNATHION",
          "position": {
            "x": 982.374267578125,
            "y": 381.49847412109375,
            "z": -2.3086462020874023
          }
        },
        {
          "type": "CHIN_LEFT_GONION",
          "position": {
            "x": 914.86572265625,
            "y": 357.14990234375,
            "z": 46.46548080444336
          }
        },
        {
          "type": "CHIN_RIGHT_GONION",
          "position": {
            "x": 1034.989501953125,
            "y": 340.7779541015625,
            "z": 53.41954040527344
          }
        }
      ],
      "rollAngle": -7.807231903076172,
      "panAngle": 3.2860474586486816,
      "tiltAngle": 0.5059542059898376,
      "detectionConfidence": 0.7330687642097473,
      "landmarkingConfidence": 0.6671984791755676,
      "joyLikelihood": "VERY_UNLIKELY",
      "sorrowLikelihood": "UNLIKELY",
      "angerLikelihood": "VERY_UNLIKELY",
      "surpriseLikelihood": "VERY_UNLIKELY",
      "underExposedLikelihood": "VERY_UNLIKELY",
      "blurredLikelihood": "VERY_UNLIKELY",
      "headwearLikelihood": "VERY_UNLIKELY"
    },
    {
      "boundingPoly": {
        "vertices": [
          {
            "x": 271,
            "y": 101
          },
          {
            "x": 485,
            "y": 101
          },
          {
            "x": 485,
            "y": 350
          },
          {
            "x": 271,
            "y": 350
          }
        ]
      },
      "fdBoundingPoly": {
        "vertices": [
          {
            "x": 300,
            "y": 158
          },
          {
            "x": 453,
            "y": 158
          },
          {
            "x": 453,
            "y": 312
          },
          {
            "x": 300,
            "y": 312
          }
        ]
      },
      "landmarks": [
        {
          "type": "LEFT_EYE",
          "position": {
            "x": 333.80841064453125,
            "y": 198.771240234375,
            "z": -0.000923787709325552
          }
        },
        {
          "type": "RIGHT_EYE",
          "position": {
            "x": 391.39111328125,
            "y": 203.81515502929688,
            "z": -22.56134796142578
          }
        },
        {
          "type": "LEFT_OF_LEFT_EYEBROW",
          "position": {
            "x": 315.8454284667969,
            "y": 185.57028198242188,
            "z": 15.783607482910156
          }
        },
        {
          "type": "RIGHT_OF_LEFT_EYEBROW",
          "position": {
            "x": 345.14959716796875,
            "y": 184.51568603515625,
            "z": -15.02318286895752
          }
        },
        {
          "type": "LEFT_OF_RIGHT_EYEBROW",
          "position": {
            "x": 373.7444152832031,
            "y": 186.96676635742188,
            "z": -26.34226417541504
          }
        },
        {
          "type": "RIGHT_OF_RIGHT_EYEBROW",
          "position": {
            "x": 416.2531433105469,
            "y": 192.92054748535156,
            "z": -22.975311279296875
          }
        },
        {
          "type": "MIDPOINT_BETWEEN_EYES",
          "position": {
            "x": 357.8800048828125,
            "y": 199.751953125,
            "z": -23.60239028930664
          }
        },
        {
          "type": "NOSE_TIP",
          "position": {
            "x": 346.926513671875,
            "y": 231.92074584960938,
            "z": -46.673702239990234
          }
        },
        {
          "type": "UPPER_LIP",
          "position": {
            "x": 348.9036560058594,
            "y": 257.15740966796875,
            "z": -36.24482727050781
          }
        },
        {
          "type": "LOWER_LIP",
          "position": {
            "x": 348.91253662109375,
            "y": 279.0003662109375,
            "z": -35.14482498168945
          }
        },
        {
          "type": "MOUTH_LEFT",
          "position": {
            "x": 328.9847412109375,
            "y": 269.6077880859375,
            "z": -12.62662410736084
          }
        },
        {
          "type": "MOUTH_RIGHT",
          "position": {
            "x": 376.6170349121094,
            "y": 274.2981262207031,
            "z": -30.936389923095703
          }
        },
        {
          "type": "MOUTH_CENTER",
          "position": {
            "x": 348.6973571777344,
            "y": 268.28509521484375,
            "z": -33.35787582397461
          }
        },
        {
          "type": "NOSE_BOTTOM_RIGHT",
          "position": {
            "x": 369.3600158691406,
            "y": 243.86660766601562,
            "z": -30.985809326171875
          }
        },
        {
          "type": "NOSE_BOTTOM_LEFT",
          "position": {
            "x": 336.1918029785156,
            "y": 240.01516723632812,
            "z": -17.69377899169922
          }
        },
        {
          "type": "NOSE_BOTTOM_CENTER",
          "position": {
            "x": 349.34014892578125,
            "y": 245.40472412109375,
            "z": -34.58647918701172
          }
        },
        {
          "type": "LEFT_EYE_TOP_BOUNDARY",
          "position": {
            "x": 331.0807800292969,
            "y": 195.67164611816406,
            "z": -3.0642201900482178
          }
        },
        {
          "type": "LEFT_EYE_RIGHT_CORNER",
          "position": {
            "x": 344.4034729003906,
            "y": 202.08738708496094,
            "z": -4.309747695922852
          }
        },
        {
          "type": "LEFT_EYE_BOTTOM_BOUNDARY",
          "position": {
            "x": 331.4687194824219,
            "y": 204.05099487304688,
            "z": -0.8653846979141235
          }
        },
        {
          "type": "LEFT_EYE_LEFT_CORNER",
          "position": {
            "x": 321.98248291015625,
            "y": 201.273193359375,
            "z": 10.285022735595703
          }
        },
        {
          "type": "LEFT_EYE_PUPIL",
          "position": {
            "x": 330.39404296875,
            "y": 200.56910705566406,
            "z": -0.7537780404090881
          }
        },
        {
          "type": "RIGHT_EYE_TOP_BOUNDARY",
          "position": {
            "x": 391.30328369140625,
            "y": 200.16363525390625,
            "z": -26.290491104125977
          }
        },
        {
          "type": "RIGHT_EYE_RIGHT_CORNER",
          "position": {
            "x": 405.7821350097656,
            "y": 207.19192504882812,
            "z": -22.133087158203125
          }
        },
        {
          "type": "RIGHT_EYE_BOTTOM_BOUNDARY",
          "position": {
            "x": 391.2962951660156,
            "y": 209.155029296875,
            "z": -24.08612823486328
          }
        },
        {
          "type": "RIGHT_EYE_LEFT_CORNER",
          "position": {
            "x": 379.2642517089844,
            "y": 205.194580078125,
            "z": -18.096403121948242
          }
        },
        {
          "type": "RIGHT_EYE_PUPIL",
          "position": {
            "x": 392.18096923828125,
            "y": 205.1824951171875,
            "z": -24.731847763061523
          }
        },
        {
          "type": "LEFT_EYEBROW_UPPER_MIDPOINT",
          "position": {
            "x": 329.80712890625,
            "y": 176.58509826660156,
            "z": -2.228241205215454
          }
        },
        {
          "type": "RIGHT_EYEBROW_UPPER_MIDPOINT",
          "position": {
            "x": 395.1514892578125,
            "y": 181.4527130126953,
            "z": -27.447662353515625
          }
        },
        {
          "type": "LEFT_EAR_TRAGION",
          "position": {
            "x": 316.712158203125,
            "y": 244.3817596435547,
            "z": 83.56879425048828
          }
        },
        {
          "type": "RIGHT_EAR_TRAGION",
          "position": {
            "x": 453.3196716308594,
            "y": 255.50721740722656,
            "z": 30.922374725341797
          }
        },
        {
          "type": "FOREHEAD_GLABELLA",
          "position": {
            "x": 359.026611328125,
            "y": 184.48329162597656,
            "z": -22.759136199951172
          }
        },
        {
          "type": "CHIN_GNATHION",
          "position": {
            "x": 347.98382568359375,
            "y": 309.5338439941406,
            "z": -30.767101287841797
          }
        },
        {
          "type": "CHIN_LEFT_GONION",
          "position": {
            "x": 308.8779296875,
            "y": 280.5237121582031,
            "z": 50.1904296875
          }
        },
        {
          "type": "CHIN_RIGHT_GONION",
          "position": {
            "x": 431.3243103027344,
            "y": 290.37939453125,
            "z": 2.7280514240264893
          }
        }
      ],
      "rollAngle": 7.608960151672363,
      "panAngle": -21.26715850830078,
      "tiltAngle": 8.697121620178223,
      "detectionConfidence": 0.9992468953132629,
      "landmarkingConfidence": 0.7636710405349731,
      "joyLikelihood": "VERY_UNLIKELY",
      "sorrowLikelihood": "VERY_UNLIKELY",
      "angerLikelihood": "VERY_UNLIKELY",
      "surpriseLikelihood": "VERY_UNLIKELY",
      "underExposedLikelihood": "VERY_UNLIKELY",
      "blurredLikelihood": "VERY_UNLIKELY",
      "headwearLikelihood": "VERY_UNLIKELY"
    }
  ]
}
