{
  "faceAnnotations": [
    {
      "boundingPoly": {
        "vertices": [
          {
            "x": 132,
            "y": 24
          },
          {
            "x": 207,
            "y": 24
          },
          {
            "x": 207,
            "y": 110
          },
          {
            "x": 132,
            "y": 110
          }
        ]
      },
      "fdBoundingPoly": {
        "vertices": [
          {
            "x": 136,
            "y": 38
          },
          {
            "x": 197,
            "y": 38
          },
          {
            "x": 197,
            "y": 99
          },
          {
            "x": 136,
            "y": 99
          }
        ]
      },
      "landmarks": [
        {
          "type": "LEFT_EYE",
          "position": {
            "x": 153.32089233398438,
            "y": 53.18730926513672,
            "z": 0.0004273917875252664
          }
        },
        {
          "type": "RIGHT_EYE",
          "position": {
            "x": 165.6271514892578,
            "y": 57.4886360168457,
            "z": -18.1814022064209
          }
        },
        {
          "type": "LEFT_OF_LEFT_EYEBROW",
          "position": {
            "x": 153.818359375,
            "y": 48.612220764160156,
            "z": 7.409000396728516
          }
        },
        {
          "type": "RIGHT_OF_LEFT_EYEBROW",
          "position": {
            "x": 156.54615783691406,
            "y": 47.91854476928711,
            "z": -6.602529048919678
          }
        },
        {
          "type": "LEFT_OF_RIGHT_EYEBROW",
          "position": {
            "x": 162.53138732910156,
            "y": 49.47567367553711,
            "z": -15.224876403808594
          }
        },
        {
          "type": "RIGHT_OF_RIGHT_EYEBROW",
          "position": {
            "x": 173.47242736816406,
            "y": 55.158302307128906,
            "z": -22.269195556640625
          }
        },
        {
          "type": "MIDPOINT_BETWEEN_EYES",
          "position": {
            "x": 157.03285217285156,
            "y": 52.230133056640625,
            "z": -11.666715621948242
          }
        },
        {
          "type": "NOSE_TIP",
          "position": {
            "x": 146.6086883544922,
            "y": 60.51530838012695,
            "z": -16.832500457763672
          }
        },
        {
          "type": "UPPER_LIP",
          "position": {
            "x": 145.93357849121094,
            "y": 69.9890365600586,
            "z": -15.057785987854004
          }
        },
        {
          "type": "LOWER_LIP",
          "position": {
            "x": 144.03689575195312,
            "y": 76.04736328125,
            "z": -15.068098068237305
          }
        },
        {
          "type": "MOUTH_LEFT",
          "position": {
            "x": 144.34153747558594,
            "y": 72.99777221679688,
            "z": -5.050622940063477
          }
        },
        {
          "type": "MOUTH_RIGHT",
          "position": {
            "x": 152.543212890625,
            "y": 76.86587524414062,
            "z": -19.066335678100586
          }
        },
        {
          "type": "MOUTH_CENTER",
          "position": {
            "x": 145.6591339111328,
            "y": 72.9693603515625,
            "z": -14.56550121307373
          }
        },
        {
          "type": "NOSE_BOTTOM_RIGHT",
          "position": {
            "x": 154.26173400878906,
            "y": 66.56927490234375,
            "z": -17.093751907348633
          }
        },
        {
          "type": "NOSE_BOTTOM_LEFT",
          "position": {
            "x": 148.36000061035156,
            "y": 64.60709381103516,
            "z": -7.4492950439453125
          }
        },
        {
          "type": "NOSE_BOTTOM_CENTER",
          "position": {
            "x": 147.97702026367188,
            "y": 65.53877258300781,
            "z": -14.516408920288086
          }
        },
        {
          "type": "LEFT_EYE_TOP_BOUNDARY",
          "position": {
            "x": 153.60520935058594,
            "y": 51.398948669433594,
            "z": -0.9947593212127686
          }
        },
        {
          "type": "LEFT_EYE_RIGHT_CORNER",
          "position": {
            "x": 156.1782684326172,
            "y": 54.34326171875,
            "z": -3.859342336654663
          }
        },
        {
          "type": "LEFT_EYE_BOTTOM_BOUNDARY",
          "position": {
            "x": 152.598876953125,
            "y": 54.543094635009766,
            "z": -0.6118642687797546
          }
        },
        {
          "type": "LEFT_EYE_LEFT_CORNER",
          "position": {
            "x": 152.89634704589844,
            "y": 53.5889892578125,
            "z": 4.302887439727783
          }
        },
        {
          "type": "LEFT_EYE_PUPIL",
          "position": {
            "x": 153.3868408203125,
            "y": 53.06181335449219,
            "z": -0.37035542726516724
          }
        },
        {
          "type": "RIGHT_EYE_TOP_BOUNDARY",
          "position": {
            "x": 165.3760986328125,
            "y": 55.309410095214844,
            "z": -18.726804733276367
          }
        },
        {
          "type": "RIGHT_EYE_RIGHT_CORNER",
          "position": {
            "x": 169.82322692871094,
            "y": 59.31138610839844,
            "z": -20.64739418029785
          }
        },
        {
          "type": "RIGHT_EYE_BOTTOM_BOUNDARY",
          "position": {
            "x": 165.1282196044922,
            "y": 58.86442565917969,
            "z": -18.46759796142578
          }
        },
        {
          "type": "RIGHT_EYE_LEFT_CORNER",
          "position": {
            "x": 163.5509033203125,
            "y": 56.44773483276367,
            "z": -14.54397201538086
          }
        },
        {
          "type": "RIGHT_EYE_PUPIL",
          "position": {
            "x": 165.4198760986328,
            "y": 57.06031799316406,
            "z": -18.565887451171875
          }
        },
        {
          "type": "LEFT_EYEBROW_UPPER_MIDPOINT",
          "position": {
            "x": 155.44384765625,
            "y": 45.2939453125,
            "z": -0.011357619427144527
          }
        },
        {
          "type": "RIGHT_EYEBROW_UPPER_MIDPOINT",
          "position": {
            "x": 168.19093322753906,
            "y": 49.51566696166992,
            "z": -19.260997772216797
          }
        },
        {
          "type": "LEFT_EAR_TRAGION",
          "position": {
            "x": 159.9332733154297,
            "y": 72.46702575683594,
            "z": 24.981428146362305
          }
        },
        {
          "type": "RIGHT_EAR_TRAGION",
          "position": {
            "x": 190.34591674804688,
            "y": 83.16368865966797,
            "z": -16.15506935119629
          }
        },
        {
          "type": "FOREHEAD_GLABELLA",
          "position": {
            "x": 158.97335815429688,
            "y": 48.24046325683594,
            "z": -11.334236145019531
          }
        },
        {
          "type": "CHIN_GNATHION",
          "position": {
            "x": 140.8167724609375,
            "y": 86.5220947265625,
            "z": -14.755725860595703
          }
        },
        {
          "type": "CHIN_LEFT_GONION",
          "position": {
            "x": 148.6920623779297,
            "y": 80.69744873046875,
            "z": 16.346973419189453
          }
        },
        {
          "type": "CHIN_RIGHT_GONION",
          "position": {
            "x": 172.8463134765625,
            "y": 89.03855895996094,
            "z": -20.53607177734375
          }
        }
      ],
      "rollAngle": 29.195541381835938,
      "panAngle": -55.77600860595703,
      "tiltAngle": 7.458482265472412,
      "detectionConfidence": 0.7055706977844238,
      "landmarkingConfidence": 0.6866140365600586,
      "joyLikelihood": "VERY_UNLIKELY",
      "sorrowLikelihood": "VERY_UNLIKELY",
      "angerLikelihood": "VERY_UNLIKELY",
      "surpriseLikelihood": "VERY_UNLIKELY",
      "underExposedLikelihood": "VERY_UNLIKELY",
      "blurredLikelihood": "VERY_UNLIKELY",
      "headwearLikelihood": "VERY_UNLIKELY"
    },
    {
      "boundingPoly": {
        "vertices": [
          {
            "x": 268,
            "y": 49
          },
          {
            "x": 344,
            "y": 49
          },
          {
            "x": 344,
            "y": 137
          },
          {
            "x": 268,
            "y": 137
          }
        ]
      },
      "fdBoundingPoly": {
        "vertices": [
          {
            "x": 278,
            "y": 69
          },
          {
            "x": 342,
            "y": 69
          },
          {
            "x": 342,
            "y": 133
          },
          {
            "x": 278,
            "y": 133
          }
        ]
      },
      "landmarks": [
        {
          "type": "LEFT_EYE",
          "position": {
            "x": 316.2385559082031,
            "y": 92.6298828125,
            "z": -8.23261943878606e-05
          }
        },
        {
          "type": "RIGHT_EYE",
          "position": {
            "x": 330.222412109375,
            "y": 90.0595474243164,
            "z": 17.944961547851562
          }
        },
        {
          "type": "LEFT_OF_LEFT_EYEBROW",
          "position": {
            "x": 309.81256103515625,
            "y": 88.17606353759766,
            "z": -5.653824806213379
          }
        },
        {
          "type": "RIGHT_OF_LEFT_EYEBROW",
          "position": {
            "x": 323.4726257324219,
            "y": 87.11653137207031,
            "z": 1.01951003074646
          }
        },
        {
          "type": "LEFT_OF_RIGHT_EYEBROW",
          "position": {
            "x": 330.288330078125,
            "y": 85.77740478515625,
            "z": 9.752575874328613
          }
        },
        {
          "type": "RIGHT_OF_RIGHT_EYEBROW",
          "position": {
            "x": 333.36602783203125,
            "y": 83.4898910522461,
            "z": 24.39594078063965
          }
        },
        {
          "type": "MIDPOINT_BETWEEN_EYES",
          "position": {
            "x": 327.03668212890625,
            "y": 91.11154174804688,
            "z": 5.969760417938232
          }
        },
        {
          "type": "NOSE_TIP",
          "position": {
            "x": 332.3548583984375,
            "y": 104.72984313964844,
            "z": 4.064026832580566
          }
        },
        {
          "type": "UPPER_LIP",
          "position": {
            "x": 327.7867431640625,
            "y": 112.70343780517578,
            "z": 8.703951835632324
          }
        },
        {
          "type": "LOWER_LIP",
          "position": {
            "x": 326.3288879394531,
            "y": 120.29107666015625,
            "z": 11.013592720031738
          }
        },
        {
          "type": "MOUTH_LEFT",
          "position": {
            "x": 316.4628601074219,
            "y": 116.480224609375,
            "z": 5.798680782318115
          }
        },
        {
          "type": "MOUTH_RIGHT",
          "position": {
            "x": 328.3486328125,
            "y": 114.20079040527344,
            "z": 20.035037994384766
          }
        },
        {
          "type": "MOUTH_CENTER",
          "position": {
            "x": 326.4195251464844,
            "y": 115.80592346191406,
            "z": 10.312840461730957
          }
        },
        {
          "type": "NOSE_BOTTOM_RIGHT",
          "position": {
            "x": 329.2620849609375,
            "y": 105.09770202636719,
            "z": 14.674345016479492
          }
        },
        {
          "type": "NOSE_BOTTOM_LEFT",
          "position": {
            "x": 321.67218017578125,
            "y": 106.71661376953125,
            "z": 4.868932723999023
          }
        },
        {
          "type": "NOSE_BOTTOM_CENTER",
          "position": {
            "x": 327.9374084472656,
            "y": 108.021728515625,
            "z": 7.87150764465332
          }
        },
        {
          "type": "LEFT_EYE_TOP_BOUNDARY",
          "position": {
            "x": 317.4637451171875,
            "y": 91.37811279296875,
            "z": -1.1967670917510986
          }
        },
        {
          "type": "LEFT_EYE_RIGHT_CORNER",
          "position": {
            "x": 318.96685791015625,
            "y": 92.39512634277344,
            "z": 3.6863789558410645
          }
        },
        {
          "type": "LEFT_EYE_BOTTOM_BOUNDARY",
          "position": {
            "x": 316.3539123535156,
            "y": 94.39765167236328,
            "z": 0.1480313241481781
          }
        },
        {
          "type": "LEFT_EYE_LEFT_CORNER",
          "position": {
            "x": 311.7391357421875,
            "y": 93.1527099609375,
            "z": -2.299417734146118
          }
        },
        {
          "type": "LEFT_EYE_PUPIL",
          "position": {
            "x": 316.44403076171875,
            "y": 92.87071990966797,
            "z": -0.6265934705734253
          }
        },
        {
          "type": "RIGHT_EYE_TOP_BOUNDARY",
          "position": {
            "x": 331.5084228515625,
            "y": 88.6212158203125,
            "z": 16.793476104736328
          }
        },
        {
          "type": "RIGHT_EYE_RIGHT_CORNER",
          "position": {
            "x": 331.3776550292969,
            "y": 89.2947998046875,
            "z": 22.83815574645996
          }
        },
        {
          "type": "RIGHT_EYE_BOTTOM_BOUNDARY",
          "position": {
            "x": 330.3882751464844,
            "y": 91.53453063964844,
            "z": 18.109317779541016
          }
        },
        {
          "type": "RIGHT_EYE_LEFT_CORNER",
          "position": {
            "x": 327.38287353515625,
            "y": 90.73834228515625,
            "z": 14.460000991821289
          }
        },
        {
          "type": "RIGHT_EYE_PUPIL",
          "position": {
            "x": 330.8747253417969,
            "y": 90.0449447631836,
            "z": 17.819929122924805
          }
        },
        {
          "type": "LEFT_EYEBROW_UPPER_MIDPOINT",
          "position": {
            "x": 317.8902893066406,
            "y": 85.02383422851562,
            "z": -3.7542715072631836
          }
        },
        {
          "type": "RIGHT_EYEBROW_UPPER_MIDPOINT",
          "position": {
            "x": 333.12835693359375,
            "y": 82.03291320800781,
            "z": 15.765176773071289
          }
        },
        {
          "type": "LEFT_EAR_TRAGION",
          "position": {
            "x": 284.6366882324219,
            "y": 102.43844604492188,
            "z": 7.456892013549805
          }
        },
        {
          "type": "RIGHT_EAR_TRAGION",
          "position": {
            "x": 316.52850341796875,
            "y": 96.17254638671875,
            "z": 48.31899642944336
          }
        },
        {
          "type": "FOREHEAD_GLABELLA",
          "position": {
            "x": 327.5704650878906,
            "y": 86.26490020751953,
            "z": 4.819419860839844
          }
        },
        {
          "type": "CHIN_GNATHION",
          "position": {
            "x": 323.36236572265625,
            "y": 130.2314453125,
            "z": 14.743499755859375
          }
        },
        {
          "type": "CHIN_LEFT_GONION",
          "position": {
            "x": 293.3315734863281,
            "y": 117.77497863769531,
            "z": 6.221123218536377
          }
        },
        {
          "type": "CHIN_RIGHT_GONION",
          "position": {
            "x": 322.16680908203125,
            "y": 112.06512451171875,
            "z": 43.145572662353516
          }
        }
      ],
      "rollAngle": 0.9172292947769165,
      "panAngle": 52.48566436767578,
      "tiltAngle": -9.425564765930176,
      "detectionConfidence": 0.5224188566207886,
      "landmarkingConfidence": 0.3153834044933319,
      "joyLikelihood": "VERY_UNLIKELY",
      "sorrowLikelihood": "VERY_UNLIKELY",
      "angerLikelihood": "VERY_UNLIKELY",
      "surpriseLikelihood": "VERY_UNLIKELY",
      "underExposedLikelihood": "VERY_UNLIKELY",
      "blurredLikelihood": "VERY_UNLIKELY",
      "headwearLikelihood": "VERY_UNLIKELY"
    }
  ]
}
