{
  "faceAnnotations": [
    {
      "boundingPoly": {
        "vertices": [
          {
            "x": 623,
            "y": 65
          },
          {
            "x": 697,
            "y": 65
          },
          {
            "x": 697,
            "y": 152
          },
          {
            "x": 623,
            "y": 152
          }
        ]
      },
      "fdBoundingPoly": {
        "vertices": [
          {
            "x": 635,
            "y": 92
          },
          {
            "x": 693,
            "y": 92
          },
          {
            "x": 693,
            "y": 150
          },
          {
            "x": 635,
            "y": 150
          }
        ]
      },
      "landmarks": [
        {
          "type": "LEFT_EYE",
          "position": {
            "x": 661.726318359375,
            "y": 113.3095703125,
            "z": 0.0004335755074862391
          }
        },
        {
          "type": "RIGHT_EYE",
          "position": {
            "x": 681.3228759765625,
            "y": 115.03485107421875,
            "z": 10.429134368896484
          }
        },
        {
          "type": "LEFT_OF_LEFT_EYEBROW",
          "position": {
            "x": 654.4990234375,
            "y": 107.31207275390625,
            "z": -3.453929901123047
          }
        },
        {
          "type": "RIGHT_OF_LEFT_EYEBROW",
          "position": {
            "x": 669.6727905273438,
            "y": 110.85020446777344,
            "z": -2.709688663482666
          }
        },
        {
          "type": "LEFT_OF_RIGHT_EYEBROW",
          "position": {
            "x": 679.18359375,
            "y": 111.44944763183594,
            "z": 2.3215126991271973
          }
        },
        {
          "type": "RIGHT_OF_RIGHT_EYEBROW",
          "position": {
            "x": 688.2722778320312,
            "y": 109.78263854980469,
            "z": 13.825135231018066
          }
        },
        {
          "type": "MIDPOINT_BETWEEN_EYES",
          "position": {
            "x": 673.8660278320312,
            "y": 115.08793640136719,
            "z": 0.9432874917984009
          }
        },
        {
          "type": "NOSE_TIP",
          "position": {
            "x": 672.9205932617188,
            "y": 129.96170043945312,
            "z": -0.020047008991241455
          }
        },
        {
          "type": "UPPER_LIP",
          "position": {
            "x": 668.7069091796875,
            "y": 135.34339904785156,
            "z": 7.028660297393799
          }
        },
        {
          "type": "LOWER_LIP",
          "position": {
            "x": 666.3522338867188,
            "y": 140.93865966796875,
            "z": 10.715054512023926
          }
        },
        {
          "type": "MOUTH_LEFT",
          "position": {
            "x": 657.603271484375,
            "y": 135.17486572265625,
            "z": 8.939618110656738
          }
        },
        {
          "type": "MOUTH_RIGHT",
          "position": {
            "x": 673.3109741210938,
            "y": 136.25115966796875,
            "z": 17.093996047973633
          }
        },
        {
          "type": "MOUTH_CENTER",
          "position": {
            "x": 667.2584228515625,
            "y": 137.61793518066406,
            "z": 9.531275749206543
          }
        },
        {
          "type": "NOSE_BOTTOM_RIGHT",
          "position": {
            "x": 674.4406127929688,
            "y": 128.30709838867188,
            "z": 10.469633102416992
          }
        },
        {
          "type": "NOSE_BOTTOM_LEFT",
          "position": {
            "x": 664.3521118164062,
            "y": 127.96028137207031,
            "z": 4.839493751525879
          }
        },
        {
          "type": "NOSE_BOTTOM_CENTER",
          "position": {
            "x": 669.9696044921875,
            "y": 130.98855590820312,
            "z": 5.371801376342773
          }
        },
        {
          "type": "LEFT_EYE_TOP_BOUNDARY",
          "position": {
            "x": 662.4270629882812,
            "y": 112.65288543701172,
            "z": -1.797290563583374
          }
        },
        {
          "type": "LEFT_EYE_RIGHT_CORNER",
          "position": {
            "x": 664.8900756835938,
            "y": 113.87625122070312,
            "z": 2.1242592334747314
          }
        },
        {
          "type": "LEFT_EYE_BOTTOM_BOUNDARY",
          "position": {
            "x": 660.9223022460938,
            "y": 114.61979675292969,
            "z": 0.24679821729660034
          }
        },
        {
          "type": "LEFT_EYE_LEFT_CORNER",
          "position": {
            "x": 656.6889038085938,
            "y": 112.38738250732422,
            "z": -0.4060405492782593
          }
        },
        {
          "type": "LEFT_EYE_PUPIL",
          "position": {
            "x": 661.358642578125,
            "y": 113.63359832763672,
            "z": -0.658659815788269
          }
        },
        {
          "type": "RIGHT_EYE_TOP_BOUNDARY",
          "position": {
            "x": 682.18115234375,
            "y": 114.1507339477539,
            "z": 8.618643760681152
          }
        },
        {
          "type": "RIGHT_EYE_RIGHT_CORNER",
          "position": {
            "x": 684.28515625,
            "y": 114.46057891845703,
            "z": 14.160536766052246
          }
        },
        {
          "type": "RIGHT_EYE_BOTTOM_BOUNDARY",
          "position": {
            "x": 681.117919921875,
            "y": 116.56941223144531,
            "z": 10.764986038208008
          }
        },
        {
          "type": "RIGHT_EYE_LEFT_CORNER",
          "position": {
            "x": 677.4736328125,
            "y": 114.81062316894531,
            "z": 8.468928337097168
          }
        },
        {
          "type": "RIGHT_EYE_PUPIL",
          "position": {
            "x": 681.6290283203125,
            "y": 115.1905288696289,
            "z": 10.005897521972656
          }
        },
        {
          "type": "LEFT_EYEBROW_UPPER_MIDPOINT",
          "position": {
            "x": 663.6124877929688,
            "y": 107.12680053710938,
            "z": -5.334437847137451
          }
        },
        {
          "type": "RIGHT_EYEBROW_UPPER_MIDPOINT",
          "position": {
            "x": 685.0465698242188,
            "y": 108.7466049194336,
            "z": 5.965005874633789
          }
        },
        {
          "type": "LEFT_EAR_TRAGION",
          "position": {
            "x": 634.4976196289062,
            "y": 110.7727279663086,
            "z": 19.77410125732422
          }
        },
        {
          "type": "RIGHT_EAR_TRAGION",
          "position": {
            "x": 679.9940795898438,
            "y": 114.56644439697266,
            "z": 43.40108108520508
          }
        },
        {
          "type": "FOREHEAD_GLABELLA",
          "position": {
            "x": 674.8092041015625,
            "y": 111.18269348144531,
            "z": -1.000191330909729
          }
        },
        {
          "type": "CHIN_GNATHION",
          "position": {
            "x": 662.5475463867188,
            "y": 149.3779296875,
            "z": 16.807235717773438
          }
        },
        {
          "type": "CHIN_LEFT_GONION",
          "position": {
            "x": 637.0917358398438,
            "y": 128.27359008789062,
            "z": 18.206872940063477
          }
        },
        {
          "type": "CHIN_RIGHT_GONION",
          "position": {
            "x": 677.9799194335938,
            "y": 131.13232421875,
            "z": 39.66332244873047
          }
        }
      ],
      "rollAngle": 14.971034049987793,
      "panAngle": 29.574546813964844,
      "tiltAngle": -19.4056453704834,
      "detectionConfidence": 0.9385784864425659,
      "landmarkingConfidence": 0.5257795453071594,
      "joyLikelihood": "VERY_UNLIKELY",
      "sorrowLikelihood": "VERY_UNLIKELY",
      "angerLikelihood": "VERY_UNLIKELY",
      "surpriseLikelihood": "VERY_UNLIKELY",
      "underExposedLikelihood": "VERY_UNLIKELY",
      "blurredLikelihood": "VERY_UNLIKELY",
      "headwearLikelihood": "VERY_UNLIKELY"
    },
    {
      "boundingPoly": {
        "vertices": [
          {
            "x": 256,
            "y": 83
          },
          {
            "x": 324,
            "y": 83
          },
          {
            "x": 324,
            "y": 163
          },
          {
            "x": 256,
            "y": 163
          }
        ]
      },
      "fdBoundingPoly": {
        "vertices": [
          {
            "x": 263,
            "y": 107
          },
          {
            "x": 318,
            "y": 107
          },
          {
            "x": 318,
            "y": 161
          },
          {
            "x": 263,
            "y": 161
          }
        ]
      },
      "landmarks": [
        {
          "type": "LEFT_EYE",
          "position": {
            "x": 282.3386535644531,
            "y": 124.22634887695312,
            "z": -0.0003536397416610271
          }
        },
        {
          "type": "RIGHT_EYE",
          "position": {
            "x": 303.33319091796875,
            "y": 125.78751373291016,
            "z": 1.640254259109497
          }
        },
        {
          "type": "LEFT_OF_LEFT_EYEBROW",
          "position": {
            "x": 275.8953857421875,
            "y": 117.6290283203125,
            "z": 0.0984058827161789
          }
        },
        {
          "type": "RIGHT_OF_LEFT_EYEBROW",
          "position": {
            "x": 288.55645751953125,
            "y": 120.39228820800781,
            "z": -4.704620361328125
          }
        },
        {
          "type": "LEFT_OF_RIGHT_EYEBROW",
          "position": {
            "x": 298.50732421875,
            "y": 121.31924438476562,
            "z": -3.8861045837402344
          }
        },
        {
          "type": "RIGHT_OF_RIGHT_EYEBROW",
          "position": {
            "x": 310.3967590332031,
            "y": 121.21904754638672,
            "z": 2.950819253921509
          }
        },
        {
          "type": "MIDPOINT_BETWEEN_EYES",
          "position": {
            "x": 292.9901123046875,
            "y": 124.72955322265625,
            "z": -3.677971839904785
          }
        },
        {
          "type": "NOSE_TIP",
          "position": {
            "x": 291.89227294921875,
            "y": 138.05577087402344,
            "z": -6.899750232696533
          }
        },
        {
          "type": "UPPER_LIP",
          "position": {
            "x": 290.5184631347656,
            "y": 144.5547637939453,
            "z": -0.42036041617393494
          }
        },
        {
          "type": "LOWER_LIP",
          "position": {
            "x": 289.8302917480469,
            "y": 150.79916381835938,
            "z": 2.5947630405426025
          }
        },
        {
          "type": "MOUTH_LEFT",
          "position": {
            "x": 281.8760986328125,
            "y": 144.97137451171875,
            "z": 4.993290424346924
          }
        },
        {
          "type": "MOUTH_RIGHT",
          "position": {
            "x": 298.1922912597656,
            "y": 146.71035766601562,
            "z": 6.307389736175537
          }
        },
        {
          "type": "MOUTH_CENTER",
          "position": {
            "x": 290.2792053222656,
            "y": 146.89332580566406,
            "z": 1.7569397687911987
          }
        },
        {
          "type": "NOSE_BOTTOM_RIGHT",
          "position": {
            "x": 296.9137878417969,
            "y": 138.2770538330078,
            "z": 1.6931177377700806
          }
        },
        {
          "type": "NOSE_BOTTOM_LEFT",
          "position": {
            "x": 285.8485107421875,
            "y": 137.2877655029297,
            "z": 0.7488486766815186
          }
        },
        {
          "type": "NOSE_BOTTOM_CENTER",
          "position": {
            "x": 291.176513671875,
            "y": 140.06216430664062,
            "z": -1.5160753726959229
          }
        },
        {
          "type": "LEFT_EYE_TOP_BOUNDARY",
          "position": {
            "x": 282.5945129394531,
            "y": 122.50308227539062,
            "z": -1.788838267326355
          }
        },
        {
          "type": "LEFT_EYE_RIGHT_CORNER",
          "position": {
            "x": 286.4062194824219,
            "y": 123.87255859375,
            "z": 0.3318352699279785
          }
        },
        {
          "type": "LEFT_EYE_BOTTOM_BOUNDARY",
          "position": {
            "x": 282.1946716308594,
            "y": 125.32305908203125,
            "z": 0.07928814738988876
          }
        },
        {
          "type": "LEFT_EYE_LEFT_CORNER",
          "position": {
            "x": 278.1197204589844,
            "y": 122.79312133789062,
            "z": 1.4399497509002686
          }
        },
        {
          "type": "LEFT_EYE_PUPIL",
          "position": {
            "x": 282.05548095703125,
            "y": 123.61050415039062,
            "z": -0.6264482736587524
          }
        },
        {
          "type": "RIGHT_EYE_TOP_BOUNDARY",
          "position": {
            "x": 303.2529296875,
            "y": 124.61042022705078,
            "z": -0.07834378629922867
          }
        },
        {
          "type": "RIGHT_EYE_RIGHT_CORNER",
          "position": {
            "x": 306.9889221191406,
            "y": 125.7099838256836,
            "z": 3.8086442947387695
          }
        },
        {
          "type": "RIGHT_EYE_BOTTOM_BOUNDARY",
          "position": {
            "x": 303.0075378417969,
            "y": 126.88411712646484,
            "z": 1.7262651920318604
          }
        },
        {
          "type": "RIGHT_EYE_LEFT_CORNER",
          "position": {
            "x": 299.025390625,
            "y": 124.8531265258789,
            "z": 1.3270549774169922
          }
        },
        {
          "type": "RIGHT_EYE_PUPIL",
          "position": {
            "x": 303.25579833984375,
            "y": 125.7695083618164,
            "z": 1.103032112121582
          }
        },
        {
          "type": "LEFT_EYEBROW_UPPER_MIDPOINT",
          "position": {
            "x": 282.490478515625,
            "y": 116.75807189941406,
            "z": -4.229710102081299
          }
        },
        {
          "type": "RIGHT_EYEBROW_UPPER_MIDPOINT",
          "position": {
            "x": 304.89385986328125,
            "y": 119.05970764160156,
            "z": -2.375286102294922
          }
        },
        {
          "type": "LEFT_EAR_TRAGION",
          "position": {
            "x": 266.5660705566406,
            "y": 126.18133544921875,
            "z": 26.07246208190918
          }
        },
        {
          "type": "RIGHT_EAR_TRAGION",
          "position": {
            "x": 313.46148681640625,
            "y": 131.0057373046875,
            "z": 29.93726921081543
          }
        },
        {
          "type": "FOREHEAD_GLABELLA",
          "position": {
            "x": 293.56353759765625,
            "y": 120.6297378540039,
            "z": -5.137679576873779
          }
        },
        {
          "type": "CHIN_GNATHION",
          "position": {
            "x": 288.5661315917969,
            "y": 159.20033264160156,
            "z": 7.565708160400391
          }
        },
        {
          "type": "CHIN_LEFT_GONION",
          "position": {
            "x": 267.73248291015625,
            "y": 141.30047607421875,
            "z": 20.986839294433594
          }
        },
        {
          "type": "CHIN_RIGHT_GONION",
          "position": {
            "x": 310.1235656738281,
            "y": 145.65444946289062,
            "z": 24.48640251159668
          }
        }
      ],
      "rollAngle": 6.926370620727539,
      "panAngle": 4.816587924957275,
      "tiltAngle": -12.836956977844238,
      "detectionConfidence": 0.9365044832229614,
      "landmarkingConfidence": 0.48719438910484314,
      "joyLikelihood": "VERY_UNLIKELY",
      "sorrowLikelihood": "VERY_UNLIKELY",
      "angerLikelihood": "VERY_UNLIKELY",
      "surpriseLikelihood": "VERY_UNLIKELY",
      "underExposedLikelihood": "VERY_UNLIKELY",
      "blurredLikelihood": "VERY_UNLIKELY",
      "headwearLikelihood": "VERY_UNLIKELY"
    }
  ]
}
