{
  "faceAnnotations": [
    {
      "boundingPoly": {
        "vertices": [
          {
            "x": 540,
            "y": 43
          },
          {
            "x": 834,
            "y": 43
          },
          {
            "x": 834,
            "y": 385
          },
          {
            "x": 540,
            "y": 385
          }
        ]
      },
      "fdBoundingPoly": {
        "vertices": [
          {
            "x": 527,
            "y": 150
          },
          {
            "x": 752,
            "y": 150
          },
          {
            "x": 752,
            "y": 375
          },
          {
            "x": 527,
            "y": 375
          }
        ]
      },
      "landmarks": [
        {
          "type": "LEFT_EYE",
          "position": {
            "x": 593.6010131835938,
            "y": 253.72247314453125,
            "z": 0.000906029948964715
          }
        },
        {
          "type": "RIGHT_EYE",
          "position": {
            "x": 599.2515869140625,
            "y": 252.53253173828125,
            "z": -85.6474380493164
          }
        },
        {
          "type": "LEFT_OF_LEFT_EYEBROW",
          "position": {
            "x": 587.86474609375,
            "y": 232.65576171875,
            "z": 29.459402084350586
          }
        },
        {
          "type": "RIGHT_OF_LEFT_EYEBROW",
          "position": {
            "x": 569.6927490234375,
            "y": 244.5042724609375,
            "z": -23.10843849182129
          }
        },
        {
          "type": "LEFT_OF_RIGHT_EYEBROW",
          "position": {
            "x": 568.1498413085938,
            "y": 242.70469665527344,
            "z": -64.94060516357422
          }
        },
        {
          "type": "RIGHT_OF_RIGHT_EYEBROW",
          "position": {
            "x": 595.9813842773438,
            "y": 228.9690399169922,
            "z": -114.5325698852539
          }
        },
        {
          "type": "MIDPOINT_BETWEEN_EYES",
          "position": {
            "x": 579.571533203125,
            "y": 260.039306640625,
            "z": -43.98930740356445
          }
        },
        {
          "type": "NOSE_TIP",
          "position": {
            "x": 585.080322265625,
            "y": 315.143310546875,
            "z": -45.148292541503906
          }
        },
        {
          "type": "UPPER_LIP",
          "position": {
            "x": 619.00439453125,
            "y": 330.34539794921875,
            "z": -43.61125946044922
          }
        },
        {
          "type": "LOWER_LIP",
          "position": {
            "x": 640.4921875,
            "y": 351.83978271484375,
            "z": -42.975318908691406
          }
        },
        {
          "type": "MOUTH_LEFT",
          "position": {
            "x": 643.646240234375,
            "y": 328.94940185546875,
            "z": -7.9247050285339355
          }
        },
        {
          "type": "MOUTH_RIGHT",
          "position": {
            "x": 647.0245971679688,
            "y": 328.28717041015625,
            "z": -75.6523208618164
          }
        },
        {
          "type": "MOUTH_CENTER",
          "position": {
            "x": 632.0313720703125,
            "y": 338.495849609375,
            "z": -43.07491683959961
          }
        },
        {
          "type": "NOSE_BOTTOM_RIGHT",
          "position": {
            "x": 614.930419921875,
            "y": 303.7318115234375,
            "z": -65.46464538574219
          }
        },
        {
          "type": "NOSE_BOTTOM_LEFT",
          "position": {
            "x": 615.1015625,
            "y": 302.94354248046875,
            "z": -19.201187133789062
          }
        },
        {
          "type": "NOSE_BOTTOM_CENTER",
          "position": {
            "x": 607.011474609375,
            "y": 315.8110656738281,
            "z": -43.787654876708984
          }
        },
        {
          "type": "LEFT_EYE_TOP_BOUNDARY",
          "position": {
            "x": 585.6563110351562,
            "y": 251.5799560546875,
            "z": -0.24256034195423126
          }
        },
        {
          "type": "LEFT_EYE_RIGHT_CORNER",
          "position": {
            "x": 595.3466796875,
            "y": 253.32647705078125,
            "z": -16.846826553344727
          }
        },
        {
          "type": "LEFT_EYE_BOTTOM_BOUNDARY",
          "position": {
            "x": 596.6207885742188,
            "y": 258.7432861328125,
            "z": 0.23373904824256897
          }
        },
        {
          "type": "LEFT_EYE_LEFT_CORNER",
          "position": {
            "x": 599.6014404296875,
            "y": 249.76524353027344,
            "z": 17.895648956298828
          }
        },
        {
          "type": "LEFT_EYE_PUPIL",
          "position": {
            "x": 591.9990844726562,
            "y": 254.4258575439453,
            "z": 1.4505761861801147
          }
        },
        {
          "type": "RIGHT_EYE_TOP_BOUNDARY",
          "position": {
            "x": 590.4427490234375,
            "y": 249.4000701904297,
            "z": -86.3329849243164
          }
        },
        {
          "type": "RIGHT_EYE_RIGHT_CORNER",
          "position": {
            "x": 606.9505004882812,
            "y": 246.51644897460938,
            "z": -102.74359893798828
          }
        },
        {
          "type": "RIGHT_EYE_BOTTOM_BOUNDARY",
          "position": {
            "x": 601.9439086914062,
            "y": 257.14190673828125,
            "z": -85.8415756225586
          }
        },
        {
          "type": "RIGHT_EYE_LEFT_CORNER",
          "position": {
            "x": 597.3244018554688,
            "y": 252.78021240234375,
            "z": -68.43844604492188
          }
        },
        {
          "type": "RIGHT_EYE_PUPIL",
          "position": {
            "x": 596.7333984375,
            "y": 252.34286499023438,
            "z": -86.84989929199219
          }
        },
        {
          "type": "LEFT_EYEBROW_UPPER_MIDPOINT",
          "position": {
            "x": 568.2296142578125,
            "y": 232.82867431640625,
            "z": 2.9944679737091064
          }
        },
        {
          "type": "RIGHT_EYEBROW_UPPER_MIDPOINT",
          "position": {
            "x": 573.3263549804688,
            "y": 230.42440795898438,
            "z": -90.50541687011719
          }
        },
        {
          "type": "LEFT_EAR_TRAGION",
          "position": {
            "x": 703.7547607421875,
            "y": 230.59103393554688,
            "z": 63.10242462158203
          }
        },
        {
          "type": "RIGHT_EAR_TRAGION",
          "position": {
            "x": 725.0753784179688,
            "y": 217.8750457763672,
            "z": -141.61361694335938
          }
        },
        {
          "type": "FOREHEAD_GLABELLA",
          "position": {
            "x": 567.4124755859375,
            "y": 244.84274291992188,
            "z": -44.30888366699219
          }
        },
        {
          "type": "CHIN_GNATHION",
          "position": {
            "x": 671.4242553710938,
            "y": 377.6225891113281,
            "z": -41.909576416015625
          }
        },
        {
          "type": "CHIN_LEFT_GONION",
          "position": {
            "x": 704.880126953125,
            "y": 295.04168701171875,
            "z": 51.78875732421875
          }
        },
        {
          "type": "CHIN_RIGHT_GONION",
          "position": {
            "x": 715.2185668945312,
            "y": 291.76641845703125,
            "z": -126.89048767089844
          }
        }
      ],
      "rollAngle": -32.89638900756836,
      "panAngle": -86.5193099975586,
      "tiltAngle": -0.4941624104976654,
      "detectionConfidence": 0.8867925405502319,
      "landmarkingConfidence": 0.2611680030822754,
      "joyLikelihood": "VERY_UNLIKELY",
      "sorrowLikelihood": "VERY_UNLIKELY",
      "angerLikelihood": "VERY_UNLIKELY",
      "surpriseLikelihood": "VERY_UNLIKELY",
      "underExposedLikelihood": "VERY_UNLIKELY",
      "blurredLikelihood": "VERY_UNLIKELY",
      "headwearLikelihood": "VERY_UNLIKELY"
    },
    {
      "boundingPoly": {
        "vertices": [
          {
            "x": 1020
          },
          {
            "x": 1472
          },
          {
            "x": 1472,
            "y": 339
          },
          {
            "x": 1020,
            "y": 339
          }
        ]
      },
      "fdBoundingPoly": {
        "vertices": [
          {
            "x": 997
          },
          {
            "x": 1348
          },
          {
            "x": 1348,
            "y": 297
          },
          {
            "x": 997,
            "y": 297
          }
        ]
      },
      "landmarks": [
        {
          "type": "LEFT_EYE",
          "position": {
            "x": 1111.1551513671875,
            "y": 92.44917297363281,
            "z": -0.00029980018734931946
          }
        },
        {
          "type": "RIGHT_EYE",
          "position": {
            "x": 1107.339599609375,
            "y": 89.16062927246094,
            "z": -137.35379028320312
          }
        },
        {
          "type": "LEFT_OF_LEFT_EYEBROW",
          "position": {
            "x": 1114.27392578125,
            "y": 62.055606842041016,
            "z": 48.61732864379883
          }
        },
        {
          "type": "RIGHT_OF_LEFT_EYEBROW",
          "position": {
            "x": 1073.452392578125,
            "y": 68.12982177734375,
            "z": -32.95273208618164
          }
        },
        {
          "type": "LEFT_OF_RIGHT_EYEBROW",
          "position": {
            "x": 1066.1068115234375,
            "y": 62.16410827636719,
            "z": -99.67884063720703
          }
        },
        {
          "type": "RIGHT_OF_RIGHT_EYEBROW",
          "position": {
            "x": 1117.4552001953125,
            "y": 44.01115036010742,
            "z": -186.99095153808594
          }
        },
        {
          "type": "MIDPOINT_BETWEEN_EYES",
          "position": {
            "x": 1076.9527587890625,
            "y": 94.80314636230469,
            "z": -68.19462585449219
          }
        },
        {
          "type": "NOSE_TIP",
          "position": {
            "x": 1060.8895263671875,
            "y": 186.19908142089844,
            "z": -72.90104675292969
          }
        },
        {
          "type": "UPPER_LIP",
          "position": {
            "x": 1106.44482421875,
            "y": 222.02743530273438,
            "z": -76.1684799194336
          }
        },
        {
          "type": "LOWER_LIP",
          "position": {
            "x": 1124.0283203125,
            "y": 255.5716094970703,
            "z": -78.72984313964844
          }
        },
        {
          "type": "MOUTH_LEFT",
          "position": {
            "x": 1149.76611328125,
            "y": 231.93373107910156,
            "z": -23.385456085205078
          }
        },
        {
          "type": "MOUTH_RIGHT",
          "position": {
            "x": 1153.545166015625,
            "y": 218.713134765625,
            "z": -135.0241241455078
          }
        },
        {
          "type": "MOUTH_CENTER",
          "position": {
            "x": 1121.304443359375,
            "y": 235.4589080810547,
            "z": -77.44805908203125
          }
        },
        {
          "type": "NOSE_BOTTOM_RIGHT",
          "position": {
            "x": 1117.7017822265625,
            "y": 180.06008911132812,
            "z": -112.380126953125
          }
        },
        {
          "type": "NOSE_BOTTOM_LEFT",
          "position": {
            "x": 1117.2642822265625,
            "y": 179.0860595703125,
            "z": -35.752445220947266
          }
        },
        {
          "type": "NOSE_BOTTOM_CENTER",
          "position": {
            "x": 1095.1273193359375,
            "y": 198.94482421875,
            "z": -74.49158477783203
          }
        },
        {
          "type": "LEFT_EYE_TOP_BOUNDARY",
          "position": {
            "x": 1098.075439453125,
            "y": 87.62831115722656,
            "z": 0.7305601835250854
          }
        },
        {
          "type": "LEFT_EYE_RIGHT_CORNER",
          "position": {
            "x": 1109.826171875,
            "y": 93.47505950927734,
            "z": -27.45159339904785
          }
        },
        {
          "type": "LEFT_EYE_BOTTOM_BOUNDARY",
          "position": {
            "x": 1113.6800537109375,
            "y": 102.73336029052734,
            "z": -0.3349649906158447
          }
        },
        {
          "type": "LEFT_EYE_LEFT_CORNER",
          "position": {
            "x": 1122.76513671875,
            "y": 92.6348876953125,
            "z": 27.607736587524414
          }
        },
        {
          "type": "LEFT_EYE_PUPIL",
          "position": {
            "x": 1106.37109375,
            "y": 95.14645385742188,
            "z": 2.4106757640838623
          }
        },
        {
          "type": "RIGHT_EYE_TOP_BOUNDARY",
          "position": {
            "x": 1094.2958984375,
            "y": 79.92308044433594,
            "z": -136.89633178710938
          }
        },
        {
          "type": "RIGHT_EYE_RIGHT_CORNER",
          "position": {
            "x": 1117.8431396484375,
            "y": 81.46389770507812,
            "z": -165.3282012939453
          }
        },
        {
          "type": "RIGHT_EYE_BOTTOM_BOUNDARY",
          "position": {
            "x": 1107.768798828125,
            "y": 95.750732421875,
            "z": -138.03616333007812
          }
        },
        {
          "type": "RIGHT_EYE_LEFT_CORNER",
          "position": {
            "x": 1103.6524658203125,
            "y": 88.91091918945312,
            "z": -109.72856903076172
          }
        },
        {
          "type": "RIGHT_EYE_PUPIL",
          "position": {
            "x": 1102.180908203125,
            "y": 87.29010009765625,
            "z": -138.8220672607422
          }
        },
        {
          "type": "LEFT_EYEBROW_UPPER_MIDPOINT",
          "position": {
            "x": 1079.9285888671875,
            "y": 51.551517486572266,
            "z": 9.285746574401855
          }
        },
        {
          "type": "RIGHT_EYEBROW_UPPER_MIDPOINT",
          "position": {
            "x": 1075.899658203125,
            "y": 42.94066619873047,
            "z": -140.25418090820312
          }
        },
        {
          "type": "LEFT_EAR_TRAGION",
          "position": {
            "x": 1294.0633544921875,
            "y": 115.96686553955078,
            "z": 81.96833801269531
          }
        },
        {
          "type": "RIGHT_EAR_TRAGION",
          "position": {
            "x": 1285.614013671875,
            "y": 98.22027587890625,
            "z": -231.03114318847656
          }
        },
        {
          "type": "FOREHEAD_GLABELLA",
          "position": {
            "x": 1066.4820556640625,
            "y": 66.02145385742188,
            "z": -66.29073333740234
          }
        },
        {
          "type": "CHIN_GNATHION",
          "position": {
            "x": 1157.307861328125,
            "y": 323.3802185058594,
            "z": -83.21343994140625
          }
        },
        {
          "type": "CHIN_LEFT_GONION",
          "position": {
            "x": 1264.4578857421875,
            "y": 215.2827606201172,
            "z": 61.81192398071289
          }
        },
        {
          "type": "CHIN_RIGHT_GONION",
          "position": {
            "x": 1257.01806640625,
            "y": 199.2298583984375,
            "z": -220.94580078125
          }
        }
      ],
      "rollAngle": -16.235557556152344,
      "panAngle": -90.52974700927734,
      "tiltAngle": 3.5455667972564697,
      "detectionConfidence": 0.8042576313018799,
      "landmarkingConfidence": 0.5174517035484314,
      "joyLikelihood": "UNLIKELY",
      "sorrowLikelihood": "VERY_UNLIKELY",
      "angerLikelihood": "VERY_UNLIKELY",
      "surpriseLikelihood": "VERY_UNLIKELY",
      "underExposedLikelihood": "VERY_UNLIKELY",
      "blurredLikelihood": "VERY_UNLIKELY",
      "headwearLikelihood": "VERY_UNLIKELY"
    }
  ]
}
