{
  "faceAnnotations": [
    {
      "boundingPoly": {
        "vertices": [
          {
            "x": 205,
            "y": 312
          },
          {
            "x": 437,
            "y": 312
          },
          {
            "x": 437,
            "y": 582
          },
          {
            "x": 205,
            "y": 582
          }
        ]
      },
      "fdBoundingPoly": {
        "vertices": [
          {
            "x": 219,
            "y": 371
          },
          {
            "x": 394,
            "y": 371
          },
          {
            "x": 394,
            "y": 545
          },
          {
            "x": 219,
            "y": 545
          }
        ]
      },
      "landmarks": [
        {
          "type": "LEFT_EYE",
          "position": {
            "x": 263.80377197265625,
            "y": 439.37060546875,
            "z": 0.000819378939922899
          }
        },
        {
          "type": "RIGHT_EYE",
          "position": {
            "x": 332.4332275390625,
            "y": 418.9355163574219,
            "z": -13.544983863830566
          }
        },
        {
          "type": "LEFT_OF_LEFT_EYEBROW",
          "position": {
            "x": 242.57977294921875,
            "y": 429.4141540527344,
            "z": 13.172445297241211
          }
        },
        {
          "type": "RIGHT_OF_LEFT_EYEBROW",
          "position": {
            "x": 276.8929443359375,
            "y": 415.58209228515625,
            "z": -14.078744888305664
          }
        },
        {
          "type": "LEFT_OF_RIGHT_EYEBROW",
          "position": {
            "x": 308.22650146484375,
            "y": 405.6905212402344,
            "z": -20.492708206176758
          }
        },
        {
          "type": "RIGHT_OF_RIGHT_EYEBROW",
          "position": {
            "x": 356.0109558105469,
            "y": 396.1052551269531,
            "z": -7.706043243408203
          }
        },
        {
          "type": "MIDPOINT_BETWEEN_EYES",
          "position": {
            "x": 295.74334716796875,
            "y": 424.72747802734375,
            "z": -20.9046688079834
          }
        },
        {
          "type": "NOSE_TIP",
          "position": {
            "x": 301.0179748535156,
            "y": 459.3831787109375,
            "z": -47.42066192626953
          }
        },
        {
          "type": "UPPER_LIP",
          "position": {
            "x": 310.4032897949219,
            "y": 487.5672912597656,
            "z": -36.478973388671875
          }
        },
        {
          "type": "LOWER_LIP",
          "position": {
            "x": 315.634765625,
            "y": 508.00531005859375,
            "z": -35.654457092285156
          }
        },
        {
          "type": "MOUTH_LEFT",
          "position": {
            "x": 288.1822204589844,
            "y": 508.6595458984375,
            "z": -14.00619125366211
          }
        },
        {
          "type": "MOUTH_RIGHT",
          "position": {
            "x": 345.82891845703125,
            "y": 490.5602722167969,
            "z": -24.56516456604004
          }
        },
        {
          "type": "MOUTH_CENTER",
          "position": {
            "x": 313.0968017578125,
            "y": 496.58367919921875,
            "z": -33.34320831298828
          }
        },
        {
          "type": "NOSE_BOTTOM_RIGHT",
          "position": {
            "x": 325.9668273925781,
            "y": 465.36181640625,
            "z": -26.420289993286133
          }
        },
        {
          "type": "NOSE_BOTTOM_LEFT",
          "position": {
            "x": 290.60650634765625,
            "y": 476.143798828125,
            "z": -19.120830535888672
          }
        },
        {
          "type": "NOSE_BOTTOM_CENTER",
          "position": {
            "x": 306.7240905761719,
            "y": 472.91522216796875,
            "z": -34.11248016357422
          }
        },
        {
          "type": "LEFT_EYE_TOP_BOUNDARY",
          "position": {
            "x": 264.78411865234375,
            "y": 433.07342529296875,
            "z": -4.2742228507995605
          }
        },
        {
          "type": "LEFT_EYE_RIGHT_CORNER",
          "position": {
            "x": 281.4129333496094,
            "y": 436.42926025390625,
            "z": -3.21816086769104
          }
        },
        {
          "type": "LEFT_EYE_BOTTOM_BOUNDARY",
          "position": {
            "x": 266.05340576171875,
            "y": 444.38800048828125,
            "z": -1.8556753396987915
          }
        },
        {
          "type": "LEFT_EYE_LEFT_CORNER",
          "position": {
            "x": 255.345947265625,
            "y": 442.96844482421875,
            "z": 8.314866065979004
          }
        },
        {
          "type": "LEFT_EYE_PUPIL",
          "position": {
            "x": 265.666015625,
            "y": 438.33465576171875,
            "z": -2.164306640625
          }
        },
        {
          "type": "RIGHT_EYE_TOP_BOUNDARY",
          "position": {
            "x": 330.5812072753906,
            "y": 414.52886962890625,
            "z": -17.466508865356445
          }
        },
        {
          "type": "RIGHT_EYE_RIGHT_CORNER",
          "position": {
            "x": 348.6216735839844,
            "y": 416.4306640625,
            "z": -9.994125366210938
          }
        },
        {
          "type": "RIGHT_EYE_BOTTOM_BOUNDARY",
          "position": {
            "x": 335.14373779296875,
            "y": 423.4851989746094,
            "z": -15.130237579345703
          }
        },
        {
          "type": "RIGHT_EYE_LEFT_CORNER",
          "position": {
            "x": 321.324951171875,
            "y": 424.5174865722656,
            "z": -11.015661239624023
          }
        },
        {
          "type": "RIGHT_EYE_PUPIL",
          "position": {
            "x": 333.15423583984375,
            "y": 419.2630310058594,
            "z": -15.710930824279785
          }
        },
        {
          "type": "LEFT_EYEBROW_UPPER_MIDPOINT",
          "position": {
            "x": 256.591796875,
            "y": 413.87860107421875,
            "z": -3.5709383487701416
          }
        },
        {
          "type": "RIGHT_EYEBROW_UPPER_MIDPOINT",
          "position": {
            "x": 327.9397277832031,
            "y": 393.729248046875,
            "z": -17.824932098388672
          }
        },
        {
          "type": "LEFT_EAR_TRAGION",
          "position": {
            "x": 252.3238983154297,
            "y": 492.19549560546875,
            "z": 85.2513427734375
          }
        },
        {
          "type": "RIGHT_EAR_TRAGION",
          "position": {
            "x": 402.1693115234375,
            "y": 450.91351318359375,
            "z": 54.903411865234375
          }
        },
        {
          "type": "FOREHEAD_GLABELLA",
          "position": {
            "x": 292.1217041015625,
            "y": 410.0333251953125,
            "z": -19.776275634765625
          }
        },
        {
          "type": "CHIN_GNATHION",
          "position": {
            "x": 326.3244934082031,
            "y": 541.3858642578125,
            "z": -32.016300201416016
          }
        },
        {
          "type": "CHIN_LEFT_GONION",
          "position": {
            "x": 264.01336669921875,
            "y": 529.8300170898438,
            "z": 48.296241760253906
          }
        },
        {
          "type": "CHIN_RIGHT_GONION",
          "position": {
            "x": 398.93487548828125,
            "y": 491.9561767578125,
            "z": 21.204505920410156
          }
        }
      ],
      "rollAngle": -13.712723731994629,
      "panAngle": -11.105055809020996,
      "tiltAngle": 10.246658325195312,
      "detectionConfidence": 0.9241461753845215,
      "landmarkingConfidence": 0.6776394844055176,
      "joyLikelihood": "VERY_UNLIKELY",
      "sorrowLikelihood": "VERY_UNLIKELY",
      "angerLikelihood": "VERY_UNLIKELY",
      "surpriseLikelihood": "VERY_UNLIKELY",
      "underExposedLikelihood": "VERY_UNLIKELY",
      "blurredLikelihood": "VERY_UNLIKELY",
      "headwearLikelihood": "VERY_UNLIKELY"
    },
    {
      "boundingPoly": {
        "vertices": [
          {
            "x": 830,
            "y": 312
          },
          {
            "x": 1086,
            "y": 312
          },
          {
            "x": 1086,
            "y": 610
          },
          {
            "x": 830,
            "y": 610
          }
        ]
      },
      "fdBoundingPoly": {
        "vertices": [
          {
            "x": 882,
            "y": 408
          },
          {
            "x": 1056,
            "y": 408
          },
          {
            "x": 1056,
            "y": 582
          },
          {
            "x": 882,
            "y": 582
          }
        ]
      },
      "landmarks": [
        {
          "type": "LEFT_EYE",
          "position": {
            "x": 937.746337890625,
            "y": 464.9747314453125,
            "z": 0.0002650920068845153
          }
        },
        {
          "type": "RIGHT_EYE",
          "position": {
            "x": 1011.9971313476562,
            "y": 464.9479675292969,
            "z": 15.542584419250488
          }
        },
        {
          "type": "LEFT_OF_LEFT_EYEBROW",
          "position": {
            "x": 910.24072265625,
            "y": 446.17724609375,
            "z": -2.992560386657715
          }
        },
        {
          "type": "RIGHT_OF_LEFT_EYEBROW",
          "position": {
            "x": 960.171630859375,
            "y": 451.7673645019531,
            "z": -14.799284934997559
          }
        },
        {
          "type": "LEFT_OF_RIGHT_EYEBROW",
          "position": {
            "x": 996.3767700195312,
            "y": 450.7071228027344,
            "z": -7.330949306488037
          }
        },
        {
          "type": "RIGHT_OF_RIGHT_EYEBROW",
          "position": {
            "x": 1036.85009765625,
            "y": 445.2012634277344,
            "z": 23.16825294494629
          }
        },
        {
          "type": "MIDPOINT_BETWEEN_EYES",
          "position": {
            "x": 977.524169921875,
            "y": 466.8280029296875,
            "z": -8.255050659179688
          }
        },
        {
          "type": "NOSE_TIP",
          "position": {
            "x": 980.0953979492188,
            "y": 515.6571655273438,
            "z": -19.099687576293945
          }
        },
        {
          "type": "UPPER_LIP",
          "position": {
            "x": 975.358642578125,
            "y": 538.3560791015625,
            "z": 4.847584247589111
          }
        },
        {
          "type": "LOWER_LIP",
          "position": {
            "x": 973.1050415039062,
            "y": 563.0087280273438,
            "z": 16.73665428161621
          }
        },
        {
          "type": "MOUTH_LEFT",
          "position": {
            "x": 940.9947509765625,
            "y": 544.4874267578125,
            "z": 21.231155395507812
          }
        },
        {
          "type": "MOUTH_RIGHT",
          "position": {
            "x": 1000.5520629882812,
            "y": 544.0296630859375,
            "z": 33.55385971069336
          }
        },
        {
          "type": "MOUTH_CENTER",
          "position": {
            "x": 973.6715087890625,
            "y": 549.0730590820312,
            "z": 13.404998779296875
          }
        },
        {
          "type": "NOSE_BOTTOM_RIGHT",
          "position": {
            "x": 994.7152099609375,
            "y": 513.7662963867188,
            "z": 14.881619453430176
          }
        },
        {
          "type": "NOSE_BOTTOM_LEFT",
          "position": {
            "x": 952.3101806640625,
            "y": 514.866943359375,
            "z": 6.483644962310791
          }
        },
        {
          "type": "NOSE_BOTTOM_CENTER",
          "position": {
            "x": 976.07421875,
            "y": 522.9718627929688,
            "z": 0.7265758514404297
          }
        },
        {
          "type": "LEFT_EYE_TOP_BOUNDARY",
          "position": {
            "x": 937.5616455078125,
            "y": 461.5285339355469,
            "z": -6.353501796722412
          }
        },
        {
          "type": "LEFT_EYE_RIGHT_CORNER",
          "position": {
            "x": 951.885986328125,
            "y": 466.01800537109375,
            "z": 3.4811298847198486
          }
        },
        {
          "type": "LEFT_EYE_BOTTOM_BOUNDARY",
          "position": {
            "x": 935.9319458007812,
            "y": 470.5906677246094,
            "z": 0.5124544501304626
          }
        },
        {
          "type": "LEFT_EYE_LEFT_CORNER",
          "position": {
            "x": 919.7952880859375,
            "y": 464.05126953125,
            "z": 3.5642740726470947
          }
        },
        {
          "type": "LEFT_EYE_PUPIL",
          "position": {
            "x": 935.4244995117188,
            "y": 465.8796691894531,
            "z": -2.171964406967163
          }
        },
        {
          "type": "RIGHT_EYE_TOP_BOUNDARY",
          "position": {
            "x": 1013.3675537109375,
            "y": 460.95184326171875,
            "z": 9.32696533203125
          }
        },
        {
          "type": "RIGHT_EYE_RIGHT_CORNER",
          "position": {
            "x": 1025.732177734375,
            "y": 463.2265930175781,
            "z": 25.469409942626953
          }
        },
        {
          "type": "RIGHT_EYE_BOTTOM_BOUNDARY",
          "position": {
            "x": 1011.9415893554688,
            "y": 470.05126953125,
            "z": 16.171417236328125
          }
        },
        {
          "type": "RIGHT_EYE_LEFT_CORNER",
          "position": {
            "x": 996.2681884765625,
            "y": 464.87042236328125,
            "z": 12.704361915588379
          }
        },
        {
          "type": "RIGHT_EYE_PUPIL",
          "position": {
            "x": 1013.2550659179688,
            "y": 465.31353759765625,
            "z": 13.819686889648438
          }
        },
        {
          "type": "LEFT_EYEBROW_UPPER_MIDPOINT",
          "position": {
            "x": 936.0573120117188,
            "y": 440.6905212402344,
            "z": -16.138877868652344
          }
        },
        {
          "type": "RIGHT_EYEBROW_UPPER_MIDPOINT",
          "position": {
            "x": 1018.297607421875,
            "y": 440.0526428222656,
            "z": 0.8603719472885132
          }
        },
        {
          "type": "LEFT_EAR_TRAGION",
          "position": {
            "x": 867.6126098632812,
            "y": 479.44915771484375,
            "z": 89.75701141357422
          }
        },
        {
          "type": "RIGHT_EAR_TRAGION",
          "position": {
            "x": 1039.7564697265625,
            "y": 478.06488037109375,
            "z": 125.39154815673828
          }
        },
        {
          "type": "FOREHEAD_GLABELLA",
          "position": {
            "x": 978.5855712890625,
            "y": 450.64337158203125,
            "z": -14.106959342956543
          }
        },
        {
          "type": "CHIN_GNATHION",
          "position": {
            "x": 969.4287719726562,
            "y": 593.9354248046875,
            "z": 35.527587890625
          }
        },
        {
          "type": "CHIN_LEFT_GONION",
          "position": {
            "x": 880.039306640625,
            "y": 535.1807861328125,
            "z": 73.49546813964844
          }
        },
        {
          "type": "CHIN_RIGHT_GONION",
          "position": {
            "x": 1035.633544921875,
            "y": 533.9548950195312,
            "z": 105.66056060791016
          }
        }
      ],
      "rollAngle": 2.488784074783325,
      "panAngle": 12.040918350219727,
      "tiltAngle": -13.911102294921875,
      "detectionConfidence": 0.5430824756622314,
      "landmarkingConfidence": 0.2307625412940979,
      "joyLikelihood": "VERY_UNLIKELY",
      "sorrowLikelihood": "VERY_UNLIKELY",
      "angerLikelihood": "VERY_UNLIKELY",
      "surpriseLikelihood": "VERY_UNLIKELY",
      "underExposedLikelihood": "VERY_UNLIKELY",
      "blurredLikelihood": "VERY_UNLIKELY",
      "headwearLikelihood": "VERY_UNLIKELY"
    }
  ]
}
