{
  "faceAnnotations": [
    {
      "boundingPoly": {
        "vertices": [
          {
            "x": 22
          },
          {
            "x": 479
          },
          {
            "x": 479,
            "y": 514
          },
          {
            "x": 22,
            "y": 514
          }
        ]
      },
      "fdBoundingPoly": {
        "vertices": [
          {
            "x": 61,
            "y": 76
          },
          {
            "x": 414,
            "y": 76
          },
          {
            "x": 414,
            "y": 429
          },
          {
            "x": 61,
            "y": 429
          }
        ]
      },
      "landmarks": [
        {
          "type": "LEFT_EYE",
          "position": {
            "x": 167.01171875,
            "y": 199.81898498535156,
            "z": 0.0005859705852344632
          }
        },
        {
          "type": "RIGHT_EYE",
          "position": {
            "x": 302.1322326660156,
            "y": 187.3168487548828,
            "z": -13.47750186920166
          }
        },
        {
          "type": "LEFT_OF_LEFT_EYEBROW",
          "position": {
            "x": 118.57121276855469,
            "y": 175.31610107421875,
            "z": 25.424781799316406
          }
        },
        {
          "type": "RIGHT_OF_LEFT_EYEBROW",
          "position": {
            "x": 195.49806213378906,
            "y": 160.5093231201172,
            "z": -21.228511810302734
          }
        },
        {
          "type": "LEFT_OF_RIGHT_EYEBROW",
          "position": {
            "x": 262.4521179199219,
            "y": 151.4750518798828,
            "z": -27.76193618774414
          }
        },
        {
          "type": "RIGHT_OF_RIGHT_EYEBROW",
          "position": {
            "x": 348.3106689453125,
            "y": 157.18014526367188,
            "z": 2.241875171661377
          }
        },
        {
          "type": "MIDPOINT_BETWEEN_EYES",
          "position": {
            "x": 228.56727600097656,
            "y": 181.0780792236328,
            "z": -33.524749755859375
          }
        },
        {
          "type": "NOSE_TIP",
          "position": {
            "x": 230.3136444091797,
            "y": 252.59317016601562,
            "z": -93.01189422607422
          }
        },
        {
          "type": "UPPER_LIP",
          "position": {
            "x": 235.2269287109375,
            "y": 312.09747314453125,
            "z": -74.49652862548828
          }
        },
        {
          "type": "LOWER_LIP",
          "position": {
            "x": 238.73947143554688,
            "y": 351.6290588378906,
            "z": -75.76399993896484
          }
        },
        {
          "type": "MOUTH_LEFT",
          "position": {
            "x": 186.3723602294922,
            "y": 340.5758361816406,
            "z": -37.57925033569336
          }
        },
        {
          "type": "MOUTH_RIGHT",
          "position": {
            "x": 294.84918212890625,
            "y": 331.7417297363281,
            "z": -48.6747932434082
          }
        },
        {
          "type": "MOUTH_CENTER",
          "position": {
            "x": 237.56610107421875,
            "y": 330.52264404296875,
            "z": -69.54573059082031
          }
        },
        {
          "type": "NOSE_BOTTOM_RIGHT",
          "position": {
            "x": 273.3881530761719,
            "y": 270.2304992675781,
            "z": -47.68197250366211
          }
        },
        {
          "type": "NOSE_BOTTOM_LEFT",
          "position": {
            "x": 197.7942657470703,
            "y": 274.8263244628906,
            "z": -39.84166717529297
          }
        },
        {
          "type": "NOSE_BOTTOM_CENTER",
          "position": {
            "x": 232.81378173828125,
            "y": 277.2972412109375,
            "z": -67.19282531738281
          }
        },
        {
          "type": "LEFT_EYE_TOP_BOUNDARY",
          "position": {
            "x": 163.20416259765625,
            "y": 188.94361877441406,
            "z": -6.422666072845459
          }
        },
        {
          "type": "LEFT_EYE_RIGHT_CORNER",
          "position": {
            "x": 190.7369384765625,
            "y": 201.5871124267578,
            "z": -2.4465014934539795
          }
        },
        {
          "type": "LEFT_EYE_BOTTOM_BOUNDARY",
          "position": {
            "x": 165.5243682861328,
            "y": 211.21304321289062,
            "z": -3.523327350616455
          }
        },
        {
          "type": "LEFT_EYE_LEFT_CORNER",
          "position": {
            "x": 138.33358764648438,
            "y": 206.144287109375,
            "z": 15.25654411315918
          }
        },
        {
          "type": "LEFT_EYE_PUPIL",
          "position": {
            "x": 162.15505981445312,
            "y": 199.9156951904297,
            "z": -2.884641170501709
          }
        },
        {
          "type": "RIGHT_EYE_TOP_BOUNDARY",
          "position": {
            "x": 300.2362060546875,
            "y": 178.01290893554688,
            "z": -20.402345657348633
          }
        },
        {
          "type": "RIGHT_EYE_RIGHT_CORNER",
          "position": {
            "x": 331.006591796875,
            "y": 190.60630798339844,
            "z": -4.355974197387695
          }
        },
        {
          "type": "RIGHT_EYE_BOTTOM_BOUNDARY",
          "position": {
            "x": 303.522705078125,
            "y": 198.59628295898438,
            "z": -17.296337127685547
          }
        },
        {
          "type": "RIGHT_EYE_LEFT_CORNER",
          "position": {
            "x": 273.8466796875,
            "y": 193.70697021484375,
            "z": -10.882164001464844
          }
        },
        {
          "type": "RIGHT_EYE_PUPIL",
          "position": {
            "x": 302.75433349609375,
            "y": 188.61717224121094,
            "z": -17.450010299682617
          }
        },
        {
          "type": "LEFT_EYEBROW_UPPER_MIDPOINT",
          "position": {
            "x": 154.4700164794922,
            "y": 148.82052612304688,
            "z": -2.4519805908203125
          }
        },
        {
          "type": "RIGHT_EYEBROW_UPPER_MIDPOINT",
          "position": {
            "x": 303.1407165527344,
            "y": 136.93247985839844,
            "z": -17.61697769165039
          }
        },
        {
          "type": "LEFT_EAR_TRAGION",
          "position": {
            "x": 101.13534545898438,
            "y": 314.10028076171875,
            "z": 156.44326782226562
          }
        },
        {
          "type": "RIGHT_EAR_TRAGION",
          "position": {
            "x": 412.33782958984375,
            "y": 289.3825378417969,
            "z": 124.61018371582031
          }
        },
        {
          "type": "FOREHEAD_GLABELLA",
          "position": {
            "x": 227.6353759765625,
            "y": 153.36013793945312,
            "z": -29.140151977539062
          }
        },
        {
          "type": "CHIN_GNATHION",
          "position": {
            "x": 244.39694213867188,
            "y": 420.41497802734375,
            "z": -72.87710571289062
          }
        },
        {
          "type": "CHIN_LEFT_GONION",
          "position": {
            "x": 114.08799743652344,
            "y": 384.771240234375,
            "z": 78.56915283203125
          }
        },
        {
          "type": "CHIN_RIGHT_GONION",
          "position": {
            "x": 395.3271179199219,
            "y": 362.5434265136719,
            "z": 49.7890625
          }
        }
      ],
      "rollAngle": -3.0460429191589355,
      "panAngle": -6.003273010253906,
      "tiltAngle": 14.518196105957031,
      "detectionConfidence": 0.9987016916275024,
      "landmarkingConfidence": 0.7666319608688354,
      "joyLikelihood": "VERY_UNLIKELY",
      "sorrowLikelihood": "VERY_UNLIKELY",
      "angerLikelihood": "VERY_UNLIKELY",
      "surpriseLikelihood": "VERY_UNLIKELY",
      "underExposedLikelihood": "VERY_UNLIKELY",
      "blurredLikelihood": "VERY_UNLIKELY",
      "headwearLikelihood": "VERY_UNLIKELY"
    },
    {
      "boundingPoly": {
        "vertices": [
          {
            "x": 510
          },
          {
            "x": 963
          },
          {
            "x": 963,
            "y": 503
          },
          {
            "x": 510,
            "y": 503
          }
        ]
      },
      "fdBoundingPoly": {
        "vertices": [
          {
            "x": 550,
            "y": 84
          },
          {
            "x": 902,
            "y": 84
          },
          {
            "x": 902,
            "y": 435
          },
          {
            "x": 550,
            "y": 435
          }
        ]
      },
      "landmarks": [
        {
          "type": "LEFT_EYE",
          "position": {
            "x": 637.6531982421875,
            "y": 202.07911682128906,
            "z": -0.0013561062514781952
          }
        },
        {
          "type": "RIGHT_EYE",
          "position": {
            "x": 784.0562133789062,
            "y": 194.91128540039062,
            "z": -22.57166290283203
          }
        },
        {
          "type": "LEFT_OF_LEFT_EYEBROW",
          "position": {
            "x": 600.432373046875,
            "y": 177.4756622314453,
            "z": 23.372215270996094
          }
        },
        {
          "type": "RIGHT_OF_LEFT_EYEBROW",
          "position": {
            "x": 673.1136474609375,
            "y": 171.4644012451172,
            "z": -28.49387550354004
          }
        },
        {
          "type": "LEFT_OF_RIGHT_EYEBROW",
          "position": {
            "x": 739.3175048828125,
            "y": 166.32708740234375,
            "z": -38.80316162109375
          }
        },
        {
          "type": "RIGHT_OF_RIGHT_EYEBROW",
          "position": {
            "x": 837.0383911132812,
            "y": 171.7330322265625,
            "z": -9.573735237121582
          }
        },
        {
          "type": "MIDPOINT_BETWEEN_EYES",
          "position": {
            "x": 703.5151977539062,
            "y": 192.97390747070312,
            "z": -39.35982131958008
          }
        },
        {
          "type": "NOSE_TIP",
          "position": {
            "x": 696.2210693359375,
            "y": 271.60577392578125,
            "z": -88.5628662109375
          }
        },
        {
          "type": "UPPER_LIP",
          "position": {
            "x": 704.4581909179688,
            "y": 320.50048828125,
            "z": -63.41898727416992
          }
        },
        {
          "type": "LOWER_LIP",
          "position": {
            "x": 707.9415893554688,
            "y": 357.8421936035156,
            "z": -59.56604766845703
          }
        },
        {
          "type": "MOUTH_LEFT",
          "position": {
            "x": 655.5703125,
            "y": 342.247802734375,
            "z": -20.03858184814453
          }
        },
        {
          "type": "MOUTH_RIGHT",
          "position": {
            "x": 773.3840942382812,
            "y": 338.39373779296875,
            "z": -36.38301086425781
          }
        },
        {
          "type": "MOUTH_CENTER",
          "position": {
            "x": 707.5985717773438,
            "y": 336.9017028808594,
            "z": -56.261592864990234
          }
        },
        {
          "type": "NOSE_BOTTOM_RIGHT",
          "position": {
            "x": 743.451171875,
            "y": 283.12054443359375,
            "z": -44.14424514770508
          }
        },
        {
          "type": "NOSE_BOTTOM_LEFT",
          "position": {
            "x": 671.2142333984375,
            "y": 287.06292724609375,
            "z": -31.625139236450195
          }
        },
        {
          "type": "NOSE_BOTTOM_CENTER",
          "position": {
            "x": 701.9169921875,
            "y": 293.2685241699219,
            "z": -60.41565704345703
          }
        },
        {
          "type": "LEFT_EYE_TOP_BOUNDARY",
          "position": {
            "x": 644.02587890625,
            "y": 193.72267150878906,
            "z": -9.36445140838623
          }
        },
        {
          "type": "LEFT_EYE_RIGHT_CORNER",
          "position": {
            "x": 669.34326171875,
            "y": 206.48277282714844,
            "z": -5.142161846160889
          }
        },
        {
          "type": "LEFT_EYE_BOTTOM_BOUNDARY",
          "position": {
            "x": 638.9073486328125,
            "y": 214.34979248046875,
            "z": -3.4536428451538086
          }
        },
        {
          "type": "LEFT_EYE_LEFT_CORNER",
          "position": {
            "x": 620.737060546875,
            "y": 206.78221130371094,
            "z": 15.026008605957031
          }
        },
        {
          "type": "LEFT_EYE_PUPIL",
          "position": {
            "x": 643.1944580078125,
            "y": 203.7439727783203,
            "z": -5.060624599456787
          }
        },
        {
          "type": "RIGHT_EYE_TOP_BOUNDARY",
          "position": {
            "x": 776.3734741210938,
            "y": 189.79653930664062,
            "z": -30.423992156982422
          }
        },
        {
          "type": "RIGHT_EYE_RIGHT_CORNER",
          "position": {
            "x": 814.6860961914062,
            "y": 199.2694091796875,
            "z": -13.158744812011719
          }
        },
        {
          "type": "RIGHT_EYE_BOTTOM_BOUNDARY",
          "position": {
            "x": 785.6865234375,
            "y": 207.73114013671875,
            "z": -24.93094825744629
          }
        },
        {
          "type": "RIGHT_EYE_LEFT_CORNER",
          "position": {
            "x": 752.83056640625,
            "y": 199.62509155273438,
            "z": -17.891084671020508
          }
        },
        {
          "type": "RIGHT_EYE_PUPIL",
          "position": {
            "x": 778.6843872070312,
            "y": 199.53457641601562,
            "z": -26.71026039123535
          }
        },
        {
          "type": "LEFT_EYEBROW_UPPER_MIDPOINT",
          "position": {
            "x": 637.175048828125,
            "y": 154.9980010986328,
            "z": -10.643051147460938
          }
        },
        {
          "type": "RIGHT_EYEBROW_UPPER_MIDPOINT",
          "position": {
            "x": 780.677001953125,
            "y": 150.7017364501953,
            "z": -33.19950866699219
          }
        },
        {
          "type": "LEFT_EAR_TRAGION",
          "position": {
            "x": 587.8104248046875,
            "y": 292.1080322265625,
            "z": 167.31202697753906
          }
        },
        {
          "type": "RIGHT_EAR_TRAGION",
          "position": {
            "x": 901.504638671875,
            "y": 283.9554748535156,
            "z": 125.1604995727539
          }
        },
        {
          "type": "FOREHEAD_GLABELLA",
          "position": {
            "x": 706.1859741210938,
            "y": 165.1921844482422,
            "z": -38.8194580078125
          }
        },
        {
          "type": "CHIN_GNATHION",
          "position": {
            "x": 712.37744140625,
            "y": 425.5747375488281,
            "z": -49.83558654785156
          }
        },
        {
          "type": "CHIN_LEFT_GONION",
          "position": {
            "x": 594.8079833984375,
            "y": 368.7943115234375,
            "z": 101.63076782226562
          }
        },
        {
          "type": "CHIN_RIGHT_GONION",
          "position": {
            "x": 867.8804931640625,
            "y": 363.9984436035156,
            "z": 57.254783630371094
          }
        }
      ],
      "rollAngle": -0.44377461075782776,
      "panAngle": -9.15792465209961,
      "tiltAngle": 7.473407745361328,
      "detectionConfidence": 1.0,
      "landmarkingConfidence": 0.8139592409133911,
      "joyLikelihood": "VERY_UNLIKELY",
      "sorrowLikelihood": "VERY_UNLIKELY",
      "angerLikelihood": "VERY_UNLIKELY",
      "surpriseLikelihood": "VERY_UNLIKELY",
      "underExposedLikelihood": "VERY_UNLIKELY",
      "blurredLikelihood": "VERY_UNLIKELY",
      "headwearLikelihood": "VERY_UNLIKELY"
    }
  ]
}
