{
  "faceAnnotations": [
    {
      "boundingPoly": {
        "vertices": [
          {
            "x": 51,
            "y": 23
          },
          {
            "x": 318,
            "y": 23
          },
          {
            "x": 318,
            "y": 335
          },
          {
            "x": 51,
            "y": 335
          }
        ]
      },
      "fdBoundingPoly": {
        "vertices": [
          {
            "x": 79,
            "y": 108
          },
          {
            "x": 286,
            "y": 108
          },
          {
            "x": 286,
            "y": 315
          },
          {
            "x": 79,
            "y": 315
          }
        ]
      },
      "landmarks": [
        {
          "type": "LEFT_EYE",
          "position": {
            "x": 168.31411743164062,
            "y": 183.20077514648438,
            "z": 0.00017666176427155733
          }
        },
        {
          "type": "RIGHT_EYE",
          "position": {
            "x": 243.68963623046875,
            "y": 185.93125915527344,
            "z": 20.687938690185547
          }
        },
        {
          "type": "LEFT_OF_LEFT_EYEBROW",
          "position": {
            "x": 137.35511779785156,
            "y": 155.90328979492188,
            "z": -3.1512482166290283
          }
        },
        {
          "type": "RIGHT_OF_LEFT_EYEBROW",
          "position": {
            "x": 194.2963409423828,
            "y": 161.84005737304688,
            "z": -13.955211639404297
          }
        },
        {
          "type": "LEFT_OF_RIGHT_EYEBROW",
          "position": {
            "x": 231.21337890625,
            "y": 165.83758544921875,
            "z": -3.222076654434204
          }
        },
        {
          "type": "RIGHT_OF_RIGHT_EYEBROW",
          "position": {
            "x": 271.2773132324219,
            "y": 163.22323608398438,
            "z": 31.29327964782715
          }
        },
        {
          "type": "MIDPOINT_BETWEEN_EYES",
          "position": {
            "x": 212.04393005371094,
            "y": 178.33628845214844,
            "z": -6.938387870788574
          }
        },
        {
          "type": "NOSE_TIP",
          "position": {
            "x": 214.68838500976562,
            "y": 227.5817413330078,
            "z": -20.176511764526367
          }
        },
        {
          "type": "UPPER_LIP",
          "position": {
            "x": 207.43141174316406,
            "y": 255.94235229492188,
            "z": 2.826167345046997
          }
        },
        {
          "type": "LOWER_LIP",
          "position": {
            "x": 202.48098754882812,
            "y": 282.4999084472656,
            "z": 13.691120147705078
          }
        },
        {
          "type": "MOUTH_LEFT",
          "position": {
            "x": 172.53311157226562,
            "y": 267.9049072265625,
            "z": 17.11071014404297
          }
        },
        {
          "type": "MOUTH_RIGHT",
          "position": {
            "x": 229.6123046875,
            "y": 265.46783447265625,
            "z": 33.9564323425293
          }
        },
        {
          "type": "MOUTH_CENTER",
          "position": {
            "x": 204.19671630859375,
            "y": 268.07659912109375,
            "z": 11.120680809020996
          }
        },
        {
          "type": "NOSE_BOTTOM_RIGHT",
          "position": {
            "x": 226.0814208984375,
            "y": 232.77972412109375,
            "z": 16.09467315673828
          }
        },
        {
          "type": "NOSE_BOTTOM_LEFT",
          "position": {
            "x": 185.04074096679688,
            "y": 232.24853515625,
            "z": 4.5012431144714355
          }
        },
        {
          "type": "NOSE_BOTTOM_CENTER",
          "position": {
            "x": 206.8408966064453,
            "y": 239.92591857910156,
            "z": -0.28549838066101074
          }
        },
        {
          "type": "LEFT_EYE_TOP_BOUNDARY",
          "position": {
            "x": 169.8162384033203,
            "y": 175.6121826171875,
            "z": -6.661036968231201
          }
        },
        {
          "type": "LEFT_EYE_RIGHT_CORNER",
          "position": {
            "x": 182.11602783203125,
            "y": 181.34500122070312,
            "z": 4.11226224899292
          }
        },
        {
          "type": "LEFT_EYE_BOTTOM_BOUNDARY",
          "position": {
            "x": 166.56112670898438,
            "y": 187.76980590820312,
            "z": 0.11653181165456772
          }
        },
        {
          "type": "LEFT_EYE_LEFT_CORNER",
          "position": {
            "x": 150.57479858398438,
            "y": 178.30850219726562,
            "z": 2.39821457862854
          }
        },
        {
          "type": "LEFT_EYE_PUPIL",
          "position": {
            "x": 167.2394256591797,
            "y": 180.1432342529297,
            "z": -2.6617627143859863
          }
        },
        {
          "type": "RIGHT_EYE_TOP_BOUNDARY",
          "position": {
            "x": 247.33348083496094,
            "y": 178.38897705078125,
            "z": 14.495261192321777
          }
        },
        {
          "type": "RIGHT_EYE_RIGHT_CORNER",
          "position": {
            "x": 258.9870910644531,
            "y": 182.09963989257812,
            "z": 31.923500061035156
          }
        },
        {
          "type": "RIGHT_EYE_BOTTOM_BOUNDARY",
          "position": {
            "x": 244.65354919433594,
            "y": 189.62393188476562,
            "z": 21.118440628051758
          }
        },
        {
          "type": "RIGHT_EYE_LEFT_CORNER",
          "position": {
            "x": 229.9961700439453,
            "y": 182.66720581054688,
            "z": 16.844575881958008
          }
        },
        {
          "type": "RIGHT_EYE_PUPIL",
          "position": {
            "x": 246.7930145263672,
            "y": 183.00445556640625,
            "z": 18.87906837463379
          }
        },
        {
          "type": "LEFT_EYEBROW_UPPER_MIDPOINT",
          "position": {
            "x": 169.5422821044922,
            "y": 152.6640625,
            "z": -15.728568077087402
          }
        },
        {
          "type": "RIGHT_EYEBROW_UPPER_MIDPOINT",
          "position": {
            "x": 253.7014923095703,
            "y": 155.85345458984375,
            "z": 7.197766304016113
          }
        },
        {
          "type": "LEFT_EAR_TRAGION",
          "position": {
            "x": 89.98845672607422,
            "y": 192.24884033203125,
            "z": 87.08695220947266
          }
        },
        {
          "type": "RIGHT_EAR_TRAGION",
          "position": {
            "x": 266.7112121582031,
            "y": 202.45323181152344,
            "z": 135.54136657714844
          }
        },
        {
          "type": "FOREHEAD_GLABELLA",
          "position": {
            "x": 213.2927703857422,
            "y": 164.616943359375,
            "z": -11.417267799377441
          }
        },
        {
          "type": "CHIN_GNATHION",
          "position": {
            "x": 196.1045684814453,
            "y": 315.57257080078125,
            "z": 31.23008918762207
          }
        },
        {
          "type": "CHIN_LEFT_GONION",
          "position": {
            "x": 102.54777526855469,
            "y": 253.53353881835938,
            "z": 68.2795181274414
          }
        },
        {
          "type": "CHIN_RIGHT_GONION",
          "position": {
            "x": 261.9823303222656,
            "y": 259.0601806640625,
            "z": 111.80453491210938
          }
        }
      ],
      "rollAngle": 4.994615077972412,
      "panAngle": 15.53138256072998,
      "tiltAngle": -10.630940437316895,
      "detectionConfidence": 0.9941697120666504,
      "landmarkingConfidence": 0.6497462391853333,
      "joyLikelihood": "VERY_UNLIKELY",
      "sorrowLikelihood": "VERY_UNLIKELY",
      "angerLikelihood": "VERY_UNLIKELY",
      "surpriseLikelihood": "VERY_UNLIKELY",
      "underExposedLikelihood": "VERY_UNLIKELY",
      "blurredLikelihood": "VERY_UNLIKELY",
      "headwearLikelihood": "VERY_UNLIKELY"
    },
    {
      "boundingPoly": {
        "vertices": [
          {
            "x": 736
          },
          {
            "x": 1056
          },
          {
            "x": 1056,
            "y": 338
          },
          {
            "x": 736,
            "y": 338
          }
        ]
      },
      "fdBoundingPoly": {
        "vertices": [
          {
            "x": 778,
            "y": 58
          },
          {
            "x": 1010,
            "y": 58
          },
          {
            "x": 1010,
            "y": 290
          },
          {
            "x": 778,
            "y": 290
          }
        ]
      },
      "landmarks": [
        {
          "type": "LEFT_EYE",
          "position": {
            "x": 823.0598754882812,
            "y": 147.3720245361328,
            "z": 3.0059936761972494e-05
          }
        },
        {
          "type": "RIGHT_EYE",
          "position": {
            "x": 914.8695068359375,
            "y": 137.51210021972656,
            "z": -24.39421272277832
          }
        },
        {
          "type": "LEFT_OF_LEFT_EYEBROW",
          "position": {
            "x": 791.1466064453125,
            "y": 127.345703125,
            "z": 15.67960262298584
          }
        },
        {
          "type": "RIGHT_OF_LEFT_EYEBROW",
          "position": {
            "x": 839.3478393554688,
            "y": 123.98779296875,
            "z": -25.677270889282227
          }
        },
        {
          "type": "LEFT_OF_RIGHT_EYEBROW",
          "position": {
            "x": 884.0740966796875,
            "y": 118.12049865722656,
            "z": -37.680301666259766
          }
        },
        {
          "type": "RIGHT_OF_RIGHT_EYEBROW",
          "position": {
            "x": 947.5330810546875,
            "y": 109.04649353027344,
            "z": -25.010221481323242
          }
        },
        {
          "type": "MIDPOINT_BETWEEN_EYES",
          "position": {
            "x": 861.2811889648438,
            "y": 140.24127197265625,
            "z": -32.09059524536133
          }
        },
        {
          "type": "NOSE_TIP",
          "position": {
            "x": 865.251220703125,
            "y": 197.40521240234375,
            "z": -56.04164123535156
          }
        },
        {
          "type": "UPPER_LIP",
          "position": {
            "x": 874.1698608398438,
            "y": 233.48707580566406,
            "z": -32.341285705566406
          }
        },
        {
          "type": "LOWER_LIP",
          "position": {
            "x": 879.3922729492188,
            "y": 262.68414306640625,
            "z": -23.964582443237305
          }
        },
        {
          "type": "MOUTH_LEFT",
          "position": {
            "x": 847.4054565429688,
            "y": 246.45742797851562,
            "z": 2.422055244445801
          }
        },
        {
          "type": "MOUTH_RIGHT",
          "position": {
            "x": 918.4598999023438,
            "y": 240.3918914794922,
            "z": -16.395170211791992
          }
        },
        {
          "type": "MOUTH_CENTER",
          "position": {
            "x": 876.2694702148438,
            "y": 245.0771026611328,
            "z": -24.780044555664062
          }
        },
        {
          "type": "NOSE_BOTTOM_RIGHT",
          "position": {
            "x": 900.5479125976562,
            "y": 201.6685791015625,
            "z": -26.54287338256836
          }
        },
        {
          "type": "NOSE_BOTTOM_LEFT",
          "position": {
            "x": 847.4006958007812,
            "y": 205.32913208007812,
            "z": -12.8687162399292
          }
        },
        {
          "type": "NOSE_BOTTOM_CENTER",
          "position": {
            "x": 871.7120971679688,
            "y": 211.59811401367188,
            "z": -33.911354064941406
          }
        },
        {
          "type": "LEFT_EYE_TOP_BOUNDARY",
          "position": {
            "x": 820.4238891601562,
            "y": 141.12823486328125,
            "z": -6.58233118057251
          }
        },
        {
          "type": "LEFT_EYE_RIGHT_CORNER",
          "position": {
            "x": 841.3158569335938,
            "y": 144.95521545410156,
            "z": -4.479867935180664
          }
        },
        {
          "type": "LEFT_EYE_BOTTOM_BOUNDARY",
          "position": {
            "x": 823.615234375,
            "y": 153.4639892578125,
            "z": -0.419104665517807
          }
        },
        {
          "type": "LEFT_EYE_LEFT_CORNER",
          "position": {
            "x": 806.6553955078125,
            "y": 148.7665252685547,
            "z": 13.508325576782227
          }
        },
        {
          "type": "LEFT_EYE_PUPIL",
          "position": {
            "x": 820.8118896484375,
            "y": 147.41624450683594,
            "z": -1.8527491092681885
          }
        },
        {
          "type": "RIGHT_EYE_TOP_BOUNDARY",
          "position": {
            "x": 913.0572509765625,
            "y": 130.7600555419922,
            "z": -31.171239852905273
          }
        },
        {
          "type": "RIGHT_EYE_RIGHT_CORNER",
          "position": {
            "x": 936.116943359375,
            "y": 134.26231384277344,
            "z": -20.859548568725586
          }
        },
        {
          "type": "RIGHT_EYE_BOTTOM_BOUNDARY",
          "position": {
            "x": 916.3242797851562,
            "y": 142.78173828125,
            "z": -24.98640251159668
          }
        },
        {
          "type": "RIGHT_EYE_LEFT_CORNER",
          "position": {
            "x": 896.9049682617188,
            "y": 139.18362426757812,
            "z": -19.216169357299805
          }
        },
        {
          "type": "RIGHT_EYE_PUPIL",
          "position": {
            "x": 915.8297119140625,
            "y": 136.81536865234375,
            "z": -27.21044158935547
          }
        },
        {
          "type": "LEFT_EYEBROW_UPPER_MIDPOINT",
          "position": {
            "x": 811.7987060546875,
            "y": 114.13699340820312,
            "z": -11.787542343139648
          }
        },
        {
          "type": "RIGHT_EYEBROW_UPPER_MIDPOINT",
          "position": {
            "x": 912.32275390625,
            "y": 102.84644317626953,
            "z": -38.449066162109375
          }
        },
        {
          "type": "LEFT_EAR_TRAGION",
          "position": {
            "x": 799.1705932617188,
            "y": 190.43441772460938,
            "z": 133.21681213378906
          }
        },
        {
          "type": "RIGHT_EAR_TRAGION",
          "position": {
            "x": 1009.9707641601562,
            "y": 168.06008911132812,
            "z": 77.38706970214844
          }
        },
        {
          "type": "FOREHEAD_GLABELLA",
          "position": {
            "x": 860.5047607421875,
            "y": 119.7581558227539,
            "z": -35.29639434814453
          }
        },
        {
          "type": "CHIN_GNATHION",
          "position": {
            "x": 887.6377563476562,
            "y": 301.45574951171875,
            "z": -8.627158164978027
          }
        },
        {
          "type": "CHIN_LEFT_GONION",
          "position": {
            "x": 807.5115356445312,
            "y": 253.92822265625,
            "z": 95.92613983154297
          }
        },
        {
          "type": "CHIN_RIGHT_GONION",
          "position": {
            "x": 997.7223510742188,
            "y": 232.6399383544922,
            "z": 45.43418502807617
          }
        }
      ],
      "rollAngle": -7.216365337371826,
      "panAngle": -14.800097465515137,
      "tiltAngle": -3.0993411540985107,
      "detectionConfidence": 0.9607746005058289,
      "landmarkingConfidence": 0.4103485643863678,
      "joyLikelihood": "VERY_UNLIKELY",
      "sorrowLikelihood": "VERY_UNLIKELY",
      "angerLikelihood": "VERY_UNLIKELY",
      "surpriseLikelihood": "VERY_UNLIKELY",
      "underExposedLikelihood": "VERY_UNLIKELY",
      "blurredLikelihood": "VERY_UNLIKELY",
      "headwearLikelihood": "VERY_UNLIKELY"
    }
  ]
}
