{
  "faceAnnotations": [
    {
      "boundingPoly": {
        "vertices": [
          {
            "x": 70,
            "y": 22
          },
          {
            "x": 157,
            "y": 22
          },
          {
            "x": 157,
            "y": 123
          },
          {
            "x": 70,
            "y": 123
          }
        ]
      },
      "fdBoundingPoly": {
        "vertices": [
          {
            "x": 76,
            "y": 45
          },
          {
            "x": 140,
            "y": 45
          },
          {
            "x": 140,
            "y": 110
          },
          {
            "x": 76,
            "y": 110
          }
        ]
      },
      "landmarks": [
        {
          "type": "LEFT_EYE",
          "position": {
            "x": 90.80316162109375,
            "y": 65.18728637695312,
            "z": -0.001030102139338851
          }
        },
        {
          "type": "RIGHT_EYE",
          "position": {
            "x": 112.82825469970703,
            "y": 65.60179138183594,
            "z": -11.767073631286621
          }
        },
        {
          "type": "LEFT_OF_LEFT_EYEBROW",
          "position": {
            "x": 84.6612777709961,
            "y": 60.82697296142578,
            "z": 6.27357816696167
          }
        },
        {
          "type": "RIGHT_OF_LEFT_EYEBROW",
          "position": {
            "x": 94.99005126953125,
            "y": 60.1900749206543,
            "z": -7.635676383972168
          }
        },
        {
          "type": "LEFT_OF_RIGHT_EYEBROW",
          "position": {
            "x": 105.79438781738281,
            "y": 60.400020599365234,
            "z": -13.547171592712402
          }
        },
        {
          "type": "RIGHT_OF_RIGHT_EYEBROW",
          "position": {
            "x": 123.06912231445312,
            "y": 60.82378387451172,
            "z": -14.167557716369629
          }
        },
        {
          "type": "MIDPOINT_BETWEEN_EYES",
          "position": {
            "x": 100.4818115234375,
            "y": 65.53369140625,
            "z": -11.198277473449707
          }
        },
        {
          "type": "NOSE_TIP",
          "position": {
            "x": 96.6556625366211,
            "y": 79.83247375488281,
            "z": -18.706085205078125
          }
        },
        {
          "type": "UPPER_LIP",
          "position": {
            "x": 100.26937866210938,
            "y": 90.84317779541016,
            "z": -13.607588768005371
          }
        },
        {
          "type": "LOWER_LIP",
          "position": {
            "x": 100.57476043701172,
            "y": 99.07878112792969,
            "z": -12.391657829284668
          }
        },
        {
          "type": "MOUTH_LEFT",
          "position": {
            "x": 93.45792388916016,
            "y": 94.25434875488281,
            "z": -2.74039363861084
          }
        },
        {
          "type": "MOUTH_RIGHT",
          "position": {
            "x": 113.06915283203125,
            "y": 95.1228256225586,
            "z": -12.299161911010742
          }
        },
        {
          "type": "MOUTH_CENTER",
          "position": {
            "x": 100.71508026123047,
            "y": 94.52642059326172,
            "z": -12.123445510864258
          }
        },
        {
          "type": "NOSE_BOTTOM_RIGHT",
          "position": {
            "x": 107.7087173461914,
            "y": 83.29822540283203,
            "z": -13.189600944519043
          }
        },
        {
          "type": "NOSE_BOTTOM_LEFT",
          "position": {
            "x": 95.48204040527344,
            "y": 83.73651885986328,
            "z": -6.69959831237793
          }
        },
        {
          "type": "NOSE_BOTTOM_CENTER",
          "position": {
            "x": 99.67304992675781,
            "y": 85.0295639038086,
            "z": -13.540770530700684
          }
        },
        {
          "type": "LEFT_EYE_TOP_BOUNDARY",
          "position": {
            "x": 90.47628784179688,
            "y": 64.84416198730469,
            "z": -1.7093291282653809
          }
        },
        {
          "type": "LEFT_EYE_RIGHT_CORNER",
          "position": {
            "x": 96.26746368408203,
            "y": 66.7301025390625,
            "z": -2.6711905002593994
          }
        },
        {
          "type": "LEFT_EYE_BOTTOM_BOUNDARY",
          "position": {
            "x": 90.8087387084961,
            "y": 67.8297119140625,
            "z": -0.47027891874313354
          }
        },
        {
          "type": "LEFT_EYE_LEFT_CORNER",
          "position": {
            "x": 87.75182342529297,
            "y": 66.98685455322266,
            "z": 4.310174465179443
          }
        },
        {
          "type": "LEFT_EYE_PUPIL",
          "position": {
            "x": 90.64010620117188,
            "y": 66.76363372802734,
            "z": -0.5710561275482178
          }
        },
        {
          "type": "RIGHT_EYE_TOP_BOUNDARY",
          "position": {
            "x": 113.7876205444336,
            "y": 64.55889129638672,
            "z": -13.911885261535645
          }
        },
        {
          "type": "RIGHT_EYE_RIGHT_CORNER",
          "position": {
            "x": 120.09048461914062,
            "y": 66.63614654541016,
            "z": -12.721680641174316
          }
        },
        {
          "type": "RIGHT_EYE_BOTTOM_BOUNDARY",
          "position": {
            "x": 113.69405364990234,
            "y": 68.03347778320312,
            "z": -12.643087387084961
          }
        },
        {
          "type": "RIGHT_EYE_LEFT_CORNER",
          "position": {
            "x": 109.75872802734375,
            "y": 66.66365051269531,
            "z": -9.876067161560059
          }
        },
        {
          "type": "RIGHT_EYE_PUPIL",
          "position": {
            "x": 114.5697250366211,
            "y": 66.49850463867188,
            "z": -13.136394500732422
          }
        },
        {
          "type": "LEFT_EYEBROW_UPPER_MIDPOINT",
          "position": {
            "x": 89.0118179321289,
            "y": 57.2880859375,
            "z": -1.9993265867233276
          }
        },
        {
          "type": "RIGHT_EYEBROW_UPPER_MIDPOINT",
          "position": {
            "x": 114.3084716796875,
            "y": 56.99266052246094,
            "z": -15.24190616607666
          }
        },
        {
          "type": "LEFT_EAR_TRAGION",
          "position": {
            "x": 91.40367126464844,
            "y": 81.5208511352539,
            "z": 35.64981460571289
          }
        },
        {
          "type": "RIGHT_EAR_TRAGION",
          "position": {
            "x": 144.5941619873047,
            "y": 82.14356994628906,
            "z": 8.015280723571777
          }
        },
        {
          "type": "FOREHEAD_GLABELLA",
          "position": {
            "x": 100.23002624511719,
            "y": 59.82521057128906,
            "z": -11.45013427734375
          }
        },
        {
          "type": "CHIN_GNATHION",
          "position": {
            "x": 101.54389953613281,
            "y": 111.19767761230469,
            "z": -9.714005470275879
          }
        },
        {
          "type": "CHIN_LEFT_GONION",
          "position": {
            "x": 88.73755645751953,
            "y": 97.8648452758789,
            "z": 24.066650390625
          }
        },
        {
          "type": "CHIN_RIGHT_GONION",
          "position": {
            "x": 136.6212615966797,
            "y": 97.49480438232422,
            "z": -0.9725146889686584
          }
        }
      ],
      "rollAngle": 0.6520816087722778,
      "panAngle": -27.618263244628906,
      "tiltAngle": 2.654489755630493,
      "detectionConfidence": 0.9814856052398682,
      "landmarkingConfidence": 0.8272401690483093,
      "joyLikelihood": "VERY_UNLIKELY",
      "sorrowLikelihood": "VERY_UNLIKELY",
      "angerLikelihood": "VERY_UNLIKELY",
      "surpriseLikelihood": "VERY_UNLIKELY",
      "underExposedLikelihood": "VERY_UNLIKELY",
      "blurredLikelihood": "VERY_UNLIKELY",
      "headwearLikelihood": "VERY_UNLIKELY"
    },
    {
      "boundingPoly": {
        "vertices": [
          {
            "x": 221,
            "y": 74
          },
          {
            "x": 288,
            "y": 74
          },
          {
            "x": 288,
            "y": 152
          },
          {
            "x": 221,
            "y": 152
          }
        ]
      },
      "fdBoundingPoly": {
        "vertices": [
          {
            "x": 232,
            "y": 89
          },
          {
            "x": 287,
            "y": 89
          },
          {
            "x": 287,
            "y": 144
          },
          {
            "x": 232,
            "y": 144
          }
        ]
      },
      "landmarks": [
        {
          "type": "LEFT_EYE",
          "position": {
            "x": 261.50726318359375,
            "y": 108.06380462646484,
            "z": -0.000408321269787848
          }
        },
        {
          "type": "RIGHT_EYE",
          "position": {
            "x": 274.93408203125,
            "y": 108.23265838623047,
            "z": 14.56412124633789
          }
        },
        {
          "type": "LEFT_OF_LEFT_EYEBROW",
          "position": {
            "x": 255.0280303955078,
            "y": 104.6951675415039,
            "z": -3.7116429805755615
          }
        },
        {
          "type": "RIGHT_OF_LEFT_EYEBROW",
          "position": {
            "x": 267.78155517578125,
            "y": 104.48056030273438,
            "z": 1.2282078266143799
          }
        },
        {
          "type": "LEFT_OF_RIGHT_EYEBROW",
          "position": {
            "x": 274.18194580078125,
            "y": 103.29348754882812,
            "z": 8.311858177185059
          }
        },
        {
          "type": "RIGHT_OF_RIGHT_EYEBROW",
          "position": {
            "x": 277.9996032714844,
            "y": 103.39854431152344,
            "z": 21.01166534423828
          }
        },
        {
          "type": "MIDPOINT_BETWEEN_EYES",
          "position": {
            "x": 271.7333679199219,
            "y": 107.45661926269531,
            "z": 4.417197227478027
          }
        },
        {
          "type": "NOSE_TIP",
          "position": {
            "x": 276.8972473144531,
            "y": 118.10804748535156,
            "z": 0.13939286768436432
          }
        },
        {
          "type": "UPPER_LIP",
          "position": {
            "x": 273.37554931640625,
            "y": 127.17237854003906,
            "z": 3.2524969577789307
          }
        },
        {
          "type": "LOWER_LIP",
          "position": {
            "x": 272.4322204589844,
            "y": 133.0882110595703,
            "z": 4.101524829864502
          }
        },
        {
          "type": "MOUTH_LEFT",
          "position": {
            "x": 262.1463928222656,
            "y": 129.376953125,
            "z": 0.8938353061676025
          }
        },
        {
          "type": "MOUTH_RIGHT",
          "position": {
            "x": 274.27734375,
            "y": 129.8098602294922,
            "z": 12.528407096862793
          }
        },
        {
          "type": "MOUTH_CENTER",
          "position": {
            "x": 272.51177978515625,
            "y": 129.66958618164062,
            "z": 4.198549747467041
          }
        },
        {
          "type": "NOSE_BOTTOM_RIGHT",
          "position": {
            "x": 274.4873046875,
            "y": 120.49871826171875,
            "z": 9.47634506225586
          }
        },
        {
          "type": "NOSE_BOTTOM_LEFT",
          "position": {
            "x": 267.63873291015625,
            "y": 120.83000183105469,
            "z": 1.5070312023162842
          }
        },
        {
          "type": "NOSE_BOTTOM_CENTER",
          "position": {
            "x": 273.65972900390625,
            "y": 121.80532836914062,
            "z": 3.2389371395111084
          }
        },
        {
          "type": "LEFT_EYE_TOP_BOUNDARY",
          "position": {
            "x": 262.3388977050781,
            "y": 107.13558959960938,
            "z": -0.9634553790092468
          }
        },
        {
          "type": "LEFT_EYE_RIGHT_CORNER",
          "position": {
            "x": 263.6487121582031,
            "y": 108.42504119873047,
            "z": 2.8228952884674072
          }
        },
        {
          "type": "LEFT_EYE_BOTTOM_BOUNDARY",
          "position": {
            "x": 261.3065185546875,
            "y": 109.48738098144531,
            "z": -0.25210458040237427
          }
        },
        {
          "type": "LEFT_EYE_LEFT_CORNER",
          "position": {
            "x": 257.2084655761719,
            "y": 108.68927764892578,
            "z": -1.7781239748001099
          }
        },
        {
          "type": "LEFT_EYE_PUPIL",
          "position": {
            "x": 261.5721740722656,
            "y": 108.54737854003906,
            "z": -0.6492183208465576
          }
        },
        {
          "type": "RIGHT_EYE_TOP_BOUNDARY",
          "position": {
            "x": 275.9767150878906,
            "y": 106.67247009277344,
            "z": 13.793025016784668
          }
        },
        {
          "type": "RIGHT_EYE_RIGHT_CORNER",
          "position": {
            "x": 276.4230041503906,
            "y": 108.19348907470703,
            "z": 18.8808536529541
          }
        },
        {
          "type": "RIGHT_EYE_BOTTOM_BOUNDARY",
          "position": {
            "x": 275.22015380859375,
            "y": 109.59190368652344,
            "z": 14.526778221130371
          }
        },
        {
          "type": "RIGHT_EYE_LEFT_CORNER",
          "position": {
            "x": 272.7406311035156,
            "y": 107.94209289550781,
            "z": 11.90634822845459
          }
        },
        {
          "type": "RIGHT_EYE_PUPIL",
          "position": {
            "x": 275.57586669921875,
            "y": 108.09241485595703,
            "z": 14.478841781616211
          }
        },
        {
          "type": "LEFT_EYEBROW_UPPER_MIDPOINT",
          "position": {
            "x": 262.17584228515625,
            "y": 101.3857192993164,
            "z": -2.172602415084839
          }
        },
        {
          "type": "RIGHT_EYEBROW_UPPER_MIDPOINT",
          "position": {
            "x": 276.9776611328125,
            "y": 100.84324645996094,
            "z": 13.840152740478516
          }
        },
        {
          "type": "LEFT_EAR_TRAGION",
          "position": {
            "x": 235.1133575439453,
            "y": 120.76029205322266,
            "z": 7.146225929260254
          }
        },
        {
          "type": "RIGHT_EAR_TRAGION",
          "position": {
            "x": 266.1047668457031,
            "y": 119.10047149658203,
            "z": 40.691261291503906
          }
        },
        {
          "type": "FOREHEAD_GLABELLA",
          "position": {
            "x": 271.44525146484375,
            "y": 103.11962127685547,
            "z": 4.19926118850708
          }
        },
        {
          "type": "CHIN_GNATHION",
          "position": {
            "x": 271.3067626953125,
            "y": 142.4115753173828,
            "z": 5.743767738342285
          }
        },
        {
          "type": "CHIN_LEFT_GONION",
          "position": {
            "x": 243.37437438964844,
            "y": 132.88775634765625,
            "z": 2.940101146697998
          }
        },
        {
          "type": "CHIN_RIGHT_GONION",
          "position": {
            "x": 271.3529968261719,
            "y": 131.57296752929688,
            "z": 33.26974105834961
          }
        }
      ],
      "rollAngle": -3.3772919178009033,
      "panAngle": 47.27667236328125,
      "tiltAngle": 1.2421753406524658,
      "detectionConfidence": 0.9910533428192139,
      "landmarkingConfidence": 0.6592378616333008,
      "joyLikelihood": "VERY_UNLIKELY",
      "sorrowLikelihood": "VERY_UNLIKELY",
      "angerLikelihood": "VERY_UNLIKELY",
      "surpriseLikelihood": "VERY_UNLIKELY",
      "underExposedLikelihood": "VERY_UNLIKELY",
      "blurredLikelihood": "VERY_UNLIKELY",
      "headwearLikelihood": "VERY_UNLIKELY"
    }
  ]
}
