{
  "faceAnnotations": [
    {
      "boundingPoly": {
        "vertices": [
          {
            "x": 157,
            "y": 88
          },
          {
            "x": 240,
            "y": 88
          },
          {
            "x": 240,
            "y": 185
          },
          {
            "x": 157,
            "y": 185
          }
        ]
      },
      "fdBoundingPoly": {
        "vertices": [
          {
            "x": 168,
            "y": 102
          },
          {
            "x": 230,
            "y": 102
          },
          {
            "x": 230,
            "y": 164
          },
          {
            "x": 168,
            "y": 164
          }
        ]
      },
      "landmarks": [
        {
          "type": "LEFT_EYE",
          "position": {
            "x": 186.84117126464844,
            "y": 122.05537414550781,
            "z": 0.0008762842626310885
          }
        },
        {
          "type": "RIGHT_EYE",
          "position": {
            "x": 213.2232666015625,
            "y": 124.62715911865234,
            "z": -1.440795660018921
          }
        },
        {
          "type": "LEFT_OF_LEFT_EYEBROW",
          "position": {
            "x": 179.580078125,
            "y": 116.98731231689453,
            "z": 5.200864315032959
          }
        },
        {
          "type": "RIGHT_OF_LEFT_EYEBROW",
          "position": {
            "x": 194.48727416992188,
            "y": 115.31661987304688,
            "z": -2.204998731613159
          }
        },
        {
          "type": "LEFT_OF_RIGHT_EYEBROW",
          "position": {
            "x": 206.60934448242188,
            "y": 116.53721618652344,
            "z": -2.899848222732544
          }
        },
        {
          "type": "RIGHT_OF_RIGHT_EYEBROW",
          "position": {
            "x": 221.56695556640625,
            "y": 121.55085754394531,
            "z": 2.7270259857177734
          }
        },
        {
          "type": "MIDPOINT_BETWEEN_EYES",
          "position": {
            "x": 199.9161376953125,
            "y": 120.4881362915039,
            "z": -5.181196212768555
          }
        },
        {
          "type": "NOSE_TIP",
          "position": {
            "x": 198.225341796875,
            "y": 129.8819580078125,
            "z": -17.922740936279297
          }
        },
        {
          "type": "UPPER_LIP",
          "position": {
            "x": 196.9362335205078,
            "y": 142.16885375976562,
            "z": -16.903898239135742
          }
        },
        {
          "type": "LOWER_LIP",
          "position": {
            "x": 196.11383056640625,
            "y": 148.7818145751953,
            "z": -18.581457138061523
          }
        },
        {
          "type": "MOUTH_LEFT",
          "position": {
            "x": 186.63865661621094,
            "y": 146.32447814941406,
            "z": -11.522454261779785
          }
        },
        {
          "type": "MOUTH_RIGHT",
          "position": {
            "x": 206.98924255371094,
            "y": 148.80027770996094,
            "z": -12.65408992767334
          }
        },
        {
          "type": "MOUTH_CENTER",
          "position": {
            "x": 196.57826232910156,
            "y": 145.2671356201172,
            "z": -16.684062957763672
          }
        },
        {
          "type": "NOSE_BOTTOM_RIGHT",
          "position": {
            "x": 204.3803253173828,
            "y": 135.71875,
            "z": -10.386469841003418
          }
        },
        {
          "type": "NOSE_BOTTOM_LEFT",
          "position": {
            "x": 191.47421264648438,
            "y": 134.8048095703125,
            "z": -9.640846252441406
          }
        },
        {
          "type": "NOSE_BOTTOM_CENTER",
          "position": {
            "x": 197.70962524414062,
            "y": 135.06370544433594,
            "z": -14.280607223510742
          }
        },
        {
          "type": "LEFT_EYE_TOP_BOUNDARY",
          "position": {
            "x": 187.63819885253906,
            "y": 119.86012268066406,
            "z": -0.811793327331543
          }
        },
        {
          "type": "LEFT_EYE_RIGHT_CORNER",
          "position": {
            "x": 192.03407287597656,
            "y": 122.88264465332031,
            "z": -0.2958446741104126
          }
        },
        {
          "type": "LEFT_EYE_BOTTOM_BOUNDARY",
          "position": {
            "x": 186.67391967773438,
            "y": 123.79092407226562,
            "z": -0.98856121301651
          }
        },
        {
          "type": "LEFT_EYE_LEFT_CORNER",
          "position": {
            "x": 182.3914031982422,
            "y": 122.71238708496094,
            "z": 2.324354648590088
          }
        },
        {
          "type": "LEFT_EYE_PUPIL",
          "position": {
            "x": 187.05767822265625,
            "y": 121.8222885131836,
            "z": -0.5685240626335144
          }
        },
        {
          "type": "RIGHT_EYE_TOP_BOUNDARY",
          "position": {
            "x": 212.49508666992188,
            "y": 122.45582580566406,
            "z": -2.2538552284240723
          }
        },
        {
          "type": "RIGHT_EYE_RIGHT_CORNER",
          "position": {
            "x": 217.4918670654297,
            "y": 126.39445495605469,
            "z": 0.32563015818595886
          }
        },
        {
          "type": "RIGHT_EYE_BOTTOM_BOUNDARY",
          "position": {
            "x": 212.70791625976562,
            "y": 126.55003356933594,
            "z": -2.44895339012146
          }
        },
        {
          "type": "RIGHT_EYE_LEFT_CORNER",
          "position": {
            "x": 207.7867431640625,
            "y": 124.1997299194336,
            "z": -1.1149778366088867
          }
        },
        {
          "type": "RIGHT_EYE_PUPIL",
          "position": {
            "x": 212.54373168945312,
            "y": 124.47541809082031,
            "z": -2.076568603515625
          }
        },
        {
          "type": "LEFT_EYEBROW_UPPER_MIDPOINT",
          "position": {
            "x": 187.44140625,
            "y": 112.69658660888672,
            "z": 1.2660969495773315
          }
        },
        {
          "type": "RIGHT_EYEBROW_UPPER_MIDPOINT",
          "position": {
            "x": 214.3807830810547,
            "y": 115.51664733886719,
            "z": -0.3000384271144867
          }
        },
        {
          "type": "LEFT_EAR_TRAGION",
          "position": {
            "x": 170.4341583251953,
            "y": 144.92489624023438,
            "z": 23.416406631469727
          }
        },
        {
          "type": "RIGHT_EAR_TRAGION",
          "position": {
            "x": 226.97894287109375,
            "y": 150.67510986328125,
            "z": 20.256671905517578
          }
        },
        {
          "type": "FOREHEAD_GLABELLA",
          "position": {
            "x": 200.570068359375,
            "y": 115.2427978515625,
            "z": -3.2838351726531982
          }
        },
        {
          "type": "CHIN_GNATHION",
          "position": {
            "x": 194.8316192626953,
            "y": 160.88954162597656,
            "z": -20.372880935668945
          }
        },
        {
          "type": "CHIN_LEFT_GONION",
          "position": {
            "x": 171.21221923828125,
            "y": 155.01881408691406,
            "z": 7.198053359985352
          }
        },
        {
          "type": "CHIN_RIGHT_GONION",
          "position": {
            "x": 222.1418914794922,
            "y": 160.3545684814453,
            "z": 4.218244552612305
          }
        }
      ],
      "rollAngle": 7.546198844909668,
      "panAngle": -3.670675754547119,
      "tiltAngle": 25.645118713378906,
      "detectionConfidence": 0.9449470043182373,
      "landmarkingConfidence": 0.7037110924720764,
      "joyLikelihood": "VERY_UNLIKELY",
      "sorrowLikelihood": "VERY_UNLIKELY",
      "angerLikelihood": "VERY_UNLIKELY",
      "surpriseLikelihood": "VERY_UNLIKELY",
      "underExposedLikelihood": "VERY_UNLIKELY",
      "blurredLikelihood": "VERY_UNLIKELY",
      "headwearLikelihood": "VERY_UNLIKELY"
    },
    {
      "boundingPoly": {
        "vertices": [
          {
            "x": 302,
            "y": 103
          },
          {
            "x": 378,
            "y": 103
          },
          {
            "x": 378,
            "y": 190
          },
          {
            "x": 302,
            "y": 190
          }
        ]
      },
      "fdBoundingPoly": {
        "vertices": [
          {
            "x": 320,
            "y": 133
          },
          {
            "x": 376,
            "y": 133
          },
          {
            "x": 376,
            "y": 190
          },
          {
            "x": 320,
            "y": 190
          }
        ]
      },
      "landmarks": [
        {
          "type": "LEFT_EYE",
          "position": {
            "x": 342.1710510253906,
            "y": 152.24258422851562,
            "z": -0.0004198229289613664
          }
        },
        {
          "type": "RIGHT_EYE",
          "position": {
            "x": 362.0936584472656,
            "y": 150.5849151611328,
            "z": 11.668946266174316
          }
        },
        {
          "type": "LEFT_OF_LEFT_EYEBROW",
          "position": {
            "x": 335.692626953125,
            "y": 146.91122436523438,
            "z": -4.041903495788574
          }
        },
        {
          "type": "RIGHT_OF_LEFT_EYEBROW",
          "position": {
            "x": 350.56658935546875,
            "y": 148.2498779296875,
            "z": -2.400005340576172
          }
        },
        {
          "type": "LEFT_OF_RIGHT_EYEBROW",
          "position": {
            "x": 360.0708923339844,
            "y": 147.58641052246094,
            "z": 3.244006872177124
          }
        },
        {
          "type": "RIGHT_OF_RIGHT_EYEBROW",
          "position": {
            "x": 368.4464111328125,
            "y": 144.24227905273438,
            "z": 15.269844055175781
          }
        },
        {
          "type": "MIDPOINT_BETWEEN_EYES",
          "position": {
            "x": 355.1343688964844,
            "y": 151.81649780273438,
            "z": 1.7092828750610352
          }
        },
        {
          "type": "NOSE_TIP",
          "position": {
            "x": 356.2501220703125,
            "y": 167.02578735351562,
            "z": 1.408951997756958
          }
        },
        {
          "type": "UPPER_LIP",
          "position": {
            "x": 352.49481201171875,
            "y": 172.5790252685547,
            "z": 8.53882884979248
          }
        },
        {
          "type": "LOWER_LIP",
          "position": {
            "x": 350.4787292480469,
            "y": 179.2176971435547,
            "z": 12.700573921203613
          }
        },
        {
          "type": "MOUTH_LEFT",
          "position": {
            "x": 339.78375244140625,
            "y": 173.0279998779297,
            "z": 9.88071346282959
          }
        },
        {
          "type": "MOUTH_RIGHT",
          "position": {
            "x": 356.851806640625,
            "y": 172.75265502929688,
            "z": 19.14706039428711
          }
        },
        {
          "type": "MOUTH_CENTER",
          "position": {
            "x": 351.2406005859375,
            "y": 175.27471923828125,
            "z": 11.204648971557617
          }
        },
        {
          "type": "NOSE_BOTTOM_RIGHT",
          "position": {
            "x": 357.1388244628906,
            "y": 164.9420166015625,
            "z": 12.071845054626465
          }
        },
        {
          "type": "NOSE_BOTTOM_LEFT",
          "position": {
            "x": 346.81097412109375,
            "y": 166.1883087158203,
            "z": 5.826507091522217
          }
        },
        {
          "type": "NOSE_BOTTOM_CENTER",
          "position": {
            "x": 353.03717041015625,
            "y": 168.8153839111328,
            "z": 6.8927903175354
          }
        },
        {
          "type": "LEFT_EYE_TOP_BOUNDARY",
          "position": {
            "x": 343.54278564453125,
            "y": 151.26388549804688,
            "z": -1.656746745109558
          }
        },
        {
          "type": "LEFT_EYE_RIGHT_CORNER",
          "position": {
            "x": 347.2215881347656,
            "y": 152.47930908203125,
            "z": 2.782895565032959
          }
        },
        {
          "type": "LEFT_EYE_BOTTOM_BOUNDARY",
          "position": {
            "x": 342.221923828125,
            "y": 153.57958984375,
            "z": 0.5005688667297363
          }
        },
        {
          "type": "LEFT_EYE_LEFT_CORNER",
          "position": {
            "x": 337.1835632324219,
            "y": 151.859130859375,
            "z": -0.4838634431362152
          }
        },
        {
          "type": "LEFT_EYE_PUPIL",
          "position": {
            "x": 342.5669250488281,
            "y": 152.36810302734375,
            "z": -0.5163734555244446
          }
        },
        {
          "type": "RIGHT_EYE_TOP_BOUNDARY",
          "position": {
            "x": 363.13525390625,
            "y": 149.67530822753906,
            "z": 9.901453971862793
          }
        },
        {
          "type": "RIGHT_EYE_RIGHT_CORNER",
          "position": {
            "x": 365.0328063964844,
            "y": 149.49656677246094,
            "z": 15.6473970413208
          }
        },
        {
          "type": "RIGHT_EYE_BOTTOM_BOUNDARY",
          "position": {
            "x": 362.21856689453125,
            "y": 151.88201904296875,
            "z": 12.066300392150879
          }
        },
        {
          "type": "RIGHT_EYE_LEFT_CORNER",
          "position": {
            "x": 358.3869934082031,
            "y": 150.87586975097656,
            "z": 9.520517349243164
          }
        },
        {
          "type": "RIGHT_EYE_PUPIL",
          "position": {
            "x": 362.6691589355469,
            "y": 150.73519897460938,
            "z": 11.332321166992188
          }
        },
        {
          "type": "LEFT_EYEBROW_UPPER_MIDPOINT",
          "position": {
            "x": 344.2091369628906,
            "y": 145.62838745117188,
            "z": -5.45612096786499
          }
        },
        {
          "type": "RIGHT_EYEBROW_UPPER_MIDPOINT",
          "position": {
            "x": 365.45135498046875,
            "y": 143.9178009033203,
            "z": 7.083529472351074
          }
        },
        {
          "type": "LEFT_EAR_TRAGION",
          "position": {
            "x": 314.7239990234375,
            "y": 152.72946166992188,
            "z": 18.837961196899414
          }
        },
        {
          "type": "RIGHT_EAR_TRAGION",
          "position": {
            "x": 359.1891174316406,
            "y": 149.1300048828125,
            "z": 45.09147262573242
          }
        },
        {
          "type": "FOREHEAD_GLABELLA",
          "position": {
            "x": 355.79962158203125,
            "y": 148.0274200439453,
            "z": -0.3575725257396698
          }
        },
        {
          "type": "CHIN_GNATHION",
          "position": {
            "x": 348.07159423828125,
            "y": 188.05462646484375,
            "z": 18.833354949951172
          }
        },
        {
          "type": "CHIN_LEFT_GONION",
          "position": {
            "x": 319.4310302734375,
            "y": 169.55508422851562,
            "z": 18.118593215942383
          }
        },
        {
          "type": "CHIN_RIGHT_GONION",
          "position": {
            "x": 359.6004943847656,
            "y": 166.31072998046875,
            "z": 41.830238342285156
          }
        }
      ],
      "rollAngle": 8.518869400024414,
      "panAngle": 32.9293212890625,
      "tiltAngle": -21.16582679748535,
      "detectionConfidence": 0.9873113036155701,
      "landmarkingConfidence": 0.48712658882141113,
      "joyLikelihood": "VERY_LIKELY",
      "sorrowLikelihood": "VERY_UNLIKELY",
      "angerLikelihood": "VERY_UNLIKELY",
      "surpriseLikelihood": "VERY_UNLIKELY",
      "underExposedLikelihood": "VERY_UNLIKELY",
      "blurredLikelihood": "VERY_UNLIKELY",
      "headwearLikelihood": "VERY_UNLIKELY"
    }
  ]
}
