{
  "faceAnnotations": [
    {
      "boundingPoly": {
        "vertices": [
          {
            "x": 280,
            "y": 58
          },
          {
            "x": 361,
            "y": 58
          },
          {
            "x": 361,
            "y": 152
          },
          {
            "x": 280,
            "y": 152
          }
        ]
      },
      "fdBoundingPoly": {
        "vertices": [
          {
            "x": 283,
            "y": 81
          },
          {
            "x": 346,
            "y": 81
          },
          {
            "x": 346,
            "y": 144
          },
          {
            "x": 283,
            "y": 144
          }
        ]
      },
      "landmarks": [
        {
          "type": "LEFT_EYE",
          "position": {
            "x": 295.3185119628906,
            "y": 100.86447143554688,
            "z": -9.517029684502631e-05
          }
        },
        {
          "type": "RIGHT_EYE",
          "position": {
            "x": 309.1159973144531,
            "y": 103.37242126464844,
            "z": -18.891921997070312
          }
        },
        {
          "type": "LEFT_OF_LEFT_EYEBROW",
          "position": {
            "x": 292.4256286621094,
            "y": 94.600830078125,
            "z": 7.12621545791626
          }
        },
        {
          "type": "RIGHT_OF_LEFT_EYEBROW",
          "position": {
            "x": 295.30224609375,
            "y": 96.5699234008789,
            "z": -8.501269340515137
          }
        },
        {
          "type": "LEFT_OF_RIGHT_EYEBROW",
          "position": {
            "x": 302.1111755371094,
            "y": 97.75504302978516,
            "z": -17.91038703918457
          }
        },
        {
          "type": "RIGHT_OF_RIGHT_EYEBROW",
          "position": {
            "x": 318.4026794433594,
            "y": 99.01522827148438,
            "z": -25.51319694519043
          }
        },
        {
          "type": "MIDPOINT_BETWEEN_EYES",
          "position": {
            "x": 297.8047180175781,
            "y": 101.54491424560547,
            "z": -12.882599830627441
          }
        },
        {
          "type": "NOSE_TIP",
          "position": {
            "x": 292.59405517578125,
            "y": 116.10700988769531,
            "z": -15.171808242797852
          }
        },
        {
          "type": "UPPER_LIP",
          "position": {
            "x": 297.00738525390625,
            "y": 125.60850524902344,
            "z": -10.602591514587402
          }
        },
        {
          "type": "LOWER_LIP",
          "position": {
            "x": 298.4144287109375,
            "y": 132.71615600585938,
            "z": -8.58871841430664
          }
        },
        {
          "type": "MOUTH_LEFT",
          "position": {
            "x": 297.34765625,
            "y": 127.91697692871094,
            "z": 1.08696448802948
          }
        },
        {
          "type": "MOUTH_RIGHT",
          "position": {
            "x": 308.85986328125,
            "y": 128.5580596923828,
            "z": -14.093990325927734
          }
        },
        {
          "type": "MOUTH_CENTER",
          "position": {
            "x": 298.63494873046875,
            "y": 128.6403045654297,
            "z": -9.075733184814453
          }
        },
        {
          "type": "NOSE_BOTTOM_RIGHT",
          "position": {
            "x": 303.29425048828125,
            "y": 119.71654510498047,
            "z": -14.433070182800293
          }
        },
        {
          "type": "NOSE_BOTTOM_LEFT",
          "position": {
            "x": 296.196533203125,
            "y": 117.10289001464844,
            "z": -4.07448148727417
          }
        },
        {
          "type": "NOSE_BOTTOM_CENTER",
          "position": {
            "x": 297.0822448730469,
            "y": 119.996337890625,
            "z": -11.356988906860352
          }
        },
        {
          "type": "LEFT_EYE_TOP_BOUNDARY",
          "position": {
            "x": 294.0600280761719,
            "y": 99.79496765136719,
            "z": -1.1724519729614258
          }
        },
        {
          "type": "LEFT_EYE_RIGHT_CORNER",
          "position": {
            "x": 298.1911926269531,
            "y": 102.13847351074219,
            "z": -3.7449405193328857
          }
        },
        {
          "type": "LEFT_EYE_BOTTOM_BOUNDARY",
          "position": {
            "x": 295.17816162109375,
            "y": 103.06178283691406,
            "z": 0.10566359013319016
          }
        },
        {
          "type": "LEFT_EYE_LEFT_CORNER",
          "position": {
            "x": 294.2864990234375,
            "y": 100.75906372070312,
            "z": 5.20822811126709
          }
        },
        {
          "type": "LEFT_EYE_PUPIL",
          "position": {
            "x": 294.6884765625,
            "y": 101.38272094726562,
            "z": -0.017153678461909294
          }
        },
        {
          "type": "RIGHT_EYE_TOP_BOUNDARY",
          "position": {
            "x": 308.4612731933594,
            "y": 102.42945098876953,
            "z": -20.519046783447266
          }
        },
        {
          "type": "RIGHT_EYE_RIGHT_CORNER",
          "position": {
            "x": 314.81890869140625,
            "y": 104.5243911743164,
            "z": -21.90853500366211
          }
        },
        {
          "type": "RIGHT_EYE_BOTTOM_BOUNDARY",
          "position": {
            "x": 309.3257141113281,
            "y": 105.62715148925781,
            "z": -19.189517974853516
          }
        },
        {
          "type": "RIGHT_EYE_LEFT_CORNER",
          "position": {
            "x": 306.6140441894531,
            "y": 103.79330444335938,
            "z": -15.27112865447998
          }
        },
        {
          "type": "RIGHT_EYE_PUPIL",
          "position": {
            "x": 309.4250793457031,
            "y": 104.0872573852539,
            "z": -19.898160934448242
          }
        },
        {
          "type": "LEFT_EYEBROW_UPPER_MIDPOINT",
          "position": {
            "x": 292.5367126464844,
            "y": 92.78710174560547,
            "z": -1.992666482925415
          }
        },
        {
          "type": "RIGHT_EYEBROW_UPPER_MIDPOINT",
          "position": {
            "x": 308.21893310546875,
            "y": 95.63079833984375,
            "z": -22.998443603515625
          }
        },
        {
          "type": "LEFT_EAR_TRAGION",
          "position": {
            "x": 310.2471923828125,
            "y": 109.35472106933594,
            "z": 31.601051330566406
          }
        },
        {
          "type": "RIGHT_EAR_TRAGION",
          "position": {
            "x": 343.3031921386719,
            "y": 115.813232421875,
            "z": -12.387152671813965
          }
        },
        {
          "type": "FOREHEAD_GLABELLA",
          "position": {
            "x": 298.0403137207031,
            "y": 97.00079345703125,
            "z": -13.813973426818848
          }
        },
        {
          "type": "CHIN_GNATHION",
          "position": {
            "x": 301.8656005859375,
            "y": 142.65411376953125,
            "z": -5.030178546905518
          }
        },
        {
          "type": "CHIN_LEFT_GONION",
          "position": {
            "x": 303.80462646484375,
            "y": 125.70384216308594,
            "z": 25.677003860473633
          }
        },
        {
          "type": "CHIN_RIGHT_GONION",
          "position": {
            "x": 333.4946594238281,
            "y": 130.92457580566406,
            "z": -14.17054557800293
          }
        }
      ],
      "rollAngle": 0.44511911273002625,
      "panAngle": -53.491851806640625,
      "tiltAngle": -7.423306941986084,
      "detectionConfidence": 0.59336918592453,
      "landmarkingConfidence": 0.5803103446960449,
      "joyLikelihood": "VERY_UNLIKELY",
      "sorrowLikelihood": "VERY_UNLIKELY",
      "angerLikelihood": "VERY_UNLIKELY",
      "surpriseLikelihood": "VERY_UNLIKELY",
      "underExposedLikelihood": "VERY_UNLIKELY",
      "blurredLikelihood": "VERY_UNLIKELY",
      "headwearLikelihood": "POSSIBLE"
    },
    {
      "boundingPoly": {
        "vertices": [
          {
            "x": 59,
            "y": 28
          },
          {
            "x": 157,
            "y": 28
          },
          {
            "x": 157,
            "y": 143
          },
          {
            "x": 59,
            "y": 143
          }
        ]
      },
      "fdBoundingPoly": {
        "vertices": [
          {
            "x": 65,
            "y": 59
          },
          {
            "x": 143,
            "y": 59
          },
          {
            "x": 143,
            "y": 136
          },
          {
            "x": 65,
            "y": 136
          }
        ]
      },
      "landmarks": [
        {
          "type": "LEFT_EYE",
          "position": {
            "x": 79.24890899658203,
            "y": 79.09187316894531,
            "z": -0.0007446124800480902
          }
        },
        {
          "type": "RIGHT_EYE",
          "position": {
            "x": 96.03694915771484,
            "y": 84.98771667480469,
            "z": -22.695049285888672
          }
        },
        {
          "type": "LEFT_OF_LEFT_EYEBROW",
          "position": {
            "x": 75.90904998779297,
            "y": 70.10128784179688,
            "z": 8.129190444946289
          }
        },
        {
          "type": "RIGHT_OF_LEFT_EYEBROW",
          "position": {
            "x": 79.4697036743164,
            "y": 74.26142883300781,
            "z": -10.803733825683594
          }
        },
        {
          "type": "LEFT_OF_RIGHT_EYEBROW",
          "position": {
            "x": 88.01615142822266,
            "y": 77.73088073730469,
            "z": -22.046588897705078
          }
        },
        {
          "type": "RIGHT_OF_RIGHT_EYEBROW",
          "position": {
            "x": 105.44550323486328,
            "y": 80.65608215332031,
            "z": -30.81867790222168
          }
        },
        {
          "type": "MIDPOINT_BETWEEN_EYES",
          "position": {
            "x": 82.931884765625,
            "y": 81.86787414550781,
            "z": -15.436261177062988
          }
        },
        {
          "type": "NOSE_TIP",
          "position": {
            "x": 75.17455291748047,
            "y": 98.90011596679688,
            "z": -17.037504196166992
          }
        },
        {
          "type": "UPPER_LIP",
          "position": {
            "x": 79.23201751708984,
            "y": 109.63343048095703,
            "z": -10.68241024017334
          }
        },
        {
          "type": "LOWER_LIP",
          "position": {
            "x": 79.97232818603516,
            "y": 118.16633605957031,
            "z": -7.534181118011475
          }
        },
        {
          "type": "MOUTH_LEFT",
          "position": {
            "x": 78.98287200927734,
            "y": 111.72605895996094,
            "z": 3.9549026489257812
          }
        },
        {
          "type": "MOUTH_RIGHT",
          "position": {
            "x": 92.00297546386719,
            "y": 116.1825180053711,
            "z": -14.03825855255127
          }
        },
        {
          "type": "MOUTH_CENTER",
          "position": {
            "x": 80.68158721923828,
            "y": 113.81863403320312,
            "z": -8.406839370727539
          }
        },
        {
          "type": "NOSE_BOTTOM_RIGHT",
          "position": {
            "x": 89.15803527832031,
            "y": 103.11085510253906,
            "z": -16.29119300842285
          }
        },
        {
          "type": "NOSE_BOTTOM_LEFT",
          "position": {
            "x": 78.85050201416016,
            "y": 99.09512329101562,
            "z": -3.4056248664855957
          }
        },
        {
          "type": "NOSE_BOTTOM_CENTER",
          "position": {
            "x": 80.47024536132812,
            "y": 103.92689514160156,
            "z": -11.937834739685059
          }
        },
        {
          "type": "LEFT_EYE_TOP_BOUNDARY",
          "position": {
            "x": 77.61195373535156,
            "y": 77.38867950439453,
            "z": -1.4736326932907104
          }
        },
        {
          "type": "LEFT_EYE_RIGHT_CORNER",
          "position": {
            "x": 82.39594268798828,
            "y": 80.67195892333984,
            "z": -4.357177257537842
          }
        },
        {
          "type": "LEFT_EYE_BOTTOM_BOUNDARY",
          "position": {
            "x": 78.7373046875,
            "y": 81.19525146484375,
            "z": 0.38303911685943604
          }
        },
        {
          "type": "LEFT_EYE_LEFT_CORNER",
          "position": {
            "x": 77.76099395751953,
            "y": 77.95104217529297,
            "z": 6.4122748374938965
          }
        },
        {
          "type": "LEFT_EYE_PUPIL",
          "position": {
            "x": 78.22674560546875,
            "y": 79.2295150756836,
            "z": 0.08040651679039001
          }
        },
        {
          "type": "RIGHT_EYE_TOP_BOUNDARY",
          "position": {
            "x": 95.27330017089844,
            "y": 83.6751708984375,
            "z": -24.800668716430664
          }
        },
        {
          "type": "RIGHT_EYE_RIGHT_CORNER",
          "position": {
            "x": 102.4424057006836,
            "y": 86.69570922851562,
            "z": -26.169200897216797
          }
        },
        {
          "type": "RIGHT_EYE_BOTTOM_BOUNDARY",
          "position": {
            "x": 96.08705139160156,
            "y": 87.25166320800781,
            "z": -22.889305114746094
          }
        },
        {
          "type": "RIGHT_EYE_LEFT_CORNER",
          "position": {
            "x": 93.3696060180664,
            "y": 84.50200653076172,
            "z": -18.421436309814453
          }
        },
        {
          "type": "RIGHT_EYE_PUPIL",
          "position": {
            "x": 96.32918548583984,
            "y": 85.6820068359375,
            "z": -23.883007049560547
          }
        },
        {
          "type": "LEFT_EYEBROW_UPPER_MIDPOINT",
          "position": {
            "x": 76.33568572998047,
            "y": 68.736083984375,
            "z": -3.17334246635437
          }
        },
        {
          "type": "RIGHT_EYEBROW_UPPER_MIDPOINT",
          "position": {
            "x": 95.50598907470703,
            "y": 75.57157135009766,
            "z": -28.477048873901367
          }
        },
        {
          "type": "LEFT_EAR_TRAGION",
          "position": {
            "x": 96.4234619140625,
            "y": 87.31684875488281,
            "z": 39.85435104370117
          }
        },
        {
          "type": "RIGHT_EAR_TRAGION",
          "position": {
            "x": 136.3739776611328,
            "y": 101.47151947021484,
            "z": -13.13543701171875
          }
        },
        {
          "type": "FOREHEAD_GLABELLA",
          "position": {
            "x": 82.9118423461914,
            "y": 75.52427673339844,
            "z": -17.199771881103516
          }
        },
        {
          "type": "CHIN_GNATHION",
          "position": {
            "x": 82.8066635131836,
            "y": 132.28341674804688,
            "z": -1.9806420803070068
          }
        },
        {
          "type": "CHIN_LEFT_GONION",
          "position": {
            "x": 87.10198974609375,
            "y": 107.52870178222656,
            "z": 34.04486083984375
          }
        },
        {
          "type": "CHIN_RIGHT_GONION",
          "position": {
            "x": 123.39356994628906,
            "y": 120.42971801757812,
            "z": -13.845000267028809
          }
        }
      ],
      "rollAngle": 4.4374613761901855,
      "panAngle": -52.77252960205078,
      "tiltAngle": -11.86030387878418,
      "detectionConfidence": 0.8830068111419678,
      "landmarkingConfidence": 0.4731422960758209,
      "joyLikelihood": "VERY_UNLIKELY",
      "sorrowLikelihood": "VERY_UNLIKELY",
      "angerLikelihood": "VERY_UNLIKELY",
      "surpriseLikelihood": "VERY_UNLIKELY",
      "underExposedLikelihood": "VERY_UNLIKELY",
      "blurredLikelihood": "VERY_UNLIKELY",
      "headwearLikelihood": "VERY_UNLIKELY"
    }
  ]
}
