{
  "faceAnnotations": [
    {
      "boundingPoly": {
        "vertices": [
          {
            "x": 293,
            "y": 101
          },
          {
            "x": 530,
            "y": 101
          },
          {
            "x": 530,
            "y": 376
          },
          {
            "x": 293,
            "y": 376
          }
        ]
      },
      "fdBoundingPoly": {
        "vertices": [
          {
            "x": 363,
            "y": 177
          },
          {
            "x": 520,
            "y": 177
          },
          {
            "x": 520,
            "y": 334
          },
          {
            "x": 363,
            "y": 334
          }
        ]
      },
      "landmarks": [
        {
          "type": "LEFT_EYE",
          "position": {
            "x": 422.9103698730469,
            "y": 231.75839233398438,
            "z": -0.0019056358141824603
          }
        },
        {
          "type": "RIGHT_EYE",
          "position": {
            "x": 478.5107421875,
            "y": 222.5160369873047,
            "z": 46.5772590637207
          }
        },
        {
          "type": "LEFT_OF_LEFT_EYEBROW",
          "position": {
            "x": 400.1003112792969,
            "y": 217.6453857421875,
            "z": -10.939111709594727
          }
        },
        {
          "type": "RIGHT_OF_LEFT_EYEBROW",
          "position": {
            "x": 446.5972595214844,
            "y": 213.34495544433594,
            "z": 0.587884247303009
          }
        },
        {
          "type": "LEFT_OF_RIGHT_EYEBROW",
          "position": {
            "x": 472.8748474121094,
            "y": 209.02700805664062,
            "z": 22.786378860473633
          }
        },
        {
          "type": "RIGHT_OF_RIGHT_EYEBROW",
          "position": {
            "x": 491.47723388671875,
            "y": 203.4890899658203,
            "z": 65.50226593017578
          }
        },
        {
          "type": "MIDPOINT_BETWEEN_EYES",
          "position": {
            "x": 462.76422119140625,
            "y": 225.54278564453125,
            "z": 12.29822063446045
          }
        },
        {
          "type": "NOSE_TIP",
          "position": {
            "x": 479.2628479003906,
            "y": 266.07952880859375,
            "z": 0.5530243515968323
          }
        },
        {
          "type": "UPPER_LIP",
          "position": {
            "x": 469.98260498046875,
            "y": 294.3150634765625,
            "z": 16.09747314453125
          }
        },
        {
          "type": "LOWER_LIP",
          "position": {
            "x": 467.1310119628906,
            "y": 316.00982666015625,
            "z": 22.420595169067383
          }
        },
        {
          "type": "MOUTH_LEFT",
          "position": {
            "x": 438.1540832519531,
            "y": 307.10858154296875,
            "z": 13.85084342956543
          }
        },
        {
          "type": "MOUTH_RIGHT",
          "position": {
            "x": 478.2230224609375,
            "y": 299.49224853515625,
            "z": 49.363155364990234
          }
        },
        {
          "type": "MOUTH_CENTER",
          "position": {
            "x": 465.9493103027344,
            "y": 304.0002746582031,
            "z": 21.299087524414062
          }
        },
        {
          "type": "NOSE_BOTTOM_RIGHT",
          "position": {
            "x": 475.39984130859375,
            "y": 269.9622802734375,
            "z": 34.588130950927734
          }
        },
        {
          "type": "NOSE_BOTTOM_LEFT",
          "position": {
            "x": 447.22991943359375,
            "y": 275.4710693359375,
            "z": 9.811019897460938
          }
        },
        {
          "type": "NOSE_BOTTOM_CENTER",
          "position": {
            "x": 468.6912536621094,
            "y": 277.6724853515625,
            "z": 14.282013893127441
          }
        },
        {
          "type": "LEFT_EYE_TOP_BOUNDARY",
          "position": {
            "x": 427.7292785644531,
            "y": 227.34605407714844,
            "z": -3.000764846801758
          }
        },
        {
          "type": "LEFT_EYE_RIGHT_CORNER",
          "position": {
            "x": 435.6690673828125,
            "y": 231.13873291015625,
            "z": 10.581304550170898
          }
        },
        {
          "type": "LEFT_EYE_BOTTOM_BOUNDARY",
          "position": {
            "x": 423.99884033203125,
            "y": 236.826171875,
            "z": 0.9742940068244934
          }
        },
        {
          "type": "LEFT_EYE_LEFT_CORNER",
          "position": {
            "x": 410.0085144042969,
            "y": 233.8868865966797,
            "z": -2.9680943489074707
          }
        },
        {
          "type": "LEFT_EYE_PUPIL",
          "position": {
            "x": 425.33160400390625,
            "y": 232.2962646484375,
            "z": -0.9112839102745056
          }
        },
        {
          "type": "RIGHT_EYE_TOP_BOUNDARY",
          "position": {
            "x": 481.66064453125,
            "y": 218.5961456298828,
            "z": 42.72391128540039
          }
        },
        {
          "type": "RIGHT_EYE_RIGHT_CORNER",
          "position": {
            "x": 485.3811950683594,
            "y": 221.63478088378906,
            "z": 60.96711730957031
          }
        },
        {
          "type": "RIGHT_EYE_BOTTOM_BOUNDARY",
          "position": {
            "x": 479.64739990234375,
            "y": 228.06051635742188,
            "z": 46.88358688354492
          }
        },
        {
          "type": "RIGHT_EYE_LEFT_CORNER",
          "position": {
            "x": 469.13427734375,
            "y": 225.28929138183594,
            "z": 38.254859924316406
          }
        },
        {
          "type": "RIGHT_EYE_PUPIL",
          "position": {
            "x": 480.683837890625,
            "y": 223.331787109375,
            "z": 45.95045471191406
          }
        },
        {
          "type": "LEFT_EYEBROW_UPPER_MIDPOINT",
          "position": {
            "x": 426.3134765625,
            "y": 207.27183532714844,
            "z": -9.781132698059082
          }
        },
        {
          "type": "RIGHT_EYEBROW_UPPER_MIDPOINT",
          "position": {
            "x": 484.7999572753906,
            "y": 197.79676818847656,
            "z": 39.829429626464844
          }
        },
        {
          "type": "LEFT_EAR_TRAGION",
          "position": {
            "x": 336.4743347167969,
            "y": 269.7619323730469,
            "z": 42.38330078125
          }
        },
        {
          "type": "RIGHT_EAR_TRAGION",
          "position": {
            "x": 458.8042907714844,
            "y": 249.81637573242188,
            "z": 146.2366943359375
          }
        },
        {
          "type": "FOREHEAD_GLABELLA",
          "position": {
            "x": 461.55914306640625,
            "y": 210.38290405273438,
            "z": 9.532522201538086
          }
        },
        {
          "type": "CHIN_GNATHION",
          "position": {
            "x": 464.7991638183594,
            "y": 345.36126708984375,
            "z": 32.79022979736328
          }
        },
        {
          "type": "CHIN_LEFT_GONION",
          "position": {
            "x": 364.656005859375,
            "y": 314.88934326171875,
            "z": 29.98541831970215
          }
        },
        {
          "type": "CHIN_RIGHT_GONION",
          "position": {
            "x": 475.2139587402344,
            "y": 296.90997314453125,
            "z": 123.82137298583984
          }
        }
      ],
      "rollAngle": -4.343741416931152,
      "panAngle": 40.20285415649414,
      "tiltAngle": -5.813424110412598,
      "detectionConfidence": 0.9821005463600159,
      "landmarkingConfidence": 0.5619071125984192,
      "joyLikelihood": "VERY_UNLIKELY",
      "sorrowLikelihood": "VERY_UNLIKELY",
      "angerLikelihood": "VERY_UNLIKELY",
      "surpriseLikelihood": "VERY_UNLIKELY",
      "underExposedLikelihood": "VERY_UNLIKELY",
      "blurredLikelihood": "VERY_UNLIKELY",
      "headwearLikelihood": "VERY_UNLIKELY"
    },
    {
      "boundingPoly": {
        "vertices": [
          {
            "x": 687,
            "y": 102
          },
          {
            "x": 786,
            "y": 102
          },
          {
            "x": 786,
            "y": 217
          },
          {
            "x": 687,
            "y": 217
          }
        ]
      },
      "fdBoundingPoly": {
        "vertices": [
          {
            "x": 700,
            "y": 130
          },
          {
            "x": 783,
            "y": 130
          },
          {
            "x": 783,
            "y": 213
          },
          {
            "x": 700,
            "y": 213
          }
        ]
      },
      "landmarks": [
        {
          "type": "LEFT_EYE",
          "position": {
            "x": 729.8154296875,
            "y": 158.74476623535156,
            "z": 0.0003941176109947264
          }
        },
        {
          "type": "RIGHT_EYE",
          "position": {
            "x": 756.5110473632812,
            "y": 152.56065368652344,
            "z": 9.112603187561035
          }
        },
        {
          "type": "LEFT_OF_LEFT_EYEBROW",
          "position": {
            "x": 717.7177124023438,
            "y": 154.126220703125,
            "z": -1.3593116998672485
          }
        },
        {
          "type": "RIGHT_OF_LEFT_EYEBROW",
          "position": {
            "x": 737.0281372070312,
            "y": 150.43653869628906,
            "z": -3.986030101776123
          }
        },
        {
          "type": "LEFT_OF_RIGHT_EYEBROW",
          "position": {
            "x": 750.5543212890625,
            "y": 147.25811767578125,
            "z": 0.5846298336982727
          }
        },
        {
          "type": "RIGHT_OF_RIGHT_EYEBROW",
          "position": {
            "x": 764.2476806640625,
            "y": 143.19358825683594,
            "z": 14.351822853088379
          }
        },
        {
          "type": "MIDPOINT_BETWEEN_EYES",
          "position": {
            "x": 745.1787719726562,
            "y": 155.258544921875,
            "z": -1.4287503957748413
          }
        },
        {
          "type": "NOSE_TIP",
          "position": {
            "x": 751.4472045898438,
            "y": 172.2853240966797,
            "z": -8.044631958007812
          }
        },
        {
          "type": "UPPER_LIP",
          "position": {
            "x": 751.2557983398438,
            "y": 182.63961791992188,
            "z": -0.2606094479560852
          }
        },
        {
          "type": "LOWER_LIP",
          "position": {
            "x": 752.5591430664062,
            "y": 192.76712036132812,
            "z": 2.910785675048828
          }
        },
        {
          "type": "MOUTH_LEFT",
          "position": {
            "x": 738.5140380859375,
            "y": 189.23391723632812,
            "z": 4.167562007904053
          }
        },
        {
          "type": "MOUTH_RIGHT",
          "position": {
            "x": 760.4115600585938,
            "y": 184.06944274902344,
            "z": 11.568642616271973
          }
        },
        {
          "type": "MOUTH_CENTER",
          "position": {
            "x": 751.4589233398438,
            "y": 187.32244873046875,
            "z": 2.3876659870147705
          }
        },
        {
          "type": "NOSE_BOTTOM_RIGHT",
          "position": {
            "x": 755.7012329101562,
            "y": 172.23330688476562,
            "z": 5.713693618774414
          }
        },
        {
          "type": "NOSE_BOTTOM_LEFT",
          "position": {
            "x": 740.441162109375,
            "y": 175.81600952148438,
            "z": 0.5701121091842651
          }
        },
        {
          "type": "NOSE_BOTTOM_CENTER",
          "position": {
            "x": 750.0787963867188,
            "y": 176.57774353027344,
            "z": -1.003684401512146
          }
        },
        {
          "type": "LEFT_EYE_TOP_BOUNDARY",
          "position": {
            "x": 729.6017456054688,
            "y": 157.01121520996094,
            "z": -2.2279205322265625
          }
        },
        {
          "type": "LEFT_EYE_RIGHT_CORNER",
          "position": {
            "x": 735.0255737304688,
            "y": 157.9058380126953,
            "z": 1.9230560064315796
          }
        },
        {
          "type": "LEFT_EYE_BOTTOM_BOUNDARY",
          "position": {
            "x": 729.8642578125,
            "y": 160.94488525390625,
            "z": -0.1289038360118866
          }
        },
        {
          "type": "LEFT_EYE_LEFT_CORNER",
          "position": {
            "x": 722.9278564453125,
            "y": 160.26300048828125,
            "z": 0.6496620774269104
          }
        },
        {
          "type": "LEFT_EYE_PUPIL",
          "position": {
            "x": 729.1436767578125,
            "y": 159.0914306640625,
            "z": -0.9455683827400208
          }
        },
        {
          "type": "RIGHT_EYE_TOP_BOUNDARY",
          "position": {
            "x": 757.460693359375,
            "y": 150.47109985351562,
            "z": 7.184129238128662
          }
        },
        {
          "type": "RIGHT_EYE_RIGHT_CORNER",
          "position": {
            "x": 761.852783203125,
            "y": 151.12762451171875,
            "z": 13.794377326965332
          }
        },
        {
          "type": "RIGHT_EYE_BOTTOM_BOUNDARY",
          "position": {
            "x": 757.6309814453125,
            "y": 154.44883728027344,
            "z": 9.268226623535156
          }
        },
        {
          "type": "RIGHT_EYE_LEFT_CORNER",
          "position": {
            "x": 751.6930541992188,
            "y": 153.94888305664062,
            "z": 7.562989234924316
          }
        },
        {
          "type": "RIGHT_EYE_PUPIL",
          "position": {
            "x": 757.754638671875,
            "y": 152.38677978515625,
            "z": 8.682934761047363
          }
        },
        {
          "type": "LEFT_EYEBROW_UPPER_MIDPOINT",
          "position": {
            "x": 727.2076416015625,
            "y": 148.7822723388672,
            "z": -4.960822582244873
          }
        },
        {
          "type": "RIGHT_EYEBROW_UPPER_MIDPOINT",
          "position": {
            "x": 757.4422607421875,
            "y": 141.68606567382812,
            "z": 5.251931190490723
          }
        },
        {
          "type": "LEFT_EAR_TRAGION",
          "position": {
            "x": 702.3607177734375,
            "y": 176.30447387695312,
            "z": 30.555635452270508
          }
        },
        {
          "type": "RIGHT_EAR_TRAGION",
          "position": {
            "x": 765.6414184570312,
            "y": 161.41659545898438,
            "z": 51.927978515625
          }
        },
        {
          "type": "FOREHEAD_GLABELLA",
          "position": {
            "x": 744.0913696289062,
            "y": 148.52108764648438,
            "z": -2.8039612770080566
          }
        },
        {
          "type": "CHIN_GNATHION",
          "position": {
            "x": 753.802734375,
            "y": 205.86685180664062,
            "z": 8.34049129486084
          }
        },
        {
          "type": "CHIN_LEFT_GONION",
          "position": {
            "x": 713.1716918945312,
            "y": 194.88409423828125,
            "z": 21.973466873168945
          }
        },
        {
          "type": "CHIN_RIGHT_GONION",
          "position": {
            "x": 770.389404296875,
            "y": 181.44683837890625,
            "z": 41.298946380615234
          }
        }
      ],
      "rollAngle": -11.293216705322266,
      "panAngle": 18.302637100219727,
      "tiltAngle": -5.849505424499512,
      "detectionConfidence": 0.6750658750534058,
      "landmarkingConfidence": 0.17139320075511932,
      "joyLikelihood": "VERY_UNLIKELY",
      "sorrowLikelihood": "VERY_UNLIKELY",
      "angerLikelihood": "VERY_UNLIKELY",
      "surpriseLikelihood": "VERY_UNLIKELY",
      "underExposedLikelihood": "VERY_UNLIKELY",
      "blurredLikelihood": "VERY_LIKELY",
      "headwearLikelihood": "VERY_UNLIKELY"
    }
  ]
}
