{
  "faceAnnotations": [
    {
      "boundingPoly": {
        "vertices": [
          {
            "x": 314,
            "y": 36
          },
          {
            "x": 386,
            "y": 36
          },
          {
            "x": 386,
            "y": 119
          },
          {
            "x": 314,
            "y": 119
          }
        ]
      },
      "fdBoundingPoly": {
        "vertices": [
          {
            "x": 329,
            "y": 63
          },
          {
            "x": 382,
            "y": 63
          },
          {
            "x": 382,
            "y": 116
          },
          {
            "x": 329,
            "y": 116
          }
        ]
      },
      "landmarks": [
        {
          "type": "LEFT_EYE",
          "position": {
            "x": 351.2442932128906,
            "y": 80.77263641357422,
            "z": -0.0009417479741387069
          }
        },
        {
          "type": "RIGHT_EYE",
          "position": {
            "x": 369.6562194824219,
            "y": 78.78005981445312,
            "z": 9.4820556640625
          }
        },
        {
          "type": "LEFT_OF_LEFT_EYEBROW",
          "position": {
            "x": 343.3897399902344,
            "y": 76.17890930175781,
            "z": -3.247955799102783
          }
        },
        {
          "type": "RIGHT_OF_LEFT_EYEBROW",
          "position": {
            "x": 357.6344299316406,
            "y": 77.03704833984375,
            "z": -2.663374185562134
          }
        },
        {
          "type": "LEFT_OF_RIGHT_EYEBROW",
          "position": {
            "x": 366.9117431640625,
            "y": 75.91610717773438,
            "z": 2.025459051132202
          }
        },
        {
          "type": "RIGHT_OF_RIGHT_EYEBROW",
          "position": {
            "x": 375.3939514160156,
            "y": 73.23641204833984,
            "z": 13.049737930297852
          }
        },
        {
          "type": "MIDPOINT_BETWEEN_EYES",
          "position": {
            "x": 361.9966125488281,
            "y": 80.14520263671875,
            "z": 0.5790697336196899
          }
        },
        {
          "type": "NOSE_TIP",
          "position": {
            "x": 364.11798095703125,
            "y": 94.08444213867188,
            "z": -1.0835835933685303
          }
        },
        {
          "type": "UPPER_LIP",
          "position": {
            "x": 361.2090148925781,
            "y": 100.61622619628906,
            "z": 5.481086730957031
          }
        },
        {
          "type": "LOWER_LIP",
          "position": {
            "x": 360.35528564453125,
            "y": 106.19969940185547,
            "z": 8.632803916931152
          }
        },
        {
          "type": "MOUTH_LEFT",
          "position": {
            "x": 351.4954833984375,
            "y": 103.10975646972656,
            "z": 7.422323226928711
          }
        },
        {
          "type": "MOUTH_RIGHT",
          "position": {
            "x": 365.634765625,
            "y": 101.81973266601562,
            "z": 14.857467651367188
          }
        },
        {
          "type": "MOUTH_CENTER",
          "position": {
            "x": 360.56915283203125,
            "y": 103.08645629882812,
            "z": 7.737986087799072
          }
        },
        {
          "type": "NOSE_BOTTOM_RIGHT",
          "position": {
            "x": 365.6466064453125,
            "y": 93.19923400878906,
            "z": 9.04310417175293
          }
        },
        {
          "type": "NOSE_BOTTOM_LEFT",
          "position": {
            "x": 355.594970703125,
            "y": 94.56193542480469,
            "z": 3.775437116622925
          }
        },
        {
          "type": "NOSE_BOTTOM_CENTER",
          "position": {
            "x": 361.6038513183594,
            "y": 96.49586486816406,
            "z": 4.121632099151611
          }
        },
        {
          "type": "LEFT_EYE_TOP_BOUNDARY",
          "position": {
            "x": 351.2684020996094,
            "y": 79.93064880371094,
            "z": -1.8633674383163452
          }
        },
        {
          "type": "LEFT_EYE_RIGHT_CORNER",
          "position": {
            "x": 354.53155517578125,
            "y": 80.91146087646484,
            "z": 1.9160915613174438
          }
        },
        {
          "type": "LEFT_EYE_BOTTOM_BOUNDARY",
          "position": {
            "x": 351.0679016113281,
            "y": 82.19987487792969,
            "z": 0.06082583963871002
          }
        },
        {
          "type": "LEFT_EYE_LEFT_CORNER",
          "position": {
            "x": 345.7471923828125,
            "y": 80.84040832519531,
            "z": -0.4609302282333374
          }
        },
        {
          "type": "LEFT_EYE_PUPIL",
          "position": {
            "x": 350.4515380859375,
            "y": 81.12574005126953,
            "z": -0.8007904887199402
          }
        },
        {
          "type": "RIGHT_EYE_TOP_BOUNDARY",
          "position": {
            "x": 370.3488464355469,
            "y": 78.20843505859375,
            "z": 7.925507068634033
          }
        },
        {
          "type": "RIGHT_EYE_RIGHT_CORNER",
          "position": {
            "x": 372.4927978515625,
            "y": 78.3943862915039,
            "z": 13.187808990478516
          }
        },
        {
          "type": "RIGHT_EYE_BOTTOM_BOUNDARY",
          "position": {
            "x": 369.7296447753906,
            "y": 80.43173217773438,
            "z": 9.806900978088379
          }
        },
        {
          "type": "RIGHT_EYE_LEFT_CORNER",
          "position": {
            "x": 365.5107116699219,
            "y": 79.73361206054688,
            "z": 7.672717094421387
          }
        },
        {
          "type": "RIGHT_EYE_PUPIL",
          "position": {
            "x": 370.0398254394531,
            "y": 79.36780548095703,
            "z": 9.226997375488281
          }
        },
        {
          "type": "LEFT_EYEBROW_UPPER_MIDPOINT",
          "position": {
            "x": 351.297119140625,
            "y": 74.34866333007812,
            "z": -4.981902122497559
          }
        },
        {
          "type": "RIGHT_EYEBROW_UPPER_MIDPOINT",
          "position": {
            "x": 372.0091552734375,
            "y": 72.47681427001953,
            "z": 5.636849403381348
          }
        },
        {
          "type": "LEFT_EAR_TRAGION",
          "position": {
            "x": 325.55694580078125,
            "y": 84.69035339355469,
            "z": 18.995092391967773
          }
        },
        {
          "type": "RIGHT_EAR_TRAGION",
          "position": {
            "x": 368.9384460449219,
            "y": 80.7860107421875,
            "z": 41.19742202758789
          }
        },
        {
          "type": "FOREHEAD_GLABELLA",
          "position": {
            "x": 362.640869140625,
            "y": 76.32341003417969,
            "z": -1.0912338495254517
          }
        },
        {
          "type": "CHIN_GNATHION",
          "position": {
            "x": 358.3396301269531,
            "y": 115.4856948852539,
            "z": 14.238165855407715
          }
        },
        {
          "type": "CHIN_LEFT_GONION",
          "position": {
            "x": 330.82470703125,
            "y": 100.1898422241211,
            "z": 16.618511199951172
          }
        },
        {
          "type": "CHIN_RIGHT_GONION",
          "position": {
            "x": 370.0372009277344,
            "y": 96.67989349365234,
            "z": 36.72434997558594
          }
        }
      ],
      "rollAngle": 3.6232969760894775,
      "panAngle": 28.331071853637695,
      "tiltAngle": -16.641708374023438,
      "detectionConfidence": 0.907732367515564,
      "landmarkingConfidence": 0.5850291848182678,
      "joyLikelihood": "VERY_UNLIKELY",
      "sorrowLikelihood": "VERY_UNLIKELY",
      "angerLikelihood": "VERY_UNLIKELY",
      "surpriseLikelihood": "VERY_UNLIKELY",
      "underExposedLikelihood": "VERY_UNLIKELY",
      "blurredLikelihood": "VERY_UNLIKELY",
      "headwearLikelihood": "VERY_UNLIKELY"
    },
    {
      "boundingPoly": {
        "vertices": [
          {
            "x": 74,
            "y": 37
          },
          {
            "x": 138,
            "y": 37
          },
          {
            "x": 138,
            "y": 112
          },
          {
            "x": 74,
            "y": 112
          }
        ]
      },
      "fdBoundingPoly": {
        "vertices": [
          {
            "x": 75,
            "y": 57
          },
          {
            "x": 128,
            "y": 57
          },
          {
            "x": 128,
            "y": 110
          },
          {
            "x": 75,
            "y": 110
          }
        ]
      },
      "landmarks": [
        {
          "type": "LEFT_EYE",
          "position": {
            "x": 87.67047882080078,
            "y": 70.73287963867188,
            "z": -0.0002454082132317126
          }
        },
        {
          "type": "RIGHT_EYE",
          "position": {
            "x": 98.3138656616211,
            "y": 77.58624267578125,
            "z": -14.107458114624023
          }
        },
        {
          "type": "LEFT_OF_LEFT_EYEBROW",
          "position": {
            "x": 85.68167114257812,
            "y": 63.672027587890625,
            "z": 4.286737442016602
          }
        },
        {
          "type": "RIGHT_OF_LEFT_EYEBROW",
          "position": {
            "x": 87.66828155517578,
            "y": 68.64935302734375,
            "z": -7.468730926513672
          }
        },
        {
          "type": "LEFT_OF_RIGHT_EYEBROW",
          "position": {
            "x": 93.06671905517578,
            "y": 72.19139099121094,
            "z": -14.480196952819824
          }
        },
        {
          "type": "RIGHT_OF_RIGHT_EYEBROW",
          "position": {
            "x": 104.28575897216797,
            "y": 75.80125427246094,
            "z": -19.83550453186035
          }
        },
        {
          "type": "MIDPOINT_BETWEEN_EYES",
          "position": {
            "x": 89.68357849121094,
            "y": 74.2463607788086,
            "z": -9.572787284851074
          }
        },
        {
          "type": "NOSE_TIP",
          "position": {
            "x": 83.6741943359375,
            "y": 85.47480773925781,
            "z": -8.554457664489746
          }
        },
        {
          "type": "UPPER_LIP",
          "position": {
            "x": 86.66780853271484,
            "y": 91.3375473022461,
            "z": -3.3020377159118652
          }
        },
        {
          "type": "LOWER_LIP",
          "position": {
            "x": 87.09075164794922,
            "y": 97.4111328125,
            "z": 0.08014549314975739
          }
        },
        {
          "type": "MOUTH_LEFT",
          "position": {
            "x": 86.29930877685547,
            "y": 90.42599487304688,
            "z": 6.421398639678955
          }
        },
        {
          "type": "MOUTH_RIGHT",
          "position": {
            "x": 94.97156524658203,
            "y": 96.0430908203125,
            "z": -4.917907238006592
          }
        },
        {
          "type": "MOUTH_CENTER",
          "position": {
            "x": 87.51896667480469,
            "y": 94.06840515136719,
            "z": -1.2710976600646973
          }
        },
        {
          "type": "NOSE_BOTTOM_RIGHT",
          "position": {
            "x": 92.58948516845703,
            "y": 87.69374084472656,
            "z": -7.680771350860596
          }
        },
        {
          "type": "NOSE_BOTTOM_LEFT",
          "position": {
            "x": 86.67438507080078,
            "y": 83.75386047363281,
            "z": 0.18556168675422668
          }
        },
        {
          "type": "NOSE_BOTTOM_CENTER",
          "position": {
            "x": 86.92422485351562,
            "y": 87.84820556640625,
            "z": -4.829951763153076
          }
        },
        {
          "type": "LEFT_EYE_TOP_BOUNDARY",
          "position": {
            "x": 86.49230194091797,
            "y": 69.54061889648438,
            "z": -1.0687973499298096
          }
        },
        {
          "type": "LEFT_EYE_RIGHT_CORNER",
          "position": {
            "x": 89.69698333740234,
            "y": 72.2090835571289,
            "z": -2.612509250640869
          }
        },
        {
          "type": "LEFT_EYE_BOTTOM_BOUNDARY",
          "position": {
            "x": 87.1578369140625,
            "y": 71.85337829589844,
            "z": 0.5799009203910828
          }
        },
        {
          "type": "LEFT_EYE_LEFT_CORNER",
          "position": {
            "x": 86.6707534790039,
            "y": 68.9944076538086,
            "z": 4.0905890464782715
          }
        },
        {
          "type": "LEFT_EYE_PUPIL",
          "position": {
            "x": 86.84674835205078,
            "y": 70.56277465820312,
            "z": 0.13950376212596893
          }
        },
        {
          "type": "RIGHT_EYE_TOP_BOUNDARY",
          "position": {
            "x": 97.61952209472656,
            "y": 76.81549072265625,
            "z": -15.50907039642334
          }
        },
        {
          "type": "RIGHT_EYE_RIGHT_CORNER",
          "position": {
            "x": 102.31012725830078,
            "y": 79.30848693847656,
            "z": -16.085969924926758
          }
        },
        {
          "type": "RIGHT_EYE_BOTTOM_BOUNDARY",
          "position": {
            "x": 98.36029052734375,
            "y": 79.0671615600586,
            "z": -13.866586685180664
          }
        },
        {
          "type": "RIGHT_EYE_LEFT_CORNER",
          "position": {
            "x": 96.44941711425781,
            "y": 76.69261169433594,
            "z": -11.270086288452148
          }
        },
        {
          "type": "RIGHT_EYE_PUPIL",
          "position": {
            "x": 98.2525634765625,
            "y": 78.04013061523438,
            "z": -14.690314292907715
          }
        },
        {
          "type": "LEFT_EYEBROW_UPPER_MIDPOINT",
          "position": {
            "x": 85.84229278564453,
            "y": 64.10679626464844,
            "z": -3.1685914993286133
          }
        },
        {
          "type": "RIGHT_EYEBROW_UPPER_MIDPOINT",
          "position": {
            "x": 97.91751861572266,
            "y": 72.0018539428711,
            "z": -18.836021423339844
          }
        },
        {
          "type": "LEFT_EAR_TRAGION",
          "position": {
            "x": 99.02686309814453,
            "y": 71.68927001953125,
            "z": 26.61161231994629
          }
        },
        {
          "type": "RIGHT_EAR_TRAGION",
          "position": {
            "x": 124.0975112915039,
            "y": 87.81727600097656,
            "z": -6.283167839050293
          }
        },
        {
          "type": "FOREHEAD_GLABELLA",
          "position": {
            "x": 89.79308319091797,
            "y": 70.29463195800781,
            "z": -11.479507446289062
          }
        },
        {
          "type": "CHIN_GNATHION",
          "position": {
            "x": 88.35124969482422,
            "y": 105.06236267089844,
            "z": 4.939198970794678
          }
        },
        {
          "type": "CHIN_LEFT_GONION",
          "position": {
            "x": 92.29286193847656,
            "y": 85.11927795410156,
            "z": 25.261577606201172
          }
        },
        {
          "type": "CHIN_RIGHT_GONION",
          "position": {
            "x": 115.11139678955078,
            "y": 100.02635192871094,
            "z": -4.354294776916504
          }
        }
      ],
      "rollAngle": 6.968295097351074,
      "panAngle": -52.57313537597656,
      "tiltAngle": -22.1098690032959,
      "detectionConfidence": 0.9596438407897949,
      "landmarkingConfidence": 0.2771543860435486,
      "joyLikelihood": "VERY_UNLIKELY",
      "sorrowLikelihood": "VERY_UNLIKELY",
      "angerLikelihood": "VERY_UNLIKELY",
      "surpriseLikelihood": "VERY_UNLIKELY",
      "underExposedLikelihood": "VERY_UNLIKELY",
      "blurredLikelihood": "VERY_UNLIKELY",
      "headwearLikelihood": "VERY_UNLIKELY"
    }
  ]
}
