{
  "faceAnnotations": [
    {
      "boundingPoly": {
        "vertices": [
          {
            "x": 110,
            "y": 595
          },
          {
            "x": 771,
            "y": 595
          },
          {
            "x": 771,
            "y": 1363
          },
          {
            "x": 110,
            "y": 1363
          }
        ]
      },
      "fdBoundingPoly": {
        "vertices": [
          {
            "x": 329,
            "y": 788
          },
          {
            "x": 795,
            "y": 788
          },
          {
            "x": 795,
            "y": 1255
          },
          {
            "x": 329,
            "y": 1255
          }
        ]
      },
      "landmarks": [
        {
          "type": "LEFT_EYE",
          "position": {
            "x": 609.801513671875,
            "y": 937.314453125,
            "z": 0.003037914866581559
          }
        },
        {
          "type": "RIGHT_EYE",
          "position": {
            "x": 633.2802734375,
            "y": 943.3441162109375,
            "z": 198.43760681152344
          }
        },
        {
          "type": "LEFT_OF_LEFT_EYEBROW",
          "position": {
            "x": 581.227783203125,
            "y": 890.2674560546875,
            "z": -65.03716278076172
          }
        },
        {
          "type": "RIGHT_OF_LEFT_EYEBROW",
          "position": {
            "x": 658.5293579101562,
            "y": 893.7840576171875,
            "z": 48.20595932006836
          }
        },
        {
          "type": "LEFT_OF_RIGHT_EYEBROW",
          "position": {
            "x": 666.4241333007812,
            "y": 894.7567749023438,
            "z": 144.5058135986328
          }
        },
        {
          "type": "RIGHT_OF_RIGHT_EYEBROW",
          "position": {
            "x": 621.621826171875,
            "y": 897.7777099609375,
            "z": 268.40472412109375
          }
        },
        {
          "type": "MIDPOINT_BETWEEN_EYES",
          "position": {
            "x": 666.0401611328125,
            "y": 937.1036376953125,
            "z": 95.25362396240234
          }
        },
        {
          "type": "NOSE_TIP",
          "position": {
            "x": 730.9880981445312,
            "y": 1054.495849609375,
            "z": 86.67112731933594
          }
        },
        {
          "type": "UPPER_LIP",
          "position": {
            "x": 680.1595458984375,
            "y": 1128.590576171875,
            "z": 90.75782775878906
          }
        },
        {
          "type": "LOWER_LIP",
          "position": {
            "x": 666.1661376953125,
            "y": 1183.7498779296875,
            "z": 91.30551147460938
          }
        },
        {
          "type": "MOUTH_LEFT",
          "position": {
            "x": 607.8239135742188,
            "y": 1149.47412109375,
            "z": 15.785369873046875
          }
        },
        {
          "type": "MOUTH_RIGHT",
          "position": {
            "x": 632.6041870117188,
            "y": 1152.994873046875,
            "z": 174.15182495117188
          }
        },
        {
          "type": "MOUTH_CENTER",
          "position": {
            "x": 665.66357421875,
            "y": 1154.4678955078125,
            "z": 91.92574310302734
          }
        },
        {
          "type": "NOSE_BOTTOM_RIGHT",
          "position": {
            "x": 652.7172241210938,
            "y": 1066.258544921875,
            "z": 149.6283721923828
          }
        },
        {
          "type": "NOSE_BOTTOM_LEFT",
          "position": {
            "x": 645.0950927734375,
            "y": 1069.012939453125,
            "z": 41.87751770019531
          }
        },
        {
          "type": "NOSE_BOTTOM_CENTER",
          "position": {
            "x": 688.5736083984375,
            "y": 1083.896240234375,
            "z": 91.2982177734375
          }
        },
        {
          "type": "LEFT_EYE_TOP_BOUNDARY",
          "position": {
            "x": 624.7120971679688,
            "y": 926.251708984375,
            "z": -0.6945778131484985
          }
        },
        {
          "type": "LEFT_EYE_RIGHT_CORNER",
          "position": {
            "x": 616.6473999023438,
            "y": 941.4065551757812,
            "z": 40.53573989868164
          }
        },
        {
          "type": "LEFT_EYE_BOTTOM_BOUNDARY",
          "position": {
            "x": 608.6217651367188,
            "y": 953.85986328125,
            "z": -0.2330407053232193
          }
        },
        {
          "type": "LEFT_EYE_LEFT_CORNER",
          "position": {
            "x": 581.3182373046875,
            "y": 937.0936889648438,
            "z": -39.48699188232422
          }
        },
        {
          "type": "LEFT_EYE_PUPIL",
          "position": {
            "x": 616.0765380859375,
            "y": 940.00537109375,
            "z": -3.1427478790283203
          }
        },
        {
          "type": "RIGHT_EYE_TOP_BOUNDARY",
          "position": {
            "x": 646.5077514648438,
            "y": 929.5918579101562,
            "z": 197.67530822753906
          }
        },
        {
          "type": "RIGHT_EYE_RIGHT_CORNER",
          "position": {
            "x": 619.0164794921875,
            "y": 944.9257202148438,
            "z": 240.55381774902344
          }
        },
        {
          "type": "RIGHT_EYE_BOTTOM_BOUNDARY",
          "position": {
            "x": 633.49755859375,
            "y": 956.832763671875,
            "z": 198.47988891601562
          }
        },
        {
          "type": "RIGHT_EYE_LEFT_CORNER",
          "position": {
            "x": 627.9241333007812,
            "y": 944.3147583007812,
            "z": 159.24803161621094
          }
        },
        {
          "type": "RIGHT_EYE_PUPIL",
          "position": {
            "x": 638.5774536132812,
            "y": 943.49951171875,
            "z": 200.4125518798828
          }
        },
        {
          "type": "LEFT_EYEBROW_UPPER_MIDPOINT",
          "position": {
            "x": 633.9122314453125,
            "y": 868.3189697265625,
            "z": -9.418703079223633
          }
        },
        {
          "type": "RIGHT_EYEBROW_UPPER_MIDPOINT",
          "position": {
            "x": 657.4719848632812,
            "y": 871.912353515625,
            "z": 206.06517028808594
          }
        },
        {
          "type": "LEFT_EAR_TRAGION",
          "position": {
            "x": 353.2580871582031,
            "y": 1038.0955810546875,
            "z": -100.91403198242188
          }
        },
        {
          "type": "RIGHT_EAR_TRAGION",
          "position": {
            "x": 402.4605712890625,
            "y": 1045.4283447265625,
            "z": 350.5072326660156
          }
        },
        {
          "type": "FOREHEAD_GLABELLA",
          "position": {
            "x": 669.082763671875,
            "y": 891.4036254882812,
            "z": 95.44544982910156
          }
        },
        {
          "type": "CHIN_GNATHION",
          "position": {
            "x": 630.6183471679688,
            "y": 1271.79296875,
            "z": 93.17473602294922
          }
        },
        {
          "type": "CHIN_LEFT_GONION",
          "position": {
            "x": 433.0765380859375,
            "y": 1172.07958984375,
            "z": -92.0163803100586
          }
        },
        {
          "type": "CHIN_RIGHT_GONION",
          "position": {
            "x": 478.7826843261719,
            "y": 1172.838134765625,
            "z": 319.4814758300781
          }
        }
      ],
      "rollAngle": -0.4378158450126648,
      "panAngle": 83.76431274414062,
      "tiltAngle": 0.9641875624656677,
      "detectionConfidence": 0.6799449920654297,
      "landmarkingConfidence": 0.5736680030822754,
      "joyLikelihood": "VERY_UNLIKELY",
      "sorrowLikelihood": "VERY_UNLIKELY",
      "angerLikelihood": "VERY_UNLIKELY",
      "surpriseLikelihood": "VERY_UNLIKELY",
      "underExposedLikelihood": "VERY_UNLIKELY",
      "blurredLikelihood": "VERY_UNLIKELY",
      "headwearLikelihood": "VERY_UNLIKELY"
    },
    {
      "boundingPoly": {
        "vertices": [
          {
            "x": 2740,
            "y": 665
          },
          {
            "x": 3054,
            "y": 665
          },
          {
            "x": 3054,
            "y": 1030
          },
          {
            "x": 2740,
            "y": 1030
          }
        ]
      },
      "fdBoundingPoly": {
        "vertices": [
          {
            "x": 2756,
            "y": 747
          },
          {
            "x": 3010,
            "y": 747
          },
          {
            "x": 3010,
            "y": 1000
          },
          {
            "x": 2756,
            "y": 1000
          }
        ]
      },
      "landmarks": [
        {
          "type": "LEFT_EYE",
          "position": {
            "x": 2795.910888671875,
            "y": 864.2254028320312,
            "z": -0.0002802318485919386
          }
        },
        {
          "type": "RIGHT_EYE",
          "position": {
            "x": 2859.86572265625,
            "y": 837.3573608398438,
            "z": -63.27299880981445
          }
        },
        {
          "type": "LEFT_OF_LEFT_EYEBROW",
          "position": {
            "x": 2770.04638671875,
            "y": 851.3522338867188,
            "z": 30.068845748901367
          }
        },
        {
          "type": "RIGHT_OF_LEFT_EYEBROW",
          "position": {
            "x": 2790.939697265625,
            "y": 840.5751953125,
            "z": -28.15111541748047
          }
        },
        {
          "type": "LEFT_OF_RIGHT_EYEBROW",
          "position": {
            "x": 2822.61083984375,
            "y": 827.3605346679688,
            "z": -59.27465057373047
          }
        },
        {
          "type": "RIGHT_OF_RIGHT_EYEBROW",
          "position": {
            "x": 2878.773681640625,
            "y": 805.6500854492188,
            "z": -76.96408081054688
          }
        },
        {
          "type": "MIDPOINT_BETWEEN_EYES",
          "position": {
            "x": 2813.166259765625,
            "y": 853.5933837890625,
            "z": -45.518192291259766
          }
        },
        {
          "type": "NOSE_TIP",
          "position": {
            "x": 2814.725341796875,
            "y": 910.4326782226562,
            "z": -68.47321319580078
          }
        },
        {
          "type": "UPPER_LIP",
          "position": {
            "x": 2841.039794921875,
            "y": 937.701904296875,
            "z": -53.34125518798828
          }
        },
        {
          "type": "LOWER_LIP",
          "position": {
            "x": 2857.2509765625,
            "y": 967.1434936523438,
            "z": -49.46864318847656
          }
        },
        {
          "type": "MOUTH_LEFT",
          "position": {
            "x": 2836.806396484375,
            "y": 955.9876708984375,
            "z": -9.712969779968262
          }
        },
        {
          "type": "MOUTH_RIGHT",
          "position": {
            "x": 2887.9541015625,
            "y": 934.502197265625,
            "z": -60.047786712646484
          }
        },
        {
          "type": "MOUTH_CENTER",
          "position": {
            "x": 2851.080322265625,
            "y": 950.5659790039062,
            "z": -48.62894821166992
          }
        },
        {
          "type": "NOSE_BOTTOM_RIGHT",
          "position": {
            "x": 2858.270263671875,
            "y": 901.4822387695312,
            "z": -59.12105941772461
          }
        },
        {
          "type": "NOSE_BOTTOM_LEFT",
          "position": {
            "x": 2822.614013671875,
            "y": 916.4536743164062,
            "z": -24.060279846191406
          }
        },
        {
          "type": "NOSE_BOTTOM_CENTER",
          "position": {
            "x": 2833.82421875,
            "y": 919.362060546875,
            "z": -52.79230499267578
          }
        },
        {
          "type": "LEFT_EYE_TOP_BOUNDARY",
          "position": {
            "x": 2787.82421875,
            "y": 860.2896118164062,
            "z": -3.2961599826812744
          }
        },
        {
          "type": "LEFT_EYE_RIGHT_CORNER",
          "position": {
            "x": 2806.149658203125,
            "y": 860.8009033203125,
            "z": -10.983455657958984
          }
        },
        {
          "type": "LEFT_EYE_BOTTOM_BOUNDARY",
          "position": {
            "x": 2796.6171875,
            "y": 871.4972534179688,
            "z": 0.22681722044944763
          }
        },
        {
          "type": "LEFT_EYE_LEFT_CORNER",
          "position": {
            "x": 2786.99560546875,
            "y": 868.9801025390625,
            "z": 20.365379333496094
          }
        },
        {
          "type": "LEFT_EYE_PUPIL",
          "position": {
            "x": 2791.656005859375,
            "y": 866.0103149414062,
            "z": 0.49803289771080017
          }
        },
        {
          "type": "RIGHT_EYE_TOP_BOUNDARY",
          "position": {
            "x": 2852.892578125,
            "y": 832.89208984375,
            "z": -67.37300109863281
          }
        },
        {
          "type": "RIGHT_EYE_RIGHT_CORNER",
          "position": {
            "x": 2877.94580078125,
            "y": 830.66748046875,
            "z": -69.16156768798828
          }
        },
        {
          "type": "RIGHT_EYE_BOTTOM_BOUNDARY",
          "position": {
            "x": 2861.10693359375,
            "y": 843.8765869140625,
            "z": -63.7324333190918
          }
        },
        {
          "type": "RIGHT_EYE_LEFT_CORNER",
          "position": {
            "x": 2846.079345703125,
            "y": 843.2733154296875,
            "z": -49.724205017089844
          }
        },
        {
          "type": "RIGHT_EYE_PUPIL",
          "position": {
            "x": 2858.330322265625,
            "y": 837.9224853515625,
            "z": -65.36746215820312
          }
        },
        {
          "type": "LEFT_EYEBROW_UPPER_MIDPOINT",
          "position": {
            "x": 2772.090576171875,
            "y": 836.5311889648438,
            "z": -3.0100677013397217
          }
        },
        {
          "type": "RIGHT_EYEBROW_UPPER_MIDPOINT",
          "position": {
            "x": 2842.68896484375,
            "y": 806.8151245117188,
            "z": -72.53316497802734
          }
        },
        {
          "type": "LEFT_EAR_TRAGION",
          "position": {
            "x": 2844.612060546875,
            "y": 901.4397583007812,
            "z": 127.06925201416016
          }
        },
        {
          "type": "RIGHT_EAR_TRAGION",
          "position": {
            "x": 2992.454833984375,
            "y": 839.1642456054688,
            "z": -18.46319580078125
          }
        },
        {
          "type": "FOREHEAD_GLABELLA",
          "position": {
            "x": 2803.9892578125,
            "y": 833.5950927734375,
            "z": -46.30995559692383
          }
        },
        {
          "type": "CHIN_GNATHION",
          "position": {
            "x": 2880.099365234375,
            "y": 1004.02978515625,
            "z": -41.4023551940918
          }
        },
        {
          "type": "CHIN_LEFT_GONION",
          "position": {
            "x": 2848.546142578125,
            "y": 963.8463745117188,
            "z": 88.8795394897461
          }
        },
        {
          "type": "CHIN_RIGHT_GONION",
          "position": {
            "x": 2982.10400390625,
            "y": 907.5958251953125,
            "z": -42.65081024169922
          }
        }
      ],
      "rollAngle": -20.725807189941406,
      "panAngle": -42.265098571777344,
      "tiltAngle": 2.3291468620300293,
      "detectionConfidence": 0.897904634475708,
      "landmarkingConfidence": 0.1555895358324051,
      "joyLikelihood": "VERY_UNLIKELY",
      "sorrowLikelihood": "VERY_UNLIKELY",
      "angerLikelihood": "VERY_UNLIKELY",
      "surpriseLikelihood": "VERY_UNLIKELY",
      "underExposedLikelihood": "VERY_UNLIKELY",
      "blurredLikelihood": "VERY_LIKELY",
      "headwearLikelihood": "VERY_UNLIKELY"
    }
  ]
}
