{
  "faceAnnotations": [
    {
      "boundingPoly": {
        "vertices": [
          {
            "x": 1086,
            "y": 207
          },
          {
            "x": 1304,
            "y": 207
          },
          {
            "x": 1304,
            "y": 461
          },
          {
            "x": 1086,
            "y": 461
          }
        ]
      },
      "fdBoundingPoly": {
        "vertices": [
          {
            "x": 1118,
            "y": 255
          },
          {
            "x": 1291,
            "y": 255
          },
          {
            "x": 1291,
            "y": 428
          },
          {
            "x": 1118,
            "y": 428
          }
        ]
      },
      "landmarks": [
        {
          "type": "LEFT_EYE",
          "position": {
            "x": 1221.732666015625,
            "y": 310.8612976074219,
            "z": -0.0007783987675793469
          }
        },
        {
          "type": "RIGHT_EYE",
          "position": {
            "x": 1258.35400390625,
            "y": 314.2535095214844,
            "z": 55.66478729248047
          }
        },
        {
          "type": "LEFT_OF_LEFT_EYEBROW",
          "position": {
            "x": 1200.2393798828125,
            "y": 290.1369934082031,
            "z": -11.008318901062012
          }
        },
        {
          "type": "RIGHT_OF_LEFT_EYEBROW",
          "position": {
            "x": 1238.674560546875,
            "y": 289.10345458984375,
            "z": 11.726391792297363
          }
        },
        {
          "type": "LEFT_OF_RIGHT_EYEBROW",
          "position": {
            "x": 1257.2320556640625,
            "y": 293.9022521972656,
            "z": 38.36457443237305
          }
        },
        {
          "type": "RIGHT_OF_RIGHT_EYEBROW",
          "position": {
            "x": 1262.953857421875,
            "y": 302.1528625488281,
            "z": 80.51184844970703
          }
        },
        {
          "type": "MIDPOINT_BETWEEN_EYES",
          "position": {
            "x": 1251.4195556640625,
            "y": 305.9188537597656,
            "z": 21.69829750061035
          }
        },
        {
          "type": "NOSE_TIP",
          "position": {
            "x": 1272.6429443359375,
            "y": 338.6451416015625,
            "z": 3.9738357067108154
          }
        },
        {
          "type": "UPPER_LIP",
          "position": {
            "x": 1265.7271728515625,
            "y": 364.20672607421875,
            "z": 6.872525215148926
          }
        },
        {
          "type": "LOWER_LIP",
          "position": {
            "x": 1264.7301025390625,
            "y": 388.27288818359375,
            "z": 4.703009128570557
          }
        },
        {
          "type": "MOUTH_LEFT",
          "position": {
            "x": 1240.4656982421875,
            "y": 372.0320129394531,
            "z": -6.695888042449951
          }
        },
        {
          "type": "MOUTH_RIGHT",
          "position": {
            "x": 1265.1259765625,
            "y": 380.12786865234375,
            "z": 35.69671630859375
          }
        },
        {
          "type": "MOUTH_CENTER",
          "position": {
            "x": 1262.4212646484375,
            "y": 373.97235107421875,
            "z": 7.500278472900391
          }
        },
        {
          "type": "NOSE_BOTTOM_RIGHT",
          "position": {
            "x": 1262.8804931640625,
            "y": 350.0665283203125,
            "z": 31.09546661376953
          }
        },
        {
          "type": "NOSE_BOTTOM_LEFT",
          "position": {
            "x": 1245.6494140625,
            "y": 346.2377624511719,
            "z": 1.800834059715271
          }
        },
        {
          "type": "NOSE_BOTTOM_CENTER",
          "position": {
            "x": 1262.9984130859375,
            "y": 351.360107421875,
            "z": 9.654031753540039
          }
        },
        {
          "type": "LEFT_EYE_TOP_BOUNDARY",
          "position": {
            "x": 1225.240966796875,
            "y": 302.7234191894531,
            "z": -0.4031005799770355
          }
        },
        {
          "type": "LEFT_EYE_RIGHT_CORNER",
          "position": {
            "x": 1230.1728515625,
            "y": 312.48284912109375,
            "z": 12.007901191711426
          }
        },
        {
          "type": "LEFT_EYE_BOTTOM_BOUNDARY",
          "position": {
            "x": 1222.28125,
            "y": 315.44677734375,
            "z": -0.6863362193107605
          }
        },
        {
          "type": "LEFT_EYE_LEFT_CORNER",
          "position": {
            "x": 1208.7755126953125,
            "y": 309.4048156738281,
            "z": -7.253610610961914
          }
        },
        {
          "type": "LEFT_EYE_PUPIL",
          "position": {
            "x": 1223.115478515625,
            "y": 307.71380615234375,
            "z": -0.749538779258728
          }
        },
        {
          "type": "RIGHT_EYE_TOP_BOUNDARY",
          "position": {
            "x": 1261.298828125,
            "y": 308.54888916015625,
            "z": 54.4094352722168
          }
        },
        {
          "type": "RIGHT_EYE_RIGHT_CORNER",
          "position": {
            "x": 1260.545166015625,
            "y": 316.8901672363281,
            "z": 69.78380584716797
          }
        },
        {
          "type": "RIGHT_EYE_BOTTOM_BOUNDARY",
          "position": {
            "x": 1259.3551025390625,
            "y": 317.98809814453125,
            "z": 54.577945709228516
          }
        },
        {
          "type": "RIGHT_EYE_LEFT_CORNER",
          "position": {
            "x": 1250.970947265625,
            "y": 313.4754943847656,
            "z": 44.81467819213867
          }
        },
        {
          "type": "RIGHT_EYE_PUPIL",
          "position": {
            "x": 1260.1434326171875,
            "y": 313.6264343261719,
            "z": 55.45268630981445
          }
        },
        {
          "type": "LEFT_EYEBROW_UPPER_MIDPOINT",
          "position": {
            "x": 1223.45263671875,
            "y": 282.61199951171875,
            "z": -0.4606005549430847
          }
        },
        {
          "type": "RIGHT_EYEBROW_UPPER_MIDPOINT",
          "position": {
            "x": 1262.63623046875,
            "y": 289.1378173828125,
            "z": 58.9696044921875
          }
        },
        {
          "type": "LEFT_EAR_TRAGION",
          "position": {
            "x": 1135.306884765625,
            "y": 350.52081298828125,
            "z": 2.0437028408050537
          }
        },
        {
          "type": "RIGHT_EAR_TRAGION",
          "position": {
            "x": 1219.271240234375,
            "y": 368.1126708984375,
            "z": 126.22880554199219
          }
        },
        {
          "type": "FOREHEAD_GLABELLA",
          "position": {
            "x": 1250.411376953125,
            "y": 290.96722412109375,
            "z": 23.9300594329834
          }
        },
        {
          "type": "CHIN_GNATHION",
          "position": {
            "x": 1258.6234130859375,
            "y": 419.4930419921875,
            "z": 3.999539852142334
          }
        },
        {
          "type": "CHIN_LEFT_GONION",
          "position": {
            "x": 1169.7320556640625,
            "y": 389.8554992675781,
            "z": -15.004389762878418
          }
        },
        {
          "type": "CHIN_RIGHT_GONION",
          "position": {
            "x": 1243.6995849609375,
            "y": 401.7544860839844,
            "z": 97.7547836303711
          }
        }
      ],
      "rollAngle": -9.084415435791016,
      "panAngle": 58.259498596191406,
      "tiltAngle": 11.85089111328125,
      "detectionConfidence": 0.9966676831245422,
      "landmarkingConfidence": 0.5100398063659668,
      "joyLikelihood": "VERY_UNLIKELY",
      "sorrowLikelihood": "VERY_UNLIKELY",
      "angerLikelihood": "VERY_UNLIKELY",
      "surpriseLikelihood": "VERY_UNLIKELY",
      "underExposedLikelihood": "VERY_UNLIKELY",
      "blurredLikelihood": "VERY_UNLIKELY",
      "headwearLikelihood": "VERY_UNLIKELY"
    },
    {
      "boundingPoly": {
        "vertices": [
          {
            "x": 244,
            "y": 289
          },
          {
            "x": 458,
            "y": 289
          },
          {
            "x": 458,
            "y": 538
          },
          {
            "x": 244,
            "y": 538
          }
        ]
      },
      "fdBoundingPoly": {
        "vertices": [
          {
            "x": 307,
            "y": 354
          },
          {
            "x": 470,
            "y": 354
          },
          {
            "x": 470,
            "y": 517
          },
          {
            "x": 307,
            "y": 517
          }
        ]
      },
      "landmarks": [
        {
          "type": "LEFT_EYE",
          "position": {
            "x": 411.7930908203125,
            "y": 404.73486328125,
            "z": 0.0006628165720030665
          }
        },
        {
          "type": "RIGHT_EYE",
          "position": {
            "x": 416.482177734375,
            "y": 407.3494873046875,
            "z": 63.79970169067383
          }
        },
        {
          "type": "LEFT_OF_LEFT_EYEBROW",
          "position": {
            "x": 402.9846496582031,
            "y": 387.00018310546875,
            "z": -21.142213821411133
          }
        },
        {
          "type": "RIGHT_OF_LEFT_EYEBROW",
          "position": {
            "x": 425.5341491699219,
            "y": 390.11370849609375,
            "z": 15.293901443481445
          }
        },
        {
          "type": "LEFT_OF_RIGHT_EYEBROW",
          "position": {
            "x": 428.6379699707031,
            "y": 391.78704833984375,
            "z": 46.661155700683594
          }
        },
        {
          "type": "RIGHT_OF_RIGHT_EYEBROW",
          "position": {
            "x": 413.8536376953125,
            "y": 392.8082580566406,
            "z": 86.87713623046875
          }
        },
        {
          "type": "MIDPOINT_BETWEEN_EYES",
          "position": {
            "x": 427.0235595703125,
            "y": 404.65740966796875,
            "z": 30.255083084106445
          }
        },
        {
          "type": "NOSE_TIP",
          "position": {
            "x": 443.34674072265625,
            "y": 443.1947937011719,
            "z": 26.60315704345703
          }
        },
        {
          "type": "UPPER_LIP",
          "position": {
            "x": 426.2640075683594,
            "y": 465.20648193359375,
            "z": 27.13106346130371
          }
        },
        {
          "type": "LOWER_LIP",
          "position": {
            "x": 419.9356689453125,
            "y": 487.68780517578125,
            "z": 26.582250595092773
          }
        },
        {
          "type": "MOUTH_LEFT",
          "position": {
            "x": 402.756103515625,
            "y": 470.01202392578125,
            "z": 1.9735512733459473
          }
        },
        {
          "type": "MOUTH_RIGHT",
          "position": {
            "x": 410.7548828125,
            "y": 475.0537109375,
            "z": 53.913150787353516
          }
        },
        {
          "type": "MOUTH_CENTER",
          "position": {
            "x": 419.9875793457031,
            "y": 474.5317687988281,
            "z": 27.176395416259766
          }
        },
        {
          "type": "NOSE_BOTTOM_RIGHT",
          "position": {
            "x": 419.76531982421875,
            "y": 447.097900390625,
            "z": 46.67691421508789
          }
        },
        {
          "type": "NOSE_BOTTOM_LEFT",
          "position": {
            "x": 416.24298095703125,
            "y": 445.2056884765625,
            "z": 11.302129745483398
          }
        },
        {
          "type": "NOSE_BOTTOM_CENTER",
          "position": {
            "x": 427.638427734375,
            "y": 452.1201477050781,
            "z": 27.697689056396484
          }
        },
        {
          "type": "LEFT_EYE_TOP_BOUNDARY",
          "position": {
            "x": 414.88427734375,
            "y": 399.7650146484375,
            "z": -0.9960037469863892
          }
        },
        {
          "type": "LEFT_EYE_RIGHT_CORNER",
          "position": {
            "x": 411.4920959472656,
            "y": 405.0776062011719,
            "z": 12.276162147521973
          }
        },
        {
          "type": "LEFT_EYE_BOTTOM_BOUNDARY",
          "position": {
            "x": 410.898681640625,
            "y": 409.1917724609375,
            "z": -0.9275668859481812
          }
        },
        {
          "type": "LEFT_EYE_LEFT_CORNER",
          "position": {
            "x": 401.9236755371094,
            "y": 402.3459167480469,
            "z": -13.278589248657227
          }
        },
        {
          "type": "LEFT_EYE_PUPIL",
          "position": {
            "x": 411.5426330566406,
            "y": 403.908447265625,
            "z": -1.912392497062683
          }
        },
        {
          "type": "RIGHT_EYE_TOP_BOUNDARY",
          "position": {
            "x": 421.2593078613281,
            "y": 403.173095703125,
            "z": 63.610252380371094
          }
        },
        {
          "type": "RIGHT_EYE_RIGHT_CORNER",
          "position": {
            "x": 411.92730712890625,
            "y": 407.80682373046875,
            "z": 77.31930541992188
          }
        },
        {
          "type": "RIGHT_EYE_BOTTOM_BOUNDARY",
          "position": {
            "x": 416.709716796875,
            "y": 411.90631103515625,
            "z": 63.590755462646484
          }
        },
        {
          "type": "RIGHT_EYE_LEFT_CORNER",
          "position": {
            "x": 414.99664306640625,
            "y": 407.1105651855469,
            "z": 50.95315933227539
          }
        },
        {
          "type": "RIGHT_EYE_PUPIL",
          "position": {
            "x": 418.19757080078125,
            "y": 407.45172119140625,
            "z": 64.37964630126953
          }
        },
        {
          "type": "LEFT_EYEBROW_UPPER_MIDPOINT",
          "position": {
            "x": 419.0905456542969,
            "y": 380.954833984375,
            "z": -3.2164690494537354
          }
        },
        {
          "type": "RIGHT_EYEBROW_UPPER_MIDPOINT",
          "position": {
            "x": 426.06634521484375,
            "y": 384.6965637207031,
            "z": 66.88998413085938
          }
        },
        {
          "type": "LEFT_EAR_TRAGION",
          "position": {
            "x": 322.6654968261719,
            "y": 428.844482421875,
            "z": -35.66572952270508
          }
        },
        {
          "type": "RIGHT_EAR_TRAGION",
          "position": {
            "x": 338.4047546386719,
            "y": 435.65948486328125,
            "z": 111.82394409179688
          }
        },
        {
          "type": "FOREHEAD_GLABELLA",
          "position": {
            "x": 429.5216979980469,
            "y": 390.30401611328125,
            "z": 30.73825454711914
          }
        },
        {
          "type": "CHIN_GNATHION",
          "position": {
            "x": 411.0754089355469,
            "y": 519.044677734375,
            "z": 26.002798080444336
          }
        },
        {
          "type": "CHIN_LEFT_GONION",
          "position": {
            "x": 347.6282653808594,
            "y": 471.68939208984375,
            "z": -32.67924118041992
          }
        },
        {
          "type": "CHIN_RIGHT_GONION",
          "position": {
            "x": 360.8681945800781,
            "y": 478.58123779296875,
            "z": 100.12953186035156
          }
        }
      ],
      "rollAngle": 4.206271648406982,
      "panAngle": 84.10279846191406,
      "tiltAngle": 2.5946907997131348,
      "detectionConfidence": 0.8711065053939819,
      "landmarkingConfidence": 0.1781167984008789,
      "joyLikelihood": "VERY_LIKELY",
      "sorrowLikelihood": "VERY_UNLIKELY",
      "angerLikelihood": "VERY_UNLIKELY",
      "surpriseLikelihood": "VERY_UNLIKELY",
      "underExposedLikelihood": "VERY_UNLIKELY",
      "blurredLikelihood": "VERY_UNLIKELY",
      "headwearLikelihood": "VERY_UNLIKELY"
    }
  ]
}
