{
  "faceAnnotations": [
    {
      "boundingPoly": {
        "vertices": [
          {
            "x": 280,
            "y": 32
          },
          {
            "x": 346,
            "y": 32
          },
          {
            "x": 346,
            "y": 109
          },
          {
            "x": 280,
            "y": 109
          }
        ]
      },
      "fdBoundingPoly": {
        "vertices": [
          {
            "x": 287,
            "y": 47
          },
          {
            "x": 341,
            "y": 47
          },
          {
            "x": 341,
            "y": 101
          },
          {
            "x": 287,
            "y": 101
          }
        ]
      },
      "landmarks": [
        {
          "type": "LEFT_EYE",
          "position": {
            "x": 306.6862487792969,
            "y": 65.66881561279297,
            "z": -0.0003581075288821012
          }
        },
        {
          "type": "RIGHT_EYE",
          "position": {
            "x": 325.49066162109375,
            "y": 64.3213882446289,
            "z": 3.802949905395508
          }
        },
        {
          "type": "LEFT_OF_LEFT_EYEBROW",
          "position": {
            "x": 298.1392822265625,
            "y": 63.18707275390625,
            "z": 0.9156675338745117
          }
        },
        {
          "type": "RIGHT_OF_LEFT_EYEBROW",
          "position": {
            "x": 311.5294189453125,
            "y": 61.08224105834961,
            "z": -2.5461502075195312
          }
        },
        {
          "type": "LEFT_OF_RIGHT_EYEBROW",
          "position": {
            "x": 321.1654968261719,
            "y": 60.13161087036133,
            "z": -0.6283501386642456
          }
        },
        {
          "type": "RIGHT_OF_RIGHT_EYEBROW",
          "position": {
            "x": 331.6572265625,
            "y": 59.93974685668945,
            "z": 7.373051166534424
          }
        },
        {
          "type": "MIDPOINT_BETWEEN_EYES",
          "position": {
            "x": 316.62359619140625,
            "y": 64.55751037597656,
            "z": -2.24762225151062
          }
        },
        {
          "type": "NOSE_TIP",
          "position": {
            "x": 318.757080078125,
            "y": 75.606689453125,
            "z": -9.072611808776855
          }
        },
        {
          "type": "UPPER_LIP",
          "position": {
            "x": 318.46124267578125,
            "y": 83.69813537597656,
            "z": -5.069518089294434
          }
        },
        {
          "type": "LOWER_LIP",
          "position": {
            "x": 318.57952880859375,
            "y": 90.11370086669922,
            "z": -4.228443145751953
          }
        },
        {
          "type": "MOUTH_LEFT",
          "position": {
            "x": 310.76513671875,
            "y": 87.16302490234375,
            "z": -1.702177882194519
          }
        },
        {
          "type": "MOUTH_RIGHT",
          "position": {
            "x": 325.406494140625,
            "y": 86.14012145996094,
            "z": 1.4824119806289673
          }
        },
        {
          "type": "MOUTH_CENTER",
          "position": {
            "x": 318.3089294433594,
            "y": 86.59996795654297,
            "z": -3.869460105895996
          }
        },
        {
          "type": "NOSE_BOTTOM_RIGHT",
          "position": {
            "x": 323.087890625,
            "y": 77.6346435546875,
            "z": -0.47355276346206665
          }
        },
        {
          "type": "NOSE_BOTTOM_LEFT",
          "position": {
            "x": 312.1885986328125,
            "y": 78.36618041992188,
            "z": -2.679076910018921
          }
        },
        {
          "type": "NOSE_BOTTOM_CENTER",
          "position": {
            "x": 318.3331298828125,
            "y": 79.17012786865234,
            "z": -4.793066501617432
          }
        },
        {
          "type": "LEFT_EYE_TOP_BOUNDARY",
          "position": {
            "x": 306.1955871582031,
            "y": 64.75725555419922,
            "z": -1.3257365226745605
          }
        },
        {
          "type": "LEFT_EYE_RIGHT_CORNER",
          "position": {
            "x": 310.4904479980469,
            "y": 66.15275573730469,
            "z": 0.7345688939094543
          }
        },
        {
          "type": "LEFT_EYE_BOTTOM_BOUNDARY",
          "position": {
            "x": 306.44122314453125,
            "y": 67.21231079101562,
            "z": -0.39609628915786743
          }
        },
        {
          "type": "LEFT_EYE_LEFT_CORNER",
          "position": {
            "x": 301.81549072265625,
            "y": 66.6971435546875,
            "z": 0.8977455496788025
          }
        },
        {
          "type": "LEFT_EYE_PUPIL",
          "position": {
            "x": 305.8553466796875,
            "y": 66.26252746582031,
            "z": -0.6700350046157837
          }
        },
        {
          "type": "RIGHT_EYE_TOP_BOUNDARY",
          "position": {
            "x": 325.89874267578125,
            "y": 63.350608825683594,
            "z": 2.609612226486206
          }
        },
        {
          "type": "RIGHT_EYE_RIGHT_CORNER",
          "position": {
            "x": 329.35089111328125,
            "y": 64.83168029785156,
            "z": 6.384405136108398
          }
        },
        {
          "type": "RIGHT_EYE_BOTTOM_BOUNDARY",
          "position": {
            "x": 325.7961120605469,
            "y": 66.05509185791016,
            "z": 3.5146994590759277
          }
        },
        {
          "type": "RIGHT_EYE_LEFT_CORNER",
          "position": {
            "x": 321.8109436035156,
            "y": 65.2610092163086,
            "z": 3.074467897415161
          }
        },
        {
          "type": "RIGHT_EYE_PUPIL",
          "position": {
            "x": 326.0762939453125,
            "y": 64.83224487304688,
            "z": 3.3486788272857666
          }
        },
        {
          "type": "LEFT_EYEBROW_UPPER_MIDPOINT",
          "position": {
            "x": 305.0171813964844,
            "y": 59.00390625,
            "z": -1.9935331344604492
          }
        },
        {
          "type": "RIGHT_EYEBROW_UPPER_MIDPOINT",
          "position": {
            "x": 326.4178466796875,
            "y": 57.455284118652344,
            "z": 2.27803897857666
          }
        },
        {
          "type": "LEFT_EAR_TRAGION",
          "position": {
            "x": 289.60198974609375,
            "y": 79.94901275634766,
            "z": 20.885751724243164
          }
        },
        {
          "type": "RIGHT_EAR_TRAGION",
          "position": {
            "x": 334.55767822265625,
            "y": 76.42842864990234,
            "z": 29.721864700317383
          }
        },
        {
          "type": "FOREHEAD_GLABELLA",
          "position": {
            "x": 316.3479919433594,
            "y": 60.131568908691406,
            "z": -2.312593936920166
          }
        },
        {
          "type": "CHIN_GNATHION",
          "position": {
            "x": 319.0836486816406,
            "y": 99.74365997314453,
            "z": -2.233642339706421
          }
        },
        {
          "type": "CHIN_LEFT_GONION",
          "position": {
            "x": 294.58123779296875,
            "y": 91.48149108886719,
            "z": 12.081408500671387
          }
        },
        {
          "type": "CHIN_RIGHT_GONION",
          "position": {
            "x": 335.09747314453125,
            "y": 88.57281494140625,
            "z": 20.16179847717285
          }
        }
      ],
      "rollAngle": -5.1238226890563965,
      "panAngle": 11.29702091217041,
      "tiltAngle": 5.068459510803223,
      "detectionConfidence": 0.9986528158187866,
      "landmarkingConfidence": 0.8156664371490479,
      "joyLikelihood": "VERY_UNLIKELY",
      "sorrowLikelihood": "VERY_UNLIKELY",
      "angerLikelihood": "VERY_UNLIKELY",
      "surpriseLikelihood": "VERY_UNLIKELY",
      "underExposedLikelihood": "VERY_UNLIKELY",
      "blurredLikelihood": "VERY_UNLIKELY",
      "headwearLikelihood": "POSSIBLE"
    },
    {
      "boundingPoly": {
        "vertices": [
          {
            "x": 120,
            "y": 30
          },
          {
            "x": 173,
            "y": 30
          },
          {
            "x": 173,
            "y": 92
          },
          {
            "x": 120,
            "y": 92
          }
        ]
      },
      "fdBoundingPoly": {
        "vertices": [
          {
            "x": 115,
            "y": 41
          },
          {
            "x": 165,
            "y": 41
          },
          {
            "x": 165,
            "y": 91
          },
          {
            "x": 115,
            "y": 91
          }
        ]
      },
      "landmarks": [
        {
          "type": "LEFT_EYE",
          "position": {
            "x": 130.59136962890625,
            "y": 59.79627227783203,
            "z": 0.00020314207358751446
          }
        },
        {
          "type": "RIGHT_EYE",
          "position": {
            "x": 134.52536010742188,
            "y": 58.069183349609375,
            "z": -15.174376487731934
          }
        },
        {
          "type": "LEFT_OF_LEFT_EYEBROW",
          "position": {
            "x": 130.3594207763672,
            "y": 56.821048736572266,
            "z": 6.181605339050293
          }
        },
        {
          "type": "RIGHT_OF_LEFT_EYEBROW",
          "position": {
            "x": 128.40505981445312,
            "y": 55.43587875366211,
            "z": -4.200734615325928
          }
        },
        {
          "type": "LEFT_OF_RIGHT_EYEBROW",
          "position": {
            "x": 130.47084045410156,
            "y": 54.33073043823242,
            "z": -11.697490692138672
          }
        },
        {
          "type": "RIGHT_OF_RIGHT_EYEBROW",
          "position": {
            "x": 137.9459991455078,
            "y": 52.534400939941406,
            "z": -19.701234817504883
          }
        },
        {
          "type": "MIDPOINT_BETWEEN_EYES",
          "position": {
            "x": 129.34642028808594,
            "y": 58.30650329589844,
            "z": -8.471328735351562
          }
        },
        {
          "type": "NOSE_TIP",
          "position": {
            "x": 125.2833480834961,
            "y": 67.33020782470703,
            "z": -10.953431129455566
          }
        },
        {
          "type": "UPPER_LIP",
          "position": {
            "x": 128.94638061523438,
            "y": 73.60306549072266,
            "z": -10.777185440063477
          }
        },
        {
          "type": "LOWER_LIP",
          "position": {
            "x": 130.15145874023438,
            "y": 78.12290954589844,
            "z": -11.130764961242676
          }
        },
        {
          "type": "MOUTH_LEFT",
          "position": {
            "x": 131.51199340820312,
            "y": 76.49063110351562,
            "z": -3.849613904953003
          }
        },
        {
          "type": "MOUTH_RIGHT",
          "position": {
            "x": 135.08148193359375,
            "y": 74.35211944580078,
            "z": -16.03387451171875
          }
        },
        {
          "type": "MOUTH_CENTER",
          "position": {
            "x": 130.11380004882812,
            "y": 75.73043823242188,
            "z": -10.772263526916504
          }
        },
        {
          "type": "NOSE_BOTTOM_RIGHT",
          "position": {
            "x": 132.0996856689453,
            "y": 68.65837097167969,
            "z": -13.663376808166504
          }
        },
        {
          "type": "NOSE_BOTTOM_LEFT",
          "position": {
            "x": 129.88131713867188,
            "y": 69.33087158203125,
            "z": -5.261549472808838
          }
        },
        {
          "type": "NOSE_BOTTOM_CENTER",
          "position": {
            "x": 128.96270751953125,
            "y": 70.11781311035156,
            "z": -10.324185371398926
          }
        },
        {
          "type": "LEFT_EYE_TOP_BOUNDARY",
          "position": {
            "x": 129.39157104492188,
            "y": 58.772438049316406,
            "z": -0.05721818283200264
          }
        },
        {
          "type": "LEFT_EYE_RIGHT_CORNER",
          "position": {
            "x": 131.39239501953125,
            "y": 59.56501007080078,
            "z": -3.003392457962036
          }
        },
        {
          "type": "LEFT_EYE_BOTTOM_BOUNDARY",
          "position": {
            "x": 130.39805603027344,
            "y": 60.948036193847656,
            "z": -0.10310021787881851
          }
        },
        {
          "type": "LEFT_EYE_LEFT_CORNER",
          "position": {
            "x": 131.05258178710938,
            "y": 60.38135528564453,
            "z": 3.5457403659820557
          }
        },
        {
          "type": "LEFT_EYE_PUPIL",
          "position": {
            "x": 130.03314208984375,
            "y": 59.901512145996094,
            "z": 0.23206736147403717
          }
        },
        {
          "type": "RIGHT_EYE_TOP_BOUNDARY",
          "position": {
            "x": 133.66001892089844,
            "y": 56.548763275146484,
            "z": -15.494013786315918
          }
        },
        {
          "type": "RIGHT_EYE_RIGHT_CORNER",
          "position": {
            "x": 137.1702117919922,
            "y": 57.13751220703125,
            "z": -18.05488395690918
          }
        },
        {
          "type": "RIGHT_EYE_BOTTOM_BOUNDARY",
          "position": {
            "x": 134.573486328125,
            "y": 58.95349884033203,
            "z": -15.522284507751465
          }
        },
        {
          "type": "RIGHT_EYE_LEFT_CORNER",
          "position": {
            "x": 133.74314880371094,
            "y": 58.29945373535156,
            "z": -12.205090522766113
          }
        },
        {
          "type": "RIGHT_EYE_PUPIL",
          "position": {
            "x": 134.39346313476562,
            "y": 57.62009048461914,
            "z": -15.617796897888184
          }
        },
        {
          "type": "LEFT_EYEBROW_UPPER_MIDPOINT",
          "position": {
            "x": 128.26356506347656,
            "y": 54.164588928222656,
            "z": 1.0150351524353027
          }
        },
        {
          "type": "RIGHT_EYEBROW_UPPER_MIDPOINT",
          "position": {
            "x": 132.91177368164062,
            "y": 51.728790283203125,
            "z": -15.73243236541748
          }
        },
        {
          "type": "LEFT_EAR_TRAGION",
          "position": {
            "x": 147.26905822753906,
            "y": 69.19078063964844,
            "z": 14.172725677490234
          }
        },
        {
          "type": "RIGHT_EAR_TRAGION",
          "position": {
            "x": 156.9842071533203,
            "y": 64.1783676147461,
            "z": -20.893871307373047
          }
        },
        {
          "type": "FOREHEAD_GLABELLA",
          "position": {
            "x": 128.8498992919922,
            "y": 54.68296432495117,
            "z": -8.088422775268555
          }
        },
        {
          "type": "CHIN_GNATHION",
          "position": {
            "x": 132.5922088623047,
            "y": 86.07527923583984,
            "z": -11.567346572875977
          }
        },
        {
          "type": "CHIN_LEFT_GONION",
          "position": {
            "x": 141.76394653320312,
            "y": 79.198486328125,
            "z": 9.341116905212402
          }
        },
        {
          "type": "CHIN_RIGHT_GONION",
          "position": {
            "x": 150.55543518066406,
            "y": 74.6270751953125,
            "z": -22.35498809814453
          }
        }
      ],
      "rollAngle": -1.9701075553894043,
      "panAngle": -74.37168884277344,
      "tiltAngle": 7.6926589012146,
      "detectionConfidence": 0.5088033676147461,
      "landmarkingConfidence": 0.292519748210907,
      "joyLikelihood": "VERY_UNLIKELY",
      "sorrowLikelihood": "VERY_UNLIKELY",
      "angerLikelihood": "VERY_UNLIKELY",
      "surpriseLikelihood": "VERY_UNLIKELY",
      "underExposedLikelihood": "VERY_UNLIKELY",
      "blurredLikelihood": "VERY_UNLIKELY",
      "headwearLikelihood": "VERY_UNLIKELY"
    }
  ]
}
