{
  "faceAnnotations": [
    {
      "boundingPoly": {
        "vertices": [
          {
            "x": 528,
            "y": 152
          },
          {
            "x": 670,
            "y": 152
          },
          {
            "x": 670,
            "y": 317
          },
          {
            "x": 528,
            "y": 317
          }
        ]
      },
      "fdBoundingPoly": {
        "vertices": [
          {
            "x": 552,
            "y": 193
          },
          {
            "x": 663,
            "y": 193
          },
          {
            "x": 663,
            "y": 305
          },
          {
            "x": 552,
            "y": 305
          }
        ]
      },
      "landmarks": [
        {
          "type": "LEFT_EYE",
          "position": {
            "x": 602.64306640625,
            "y": 226.58282470703125,
            "z": -3.800319245783612e-05
          }
        },
        {
          "type": "RIGHT_EYE",
          "position": {
            "x": 639.553466796875,
            "y": 243.0813446044922,
            "z": 16.189176559448242
          }
        },
        {
          "type": "LEFT_OF_LEFT_EYEBROW",
          "position": {
            "x": 594.107177734375,
            "y": 210.6751251220703,
            "z": -1.3879797458648682
          }
        },
        {
          "type": "RIGHT_OF_LEFT_EYEBROW",
          "position": {
            "x": 619.9688720703125,
            "y": 221.97537231445312,
            "z": -3.3884894847869873
          }
        },
        {
          "type": "LEFT_OF_RIGHT_EYEBROW",
          "position": {
            "x": 637.5068969726562,
            "y": 230.43577575683594,
            "z": 4.437703609466553
          }
        },
        {
          "type": "RIGHT_OF_RIGHT_EYEBROW",
          "position": {
            "x": 654.6483154296875,
            "y": 238.76986694335938,
            "z": 25.393800735473633
          }
        },
        {
          "type": "MIDPOINT_BETWEEN_EYES",
          "position": {
            "x": 625.2625732421875,
            "y": 234.22808837890625,
            "z": -0.16198046505451202
          }
        },
        {
          "type": "NOSE_TIP",
          "position": {
            "x": 618.9969482421875,
            "y": 259.3062744140625,
            "z": -12.243494033813477
          }
        },
        {
          "type": "UPPER_LIP",
          "position": {
            "x": 609.07861328125,
            "y": 271.39312744140625,
            "z": -3.0602993965148926
          }
        },
        {
          "type": "LOWER_LIP",
          "position": {
            "x": 601.8466186523438,
            "y": 284.88616943359375,
            "z": -0.3314312696456909
          }
        },
        {
          "type": "MOUTH_LEFT",
          "position": {
            "x": 588.7547607421875,
            "y": 270.1149597167969,
            "z": 1.2139414548873901
          }
        },
        {
          "type": "MOUTH_RIGHT",
          "position": {
            "x": 616.8242797851562,
            "y": 282.4693298339844,
            "z": 13.898848533630371
          }
        },
        {
          "type": "MOUTH_CENTER",
          "position": {
            "x": 605.087890625,
            "y": 276.9478759765625,
            "z": -0.14756639301776886
          }
        },
        {
          "type": "NOSE_BOTTOM_RIGHT",
          "position": {
            "x": 622.0863037109375,
            "y": 264.33404541015625,
            "z": 7.505152702331543
          }
        },
        {
          "type": "NOSE_BOTTOM_LEFT",
          "position": {
            "x": 603.5462646484375,
            "y": 255.80465698242188,
            "z": -1.2909358739852905
          }
        },
        {
          "type": "NOSE_BOTTOM_CENTER",
          "position": {
            "x": 612.8049926757812,
            "y": 263.9398498535156,
            "z": -3.0904903411865234
          }
        },
        {
          "type": "LEFT_EYE_TOP_BOUNDARY",
          "position": {
            "x": 605.5804443359375,
            "y": 223.8837890625,
            "z": -2.484860420227051
          }
        },
        {
          "type": "LEFT_EYE_RIGHT_CORNER",
          "position": {
            "x": 611.0050048828125,
            "y": 229.66622924804688,
            "z": 3.5882506370544434
          }
        },
        {
          "type": "LEFT_EYE_BOTTOM_BOUNDARY",
          "position": {
            "x": 602.0929565429688,
            "y": 229.17919921875,
            "z": -0.20369169116020203
          }
        },
        {
          "type": "LEFT_EYE_LEFT_CORNER",
          "position": {
            "x": 594.7496337890625,
            "y": 222.38404846191406,
            "z": 0.6563151478767395
          }
        },
        {
          "type": "LEFT_EYE_PUPIL",
          "position": {
            "x": 603.184814453125,
            "y": 226.0311737060547,
            "z": -1.0339583158493042
          }
        },
        {
          "type": "RIGHT_EYE_TOP_BOUNDARY",
          "position": {
            "x": 641.8529663085938,
            "y": 240.71218872070312,
            "z": 13.576597213745117
          }
        },
        {
          "type": "RIGHT_EYE_RIGHT_CORNER",
          "position": {
            "x": 645.413818359375,
            "y": 245.88482666015625,
            "z": 23.071361541748047
          }
        },
        {
          "type": "RIGHT_EYE_BOTTOM_BOUNDARY",
          "position": {
            "x": 638.5175170898438,
            "y": 245.6820526123047,
            "z": 15.844139099121094
          }
        },
        {
          "type": "RIGHT_EYE_LEFT_CORNER",
          "position": {
            "x": 632.17138671875,
            "y": 239.90451049804688,
            "z": 13.15499496459961
          }
        },
        {
          "type": "RIGHT_EYE_PUPIL",
          "position": {
            "x": 640.4081420898438,
            "y": 243.3085174560547,
            "z": 15.415322303771973
          }
        },
        {
          "type": "LEFT_EYEBROW_UPPER_MIDPOINT",
          "position": {
            "x": 610.0487670898438,
            "y": 212.0264129638672,
            "z": -4.994227886199951
          }
        },
        {
          "type": "RIGHT_EYEBROW_UPPER_MIDPOINT",
          "position": {
            "x": 649.3865966796875,
            "y": 230.2891082763672,
            "z": 12.435257911682129
          }
        },
        {
          "type": "LEFT_EAR_TRAGION",
          "position": {
            "x": 553.2418823242188,
            "y": 227.03378295898438,
            "z": 39.03660202026367
          }
        },
        {
          "type": "RIGHT_EAR_TRAGION",
          "position": {
            "x": 635.6123657226562,
            "y": 265.2527770996094,
            "z": 75.43421936035156
          }
        },
        {
          "type": "FOREHEAD_GLABELLA",
          "position": {
            "x": 629.5,
            "y": 226.08792114257812,
            "z": -0.9488365650177002
          }
        },
        {
          "type": "CHIN_GNATHION",
          "position": {
            "x": 591.67529296875,
            "y": 301.5309753417969,
            "z": 5.169785976409912
          }
        },
        {
          "type": "CHIN_LEFT_GONION",
          "position": {
            "x": 551.7905883789062,
            "y": 256.56829833984375,
            "z": 24.104351043701172
          }
        },
        {
          "type": "CHIN_RIGHT_GONION",
          "position": {
            "x": 626.22119140625,
            "y": 291.0932922363281,
            "z": 57.060279846191406
          }
        }
      ],
      "rollAngle": 24.570314407348633,
      "panAngle": 21.886526107788086,
      "tiltAngle": 0.7856524586677551,
      "detectionConfidence": 0.8114728331565857,
      "landmarkingConfidence": 0.4023488759994507,
      "joyLikelihood": "VERY_UNLIKELY",
      "sorrowLikelihood": "VERY_UNLIKELY",
      "angerLikelihood": "VERY_UNLIKELY",
      "surpriseLikelihood": "VERY_UNLIKELY",
      "underExposedLikelihood": "VERY_UNLIKELY",
      "blurredLikelihood": "VERY_UNLIKELY",
      "headwearLikelihood": "VERY_UNLIKELY"
    },
    {
      "boundingPoly": {
        "vertices": [
          {
            "x": 789,
            "y": 152
          },
          {
            "x": 1034,
            "y": 152
          },
          {
            "x": 1034,
            "y": 436
          },
          {
            "x": 789,
            "y": 436
          }
        ]
      },
      "fdBoundingPoly": {
        "vertices": [
          {
            "x": 785,
            "y": 207
          },
          {
            "x": 989,
            "y": 207
          },
          {
            "x": 989,
            "y": 412
          },
          {
            "x": 785,
            "y": 412
          }
        ]
      },
      "landmarks": [
        {
          "type": "LEFT_EYE",
          "position": {
            "x": 846.6809692382812,
            "y": 282.89385986328125,
            "z": -0.0003091636172030121
          }
        },
        {
          "type": "RIGHT_EYE",
          "position": {
            "x": 924.321533203125,
            "y": 270.302490234375,
            "z": -26.841264724731445
          }
        },
        {
          "type": "LEFT_OF_LEFT_EYEBROW",
          "position": {
            "x": 828.1719360351562,
            "y": 267.7235412597656,
            "z": 15.80960464477539
          }
        },
        {
          "type": "RIGHT_OF_LEFT_EYEBROW",
          "position": {
            "x": 862.2660522460938,
            "y": 261.25286865234375,
            "z": -18.87244415283203
          }
        },
        {
          "type": "LEFT_OF_RIGHT_EYEBROW",
          "position": {
            "x": 895.535400390625,
            "y": 255.93589782714844,
            "z": -30.786901473999023
          }
        },
        {
          "type": "RIGHT_OF_RIGHT_EYEBROW",
          "position": {
            "x": 943.539306640625,
            "y": 251.33477783203125,
            "z": -25.52798843383789
          }
        },
        {
          "type": "MIDPOINT_BETWEEN_EYES",
          "position": {
            "x": 879.8817749023438,
            "y": 273.8135070800781,
            "z": -27.66678237915039
          }
        },
        {
          "type": "NOSE_TIP",
          "position": {
            "x": 875.7784423828125,
            "y": 313.8534240722656,
            "z": -53.006439208984375
          }
        },
        {
          "type": "UPPER_LIP",
          "position": {
            "x": 884.73291015625,
            "y": 340.93603515625,
            "z": -39.961917877197266
          }
        },
        {
          "type": "LOWER_LIP",
          "position": {
            "x": 889.1329345703125,
            "y": 366.6919860839844,
            "z": -37.9244499206543
          }
        },
        {
          "type": "MOUTH_LEFT",
          "position": {
            "x": 865.6076049804688,
            "y": 356.8621826171875,
            "z": -12.766542434692383
          }
        },
        {
          "type": "MOUTH_RIGHT",
          "position": {
            "x": 919.868408203125,
            "y": 349.26531982421875,
            "z": -32.265560150146484
          }
        },
        {
          "type": "MOUTH_CENTER",
          "position": {
            "x": 887.8214111328125,
            "y": 353.09375,
            "z": -36.18680191040039
          }
        },
        {
          "type": "NOSE_BOTTOM_RIGHT",
          "position": {
            "x": 906.9152221679688,
            "y": 317.69415283203125,
            "z": -33.65176010131836
          }
        },
        {
          "type": "NOSE_BOTTOM_LEFT",
          "position": {
            "x": 867.1773681640625,
            "y": 322.52423095703125,
            "z": -19.896991729736328
          }
        },
        {
          "type": "NOSE_BOTTOM_CENTER",
          "position": {
            "x": 881.4692993164062,
            "y": 325.977783203125,
            "z": -38.487327575683594
          }
        },
        {
          "type": "LEFT_EYE_TOP_BOUNDARY",
          "position": {
            "x": 848.3212890625,
            "y": 275.8546142578125,
            "z": -5.143824100494385
          }
        },
        {
          "type": "LEFT_EYE_RIGHT_CORNER",
          "position": {
            "x": 862.6104125976562,
            "y": 280.50421142578125,
            "z": -5.412268161773682
          }
        },
        {
          "type": "LEFT_EYE_BOTTOM_BOUNDARY",
          "position": {
            "x": 847.2069702148438,
            "y": 287.3668518066406,
            "z": -1.8089960813522339
          }
        },
        {
          "type": "LEFT_EYE_LEFT_CORNER",
          "position": {
            "x": 838.4434814453125,
            "y": 283.88934326171875,
            "z": 10.595874786376953
          }
        },
        {
          "type": "LEFT_EYE_PUPIL",
          "position": {
            "x": 848.8854370117188,
            "y": 281.1588134765625,
            "z": -2.426435708999634
          }
        },
        {
          "type": "RIGHT_EYE_TOP_BOUNDARY",
          "position": {
            "x": 917.4412231445312,
            "y": 266.0025939941406,
            "z": -29.85222053527832
          }
        },
        {
          "type": "RIGHT_EYE_RIGHT_CORNER",
          "position": {
            "x": 936.0725708007812,
            "y": 269.9881591796875,
            "z": -24.337688446044922
          }
        },
        {
          "type": "RIGHT_EYE_BOTTOM_BOUNDARY",
          "position": {
            "x": 924.5189819335938,
            "y": 274.57501220703125,
            "z": -27.096923828125
          }
        },
        {
          "type": "RIGHT_EYE_LEFT_CORNER",
          "position": {
            "x": 909.1118774414062,
            "y": 272.6432189941406,
            "z": -20.823514938354492
          }
        },
        {
          "type": "RIGHT_EYE_PUPIL",
          "position": {
            "x": 919.690673828125,
            "y": 271.0343322753906,
            "z": -27.837230682373047
          }
        },
        {
          "type": "LEFT_EYEBROW_UPPER_MIDPOINT",
          "position": {
            "x": 842.1564331054688,
            "y": 254.7271728515625,
            "z": -5.012529373168945
          }
        },
        {
          "type": "RIGHT_EYEBROW_UPPER_MIDPOINT",
          "position": {
            "x": 916.8535766601562,
            "y": 244.1308135986328,
            "z": -31.818330764770508
          }
        },
        {
          "type": "LEFT_EAR_TRAGION",
          "position": {
            "x": 842.02294921875,
            "y": 330.2388916015625,
            "z": 95.833740234375
          }
        },
        {
          "type": "RIGHT_EAR_TRAGION",
          "position": {
            "x": 998.5042114257812,
            "y": 308.1056823730469,
            "z": 39.53607177734375
          }
        },
        {
          "type": "FOREHEAD_GLABELLA",
          "position": {
            "x": 877.3265380859375,
            "y": 256.6374816894531,
            "z": -27.336166381835938
          }
        },
        {
          "type": "CHIN_GNATHION",
          "position": {
            "x": 895.9732666015625,
            "y": 400.08306884765625,
            "z": -32.119056701660156
          }
        },
        {
          "type": "CHIN_LEFT_GONION",
          "position": {
            "x": 843.9200439453125,
            "y": 373.4561767578125,
            "z": 59.30021286010742
          }
        },
        {
          "type": "CHIN_RIGHT_GONION",
          "position": {
            "x": 985.1383056640625,
            "y": 353.4788513183594,
            "z": 8.630202293395996
          }
        }
      ],
      "rollAngle": -5.647177696228027,
      "panAngle": -19.693788528442383,
      "tiltAngle": 6.823619842529297,
      "detectionConfidence": 0.7053321599960327,
      "landmarkingConfidence": 0.4417310953140259,
      "joyLikelihood": "UNLIKELY",
      "sorrowLikelihood": "VERY_UNLIKELY",
      "angerLikelihood": "VERY_UNLIKELY",
      "surpriseLikelihood": "VERY_UNLIKELY",
      "underExposedLikelihood": "VERY_UNLIKELY",
      "blurredLikelihood": "VERY_UNLIKELY",
      "headwearLikelihood": "VERY_UNLIKELY"
    }
  ]
}
