{
  "faceAnnotations": [
    {
      "boundingPoly": {
        "vertices": [
          {
            "x": 304,
            "y": 21
          },
          {
            "x": 390,
            "y": 21
          },
          {
            "x": 390,
            "y": 121
          },
          {
            "x": 304,
            "y": 121
          }
        ]
      },
      "fdBoundingPoly": {
        "vertices": [
          {
            "x": 313,
            "y": 42
          },
          {
            "x": 382,
            "y": 42
          },
          {
            "x": 382,
            "y": 111
          },
          {
            "x": 313,
            "y": 111
          }
        ]
      },
      "landmarks": [
        {
          "type": "LEFT_EYE",
          "position": {
            "x": 345.90704345703125,
            "y": 63.70281219482422,
            "z": 0.00015663547674193978
          }
        },
        {
          "type": "RIGHT_EYE",
          "position": {
            "x": 368.131103515625,
            "y": 60.13601303100586,
            "z": 13.031335830688477
          }
        },
        {
          "type": "LEFT_OF_LEFT_EYEBROW",
          "position": {
            "x": 335.23291015625,
            "y": 60.8484001159668,
            "z": -1.9155327081680298
          }
        },
        {
          "type": "RIGHT_OF_LEFT_EYEBROW",
          "position": {
            "x": 352.2619934082031,
            "y": 56.6304817199707,
            "z": -0.6439829468727112
          }
        },
        {
          "type": "LEFT_OF_RIGHT_EYEBROW",
          "position": {
            "x": 362.84136962890625,
            "y": 54.72737121582031,
            "z": 5.642605781555176
          }
        },
        {
          "type": "RIGHT_OF_RIGHT_EYEBROW",
          "position": {
            "x": 372.27545166015625,
            "y": 53.877540588378906,
            "z": 19.675682067871094
          }
        },
        {
          "type": "MIDPOINT_BETWEEN_EYES",
          "position": {
            "x": 359.0465087890625,
            "y": 60.813720703125,
            "z": 1.6881592273712158
          }
        },
        {
          "type": "NOSE_TIP",
          "position": {
            "x": 366.0589904785156,
            "y": 73.7547378540039,
            "z": -6.126857757568359
          }
        },
        {
          "type": "UPPER_LIP",
          "position": {
            "x": 365.2970886230469,
            "y": 83.92997741699219,
            "z": -1.7711488008499146
          }
        },
        {
          "type": "LOWER_LIP",
          "position": {
            "x": 366.3710632324219,
            "y": 92.18790435791016,
            "z": -0.9523709416389465
          }
        },
        {
          "type": "MOUTH_LEFT",
          "position": {
            "x": 354.56475830078125,
            "y": 91.292236328125,
            "z": -1.2776211500167847
          }
        },
        {
          "type": "MOUTH_RIGHT",
          "position": {
            "x": 370.9539489746094,
            "y": 87.2664794921875,
            "z": 8.833100318908691
          }
        },
        {
          "type": "MOUTH_CENTER",
          "position": {
            "x": 365.3719787597656,
            "y": 87.97734832763672,
            "z": -0.4929760992527008
          }
        },
        {
          "type": "NOSE_BOTTOM_RIGHT",
          "position": {
            "x": 367.4656066894531,
            "y": 76.3774185180664,
            "z": 5.717702388763428
          }
        },
        {
          "type": "NOSE_BOTTOM_LEFT",
          "position": {
            "x": 356.2420959472656,
            "y": 79.01434326171875,
            "z": -1.3132591247558594
          }
        },
        {
          "type": "NOSE_BOTTOM_CENTER",
          "position": {
            "x": 364.22308349609375,
            "y": 78.62931823730469,
            "z": -1.3903815746307373
          }
        },
        {
          "type": "LEFT_EYE_TOP_BOUNDARY",
          "position": {
            "x": 346.0955505371094,
            "y": 62.55424499511719,
            "z": -1.5490431785583496
          }
        },
        {
          "type": "LEFT_EYE_RIGHT_CORNER",
          "position": {
            "x": 350.2397155761719,
            "y": 63.95438766479492,
            "z": 2.4763216972351074
          }
        },
        {
          "type": "LEFT_EYE_BOTTOM_BOUNDARY",
          "position": {
            "x": 345.87994384765625,
            "y": 66.17855834960938,
            "z": -0.5775320529937744
          }
        },
        {
          "type": "LEFT_EYE_LEFT_CORNER",
          "position": {
            "x": 339.8928527832031,
            "y": 66.09627532958984,
            "z": -0.7750255465507507
          }
        },
        {
          "type": "LEFT_EYE_PUPIL",
          "position": {
            "x": 345.62799072265625,
            "y": 64.58488464355469,
            "z": -0.9474232792854309
          }
        },
        {
          "type": "RIGHT_EYE_TOP_BOUNDARY",
          "position": {
            "x": 367.923828125,
            "y": 58.56109619140625,
            "z": 11.393017768859863
          }
        },
        {
          "type": "RIGHT_EYE_RIGHT_CORNER",
          "position": {
            "x": 370.7528076171875,
            "y": 60.350181579589844,
            "z": 17.33597755432129
          }
        },
        {
          "type": "RIGHT_EYE_BOTTOM_BOUNDARY",
          "position": {
            "x": 368.4345397949219,
            "y": 62.0950927734375,
            "z": 12.441991806030273
          }
        },
        {
          "type": "RIGHT_EYE_LEFT_CORNER",
          "position": {
            "x": 363.4345703125,
            "y": 61.741607666015625,
            "z": 10.249255180358887
          }
        },
        {
          "type": "RIGHT_EYE_PUPIL",
          "position": {
            "x": 368.02581787109375,
            "y": 60.481327056884766,
            "z": 12.29978084564209
          }
        },
        {
          "type": "LEFT_EYEBROW_UPPER_MIDPOINT",
          "position": {
            "x": 344.0242919921875,
            "y": 55.30381774902344,
            "z": -2.5373482704162598
          }
        },
        {
          "type": "RIGHT_EYEBROW_UPPER_MIDPOINT",
          "position": {
            "x": 367.700927734375,
            "y": 50.96550369262695,
            "z": 11.502968788146973
          }
        },
        {
          "type": "LEFT_EAR_TRAGION",
          "position": {
            "x": 318.2655029296875,
            "y": 85.98039245605469,
            "z": 18.06638526916504
          }
        },
        {
          "type": "RIGHT_EAR_TRAGION",
          "position": {
            "x": 369.23260498046875,
            "y": 76.35498046875,
            "z": 47.249202728271484
          }
        },
        {
          "type": "FOREHEAD_GLABELLA",
          "position": {
            "x": 357.92144775390625,
            "y": 55.23992919921875,
            "z": 1.6910094022750854
          }
        },
        {
          "type": "CHIN_GNATHION",
          "position": {
            "x": 367.32012939453125,
            "y": 104.67916870117188,
            "z": 1.1353893280029297
          }
        },
        {
          "type": "CHIN_LEFT_GONION",
          "position": {
            "x": 330.6566467285156,
            "y": 99.1849365234375,
            "z": 8.718037605285645
          }
        },
        {
          "type": "CHIN_RIGHT_GONION",
          "position": {
            "x": 375.5375671386719,
            "y": 90.68321990966797,
            "z": 35.441741943359375
          }
        }
      ],
      "rollAngle": -13.436521530151367,
      "panAngle": 30.408533096313477,
      "tiltAngle": 5.169831275939941,
      "detectionConfidence": 0.7593152523040771,
      "landmarkingConfidence": 0.4961554706096649,
      "joyLikelihood": "VERY_UNLIKELY",
      "sorrowLikelihood": "VERY_UNLIKELY",
      "angerLikelihood": "VERY_UNLIKELY",
      "surpriseLikelihood": "VERY_UNLIKELY",
      "underExposedLikelihood": "VERY_UNLIKELY",
      "blurredLikelihood": "VERY_UNLIKELY",
      "headwearLikelihood": "VERY_UNLIKELY"
    },
    {
      "boundingPoly": {
        "vertices": [
          {
            "x": 89,
            "y": 31
          },
          {
            "x": 182,
            "y": 31
          },
          {
            "x": 182,
            "y": 140
          },
          {
            "x": 89,
            "y": 140
          }
        ]
      },
      "fdBoundingPoly": {
        "vertices": [
          {
            "x": 101,
            "y": 78
          },
          {
            "x": 163,
            "y": 78
          },
          {
            "x": 163,
            "y": 140
          },
          {
            "x": 101,
            "y": 140
          }
        ]
      },
      "landmarks": [
        {
          "type": "LEFT_EYE",
          "position": {
            "x": 117.98979949951172,
            "y": 94.2998046875,
            "z": -0.00020377572218421847
          }
        },
        {
          "type": "RIGHT_EYE",
          "position": {
            "x": 144.9764404296875,
            "y": 97.18319702148438,
            "z": -3.8856863975524902
          }
        },
        {
          "type": "LEFT_OF_LEFT_EYEBROW",
          "position": {
            "x": 108.92433166503906,
            "y": 86.23633575439453,
            "z": 0.07763683795928955
          }
        },
        {
          "type": "RIGHT_OF_LEFT_EYEBROW",
          "position": {
            "x": 123.96575927734375,
            "y": 91.93657684326172,
            "z": -9.203429222106934
          }
        },
        {
          "type": "LEFT_OF_RIGHT_EYEBROW",
          "position": {
            "x": 137.44273376464844,
            "y": 93.32041931152344,
            "z": -11.153412818908691
          }
        },
        {
          "type": "RIGHT_OF_RIGHT_EYEBROW",
          "position": {
            "x": 155.3148193359375,
            "y": 91.0,
            "z": -6.62375545501709
          }
        },
        {
          "type": "MIDPOINT_BETWEEN_EYES",
          "position": {
            "x": 130.98733520507812,
            "y": 97.08370971679688,
            "z": -7.700323581695557
          }
        },
        {
          "type": "NOSE_TIP",
          "position": {
            "x": 128.57632446289062,
            "y": 116.54586791992188,
            "z": -5.896986961364746
          }
        },
        {
          "type": "UPPER_LIP",
          "position": {
            "x": 129.97047424316406,
            "y": 121.60746765136719,
            "z": 5.001101493835449
          }
        },
        {
          "type": "LOWER_LIP",
          "position": {
            "x": 129.9445343017578,
            "y": 127.54566955566406,
            "z": 11.218439102172852
          }
        },
        {
          "type": "MOUTH_LEFT",
          "position": {
            "x": 120.35954284667969,
            "y": 119.88634490966797,
            "z": 15.016690254211426
          }
        },
        {
          "type": "MOUTH_RIGHT",
          "position": {
            "x": 142.97525024414062,
            "y": 121.39340209960938,
            "z": 11.841611862182617
          }
        },
        {
          "type": "MOUTH_CENTER",
          "position": {
            "x": 130.27745056152344,
            "y": 124.10301208496094,
            "z": 9.05802059173584
          }
        },
        {
          "type": "NOSE_BOTTOM_RIGHT",
          "position": {
            "x": 138.412109375,
            "y": 113.02669525146484,
            "z": 3.1752214431762695
          }
        },
        {
          "type": "NOSE_BOTTOM_LEFT",
          "position": {
            "x": 123.19622039794922,
            "y": 111.51062774658203,
            "z": 5.396458148956299
          }
        },
        {
          "type": "NOSE_BOTTOM_CENTER",
          "position": {
            "x": 129.9230194091797,
            "y": 117.53614044189453,
            "z": 2.0655975341796875
          }
        },
        {
          "type": "LEFT_EYE_TOP_BOUNDARY",
          "position": {
            "x": 117.38420104980469,
            "y": 93.49028015136719,
            "z": -2.6087727546691895
          }
        },
        {
          "type": "LEFT_EYE_RIGHT_CORNER",
          "position": {
            "x": 123.30166625976562,
            "y": 94.89471435546875,
            "z": -0.6008181571960449
          }
        },
        {
          "type": "LEFT_EYE_BOTTOM_BOUNDARY",
          "position": {
            "x": 117.64021301269531,
            "y": 95.9275894165039,
            "z": 0.7866821885108948
          }
        },
        {
          "type": "LEFT_EYE_LEFT_CORNER",
          "position": {
            "x": 112.63040924072266,
            "y": 92.38468170166016,
            "z": 3.0283470153808594
          }
        },
        {
          "type": "LEFT_EYE_PUPIL",
          "position": {
            "x": 117.13905334472656,
            "y": 94.47099304199219,
            "z": -0.5298066139221191
          }
        },
        {
          "type": "RIGHT_EYE_TOP_BOUNDARY",
          "position": {
            "x": 145.1488494873047,
            "y": 96.31126403808594,
            "z": -6.632737159729004
          }
        },
        {
          "type": "RIGHT_EYE_RIGHT_CORNER",
          "position": {
            "x": 151.36318969726562,
            "y": 96.35336303710938,
            "z": -2.6045877933502197
          }
        },
        {
          "type": "RIGHT_EYE_BOTTOM_BOUNDARY",
          "position": {
            "x": 145.2208709716797,
            "y": 98.55479431152344,
            "z": -3.2849555015563965
          }
        },
        {
          "type": "RIGHT_EYE_LEFT_CORNER",
          "position": {
            "x": 140.12767028808594,
            "y": 96.43997955322266,
            "z": -3.0481886863708496
          }
        },
        {
          "type": "RIGHT_EYE_PUPIL",
          "position": {
            "x": 145.63328552246094,
            "y": 97.3790283203125,
            "z": -4.68515157699585
          }
        },
        {
          "type": "LEFT_EYEBROW_UPPER_MIDPOINT",
          "position": {
            "x": 116.0580825805664,
            "y": 87.07606506347656,
            "z": -7.9191203117370605
          }
        },
        {
          "type": "RIGHT_EYEBROW_UPPER_MIDPOINT",
          "position": {
            "x": 146.19032287597656,
            "y": 90.14141082763672,
            "z": -12.283622741699219
          }
        },
        {
          "type": "LEFT_EAR_TRAGION",
          "position": {
            "x": 105.97392272949219,
            "y": 86.5145034790039,
            "z": 39.08065414428711
          }
        },
        {
          "type": "RIGHT_EAR_TRAGION",
          "position": {
            "x": 168.957763671875,
            "y": 92.91746520996094,
            "z": 29.90294647216797
          }
        },
        {
          "type": "FOREHEAD_GLABELLA",
          "position": {
            "x": 130.5360107421875,
            "y": 92.8471908569336,
            "z": -11.255348205566406
          }
        },
        {
          "type": "CHIN_GNATHION",
          "position": {
            "x": 130.75376892089844,
            "y": 137.39486694335938,
            "z": 21.65970802307129
          }
        },
        {
          "type": "CHIN_LEFT_GONION",
          "position": {
            "x": 106.80272674560547,
            "y": 108.14436340332031,
            "z": 38.354454040527344
          }
        },
        {
          "type": "CHIN_RIGHT_GONION",
          "position": {
            "x": 163.7515106201172,
            "y": 113.92236328125,
            "z": 30.095102310180664
          }
        }
      ],
      "rollAngle": 0.7649503946304321,
      "panAngle": -9.61283016204834,
      "tiltAngle": -31.303163528442383,
      "detectionConfidence": 0.7983088493347168,
      "landmarkingConfidence": 0.1646704077720642,
      "joyLikelihood": "VERY_UNLIKELY",
      "sorrowLikelihood": "VERY_UNLIKELY",
      "angerLikelihood": "VERY_UNLIKELY",
      "surpriseLikelihood": "VERY_UNLIKELY",
      "underExposedLikelihood": "VERY_UNLIKELY",
      "blurredLikelihood": "VERY_UNLIKELY",
      "headwearLikelihood": "VERY_UNLIKELY"
    }
  ]
}
