{
  "faceAnnotations": [
    {
      "boundingPoly": {
        "vertices": [
          {
            "x": 284,
            "y": 49
          },
          {
            "x": 341,
            "y": 49
          },
          {
            "x": 341,
            "y": 116
          },
          {
            "x": 284,
            "y": 116
          }
        ]
      },
      "fdBoundingPoly": {
        "vertices": [
          {
            "x": 289,
            "y": 65
          },
          {
            "x": 341,
            "y": 65
          },
          {
            "x": 341,
            "y": 117
          },
          {
            "x": 289,
            "y": 117
          }
        ]
      },
      "landmarks": [
        {
          "type": "LEFT_EYE",
          "position": {
            "x": 311.0501708984375,
            "y": 83.01283264160156,
            "z": 0.00031720721744932234
          }
        },
        {
          "type": "RIGHT_EYE",
          "position": {
            "x": 327.9571838378906,
            "y": 86.380126953125,
            "z": 5.67935848236084
          }
        },
        {
          "type": "LEFT_OF_LEFT_EYEBROW",
          "position": {
            "x": 306.03155517578125,
            "y": 75.54150390625,
            "z": -0.8556709289550781
          }
        },
        {
          "type": "RIGHT_OF_LEFT_EYEBROW",
          "position": {
            "x": 317.8883361816406,
            "y": 79.49293518066406,
            "z": -2.5061821937561035
          }
        },
        {
          "type": "LEFT_OF_RIGHT_EYEBROW",
          "position": {
            "x": 325.5157165527344,
            "y": 81.83348083496094,
            "z": 0.26168087124824524
          }
        },
        {
          "type": "RIGHT_OF_RIGHT_EYEBROW",
          "position": {
            "x": 333.5594177246094,
            "y": 83.10890197753906,
            "z": 8.241521835327148
          }
        },
        {
          "type": "MIDPOINT_BETWEEN_EYES",
          "position": {
            "x": 321.0303039550781,
            "y": 83.7281723022461,
            "z": -0.8694934248924255
          }
        },
        {
          "type": "NOSE_TIP",
          "position": {
            "x": 319.4336853027344,
            "y": 94.9505615234375,
            "z": -3.9605660438537598
          }
        },
        {
          "type": "UPPER_LIP",
          "position": {
            "x": 316.0675354003906,
            "y": 100.26055908203125,
            "z": 0.8607300519943237
          }
        },
        {
          "type": "LOWER_LIP",
          "position": {
            "x": 314.2359313964844,
            "y": 104.38868713378906,
            "z": 2.7650327682495117
          }
        },
        {
          "type": "MOUTH_LEFT",
          "position": {
            "x": 307.3627624511719,
            "y": 99.18489074707031,
            "z": 3.4259986877441406
          }
        },
        {
          "type": "MOUTH_RIGHT",
          "position": {
            "x": 321.587646484375,
            "y": 102.44097137451172,
            "z": 8.053135871887207
          }
        },
        {
          "type": "MOUTH_CENTER",
          "position": {
            "x": 315.1897277832031,
            "y": 101.82784271240234,
            "z": 2.3994832038879395
          }
        },
        {
          "type": "NOSE_BOTTOM_RIGHT",
          "position": {
            "x": 321.44732666015625,
            "y": 95.8431396484375,
            "z": 4.0890092849731445
          }
        },
        {
          "type": "NOSE_BOTTOM_LEFT",
          "position": {
            "x": 312.7757263183594,
            "y": 93.39791107177734,
            "z": 0.9443995952606201
          }
        },
        {
          "type": "NOSE_BOTTOM_CENTER",
          "position": {
            "x": 316.9853515625,
            "y": 96.95861053466797,
            "z": 0.24741436541080475
          }
        },
        {
          "type": "LEFT_EYE_TOP_BOUNDARY",
          "position": {
            "x": 312.2707214355469,
            "y": 81.1821060180664,
            "z": -1.3624982833862305
          }
        },
        {
          "type": "LEFT_EYE_RIGHT_CORNER",
          "position": {
            "x": 314.5336608886719,
            "y": 82.9908447265625,
            "z": 1.1234368085861206
          }
        },
        {
          "type": "LEFT_EYE_BOTTOM_BOUNDARY",
          "position": {
            "x": 310.8963928222656,
            "y": 83.63251495361328,
            "z": 0.0049625057727098465
          }
        },
        {
          "type": "LEFT_EYE_LEFT_CORNER",
          "position": {
            "x": 307.79833984375,
            "y": 80.88697814941406,
            "z": 0.3408927619457245
          }
        },
        {
          "type": "LEFT_EYE_PUPIL",
          "position": {
            "x": 311.49676513671875,
            "y": 82.02587890625,
            "z": -0.5920063853263855
          }
        },
        {
          "type": "RIGHT_EYE_TOP_BOUNDARY",
          "position": {
            "x": 328.126953125,
            "y": 85.1676025390625,
            "z": 4.20033073425293
          }
        },
        {
          "type": "RIGHT_EYE_RIGHT_CORNER",
          "position": {
            "x": 330.19219970703125,
            "y": 86.48313903808594,
            "z": 8.096067428588867
          }
        },
        {
          "type": "RIGHT_EYE_BOTTOM_BOUNDARY",
          "position": {
            "x": 327.4688720703125,
            "y": 87.1901626586914,
            "z": 5.555535316467285
          }
        },
        {
          "type": "RIGHT_EYE_LEFT_CORNER",
          "position": {
            "x": 324.7493591308594,
            "y": 85.210205078125,
            "z": 4.515681266784668
          }
        },
        {
          "type": "RIGHT_EYE_PUPIL",
          "position": {
            "x": 327.7682800292969,
            "y": 86.11314392089844,
            "z": 5.086467742919922
          }
        },
        {
          "type": "LEFT_EYEBROW_UPPER_MIDPOINT",
          "position": {
            "x": 313.32012939453125,
            "y": 76.34220123291016,
            "z": -3.223745584487915
          }
        },
        {
          "type": "RIGHT_EYEBROW_UPPER_MIDPOINT",
          "position": {
            "x": 330.5133972167969,
            "y": 80.71696472167969,
            "z": 2.8078513145446777
          }
        },
        {
          "type": "LEFT_EAR_TRAGION",
          "position": {
            "x": 293.3685607910156,
            "y": 82.28759002685547,
            "z": 17.643705368041992
          }
        },
        {
          "type": "RIGHT_EAR_TRAGION",
          "position": {
            "x": 329.38812255859375,
            "y": 91.37484741210938,
            "z": 30.262237548828125
          }
        },
        {
          "type": "FOREHEAD_GLABELLA",
          "position": {
            "x": 321.9254150390625,
            "y": 80.76580047607422,
            "z": -1.7720199823379517
          }
        },
        {
          "type": "CHIN_GNATHION",
          "position": {
            "x": 311.2529296875,
            "y": 111.74494934082031,
            "z": 6.32243013381958
          }
        },
        {
          "type": "CHIN_LEFT_GONION",
          "position": {
            "x": 293.7640380859375,
            "y": 94.79747009277344,
            "z": 13.42530345916748
          }
        },
        {
          "type": "CHIN_RIGHT_GONION",
          "position": {
            "x": 326.29095458984375,
            "y": 102.9893798828125,
            "z": 24.826208114624023
          }
        }
      ],
      "rollAngle": 17.227039337158203,
      "panAngle": 19.009952545166016,
      "tiltAngle": -8.95875072479248,
      "detectionConfidence": 0.9732590913772583,
      "landmarkingConfidence": 0.6577435731887817,
      "joyLikelihood": "VERY_UNLIKELY",
      "sorrowLikelihood": "VERY_UNLIKELY",
      "angerLikelihood": "VERY_UNLIKELY",
      "surpriseLikelihood": "VERY_UNLIKELY",
      "underExposedLikelihood": "VERY_UNLIKELY",
      "blurredLikelihood": "VERY_UNLIKELY",
      "headwearLikelihood": "VERY_UNLIKELY"
    },
    {
      "boundingPoly": {
        "vertices": [
          {
            "x": 87,
            "y": 52
          },
          {
            "x": 143,
            "y": 52
          },
          {
            "x": 143,
            "y": 117
          },
          {
            "x": 87,
            "y": 117
          }
        ]
      },
      "fdBoundingPoly": {
        "vertices": [
          {
            "x": 85,
            "y": 70
          },
          {
            "x": 135,
            "y": 70
          },
          {
            "x": 135,
            "y": 120
          },
          {
            "x": 85,
            "y": 120
          }
        ]
      },
      "landmarks": [
        {
          "type": "LEFT_EYE",
          "position": {
            "x": 96.82925415039062,
            "y": 94.7060775756836,
            "z": -4.238602559780702e-05
          }
        },
        {
          "type": "RIGHT_EYE",
          "position": {
            "x": 101.60143280029297,
            "y": 92.43293762207031,
            "z": -16.204835891723633
          }
        },
        {
          "type": "LEFT_OF_LEFT_EYEBROW",
          "position": {
            "x": 93.39990997314453,
            "y": 91.40711975097656,
            "z": 5.492795944213867
          }
        },
        {
          "type": "RIGHT_OF_LEFT_EYEBROW",
          "position": {
            "x": 93.00840759277344,
            "y": 93.34605407714844,
            "z": -5.685159206390381
          }
        },
        {
          "type": "LEFT_OF_RIGHT_EYEBROW",
          "position": {
            "x": 95.72360229492188,
            "y": 92.30339050292969,
            "z": -13.604522705078125
          }
        },
        {
          "type": "RIGHT_OF_RIGHT_EYEBROW",
          "position": {
            "x": 101.8492202758789,
            "y": 87.48944854736328,
            "z": -21.830791473388672
          }
        },
        {
          "type": "MIDPOINT_BETWEEN_EYES",
          "position": {
            "x": 96.64010620117188,
            "y": 95.64468383789062,
            "z": -9.326595306396484
          }
        },
        {
          "type": "NOSE_TIP",
          "position": {
            "x": 100.50174713134766,
            "y": 105.56024932861328,
            "z": -9.740706443786621
          }
        },
        {
          "type": "UPPER_LIP",
          "position": {
            "x": 107.05186462402344,
            "y": 108.07360076904297,
            "z": -7.9036383628845215
          }
        },
        {
          "type": "LOWER_LIP",
          "position": {
            "x": 111.59310913085938,
            "y": 111.34878540039062,
            "z": -6.927679538726807
          }
        },
        {
          "type": "MOUTH_LEFT",
          "position": {
            "x": 109.69650268554688,
            "y": 107.70536041259766,
            "z": 0.14144542813301086
          }
        },
        {
          "type": "MOUTH_RIGHT",
          "position": {
            "x": 112.78057861328125,
            "y": 106.4190444946289,
            "z": -12.421996116638184
          }
        },
        {
          "type": "MOUTH_CENTER",
          "position": {
            "x": 109.61495208740234,
            "y": 109.12749481201172,
            "z": -7.238338470458984
          }
        },
        {
          "type": "NOSE_BOTTOM_RIGHT",
          "position": {
            "x": 106.64458465576172,
            "y": 102.50861358642578,
            "z": -12.045964241027832
          }
        },
        {
          "type": "NOSE_BOTTOM_LEFT",
          "position": {
            "x": 103.84751892089844,
            "y": 103.37258911132812,
            "z": -3.218873977661133
          }
        },
        {
          "type": "NOSE_BOTTOM_CENTER",
          "position": {
            "x": 104.86149597167969,
            "y": 105.6790542602539,
            "z": -8.286895751953125
          }
        },
        {
          "type": "LEFT_EYE_TOP_BOUNDARY",
          "position": {
            "x": 95.20732116699219,
            "y": 94.59828186035156,
            "z": -0.4873795211315155
          }
        },
        {
          "type": "LEFT_EYE_RIGHT_CORNER",
          "position": {
            "x": 97.93699645996094,
            "y": 94.28388214111328,
            "z": -3.2644596099853516
          }
        },
        {
          "type": "LEFT_EYE_BOTTOM_BOUNDARY",
          "position": {
            "x": 97.4808120727539,
            "y": 95.62947082519531,
            "z": 0.05456928908824921
          }
        },
        {
          "type": "LEFT_EYE_LEFT_CORNER",
          "position": {
            "x": 96.89102172851562,
            "y": 94.1122055053711,
            "z": 3.707106828689575
          }
        },
        {
          "type": "LEFT_EYE_PUPIL",
          "position": {
            "x": 96.43241882324219,
            "y": 94.990966796875,
            "z": 0.12102079391479492
          }
        },
        {
          "type": "RIGHT_EYE_TOP_BOUNDARY",
          "position": {
            "x": 100.2410888671875,
            "y": 92.29895782470703,
            "z": -16.853500366210938
          }
        },
        {
          "type": "RIGHT_EYE_RIGHT_CORNER",
          "position": {
            "x": 103.88026428222656,
            "y": 90.68355560302734,
            "z": -19.169004440307617
          }
        },
        {
          "type": "RIGHT_EYE_BOTTOM_BOUNDARY",
          "position": {
            "x": 102.42886352539062,
            "y": 93.26847839355469,
            "z": -16.2904052734375
          }
        },
        {
          "type": "RIGHT_EYE_LEFT_CORNER",
          "position": {
            "x": 100.655517578125,
            "y": 92.91857147216797,
            "z": -13.015518188476562
          }
        },
        {
          "type": "RIGHT_EYE_PUPIL",
          "position": {
            "x": 101.58118438720703,
            "y": 92.6409912109375,
            "z": -16.684236526489258
          }
        },
        {
          "type": "LEFT_EYEBROW_UPPER_MIDPOINT",
          "position": {
            "x": 90.99594116210938,
            "y": 91.60917663574219,
            "z": -0.6000502705574036
          }
        },
        {
          "type": "RIGHT_EYEBROW_UPPER_MIDPOINT",
          "position": {
            "x": 96.46845245361328,
            "y": 89.12266540527344,
            "z": -18.34266471862793
          }
        },
        {
          "type": "LEFT_EAR_TRAGION",
          "position": {
            "x": 113.73004150390625,
            "y": 88.04940032958984,
            "z": 17.68258285522461
          }
        },
        {
          "type": "RIGHT_EAR_TRAGION",
          "position": {
            "x": 124.93254089355469,
            "y": 83.63086700439453,
            "z": -19.132360458374023
          }
        },
        {
          "type": "FOREHEAD_GLABELLA",
          "position": {
            "x": 93.67189025878906,
            "y": 93.06026458740234,
            "z": -9.86797046661377
          }
        },
        {
          "type": "CHIN_GNATHION",
          "position": {
            "x": 118.6893310546875,
            "y": 115.42953491210938,
            "z": -5.32210111618042
          }
        },
        {
          "type": "CHIN_LEFT_GONION",
          "position": {
            "x": 117.2349624633789,
            "y": 100.55228424072266,
            "z": 15.144091606140137
          }
        },
        {
          "type": "CHIN_RIGHT_GONION",
          "position": {
            "x": 127.70417785644531,
            "y": 95.73794555664062,
            "z": -18.683116912841797
          }
        }
      ],
      "rollAngle": -42.979530334472656,
      "panAngle": -72.30949401855469,
      "tiltAngle": -6.107043266296387,
      "detectionConfidence": 0.5890673995018005,
      "landmarkingConfidence": 0.4282171428203583,
      "joyLikelihood": "VERY_UNLIKELY",
      "sorrowLikelihood": "VERY_UNLIKELY",
      "angerLikelihood": "VERY_UNLIKELY",
      "surpriseLikelihood": "VERY_UNLIKELY",
      "underExposedLikelihood": "VERY_UNLIKELY",
      "blurredLikelihood": "VERY_UNLIKELY",
      "headwearLikelihood": "VERY_UNLIKELY"
    }
  ]
}
