{
  "faceAnnotations": [
    {
      "boundingPoly": {
        "vertices": [
          {
            "x": 258,
            "y": 66
          },
          {
            "x": 531,
            "y": 66
          },
          {
            "x": 531,
            "y": 383
          },
          {
            "x": 258,
            "y": 383
          }
        ]
      },
      "fdBoundingPoly": {
        "vertices": [
          {
            "x": 297,
            "y": 179
          },
          {
            "x": 485,
            "y": 179
          },
          {
            "x": 485,
            "y": 368
          },
          {
            "x": 297,
            "y": 368
          }
        ]
      },
      "landmarks": [
        {
          "type": "LEFT_EYE",
          "position": {
            "x": 352.56219482421875,
            "y": 237.04579162597656,
            "z": -0.0033830455504357815
          }
        },
        {
          "type": "RIGHT_EYE",
          "position": {
            "x": 430.20294189453125,
            "y": 233.487548828125,
            "z": -4.586987495422363
          }
        },
        {
          "type": "LEFT_OF_LEFT_EYEBROW",
          "position": {
            "x": 320.5872497558594,
            "y": 221.67141723632812,
            "z": 3.018301248550415
          }
        },
        {
          "type": "RIGHT_OF_LEFT_EYEBROW",
          "position": {
            "x": 368.418212890625,
            "y": 226.70799255371094,
            "z": -22.378387451171875
          }
        },
        {
          "type": "LEFT_OF_RIGHT_EYEBROW",
          "position": {
            "x": 407.96185302734375,
            "y": 226.1851806640625,
            "z": -24.412294387817383
          }
        },
        {
          "type": "RIGHT_OF_RIGHT_EYEBROW",
          "position": {
            "x": 458.15509033203125,
            "y": 216.87823486328125,
            "z": -4.783227920532227
          }
        },
        {
          "type": "MIDPOINT_BETWEEN_EYES",
          "position": {
            "x": 388.7413330078125,
            "y": 242.1113739013672,
            "z": -18.478837966918945
          }
        },
        {
          "type": "NOSE_TIP",
          "position": {
            "x": 390.07977294921875,
            "y": 294.01220703125,
            "z": -24.000062942504883
          }
        },
        {
          "type": "UPPER_LIP",
          "position": {
            "x": 392.7691345214844,
            "y": 318.8480224609375,
            "z": 5.442068576812744
          }
        },
        {
          "type": "LOWER_LIP",
          "position": {
            "x": 394.095703125,
            "y": 337.71624755859375,
            "z": 19.675207138061523
          }
        },
        {
          "type": "MOUTH_LEFT",
          "position": {
            "x": 362.80877685546875,
            "y": 322.45513916015625,
            "z": 31.64474868774414
          }
        },
        {
          "type": "MOUTH_RIGHT",
          "position": {
            "x": 425.4681701660156,
            "y": 319.8197326660156,
            "z": 28.099170684814453
          }
        },
        {
          "type": "MOUTH_CENTER",
          "position": {
            "x": 393.37286376953125,
            "y": 325.9755859375,
            "z": 15.341080665588379
          }
        },
        {
          "type": "NOSE_BOTTOM_RIGHT",
          "position": {
            "x": 413.66693115234375,
            "y": 292.329345703125,
            "z": 7.144237518310547
          }
        },
        {
          "type": "NOSE_BOTTOM_LEFT",
          "position": {
            "x": 368.5927429199219,
            "y": 293.56170654296875,
            "z": 10.001382827758789
          }
        },
        {
          "type": "NOSE_BOTTOM_CENTER",
          "position": {
            "x": 392.34033203125,
            "y": 304.0220947265625,
            "z": -0.9310816526412964
          }
        },
        {
          "type": "LEFT_EYE_TOP_BOUNDARY",
          "position": {
            "x": 348.34674072265625,
            "y": 236.51336669921875,
            "z": -6.230717182159424
          }
        },
        {
          "type": "LEFT_EYE_RIGHT_CORNER",
          "position": {
            "x": 368.0794982910156,
            "y": 240.36434936523438,
            "z": 0.5243242383003235
          }
        },
        {
          "type": "LEFT_EYE_BOTTOM_BOUNDARY",
          "position": {
            "x": 350.3147888183594,
            "y": 244.78482055664062,
            "z": 2.175938844680786
          }
        },
        {
          "type": "LEFT_EYE_LEFT_CORNER",
          "position": {
            "x": 332.82305908203125,
            "y": 237.87921142578125,
            "z": 9.005826950073242
          }
        },
        {
          "type": "LEFT_EYE_PUPIL",
          "position": {
            "x": 347.4046936035156,
            "y": 240.83370971679688,
            "z": -0.7744463682174683
          }
        },
        {
          "type": "RIGHT_EYE_TOP_BOUNDARY",
          "position": {
            "x": 430.8089904785156,
            "y": 234.05076599121094,
            "z": -10.716970443725586
          }
        },
        {
          "type": "RIGHT_EYE_RIGHT_CORNER",
          "position": {
            "x": 447.3786315917969,
            "y": 234.0096893310547,
            "z": 2.5103342533111572
          }
        },
        {
          "type": "RIGHT_EYE_BOTTOM_BOUNDARY",
          "position": {
            "x": 431.0550231933594,
            "y": 241.0178985595703,
            "z": -2.520289182662964
          }
        },
        {
          "type": "RIGHT_EYE_LEFT_CORNER",
          "position": {
            "x": 413.8739318847656,
            "y": 239.24362182617188,
            "z": -2.0078256130218506
          }
        },
        {
          "type": "RIGHT_EYE_PUPIL",
          "position": {
            "x": 432.0457458496094,
            "y": 238.32293701171875,
            "z": -5.483935832977295
          }
        },
        {
          "type": "LEFT_EYEBROW_UPPER_MIDPOINT",
          "position": {
            "x": 343.4320983886719,
            "y": 216.12045288085938,
            "z": -18.500844955444336
          }
        },
        {
          "type": "RIGHT_EYEBROW_UPPER_MIDPOINT",
          "position": {
            "x": 432.94964599609375,
            "y": 213.47784423828125,
            "z": -23.380788803100586
          }
        },
        {
          "type": "LEFT_EAR_TRAGION",
          "position": {
            "x": 302.4037170410156,
            "y": 242.4971923828125,
            "z": 113.31694793701172
          }
        },
        {
          "type": "RIGHT_EAR_TRAGION",
          "position": {
            "x": 489.8102722167969,
            "y": 237.37362670898438,
            "z": 103.26385498046875
          }
        },
        {
          "type": "FOREHEAD_GLABELLA",
          "position": {
            "x": 388.2070007324219,
            "y": 226.48190307617188,
            "z": -26.630918502807617
          }
        },
        {
          "type": "CHIN_GNATHION",
          "position": {
            "x": 396.435302734375,
            "y": 371.86529541015625,
            "z": 45.2188606262207
          }
        },
        {
          "type": "CHIN_LEFT_GONION",
          "position": {
            "x": 312.473876953125,
            "y": 304.3924255371094,
            "z": 100.62284088134766
          }
        },
        {
          "type": "CHIN_RIGHT_GONION",
          "position": {
            "x": 481.9130859375,
            "y": 299.3855285644531,
            "z": 91.37266540527344
          }
        }
      ],
      "rollAngle": -2.9042341709136963,
      "panAngle": -3.3460428714752197,
      "tiltAngle": -20.982402801513672,
      "detectionConfidence": 0.9897546768188477,
      "landmarkingConfidence": 0.5593522787094116,
      "joyLikelihood": "VERY_UNLIKELY",
      "sorrowLikelihood": "VERY_UNLIKELY",
      "angerLikelihood": "VERY_UNLIKELY",
      "surpriseLikelihood": "VERY_UNLIKELY",
      "underExposedLikelihood": "VERY_UNLIKELY",
      "blurredLikelihood": "VERY_UNLIKELY",
      "headwearLikelihood": "VERY_UNLIKELY"
    },
    {
      "boundingPoly": {
        "vertices": [
          {
            "x": 635,
            "y": 65
          },
          {
            "x": 890,
            "y": 65
          },
          {
            "x": 890,
            "y": 362
          },
          {
            "x": 635,
            "y": 362
          }
        ]
      },
      "fdBoundingPoly": {
        "vertices": [
          {
            "x": 687,
            "y": 170
          },
          {
            "x": 853,
            "y": 170
          },
          {
            "x": 853,
            "y": 336
          },
          {
            "x": 687,
            "y": 336
          }
        ]
      },
      "landmarks": [
        {
          "type": "LEFT_EYE",
          "position": {
            "x": 730.9071655273438,
            "y": 221.88235473632812,
            "z": 0.00017841036606114358
          }
        },
        {
          "type": "RIGHT_EYE",
          "position": {
            "x": 803.9189453125,
            "y": 216.95794677734375,
            "z": 7.135037422180176
          }
        },
        {
          "type": "LEFT_OF_LEFT_EYEBROW",
          "position": {
            "x": 704.2640991210938,
            "y": 204.0213623046875,
            "z": -0.7410261631011963
          }
        },
        {
          "type": "RIGHT_OF_LEFT_EYEBROW",
          "position": {
            "x": 752.3026733398438,
            "y": 207.45179748535156,
            "z": -17.554174423217773
          }
        },
        {
          "type": "LEFT_OF_RIGHT_EYEBROW",
          "position": {
            "x": 789.5762329101562,
            "y": 205.97506713867188,
            "z": -13.713879585266113
          }
        },
        {
          "type": "RIGHT_OF_RIGHT_EYEBROW",
          "position": {
            "x": 832.84912109375,
            "y": 197.25189208984375,
            "z": 12.098760604858398
          }
        },
        {
          "type": "MIDPOINT_BETWEEN_EYES",
          "position": {
            "x": 772.5421752929688,
            "y": 220.9172821044922,
            "z": -12.502927780151367
          }
        },
        {
          "type": "NOSE_TIP",
          "position": {
            "x": 774.4838256835938,
            "y": 270.6402587890625,
            "z": -21.48361587524414
          }
        },
        {
          "type": "UPPER_LIP",
          "position": {
            "x": 773.7392578125,
            "y": 295.12841796875,
            "z": 4.03455924987793
          }
        },
        {
          "type": "LOWER_LIP",
          "position": {
            "x": 773.5689697265625,
            "y": 314.97930908203125,
            "z": 15.872513771057129
          }
        },
        {
          "type": "MOUTH_LEFT",
          "position": {
            "x": 743.4436645507812,
            "y": 300.70098876953125,
            "z": 23.422813415527344
          }
        },
        {
          "type": "MOUTH_RIGHT",
          "position": {
            "x": 800.9742431640625,
            "y": 297.23663330078125,
            "z": 29.563974380493164
          }
        },
        {
          "type": "MOUTH_CENTER",
          "position": {
            "x": 773.3236694335938,
            "y": 303.3020324707031,
            "z": 12.668607711791992
          }
        },
        {
          "type": "NOSE_BOTTOM_RIGHT",
          "position": {
            "x": 792.857177734375,
            "y": 267.99102783203125,
            "z": 10.719399452209473
          }
        },
        {
          "type": "NOSE_BOTTOM_LEFT",
          "position": {
            "x": 752.419677734375,
            "y": 272.51617431640625,
            "z": 6.690828323364258
          }
        },
        {
          "type": "NOSE_BOTTOM_CENTER",
          "position": {
            "x": 773.1273803710938,
            "y": 280.3462829589844,
            "z": -0.7250798344612122
          }
        },
        {
          "type": "LEFT_EYE_TOP_BOUNDARY",
          "position": {
            "x": 731.6722412109375,
            "y": 218.5126953125,
            "z": -6.305798530578613
          }
        },
        {
          "type": "LEFT_EYE_RIGHT_CORNER",
          "position": {
            "x": 747.8340454101562,
            "y": 222.31797790527344,
            "z": 2.1747167110443115
          }
        },
        {
          "type": "LEFT_EYE_BOTTOM_BOUNDARY",
          "position": {
            "x": 731.4697875976562,
            "y": 226.9556884765625,
            "z": 0.9129886627197266
          }
        },
        {
          "type": "LEFT_EYE_LEFT_CORNER",
          "position": {
            "x": 715.2000122070312,
            "y": 221.32342529296875,
            "z": 5.474210262298584
          }
        },
        {
          "type": "LEFT_EYE_PUPIL",
          "position": {
            "x": 730.3262939453125,
            "y": 222.83868408203125,
            "z": -1.7572917938232422
          }
        },
        {
          "type": "RIGHT_EYE_TOP_BOUNDARY",
          "position": {
            "x": 808.6141967773438,
            "y": 214.41726684570312,
            "z": 1.3828612565994263
          }
        },
        {
          "type": "RIGHT_EYE_RIGHT_CORNER",
          "position": {
            "x": 822.8023681640625,
            "y": 215.59439086914062,
            "z": 16.209836959838867
          }
        },
        {
          "type": "RIGHT_EYE_BOTTOM_BOUNDARY",
          "position": {
            "x": 806.9860229492188,
            "y": 222.77041625976562,
            "z": 8.495956420898438
          }
        },
        {
          "type": "RIGHT_EYE_LEFT_CORNER",
          "position": {
            "x": 793.229248046875,
            "y": 219.86378479003906,
            "z": 6.823849678039551
          }
        },
        {
          "type": "RIGHT_EYE_PUPIL",
          "position": {
            "x": 809.2979125976562,
            "y": 218.67108154296875,
            "z": 6.0943498611450195
          }
        },
        {
          "type": "LEFT_EYEBROW_UPPER_MIDPOINT",
          "position": {
            "x": 728.4111328125,
            "y": 198.1732940673828,
            "z": -16.650697708129883
          }
        },
        {
          "type": "RIGHT_EYEBROW_UPPER_MIDPOINT",
          "position": {
            "x": 811.9326782226562,
            "y": 193.7504119873047,
            "z": -8.293657302856445
          }
        },
        {
          "type": "LEFT_EAR_TRAGION",
          "position": {
            "x": 672.76708984375,
            "y": 235.1305389404297,
            "z": 97.13932800292969
          }
        },
        {
          "type": "RIGHT_EAR_TRAGION",
          "position": {
            "x": 847.6091918945312,
            "y": 225.92074584960938,
            "z": 114.57311248779297
          }
        },
        {
          "type": "FOREHEAD_GLABELLA",
          "position": {
            "x": 771.3880615234375,
            "y": 206.41957092285156,
            "z": -18.677871704101562
          }
        },
        {
          "type": "CHIN_GNATHION",
          "position": {
            "x": 773.3214721679688,
            "y": 347.948486328125,
            "z": 36.877689361572266
          }
        },
        {
          "type": "CHIN_LEFT_GONION",
          "position": {
            "x": 685.846435546875,
            "y": 291.1724853515625,
            "z": 81.65611267089844
          }
        },
        {
          "type": "CHIN_RIGHT_GONION",
          "position": {
            "x": 843.8489379882812,
            "y": 282.84539794921875,
            "z": 97.47188568115234
          }
        }
      ],
      "rollAngle": -1.3894004821777344,
      "panAngle": 5.939478397369385,
      "tiltAngle": -16.161327362060547,
      "detectionConfidence": 0.913908839225769,
      "landmarkingConfidence": 0.42132747173309326,
      "joyLikelihood": "VERY_UNLIKELY",
      "sorrowLikelihood": "VERY_UNLIKELY",
      "angerLikelihood": "VERY_UNLIKELY",
      "surpriseLikelihood": "VERY_UNLIKELY",
      "underExposedLikelihood": "VERY_UNLIKELY",
      "blurredLikelihood": "VERY_UNLIKELY",
      "headwearLikelihood": "VERY_UNLIKELY"
    }
  ]
}
