{
  "faceAnnotations": [
    {
      "boundingPoly": {
        "vertices": [
          {
            "x": 302,
            "y": 41
          },
          {
            "x": 388,
            "y": 41
          },
          {
            "x": 388,
            "y": 141
          },
          {
            "x": 302,
            "y": 141
          }
        ]
      },
      "fdBoundingPoly": {
        "vertices": [
          {
            "x": 323,
            "y": 75
          },
          {
            "x": 382,
            "y": 75
          },
          {
            "x": 382,
            "y": 134
          },
          {
            "x": 323,
            "y": 134
          }
        ]
      },
      "landmarks": [
        {
          "type": "LEFT_EYE",
          "position": {
            "x": 345.0849914550781,
            "y": 93.18383026123047,
            "z": 0.0004965534899383783
          }
        },
        {
          "type": "RIGHT_EYE",
          "position": {
            "x": 367.283935546875,
            "y": 89.6601791381836,
            "z": 10.873419761657715
          }
        },
        {
          "type": "LEFT_OF_LEFT_EYEBROW",
          "position": {
            "x": 334.5249938964844,
            "y": 89.73240661621094,
            "z": -3.2377076148986816
          }
        },
        {
          "type": "RIGHT_OF_LEFT_EYEBROW",
          "position": {
            "x": 352.31817626953125,
            "y": 88.57543182373047,
            "z": -3.275392770767212
          }
        },
        {
          "type": "LEFT_OF_RIGHT_EYEBROW",
          "position": {
            "x": 363.45062255859375,
            "y": 86.36421203613281,
            "z": 2.0589890480041504
          }
        },
        {
          "type": "RIGHT_OF_RIGHT_EYEBROW",
          "position": {
            "x": 373.733154296875,
            "y": 82.36595153808594,
            "z": 15.070243835449219
          }
        },
        {
          "type": "MIDPOINT_BETWEEN_EYES",
          "position": {
            "x": 358.4975891113281,
            "y": 92.55756378173828,
            "z": 0.512317419052124
          }
        },
        {
          "type": "NOSE_TIP",
          "position": {
            "x": 362.03216552734375,
            "y": 108.29426574707031,
            "z": -1.9111682176589966
          }
        },
        {
          "type": "UPPER_LIP",
          "position": {
            "x": 359.60565185546875,
            "y": 116.59019470214844,
            "z": 5.971585750579834
          }
        },
        {
          "type": "LOWER_LIP",
          "position": {
            "x": 359.1976318359375,
            "y": 124.26496887207031,
            "z": 9.956474304199219
          }
        },
        {
          "type": "MOUTH_LEFT",
          "position": {
            "x": 348.6490173339844,
            "y": 120.7213363647461,
            "z": 8.661137580871582
          }
        },
        {
          "type": "MOUTH_RIGHT",
          "position": {
            "x": 364.5750427246094,
            "y": 118.1480712890625,
            "z": 16.912647247314453
          }
        },
        {
          "type": "MOUTH_CENTER",
          "position": {
            "x": 359.014892578125,
            "y": 119.73847961425781,
            "z": 8.713693618774414
          }
        },
        {
          "type": "NOSE_BOTTOM_RIGHT",
          "position": {
            "x": 364.0335998535156,
            "y": 107.2497329711914,
            "z": 10.241674423217773
          }
        },
        {
          "type": "NOSE_BOTTOM_LEFT",
          "position": {
            "x": 351.8265686035156,
            "y": 109.96687316894531,
            "z": 4.275527477264404
          }
        },
        {
          "type": "NOSE_BOTTOM_CENTER",
          "position": {
            "x": 359.2726135253906,
            "y": 110.96658325195312,
            "z": 4.330750942230225
          }
        },
        {
          "type": "LEFT_EYE_TOP_BOUNDARY",
          "position": {
            "x": 344.9787902832031,
            "y": 92.80818176269531,
            "z": -2.108266830444336
          }
        },
        {
          "type": "LEFT_EYE_RIGHT_CORNER",
          "position": {
            "x": 349.25933837890625,
            "y": 93.57603454589844,
            "z": 2.311953067779541
          }
        },
        {
          "type": "LEFT_EYE_BOTTOM_BOUNDARY",
          "position": {
            "x": 344.60479736328125,
            "y": 95.64247131347656,
            "z": 0.16319727897644043
          }
        },
        {
          "type": "LEFT_EYE_LEFT_CORNER",
          "position": {
            "x": 338.49041748046875,
            "y": 94.49661254882812,
            "z": -0.24240750074386597
          }
        },
        {
          "type": "LEFT_EYE_PUPIL",
          "position": {
            "x": 344.1708679199219,
            "y": 94.3662338256836,
            "z": -0.8272746801376343
          }
        },
        {
          "type": "RIGHT_EYE_TOP_BOUNDARY",
          "position": {
            "x": 368.0264587402344,
            "y": 88.79064178466797,
            "z": 8.989638328552246
          }
        },
        {
          "type": "RIGHT_EYE_RIGHT_CORNER",
          "position": {
            "x": 370.8130187988281,
            "y": 88.84439849853516,
            "z": 15.2432861328125
          }
        },
        {
          "type": "RIGHT_EYE_BOTTOM_BOUNDARY",
          "position": {
            "x": 367.5102844238281,
            "y": 91.71089172363281,
            "z": 11.251108169555664
          }
        },
        {
          "type": "RIGHT_EYE_LEFT_CORNER",
          "position": {
            "x": 362.8176574707031,
            "y": 90.92668914794922,
            "z": 8.901065826416016
          }
        },
        {
          "type": "RIGHT_EYE_PUPIL",
          "position": {
            "x": 367.81982421875,
            "y": 90.25468444824219,
            "z": 10.543118476867676
          }
        },
        {
          "type": "LEFT_EYEBROW_UPPER_MIDPOINT",
          "position": {
            "x": 344.2832946777344,
            "y": 86.13015747070312,
            "z": -5.7654032707214355
          }
        },
        {
          "type": "RIGHT_EYEBROW_UPPER_MIDPOINT",
          "position": {
            "x": 369.3036193847656,
            "y": 81.75381469726562,
            "z": 6.26776647567749
          }
        },
        {
          "type": "LEFT_EAR_TRAGION",
          "position": {
            "x": 315.5509338378906,
            "y": 101.61683654785156,
            "z": 23.817800521850586
          }
        },
        {
          "type": "RIGHT_EAR_TRAGION",
          "position": {
            "x": 367.90802001953125,
            "y": 92.50601196289062,
            "z": 49.02607727050781
          }
        },
        {
          "type": "FOREHEAD_GLABELLA",
          "position": {
            "x": 358.2702331542969,
            "y": 87.30017852783203,
            "z": -1.5501075983047485
          }
        },
        {
          "type": "CHIN_GNATHION",
          "position": {
            "x": 358.07818603515625,
            "y": 134.52500915527344,
            "z": 16.31321907043457
          }
        },
        {
          "type": "CHIN_LEFT_GONION",
          "position": {
            "x": 323.44622802734375,
            "y": 119.63370513916016,
            "z": 20.539161682128906
          }
        },
        {
          "type": "CHIN_RIGHT_GONION",
          "position": {
            "x": 370.7747802734375,
            "y": 111.37101745605469,
            "z": 43.320518493652344
          }
        }
      ],
      "rollAngle": -2.12256121635437,
      "panAngle": 26.4591064453125,
      "tiltAngle": -15.954718589782715,
      "detectionConfidence": 0.979817271232605,
      "landmarkingConfidence": 0.5164034962654114,
      "joyLikelihood": "VERY_UNLIKELY",
      "sorrowLikelihood": "VERY_UNLIKELY",
      "angerLikelihood": "VERY_UNLIKELY",
      "surpriseLikelihood": "VERY_UNLIKELY",
      "underExposedLikelihood": "VERY_UNLIKELY",
      "blurredLikelihood": "VERY_UNLIKELY",
      "headwearLikelihood": "VERY_UNLIKELY"
    },
    {
      "boundingPoly": {
        "vertices": [
          {
            "x": 85,
            "y": 69
          },
          {
            "x": 172,
            "y": 69
          },
          {
            "x": 172,
            "y": 169
          },
          {
            "x": 85,
            "y": 169
          }
        ]
      },
      "fdBoundingPoly": {
        "vertices": [
          {
            "x": 83,
            "y": 98
          },
          {
            "x": 148,
            "y": 98
          },
          {
            "x": 148,
            "y": 162
          },
          {
            "x": 83,
            "y": 162
          }
        ]
      },
      "landmarks": [
        {
          "type": "LEFT_EYE",
          "position": {
            "x": 101.94510650634766,
            "y": 120.96034240722656,
            "z": -0.00047431912389583886
          }
        },
        {
          "type": "RIGHT_EYE",
          "position": {
            "x": 103.06410217285156,
            "y": 121.00172424316406,
            "z": -25.653165817260742
          }
        },
        {
          "type": "LEFT_OF_LEFT_EYEBROW",
          "position": {
            "x": 102.2603530883789,
            "y": 114.205078125,
            "z": 8.619521141052246
          }
        },
        {
          "type": "RIGHT_OF_LEFT_EYEBROW",
          "position": {
            "x": 95.88948059082031,
            "y": 116.31742858886719,
            "z": -7.040006160736084
          }
        },
        {
          "type": "LEFT_OF_RIGHT_EYEBROW",
          "position": {
            "x": 96.30717468261719,
            "y": 116.800048828125,
            "z": -19.53721046447754
          }
        },
        {
          "type": "RIGHT_OF_RIGHT_EYEBROW",
          "position": {
            "x": 104.69757080078125,
            "y": 115.12486267089844,
            "z": -34.49675369262695
          }
        },
        {
          "type": "MIDPOINT_BETWEEN_EYES",
          "position": {
            "x": 96.79005432128906,
            "y": 121.34944152832031,
            "z": -13.158781051635742
          }
        },
        {
          "type": "NOSE_TIP",
          "position": {
            "x": 93.63755798339844,
            "y": 138.09213256835938,
            "z": -13.012741088867188
          }
        },
        {
          "type": "UPPER_LIP",
          "position": {
            "x": 101.86183166503906,
            "y": 145.5613250732422,
            "z": -12.385392189025879
          }
        },
        {
          "type": "LOWER_LIP",
          "position": {
            "x": 105.82271575927734,
            "y": 153.3726806640625,
            "z": -11.996397972106934
          }
        },
        {
          "type": "MOUTH_LEFT",
          "position": {
            "x": 109.0251693725586,
            "y": 147.1906280517578,
            "z": -1.7292344570159912
          }
        },
        {
          "type": "MOUTH_RIGHT",
          "position": {
            "x": 110.2757568359375,
            "y": 147.8469696044922,
            "z": -22.04612922668457
          }
        },
        {
          "type": "MOUTH_CENTER",
          "position": {
            "x": 104.65890502929688,
            "y": 149.08810424804688,
            "z": -12.146256446838379
          }
        },
        {
          "type": "NOSE_BOTTOM_RIGHT",
          "position": {
            "x": 103.96366119384766,
            "y": 137.81661987304688,
            "z": -19.43036651611328
          }
        },
        {
          "type": "NOSE_BOTTOM_LEFT",
          "position": {
            "x": 103.38116455078125,
            "y": 137.19874572753906,
            "z": -5.34846830368042
          }
        },
        {
          "type": "NOSE_BOTTOM_CENTER",
          "position": {
            "x": 99.9377670288086,
            "y": 140.55430603027344,
            "z": -12.576498031616211
          }
        },
        {
          "type": "LEFT_EYE_TOP_BOUNDARY",
          "position": {
            "x": 99.81736755371094,
            "y": 119.60385131835938,
            "z": -0.09732584655284882
          }
        },
        {
          "type": "LEFT_EYE_RIGHT_CORNER",
          "position": {
            "x": 102.41162872314453,
            "y": 121.14724731445312,
            "z": -5.080991744995117
          }
        },
        {
          "type": "LEFT_EYE_BOTTOM_BOUNDARY",
          "position": {
            "x": 102.25997924804688,
            "y": 122.76839447021484,
            "z": 0.10369673371315002
          }
        },
        {
          "type": "LEFT_EYE_LEFT_CORNER",
          "position": {
            "x": 103.99332427978516,
            "y": 120.25785827636719,
            "z": 5.315472602844238
          }
        },
        {
          "type": "LEFT_EYE_PUPIL",
          "position": {
            "x": 101.3596420288086,
            "y": 121.03152465820312,
            "z": 0.4345240890979767
          }
        },
        {
          "type": "RIGHT_EYE_TOP_BOUNDARY",
          "position": {
            "x": 101.26805114746094,
            "y": 120.14309692382812,
            "z": -25.895666122436523
          }
        },
        {
          "type": "RIGHT_EYE_RIGHT_CORNER",
          "position": {
            "x": 106.38912963867188,
            "y": 121.03692626953125,
            "z": -30.877843856811523
          }
        },
        {
          "type": "RIGHT_EYE_BOTTOM_BOUNDARY",
          "position": {
            "x": 103.81221008300781,
            "y": 123.10050964355469,
            "z": -25.694190979003906
          }
        },
        {
          "type": "RIGHT_EYE_LEFT_CORNER",
          "position": {
            "x": 103.12416076660156,
            "y": 121.57463073730469,
            "z": -20.537612915039062
          }
        },
        {
          "type": "RIGHT_EYE_PUPIL",
          "position": {
            "x": 102.8075180053711,
            "y": 121.60694885253906,
            "z": -26.035661697387695
          }
        },
        {
          "type": "LEFT_EYEBROW_UPPER_MIDPOINT",
          "position": {
            "x": 96.62985229492188,
            "y": 112.65510559082031,
            "z": 0.6878923773765564
          }
        },
        {
          "type": "RIGHT_EYEBROW_UPPER_MIDPOINT",
          "position": {
            "x": 98.19234466552734,
            "y": 113.25442504882812,
            "z": -27.321672439575195
          }
        },
        {
          "type": "LEFT_EAR_TRAGION",
          "position": {
            "x": 135.26522827148438,
            "y": 124.4903564453125,
            "z": 18.637191772460938
          }
        },
        {
          "type": "RIGHT_EAR_TRAGION",
          "position": {
            "x": 140.3319549560547,
            "y": 125.42852783203125,
            "z": -41.24188232421875
          }
        },
        {
          "type": "FOREHEAD_GLABELLA",
          "position": {
            "x": 95.19528198242188,
            "y": 116.40347290039062,
            "z": -13.375121116638184
          }
        },
        {
          "type": "CHIN_GNATHION",
          "position": {
            "x": 112.45629119873047,
            "y": 163.97872924804688,
            "z": -11.404961585998535
          }
        },
        {
          "type": "CHIN_LEFT_GONION",
          "position": {
            "x": 129.46383666992188,
            "y": 143.13485717773438,
            "z": 15.827692985534668
          }
        },
        {
          "type": "CHIN_RIGHT_GONION",
          "position": {
            "x": 132.459228515625,
            "y": 144.41339111328125,
            "z": -37.40079116821289
          }
        }
      ],
      "rollAngle": -14.614911079406738,
      "panAngle": -87.17243957519531,
      "tiltAngle": -1.975362777709961,
      "detectionConfidence": 0.6348753571510315,
      "landmarkingConfidence": 0.19975169003009796,
      "joyLikelihood": "VERY_UNLIKELY",
      "sorrowLikelihood": "VERY_UNLIKELY",
      "angerLikelihood": "VERY_UNLIKELY",
      "surpriseLikelihood": "VERY_UNLIKELY",
      "underExposedLikelihood": "VERY_UNLIKELY",
      "blurredLikelihood": "VERY_UNLIKELY",
      "headwearLikelihood": "VERY_UNLIKELY"
    }
  ]
}
