{
  "faceAnnotations": [
    {
      "boundingPoly": {
        "vertices": [
          {
            "x": 70,
            "y": 6
          },
          {
            "x": 126,
            "y": 6
          },
          {
            "x": 126,
            "y": 71
          },
          {
            "x": 70,
            "y": 71
          }
        ]
      },
      "fdBoundingPoly": {
        "vertices": [
          {
            "x": 69,
            "y": 18
          },
          {
            "x": 119,
            "y": 18
          },
          {
            "x": 119,
            "y": 68
          },
          {
            "x": 69,
            "y": 68
          }
        ]
      },
      "landmarks": [
        {
          "type": "LEFT_EYE",
          "position": {
            "x": 83.03498840332031,
            "y": 35.096534729003906,
            "z": 0.00017299508908763528
          }
        },
        {
          "type": "RIGHT_EYE",
          "position": {
            "x": 97.41911315917969,
            "y": 33.9959831237793,
            "z": -8.81764030456543
          }
        },
        {
          "type": "LEFT_OF_LEFT_EYEBROW",
          "position": {
            "x": 78.84172821044922,
            "y": 31.78768539428711,
            "z": 4.716001987457275
          }
        },
        {
          "type": "RIGHT_OF_LEFT_EYEBROW",
          "position": {
            "x": 84.81537628173828,
            "y": 30.807048797607422,
            "z": -4.650261878967285
          }
        },
        {
          "type": "LEFT_OF_RIGHT_EYEBROW",
          "position": {
            "x": 91.78785705566406,
            "y": 30.414499282836914,
            "z": -8.946769714355469
          }
        },
        {
          "type": "RIGHT_OF_RIGHT_EYEBROW",
          "position": {
            "x": 102.96707916259766,
            "y": 30.277179718017578,
            "z": -10.068809509277344
          }
        },
        {
          "type": "MIDPOINT_BETWEEN_EYES",
          "position": {
            "x": 88.14646911621094,
            "y": 34.12925338745117,
            "z": -7.331363677978516
          }
        },
        {
          "type": "NOSE_TIP",
          "position": {
            "x": 85.77247619628906,
            "y": 43.69119644165039,
            "z": -12.447607040405273
          }
        },
        {
          "type": "UPPER_LIP",
          "position": {
            "x": 87.7691650390625,
            "y": 49.81199645996094,
            "z": -9.628798484802246
          }
        },
        {
          "type": "LOWER_LIP",
          "position": {
            "x": 88.54364013671875,
            "y": 55.45265197753906,
            "z": -9.092459678649902
          }
        },
        {
          "type": "MOUTH_LEFT",
          "position": {
            "x": 84.58855438232422,
            "y": 53.00738525390625,
            "z": -2.4899120330810547
          }
        },
        {
          "type": "MOUTH_RIGHT",
          "position": {
            "x": 95.53785705566406,
            "y": 53.056243896484375,
            "z": -9.494762420654297
          }
        },
        {
          "type": "MOUTH_CENTER",
          "position": {
            "x": 88.39189910888672,
            "y": 52.43296813964844,
            "z": -8.791786193847656
          }
        },
        {
          "type": "NOSE_BOTTOM_RIGHT",
          "position": {
            "x": 92.69361877441406,
            "y": 45.33848571777344,
            "z": -9.423436164855957
          }
        },
        {
          "type": "NOSE_BOTTOM_LEFT",
          "position": {
            "x": 85.24278259277344,
            "y": 45.442596435546875,
            "z": -4.609084606170654
          }
        },
        {
          "type": "NOSE_BOTTOM_CENTER",
          "position": {
            "x": 87.92989349365234,
            "y": 46.2979850769043,
            "z": -9.344176292419434
          }
        },
        {
          "type": "LEFT_EYE_TOP_BOUNDARY",
          "position": {
            "x": 82.27783203125,
            "y": 34.08226013183594,
            "z": -0.7910027503967285
          }
        },
        {
          "type": "LEFT_EYE_RIGHT_CORNER",
          "position": {
            "x": 85.7856674194336,
            "y": 35.41262435913086,
            "z": -1.6634883880615234
          }
        },
        {
          "type": "LEFT_EYE_BOTTOM_BOUNDARY",
          "position": {
            "x": 82.83174133300781,
            "y": 36.37175750732422,
            "z": -0.15699520707130432
          }
        },
        {
          "type": "LEFT_EYE_LEFT_CORNER",
          "position": {
            "x": 80.84709167480469,
            "y": 35.680686950683594,
            "z": 3.1383602619171143
          }
        },
        {
          "type": "LEFT_EYE_PUPIL",
          "position": {
            "x": 82.44062042236328,
            "y": 35.325523376464844,
            "z": -0.13058102130889893
          }
        },
        {
          "type": "RIGHT_EYE_TOP_BOUNDARY",
          "position": {
            "x": 96.69908142089844,
            "y": 33.13677978515625,
            "z": -9.643762588500977
          }
        },
        {
          "type": "RIGHT_EYE_RIGHT_CORNER",
          "position": {
            "x": 101.18627166748047,
            "y": 34.42821502685547,
            "z": -9.236984252929688
          }
        },
        {
          "type": "RIGHT_EYE_BOTTOM_BOUNDARY",
          "position": {
            "x": 97.31781768798828,
            "y": 35.261051177978516,
            "z": -9.003763198852539
          }
        },
        {
          "type": "RIGHT_EYE_LEFT_CORNER",
          "position": {
            "x": 94.40898895263672,
            "y": 34.68775177001953,
            "z": -6.962168216705322
          }
        },
        {
          "type": "RIGHT_EYE_PUPIL",
          "position": {
            "x": 97.22664642333984,
            "y": 34.35966873168945,
            "z": -9.236431121826172
          }
        },
        {
          "type": "LEFT_EYEBROW_UPPER_MIDPOINT",
          "position": {
            "x": 81.1622085571289,
            "y": 29.173982620239258,
            "z": -0.6879323124885559
          }
        },
        {
          "type": "RIGHT_EYEBROW_UPPER_MIDPOINT",
          "position": {
            "x": 96.80184173583984,
            "y": 28.161518096923828,
            "z": -10.29776668548584
          }
        },
        {
          "type": "LEFT_EAR_TRAGION",
          "position": {
            "x": 84.77772521972656,
            "y": 45.76052474975586,
            "z": 22.663055419921875
          }
        },
        {
          "type": "RIGHT_EAR_TRAGION",
          "position": {
            "x": 117.5242691040039,
            "y": 43.64095687866211,
            "z": 2.5629384517669678
          }
        },
        {
          "type": "FOREHEAD_GLABELLA",
          "position": {
            "x": 87.97056579589844,
            "y": 30.34537696838379,
            "z": -7.3158979415893555
          }
        },
        {
          "type": "CHIN_GNATHION",
          "position": {
            "x": 90.17967224121094,
            "y": 63.578407287597656,
            "z": -7.642296314239502
          }
        },
        {
          "type": "CHIN_LEFT_GONION",
          "position": {
            "x": 82.8320083618164,
            "y": 55.980491638183594,
            "z": 14.875320434570312
          }
        },
        {
          "type": "CHIN_RIGHT_GONION",
          "position": {
            "x": 112.4319076538086,
            "y": 54.103759765625,
            "z": -3.3082480430603027
          }
        }
      ],
      "rollAngle": -0.5465242862701416,
      "panAngle": -31.643329620361328,
      "tiltAngle": 5.212151527404785,
      "detectionConfidence": 0.9055230021476746,
      "landmarkingConfidence": 0.47735607624053955,
      "joyLikelihood": "VERY_UNLIKELY",
      "sorrowLikelihood": "UNLIKELY",
      "angerLikelihood": "VERY_UNLIKELY",
      "surpriseLikelihood": "VERY_UNLIKELY",
      "underExposedLikelihood": "VERY_UNLIKELY",
      "blurredLikelihood": "VERY_UNLIKELY",
      "headwearLikelihood": "VERY_UNLIKELY"
    },
    {
      "boundingPoly": {
        "vertices": [
          {
            "x": 285,
            "y": 48
          },
          {
            "x": 334,
            "y": 48
          },
          {
            "x": 334,
            "y": 105
          },
          {
            "x": 285,
            "y": 105
          }
        ]
      },
      "fdBoundingPoly": {
        "vertices": [
          {
            "x": 283,
            "y": 57
          },
          {
            "x": 333,
            "y": 57
          },
          {
            "x": 333,
            "y": 107
          },
          {
            "x": 283,
            "y": 107
          }
        ]
      },
      "landmarks": [
        {
          "type": "LEFT_EYE",
          "position": {
            "x": 314.3824462890625,
            "y": 84.0137939453125,
            "z": -5.688349119736813e-05
          }
        },
        {
          "type": "RIGHT_EYE",
          "position": {
            "x": 324.5454406738281,
            "y": 87.42929077148438,
            "z": 10.461502075195312
          }
        },
        {
          "type": "LEFT_OF_LEFT_EYEBROW",
          "position": {
            "x": 313.1144104003906,
            "y": 79.5882339477539,
            "z": -3.7962806224823
          }
        },
        {
          "type": "RIGHT_OF_LEFT_EYEBROW",
          "position": {
            "x": 320.6670837402344,
            "y": 84.46501159667969,
            "z": -0.24938704073429108
          }
        },
        {
          "type": "LEFT_OF_RIGHT_EYEBROW",
          "position": {
            "x": 325.3951110839844,
            "y": 86.12501525878906,
            "z": 4.774661064147949
          }
        },
        {
          "type": "RIGHT_OF_RIGHT_EYEBROW",
          "position": {
            "x": 329.5107116699219,
            "y": 85.24651336669922,
            "z": 13.442212104797363
          }
        },
        {
          "type": "MIDPOINT_BETWEEN_EYES",
          "position": {
            "x": 321.19366455078125,
            "y": 87.59019470214844,
            "z": 3.298332452774048
          }
        },
        {
          "type": "NOSE_TIP",
          "position": {
            "x": 317.5552673339844,
            "y": 96.31521606445312,
            "z": 3.858179807662964
          }
        },
        {
          "type": "UPPER_LIP",
          "position": {
            "x": 312.86993408203125,
            "y": 97.52239990234375,
            "z": 7.899324417114258
          }
        },
        {
          "type": "LOWER_LIP",
          "position": {
            "x": 309.2528381347656,
            "y": 100.23788452148438,
            "z": 10.447980880737305
          }
        },
        {
          "type": "MOUTH_LEFT",
          "position": {
            "x": 306.13873291015625,
            "y": 94.86311340332031,
            "z": 7.0086798667907715
          }
        },
        {
          "type": "MOUTH_RIGHT",
          "position": {
            "x": 313.82220458984375,
            "y": 97.57109069824219,
            "z": 15.123780250549316
          }
        },
        {
          "type": "MOUTH_CENTER",
          "position": {
            "x": 310.9465637207031,
            "y": 98.36739349365234,
            "z": 9.450844764709473
          }
        },
        {
          "type": "NOSE_BOTTOM_RIGHT",
          "position": {
            "x": 317.35198974609375,
            "y": 94.03150939941406,
            "z": 10.465831756591797
          }
        },
        {
          "type": "NOSE_BOTTOM_LEFT",
          "position": {
            "x": 312.313232421875,
            "y": 92.3070297241211,
            "z": 4.872300624847412
          }
        },
        {
          "type": "NOSE_BOTTOM_CENTER",
          "position": {
            "x": 314.7912292480469,
            "y": 95.52149963378906,
            "z": 6.741313457489014
          }
        },
        {
          "type": "LEFT_EYE_TOP_BOUNDARY",
          "position": {
            "x": 315.7832336425781,
            "y": 84.01956939697266,
            "z": -0.8282256126403809
          }
        },
        {
          "type": "LEFT_EYE_RIGHT_CORNER",
          "position": {
            "x": 316.64947509765625,
            "y": 84.68416595458984,
            "z": 2.275834083557129
          }
        },
        {
          "type": "LEFT_EYE_BOTTOM_BOUNDARY",
          "position": {
            "x": 314.1805725097656,
            "y": 84.76541900634766,
            "z": 0.4383716583251953
          }
        },
        {
          "type": "LEFT_EYE_LEFT_CORNER",
          "position": {
            "x": 312.23492431640625,
            "y": 82.44918823242188,
            "z": -1.0808137655258179
          }
        },
        {
          "type": "LEFT_EYE_PUPIL",
          "position": {
            "x": 314.76409912109375,
            "y": 84.21267700195312,
            "z": -0.2361527979373932
          }
        },
        {
          "type": "RIGHT_EYE_TOP_BOUNDARY",
          "position": {
            "x": 325.5997314453125,
            "y": 87.40629577636719,
            "z": 9.497354507446289
          }
        },
        {
          "type": "RIGHT_EYE_RIGHT_CORNER",
          "position": {
            "x": 325.968994140625,
            "y": 87.17900085449219,
            "z": 13.344437599182129
          }
        },
        {
          "type": "RIGHT_EYE_BOTTOM_BOUNDARY",
          "position": {
            "x": 323.9989318847656,
            "y": 88.16942596435547,
            "z": 10.757317543029785
          }
        },
        {
          "type": "RIGHT_EYE_LEFT_CORNER",
          "position": {
            "x": 322.5186767578125,
            "y": 86.7717056274414,
            "z": 8.473819732666016
          }
        },
        {
          "type": "RIGHT_EYE_PUPIL",
          "position": {
            "x": 324.837646484375,
            "y": 87.70069122314453,
            "z": 10.350750923156738
          }
        },
        {
          "type": "LEFT_EYEBROW_UPPER_MIDPOINT",
          "position": {
            "x": 318.3527526855469,
            "y": 81.4760971069336,
            "z": -3.304868221282959
          }
        },
        {
          "type": "RIGHT_EYEBROW_UPPER_MIDPOINT",
          "position": {
            "x": 328.9977111816406,
            "y": 85.15013122558594,
            "z": 7.896420955657959
          }
        },
        {
          "type": "LEFT_EAR_TRAGION",
          "position": {
            "x": 296.883544921875,
            "y": 74.22525024414062,
            "z": 7.151825904846191
          }
        },
        {
          "type": "RIGHT_EAR_TRAGION",
          "position": {
            "x": 319.17999267578125,
            "y": 81.92558288574219,
            "z": 30.59844970703125
          }
        },
        {
          "type": "FOREHEAD_GLABELLA",
          "position": {
            "x": 323.3548583984375,
            "y": 85.56245422363281,
            "z": 1.8674026727676392
          }
        },
        {
          "type": "CHIN_GNATHION",
          "position": {
            "x": 304.31854248046875,
            "y": 103.28390502929688,
            "z": 14.158758163452148
          }
        },
        {
          "type": "CHIN_LEFT_GONION",
          "position": {
            "x": 294.40985107421875,
            "y": 85.16090393066406,
            "z": 8.199280738830566
          }
        },
        {
          "type": "CHIN_RIGHT_GONION",
          "position": {
            "x": 314.56134033203125,
            "y": 92.09901428222656,
            "z": 29.392047882080078
          }
        }
      ],
      "rollAngle": 42.61799621582031,
      "panAngle": 49.483150482177734,
      "tiltAngle": -21.93047523498535,
      "detectionConfidence": 0.5472339391708374,
      "landmarkingConfidence": 0.13502737879753113,
      "joyLikelihood": "VERY_UNLIKELY",
      "sorrowLikelihood": "VERY_UNLIKELY",
      "angerLikelihood": "VERY_UNLIKELY",
      "surpriseLikelihood": "VERY_UNLIKELY",
      "underExposedLikelihood": "VERY_UNLIKELY",
      "blurredLikelihood": "VERY_UNLIKELY",
      "headwearLikelihood": "VERY_UNLIKELY"
    }
  ]
}
