{
  "faceAnnotations": [
    {
      "boundingPoly": {
        "vertices": [
          {
            "x": 730,
            "y": 454
          },
          {
            "x": 995,
            "y": 454
          },
          {
            "x": 995,
            "y": 762
          },
          {
            "x": 730,
            "y": 762
          }
        ]
      },
      "fdBoundingPoly": {
        "vertices": [
          {
            "x": 753,
            "y": 542
          },
          {
            "x": 953,
            "y": 542
          },
          {
            "x": 953,
            "y": 742
          },
          {
            "x": 753,
            "y": 742
          }
        ]
      },
      "landmarks": [
        {
          "type": "LEFT_EYE",
          "position": {
            "x": 800.5586547851562,
            "y": 613.6591186523438,
            "z": -0.001133460202254355
          }
        },
        {
          "type": "RIGHT_EYE",
          "position": {
            "x": 875.73486328125,
            "y": 607.5460815429688,
            "z": -25.604759216308594
          }
        },
        {
          "type": "LEFT_OF_LEFT_EYEBROW",
          "position": {
            "x": 773.4684448242188,
            "y": 594.69921875,
            "z": 12.256631851196289
          }
        },
        {
          "type": "RIGHT_OF_LEFT_EYEBROW",
          "position": {
            "x": 811.1728515625,
            "y": 597.316162109375,
            "z": -24.181072235107422
          }
        },
        {
          "type": "LEFT_OF_RIGHT_EYEBROW",
          "position": {
            "x": 846.50244140625,
            "y": 595.1463012695312,
            "z": -36.59571838378906
          }
        },
        {
          "type": "RIGHT_OF_RIGHT_EYEBROW",
          "position": {
            "x": 902.145263671875,
            "y": 589.7021484375,
            "z": -29.404937744140625
          }
        },
        {
          "type": "MIDPOINT_BETWEEN_EYES",
          "position": {
            "x": 829.5694580078125,
            "y": 611.271728515625,
            "z": -28.525623321533203
          }
        },
        {
          "type": "NOSE_TIP",
          "position": {
            "x": 829.0172729492188,
            "y": 663.1163940429688,
            "z": -41.037654876708984
          }
        },
        {
          "type": "UPPER_LIP",
          "position": {
            "x": 837.2908325195312,
            "y": 687.69189453125,
            "z": -18.120641708374023
          }
        },
        {
          "type": "LOWER_LIP",
          "position": {
            "x": 841.4663696289062,
            "y": 709.5380859375,
            "z": -8.115270614624023
          }
        },
        {
          "type": "MOUTH_LEFT",
          "position": {
            "x": 813.1463012695312,
            "y": 695.729248046875,
            "z": 14.611641883850098
          }
        },
        {
          "type": "MOUTH_RIGHT",
          "position": {
            "x": 876.22314453125,
            "y": 692.8195190429688,
            "z": -5.828264236450195
          }
        },
        {
          "type": "MOUTH_CENTER",
          "position": {
            "x": 839.87890625,
            "y": 696.6846923828125,
            "z": -10.383439064025879
          }
        },
        {
          "type": "NOSE_BOTTOM_RIGHT",
          "position": {
            "x": 857.9757690429688,
            "y": 661.2052612304688,
            "z": -18.382219314575195
          }
        },
        {
          "type": "NOSE_BOTTOM_LEFT",
          "position": {
            "x": 816.9944458007812,
            "y": 663.71875,
            "z": -3.9448320865631104
          }
        },
        {
          "type": "NOSE_BOTTOM_CENTER",
          "position": {
            "x": 836.1984252929688,
            "y": 671.5142822265625,
            "z": -21.536142349243164
          }
        },
        {
          "type": "LEFT_EYE_TOP_BOUNDARY",
          "position": {
            "x": 796.41259765625,
            "y": 609.2769775390625,
            "z": -5.578456401824951
          }
        },
        {
          "type": "LEFT_EYE_RIGHT_CORNER",
          "position": {
            "x": 815.4577026367188,
            "y": 614.687744140625,
            "z": -4.291098594665527
          }
        },
        {
          "type": "LEFT_EYE_BOTTOM_BOUNDARY",
          "position": {
            "x": 799.2640991210938,
            "y": 619.9052734375,
            "z": 0.9812893867492676
          }
        },
        {
          "type": "LEFT_EYE_LEFT_CORNER",
          "position": {
            "x": 785.8823852539062,
            "y": 612.8641357421875,
            "z": 12.403271675109863
          }
        },
        {
          "type": "LEFT_EYE_PUPIL",
          "position": {
            "x": 796.8057861328125,
            "y": 614.0558471679688,
            "z": -1.0202821493148804
          }
        },
        {
          "type": "RIGHT_EYE_TOP_BOUNDARY",
          "position": {
            "x": 871.7992553710938,
            "y": 605.764892578125,
            "z": -30.884033203125
          }
        },
        {
          "type": "RIGHT_EYE_RIGHT_CORNER",
          "position": {
            "x": 891.7301025390625,
            "y": 607.4368286132812,
            "z": -23.035919189453125
          }
        },
        {
          "type": "RIGHT_EYE_BOTTOM_BOUNDARY",
          "position": {
            "x": 876.6170043945312,
            "y": 614.8408203125,
            "z": -24.535717010498047
          }
        },
        {
          "type": "RIGHT_EYE_LEFT_CORNER",
          "position": {
            "x": 858.6345825195312,
            "y": 611.466064453125,
            "z": -19.30801010131836
          }
        },
        {
          "type": "RIGHT_EYE_PUPIL",
          "position": {
            "x": 874.1346435546875,
            "y": 610.4359130859375,
            "z": -27.054832458496094
          }
        },
        {
          "type": "LEFT_EYEBROW_UPPER_MIDPOINT",
          "position": {
            "x": 789.3470458984375,
            "y": 587.7599487304688,
            "z": -12.742610931396484
          }
        },
        {
          "type": "RIGHT_EYEBROW_UPPER_MIDPOINT",
          "position": {
            "x": 871.1224365234375,
            "y": 583.9885864257812,
            "z": -40.194793701171875
          }
        },
        {
          "type": "LEFT_EAR_TRAGION",
          "position": {
            "x": 784.4909057617188,
            "y": 632.2628173828125,
            "z": 115.55877685546875
          }
        },
        {
          "type": "RIGHT_EAR_TRAGION",
          "position": {
            "x": 957.1089477539062,
            "y": 621.4585571289062,
            "z": 58.064571380615234
          }
        },
        {
          "type": "FOREHEAD_GLABELLA",
          "position": {
            "x": 828.319091796875,
            "y": 596.201171875,
            "z": -33.32535934448242
          }
        },
        {
          "type": "CHIN_GNATHION",
          "position": {
            "x": 849.7179565429688,
            "y": 744.6123046875,
            "z": 9.736023902893066
          }
        },
        {
          "type": "CHIN_LEFT_GONION",
          "position": {
            "x": 788.6233520507812,
            "y": 688.51953125,
            "z": 92.52605438232422
          }
        },
        {
          "type": "CHIN_RIGHT_GONION",
          "position": {
            "x": 943.5563354492188,
            "y": 683.4095458984375,
            "z": 40.773101806640625
          }
        }
      ],
      "rollAngle": -6.408954620361328,
      "panAngle": -18.919574737548828,
      "tiltAngle": -11.084515571594238,
      "detectionConfidence": 0.9932254552841187,
      "landmarkingConfidence": 0.6109565496444702,
      "joyLikelihood": "VERY_UNLIKELY",
      "sorrowLikelihood": "VERY_UNLIKELY",
      "angerLikelihood": "VERY_UNLIKELY",
      "surpriseLikelihood": "VERY_UNLIKELY",
      "underExposedLikelihood": "VERY_UNLIKELY",
      "blurredLikelihood": "VERY_UNLIKELY",
      "headwearLikelihood": "VERY_UNLIKELY"
    },
    {
      "boundingPoly": {
        "vertices": [
          {
            "x": 406,
            "y": 154
          },
          {
            "x": 571,
            "y": 154
          },
          {
            "x": 571,
            "y": 346
          },
          {
            "x": 406,
            "y": 346
          }
        ]
      },
      "fdBoundingPoly": {
        "vertices": [
          {
            "x": 431,
            "y": 208
          },
          {
            "x": 550,
            "y": 208
          },
          {
            "x": 550,
            "y": 327
          },
          {
            "x": 431,
            "y": 327
          }
        ]
      },
      "landmarks": [
        {
          "type": "LEFT_EYE",
          "position": {
            "x": 459.69342041015625,
            "y": 249.72293090820312,
            "z": 0.0006820206763222814
          }
        },
        {
          "type": "RIGHT_EYE",
          "position": {
            "x": 508.6789855957031,
            "y": 244.0992889404297,
            "z": -2.552677869796753
          }
        },
        {
          "type": "LEFT_OF_LEFT_EYEBROW",
          "position": {
            "x": 441.80230712890625,
            "y": 238.70999145507812,
            "z": 4.2184739112854
          }
        },
        {
          "type": "RIGHT_OF_LEFT_EYEBROW",
          "position": {
            "x": 470.6803894042969,
            "y": 237.1040496826172,
            "z": -11.624094009399414
          }
        },
        {
          "type": "LEFT_OF_RIGHT_EYEBROW",
          "position": {
            "x": 494.1729736328125,
            "y": 235.76937866210938,
            "z": -12.74779987335205
          }
        },
        {
          "type": "RIGHT_OF_RIGHT_EYEBROW",
          "position": {
            "x": 524.7066040039062,
            "y": 230.25189208984375,
            "z": -0.09178219735622406
          }
        },
        {
          "type": "MIDPOINT_BETWEEN_EYES",
          "position": {
            "x": 484.0070495605469,
            "y": 246.06793212890625,
            "z": -11.888328552246094
          }
        },
        {
          "type": "NOSE_TIP",
          "position": {
            "x": 486.26885986328125,
            "y": 276.51947021484375,
            "z": -23.531354904174805
          }
        },
        {
          "type": "UPPER_LIP",
          "position": {
            "x": 488.61688232421875,
            "y": 293.231201171875,
            "z": -10.007984161376953
          }
        },
        {
          "type": "LOWER_LIP",
          "position": {
            "x": 490.5906066894531,
            "y": 309.7840576171875,
            "z": -4.593323707580566
          }
        },
        {
          "type": "MOUTH_LEFT",
          "position": {
            "x": 470.4344482421875,
            "y": 300.8595275878906,
            "z": 5.129408359527588
          }
        },
        {
          "type": "MOUTH_RIGHT",
          "position": {
            "x": 509.4657897949219,
            "y": 296.93634033203125,
            "z": 3.132603406906128
          }
        },
        {
          "type": "MOUTH_CENTER",
          "position": {
            "x": 489.5538024902344,
            "y": 300.71148681640625,
            "z": -5.445112228393555
          }
        },
        {
          "type": "NOSE_BOTTOM_RIGHT",
          "position": {
            "x": 500.95050048828125,
            "y": 276.601318359375,
            "z": -4.71978759765625
          }
        },
        {
          "type": "NOSE_BOTTOM_LEFT",
          "position": {
            "x": 473.8500061035156,
            "y": 279.44207763671875,
            "z": -3.2958669662475586
          }
        },
        {
          "type": "NOSE_BOTTOM_CENTER",
          "position": {
            "x": 487.5066833496094,
            "y": 282.857421875,
            "z": -11.270854949951172
          }
        },
        {
          "type": "LEFT_EYE_TOP_BOUNDARY",
          "position": {
            "x": 459.0101623535156,
            "y": 246.1610107421875,
            "z": -3.7076518535614014
          }
        },
        {
          "type": "LEFT_EYE_RIGHT_CORNER",
          "position": {
            "x": 469.5948791503906,
            "y": 248.5760955810547,
            "z": -0.2930064797401428
          }
        },
        {
          "type": "LEFT_EYE_BOTTOM_BOUNDARY",
          "position": {
            "x": 459.58856201171875,
            "y": 252.43052673339844,
            "z": -0.08704934269189835
          }
        },
        {
          "type": "LEFT_EYE_LEFT_CORNER",
          "position": {
            "x": 449.84967041015625,
            "y": 249.84841918945312,
            "z": 5.07871675491333
          }
        },
        {
          "type": "LEFT_EYE_PUPIL",
          "position": {
            "x": 458.69720458984375,
            "y": 249.3653106689453,
            "z": -1.1966331005096436
          }
        },
        {
          "type": "RIGHT_EYE_TOP_BOUNDARY",
          "position": {
            "x": 508.7713928222656,
            "y": 241.12612915039062,
            "z": -6.242122650146484
          }
        },
        {
          "type": "RIGHT_EYE_RIGHT_CORNER",
          "position": {
            "x": 519.206787109375,
            "y": 242.68966674804688,
            "z": 1.4826267957687378
          }
        },
        {
          "type": "RIGHT_EYE_BOTTOM_BOUNDARY",
          "position": {
            "x": 509.6940002441406,
            "y": 247.19602966308594,
            "z": -2.6354310512542725
          }
        },
        {
          "type": "RIGHT_EYE_LEFT_CORNER",
          "position": {
            "x": 501.04962158203125,
            "y": 245.2490234375,
            "z": -1.773347020149231
          }
        },
        {
          "type": "RIGHT_EYE_PUPIL",
          "position": {
            "x": 509.7680969238281,
            "y": 244.2163848876953,
            "z": -3.827954053878784
          }
        },
        {
          "type": "LEFT_EYEBROW_UPPER_MIDPOINT",
          "position": {
            "x": 455.2666931152344,
            "y": 232.22100830078125,
            "z": -7.588438510894775
          }
        },
        {
          "type": "RIGHT_EYEBROW_UPPER_MIDPOINT",
          "position": {
            "x": 509.2255859375,
            "y": 226.794921875,
            "z": -10.333971977233887
          }
        },
        {
          "type": "LEFT_EAR_TRAGION",
          "position": {
            "x": 432.9588623046875,
            "y": 270.1317138671875,
            "z": 65.55196380615234
          }
        },
        {
          "type": "RIGHT_EAR_TRAGION",
          "position": {
            "x": 545.933837890625,
            "y": 258.6991882324219,
            "z": 59.73401641845703
          }
        },
        {
          "type": "FOREHEAD_GLABELLA",
          "position": {
            "x": 482.5972900390625,
            "y": 235.46298217773438,
            "z": -14.1534423828125
          }
        },
        {
          "type": "CHIN_GNATHION",
          "position": {
            "x": 493.2587585449219,
            "y": 331.3570556640625,
            "z": 4.788476467132568
          }
        },
        {
          "type": "CHIN_LEFT_GONION",
          "position": {
            "x": 440.9865417480469,
            "y": 303.5137023925781,
            "z": 48.254493713378906
          }
        },
        {
          "type": "CHIN_RIGHT_GONION",
          "position": {
            "x": 543.0853271484375,
            "y": 293.295166015625,
            "z": 43.055015563964844
          }
        }
      ],
      "rollAngle": -6.078129291534424,
      "panAngle": -2.91835355758667,
      "tiltAngle": -5.846494197845459,
      "detectionConfidence": 0.9987543821334839,
      "landmarkingConfidence": 0.4014497697353363,
      "joyLikelihood": "VERY_UNLIKELY",
      "sorrowLikelihood": "UNLIKELY",
      "angerLikelihood": "VERY_UNLIKELY",
      "surpriseLikelihood": "VERY_UNLIKELY",
      "underExposedLikelihood": "VERY_UNLIKELY",
      "blurredLikelihood": "VERY_UNLIKELY",
      "headwearLikelihood": "VERY_UNLIKELY"
    }
  ]
}
