{
  "faceAnnotations": [
    {
      "boundingPoly": {
        "vertices": [
          {
            "x": 57,
            "y": 22
          },
          {
            "x": 110,
            "y": 22
          },
          {
            "x": 110,
            "y": 84
          },
          {
            "x": 57,
            "y": 84
          }
        ]
      },
      "fdBoundingPoly": {
        "vertices": [
          {
            "x": 56,
            "y": 33
          },
          {
            "x": 106,
            "y": 33
          },
          {
            "x": 106,
            "y": 83
          },
          {
            "x": 56,
            "y": 83
          }
        ]
      },
      "landmarks": [
        {
          "type": "LEFT_EYE",
          "position": {
            "x": 67.130859375,
            "y": 51.40668487548828,
            "z": -0.0004480502684600651
          }
        },
        {
          "type": "RIGHT_EYE",
          "position": {
            "x": 78.98481750488281,
            "y": 50.696044921875,
            "z": -12.343193054199219
          }
        },
        {
          "type": "LEFT_OF_LEFT_EYEBROW",
          "position": {
            "x": 64.60285186767578,
            "y": 47.81584167480469,
            "z": 4.8999762535095215
          }
        },
        {
          "type": "RIGHT_OF_LEFT_EYEBROW",
          "position": {
            "x": 67.65663146972656,
            "y": 47.33091354370117,
            "z": -5.209259510040283
          }
        },
        {
          "type": "LEFT_OF_RIGHT_EYEBROW",
          "position": {
            "x": 72.78801727294922,
            "y": 46.82090377807617,
            "z": -10.91231632232666
          }
        },
        {
          "type": "RIGHT_OF_RIGHT_EYEBROW",
          "position": {
            "x": 82.79117584228516,
            "y": 46.28546905517578,
            "z": -14.738548278808594
          }
        },
        {
          "type": "MIDPOINT_BETWEEN_EYES",
          "position": {
            "x": 69.76050567626953,
            "y": 49.53035354614258,
            "z": -8.35268783569336
          }
        },
        {
          "type": "NOSE_TIP",
          "position": {
            "x": 67.26171112060547,
            "y": 59.65724182128906,
            "z": -11.741055488586426
          }
        },
        {
          "type": "UPPER_LIP",
          "position": {
            "x": 70.53610229492188,
            "y": 65.59140014648438,
            "z": -9.303323745727539
          }
        },
        {
          "type": "LOWER_LIP",
          "position": {
            "x": 71.88838958740234,
            "y": 71.00527954101562,
            "z": -8.622966766357422
          }
        },
        {
          "type": "MOUTH_LEFT",
          "position": {
            "x": 69.51762390136719,
            "y": 68.03314208984375,
            "z": -1.7763972282409668
          }
        },
        {
          "type": "MOUTH_RIGHT",
          "position": {
            "x": 78.34872436523438,
            "y": 67.95079040527344,
            "z": -11.037701606750488
          }
        },
        {
          "type": "MOUTH_CENTER",
          "position": {
            "x": 71.47803497314453,
            "y": 67.98799133300781,
            "z": -8.544733047485352
          }
        },
        {
          "type": "NOSE_BOTTOM_RIGHT",
          "position": {
            "x": 74.55388641357422,
            "y": 60.288482666015625,
            "z": -10.67503547668457
          }
        },
        {
          "type": "NOSE_BOTTOM_LEFT",
          "position": {
            "x": 68.98685455322266,
            "y": 61.08065414428711,
            "z": -4.313360691070557
          }
        },
        {
          "type": "NOSE_BOTTOM_CENTER",
          "position": {
            "x": 70.15814208984375,
            "y": 61.93126678466797,
            "z": -9.271110534667969
          }
        },
        {
          "type": "LEFT_EYE_TOP_BOUNDARY",
          "position": {
            "x": 66.51839447021484,
            "y": 50.27383041381836,
            "z": -0.849879801273346
          }
        },
        {
          "type": "LEFT_EYE_RIGHT_CORNER",
          "position": {
            "x": 69.52680206298828,
            "y": 51.25532531738281,
            "z": -2.4301068782806396
          }
        },
        {
          "type": "LEFT_EYE_BOTTOM_BOUNDARY",
          "position": {
            "x": 67.16573333740234,
            "y": 52.560089111328125,
            "z": -0.228638157248497
          }
        },
        {
          "type": "LEFT_EYE_LEFT_CORNER",
          "position": {
            "x": 66.31079864501953,
            "y": 51.54198455810547,
            "z": 3.214496612548828
          }
        },
        {
          "type": "LEFT_EYE_PUPIL",
          "position": {
            "x": 66.91754913330078,
            "y": 51.356536865234375,
            "z": -0.22046807408332825
          }
        },
        {
          "type": "RIGHT_EYE_TOP_BOUNDARY",
          "position": {
            "x": 77.43401336669922,
            "y": 49.361167907714844,
            "z": -12.607139587402344
          }
        },
        {
          "type": "RIGHT_EYE_RIGHT_CORNER",
          "position": {
            "x": 81.53046417236328,
            "y": 50.36013412475586,
            "z": -13.23696517944336
          }
        },
        {
          "type": "RIGHT_EYE_BOTTOM_BOUNDARY",
          "position": {
            "x": 78.77261352539062,
            "y": 51.766563415527344,
            "z": -12.078574180603027
          }
        },
        {
          "type": "RIGHT_EYE_LEFT_CORNER",
          "position": {
            "x": 76.53690338134766,
            "y": 50.81511688232422,
            "z": -9.585549354553223
          }
        },
        {
          "type": "RIGHT_EYE_PUPIL",
          "position": {
            "x": 78.09576416015625,
            "y": 50.43732833862305,
            "z": -12.293937683105469
          }
        },
        {
          "type": "LEFT_EYEBROW_UPPER_MIDPOINT",
          "position": {
            "x": 65.18866729736328,
            "y": 45.64858627319336,
            "z": -0.7820895910263062
          }
        },
        {
          "type": "RIGHT_EYEBROW_UPPER_MIDPOINT",
          "position": {
            "x": 77.00357055664062,
            "y": 44.656288146972656,
            "z": -13.535928726196289
          }
        },
        {
          "type": "LEFT_EAR_TRAGION",
          "position": {
            "x": 75.44013977050781,
            "y": 59.240028381347656,
            "z": 20.632644653320312
          }
        },
        {
          "type": "RIGHT_EAR_TRAGION",
          "position": {
            "x": 100.16230010986328,
            "y": 57.14849090576172,
            "z": -6.073609352111816
          }
        },
        {
          "type": "FOREHEAD_GLABELLA",
          "position": {
            "x": 69.80381774902344,
            "y": 46.913551330566406,
            "z": -8.473978996276855
          }
        },
        {
          "type": "CHIN_GNATHION",
          "position": {
            "x": 73.75850677490234,
            "y": 78.2237319946289,
            "z": -7.255852222442627
          }
        },
        {
          "type": "CHIN_LEFT_GONION",
          "position": {
            "x": 72.42913055419922,
            "y": 69.54190826416016,
            "z": 14.649446487426758
          }
        },
        {
          "type": "CHIN_RIGHT_GONION",
          "position": {
            "x": 94.78682708740234,
            "y": 67.69998931884766,
            "z": -9.483614921569824
          }
        }
      ],
      "rollAngle": -3.336221933364868,
      "panAngle": -47.103763580322266,
      "tiltAngle": 1.3756531476974487,
      "detectionConfidence": 0.6149822473526001,
      "landmarkingConfidence": 0.4932389259338379,
      "joyLikelihood": "VERY_UNLIKELY",
      "sorrowLikelihood": "VERY_UNLIKELY",
      "angerLikelihood": "VERY_UNLIKELY",
      "surpriseLikelihood": "VERY_UNLIKELY",
      "underExposedLikelihood": "VERY_UNLIKELY",
      "blurredLikelihood": "VERY_UNLIKELY",
      "headwearLikelihood": "VERY_UNLIKELY"
    },
    {
      "boundingPoly": {
        "vertices": [
          {
            "x": 204,
            "y": 29
          },
          {
            "x": 266,
            "y": 29
          },
          {
            "x": 266,
            "y": 100
          },
          {
            "x": 204,
            "y": 100
          }
        ]
      },
      "fdBoundingPoly": {
        "vertices": [
          {
            "x": 215,
            "y": 49
          },
          {
            "x": 266,
            "y": 49
          },
          {
            "x": 266,
            "y": 99
          },
          {
            "x": 215,
            "y": 99
          }
        ]
      },
      "landmarks": [
        {
          "type": "LEFT_EYE",
          "position": {
            "x": 240.15338134765625,
            "y": 67.93602752685547,
            "z": 0.00010556048800935969
          }
        },
        {
          "type": "RIGHT_EYE",
          "position": {
            "x": 254.16900634765625,
            "y": 69.40888214111328,
            "z": 11.006004333496094
          }
        },
        {
          "type": "LEFT_OF_LEFT_EYEBROW",
          "position": {
            "x": 234.7452850341797,
            "y": 62.87742614746094,
            "z": -3.862203359603882
          }
        },
        {
          "type": "RIGHT_OF_LEFT_EYEBROW",
          "position": {
            "x": 246.5619354248047,
            "y": 65.5853042602539,
            "z": -1.2244946956634521
          }
        },
        {
          "type": "LEFT_OF_RIGHT_EYEBROW",
          "position": {
            "x": 253.7471923828125,
            "y": 66.26985931396484,
            "z": 4.262426853179932
          }
        },
        {
          "type": "RIGHT_OF_RIGHT_EYEBROW",
          "position": {
            "x": 259.5394592285156,
            "y": 65.17806243896484,
            "z": 14.993444442749023
          }
        },
        {
          "type": "MIDPOINT_BETWEEN_EYES",
          "position": {
            "x": 249.19090270996094,
            "y": 68.82364654541016,
            "z": 2.200162649154663
          }
        },
        {
          "type": "NOSE_TIP",
          "position": {
            "x": 248.74940490722656,
            "y": 82.11669158935547,
            "z": 1.045831322669983
          }
        },
        {
          "type": "UPPER_LIP",
          "position": {
            "x": 244.5879669189453,
            "y": 86.1815185546875,
            "z": 6.039140701293945
          }
        },
        {
          "type": "LOWER_LIP",
          "position": {
            "x": 242.2644500732422,
            "y": 91.14310455322266,
            "z": 8.587545394897461
          }
        },
        {
          "type": "MOUTH_LEFT",
          "position": {
            "x": 235.58583068847656,
            "y": 85.61367797851562,
            "z": 5.9494853019714355
          }
        },
        {
          "type": "MOUTH_RIGHT",
          "position": {
            "x": 247.0504150390625,
            "y": 87.36416625976562,
            "z": 14.901023864746094
          }
        },
        {
          "type": "MOUTH_CENTER",
          "position": {
            "x": 243.10995483398438,
            "y": 88.32490539550781,
            "z": 7.826235771179199
          }
        },
        {
          "type": "NOSE_BOTTOM_RIGHT",
          "position": {
            "x": 248.78453063964844,
            "y": 80.54424285888672,
            "z": 9.82038402557373
          }
        },
        {
          "type": "NOSE_BOTTOM_LEFT",
          "position": {
            "x": 240.93389892578125,
            "y": 79.99916076660156,
            "z": 3.689889669418335
          }
        },
        {
          "type": "NOSE_BOTTOM_CENTER",
          "position": {
            "x": 245.5327606201172,
            "y": 83.0988998413086,
            "z": 5.052976131439209
          }
        },
        {
          "type": "LEFT_EYE_TOP_BOUNDARY",
          "position": {
            "x": 240.64508056640625,
            "y": 67.22517395019531,
            "z": -1.5315128564834595
          }
        },
        {
          "type": "LEFT_EYE_RIGHT_CORNER",
          "position": {
            "x": 242.4470672607422,
            "y": 68.4808349609375,
            "z": 2.120772123336792
          }
        },
        {
          "type": "LEFT_EYE_BOTTOM_BOUNDARY",
          "position": {
            "x": 239.78993225097656,
            "y": 69.02803802490234,
            "z": -0.033423662185668945
          }
        },
        {
          "type": "LEFT_EYE_LEFT_CORNER",
          "position": {
            "x": 235.7376251220703,
            "y": 67.0875244140625,
            "z": -1.2038782835006714
          }
        },
        {
          "type": "LEFT_EYE_PUPIL",
          "position": {
            "x": 239.60882568359375,
            "y": 68.07023620605469,
            "z": -0.7793576717376709
          }
        },
        {
          "type": "RIGHT_EYE_TOP_BOUNDARY",
          "position": {
            "x": 255.31881713867188,
            "y": 68.68128967285156,
            "z": 9.782838821411133
          }
        },
        {
          "type": "RIGHT_EYE_RIGHT_CORNER",
          "position": {
            "x": 256.2562255859375,
            "y": 69.08821868896484,
            "z": 14.590184211730957
          }
        },
        {
          "type": "RIGHT_EYE_BOTTOM_BOUNDARY",
          "position": {
            "x": 253.9739227294922,
            "y": 70.60733795166016,
            "z": 11.247249603271484
          }
        },
        {
          "type": "RIGHT_EYE_LEFT_CORNER",
          "position": {
            "x": 251.2002716064453,
            "y": 69.20111083984375,
            "z": 8.860143661499023
          }
        },
        {
          "type": "RIGHT_EYE_PUPIL",
          "position": {
            "x": 254.6793212890625,
            "y": 69.58433532714844,
            "z": 10.818832397460938
          }
        },
        {
          "type": "LEFT_EYEBROW_UPPER_MIDPOINT",
          "position": {
            "x": 242.07518005371094,
            "y": 62.527259826660156,
            "z": -4.119757175445557
          }
        },
        {
          "type": "RIGHT_EYEBROW_UPPER_MIDPOINT",
          "position": {
            "x": 258.0083312988281,
            "y": 64.10575866699219,
            "z": 8.157837867736816
          }
        },
        {
          "type": "LEFT_EAR_TRAGION",
          "position": {
            "x": 215.1790771484375,
            "y": 66.72061920166016,
            "z": 12.140945434570312
          }
        },
        {
          "type": "RIGHT_EAR_TRAGION",
          "position": {
            "x": 248.54302978515625,
            "y": 70.01759338378906,
            "z": 37.81982421875
          }
        },
        {
          "type": "FOREHEAD_GLABELLA",
          "position": {
            "x": 250.60789489746094,
            "y": 65.96327209472656,
            "z": 0.9371200799942017
          }
        },
        {
          "type": "CHIN_GNATHION",
          "position": {
            "x": 238.36329650878906,
            "y": 98.20594787597656,
            "z": 12.790600776672363
          }
        },
        {
          "type": "CHIN_LEFT_GONION",
          "position": {
            "x": 217.4206085205078,
            "y": 80.72993469238281,
            "z": 10.757554054260254
          }
        },
        {
          "type": "CHIN_RIGHT_GONION",
          "position": {
            "x": 247.57594299316406,
            "y": 83.74452209472656,
            "z": 33.99667739868164
          }
        }
      ],
      "rollAngle": 17.45806312561035,
      "panAngle": 39.02397537231445,
      "tiltAngle": -14.943037986755371,
      "detectionConfidence": 0.6293834447860718,
      "landmarkingConfidence": 0.35119861364364624,
      "joyLikelihood": "VERY_UNLIKELY",
      "sorrowLikelihood": "VERY_UNLIKELY",
      "angerLikelihood": "VERY_UNLIKELY",
      "surpriseLikelihood": "VERY_UNLIKELY",
      "underExposedLikelihood": "VERY_UNLIKELY",
      "blurredLikelihood": "VERY_UNLIKELY",
      "headwearLikelihood": "VERY_UNLIKELY"
    }
  ]
}
