{
  "faceAnnotations": [
    {
      "boundingPoly": {
        "vertices": [
          {
            "x": 330,
            "y": 77
          },
          {
            "x": 413,
            "y": 77
          },
          {
            "x": 413,
            "y": 172
          },
          {
            "x": 330,
            "y": 172
          }
        ]
      },
      "fdBoundingPoly": {
        "vertices": [
          {
            "x": 342,
            "y": 101
          },
          {
            "x": 408,
            "y": 101
          },
          {
            "x": 408,
            "y": 166
          },
          {
            "x": 342,
            "y": 166
          }
        ]
      },
      "landmarks": [
        {
          "type": "LEFT_EYE",
          "position": {
            "x": 383.6825256347656,
            "y": 124.39697265625,
            "z": -0.0003961810434702784
          }
        },
        {
          "type": "RIGHT_EYE",
          "position": {
            "x": 398.41644287109375,
            "y": 136.85781860351562,
            "z": 16.098285675048828
          }
        },
        {
          "type": "LEFT_OF_LEFT_EYEBROW",
          "position": {
            "x": 381.3974609375,
            "y": 114.96113586425781,
            "z": -3.047114849090576
          }
        },
        {
          "type": "RIGHT_OF_LEFT_EYEBROW",
          "position": {
            "x": 394.1875305175781,
            "y": 125.20252227783203,
            "z": 0.986487627029419
          }
        },
        {
          "type": "LEFT_OF_RIGHT_EYEBROW",
          "position": {
            "x": 401.0415954589844,
            "y": 130.7515869140625,
            "z": 8.730226516723633
          }
        },
        {
          "type": "RIGHT_OF_RIGHT_EYEBROW",
          "position": {
            "x": 405.7119445800781,
            "y": 135.6156463623047,
            "z": 23.70235824584961
          }
        },
        {
          "type": "MIDPOINT_BETWEEN_EYES",
          "position": {
            "x": 395.4021301269531,
            "y": 132.33969116210938,
            "z": 4.189122676849365
          }
        },
        {
          "type": "NOSE_TIP",
          "position": {
            "x": 390.4761047363281,
            "y": 145.37574768066406,
            "z": -2.172516345977783
          }
        },
        {
          "type": "UPPER_LIP",
          "position": {
            "x": 380.7853698730469,
            "y": 151.1945343017578,
            "z": 1.6993770599365234
          }
        },
        {
          "type": "LOWER_LIP",
          "position": {
            "x": 374.9804382324219,
            "y": 156.91000366210938,
            "z": 2.547380208969116
          }
        },
        {
          "type": "MOUTH_LEFT",
          "position": {
            "x": 368.7467041015625,
            "y": 146.54052734375,
            "z": 0.26050183176994324
          }
        },
        {
          "type": "MOUTH_RIGHT",
          "position": {
            "x": 381.310302734375,
            "y": 156.0037841796875,
            "z": 12.930829048156738
          }
        },
        {
          "type": "MOUTH_CENTER",
          "position": {
            "x": 378.09613037109375,
            "y": 153.5679168701172,
            "z": 2.840618133544922
          }
        },
        {
          "type": "NOSE_BOTTOM_RIGHT",
          "position": {
            "x": 387.3865661621094,
            "y": 147.48211669921875,
            "z": 9.370141983032227
          }
        },
        {
          "type": "NOSE_BOTTOM_LEFT",
          "position": {
            "x": 379.23291015625,
            "y": 141.38934326171875,
            "z": 0.6109048128128052
          }
        },
        {
          "type": "NOSE_BOTTOM_CENTER",
          "position": {
            "x": 384.6627197265625,
            "y": 146.85720825195312,
            "z": 1.9198966026306152
          }
        },
        {
          "type": "LEFT_EYE_TOP_BOUNDARY",
          "position": {
            "x": 385.9276428222656,
            "y": 123.81466674804688,
            "z": -0.9772220849990845
          }
        },
        {
          "type": "LEFT_EYE_RIGHT_CORNER",
          "position": {
            "x": 386.6497802734375,
            "y": 126.82498168945312,
            "z": 3.408613920211792
          }
        },
        {
          "type": "LEFT_EYE_BOTTOM_BOUNDARY",
          "position": {
            "x": 382.4229431152344,
            "y": 125.64724731445312,
            "z": -0.1568876951932907
          }
        },
        {
          "type": "LEFT_EYE_LEFT_CORNER",
          "position": {
            "x": 379.6869812011719,
            "y": 121.29956817626953,
            "z": -1.2641178369522095
          }
        },
        {
          "type": "LEFT_EYE_PUPIL",
          "position": {
            "x": 384.1009521484375,
            "y": 124.60275268554688,
            "z": -0.5268217325210571
          }
        },
        {
          "type": "RIGHT_EYE_TOP_BOUNDARY",
          "position": {
            "x": 400.4804992675781,
            "y": 136.15301513671875,
            "z": 15.021345138549805
          }
        },
        {
          "type": "RIGHT_EYE_RIGHT_CORNER",
          "position": {
            "x": 400.14080810546875,
            "y": 138.6276397705078,
            "z": 21.132781982421875
          }
        },
        {
          "type": "RIGHT_EYE_BOTTOM_BOUNDARY",
          "position": {
            "x": 397.60797119140625,
            "y": 138.38406372070312,
            "z": 15.93021011352539
          }
        },
        {
          "type": "RIGHT_EYE_LEFT_CORNER",
          "position": {
            "x": 396.0017395019531,
            "y": 134.7191162109375,
            "z": 13.193726539611816
          }
        },
        {
          "type": "RIGHT_EYE_PUPIL",
          "position": {
            "x": 399.0473937988281,
            "y": 137.2650146484375,
            "z": 15.870022773742676
          }
        },
        {
          "type": "LEFT_EYEBROW_UPPER_MIDPOINT",
          "position": {
            "x": 390.38751220703125,
            "y": 118.01901245117188,
            "z": -2.1631228923797607
          }
        },
        {
          "type": "RIGHT_EYEBROW_UPPER_MIDPOINT",
          "position": {
            "x": 406.1632385253906,
            "y": 131.3890838623047,
            "z": 15.189984321594238
          }
        },
        {
          "type": "LEFT_EAR_TRAGION",
          "position": {
            "x": 350.72491455078125,
            "y": 115.63836669921875,
            "z": 12.718692779541016
          }
        },
        {
          "type": "RIGHT_EAR_TRAGION",
          "position": {
            "x": 383.7455749511719,
            "y": 143.64695739746094,
            "z": 49.09139633178711
          }
        },
        {
          "type": "FOREHEAD_GLABELLA",
          "position": {
            "x": 398.2599792480469,
            "y": 127.86878204345703,
            "z": 4.130299091339111
          }
        },
        {
          "type": "CHIN_GNATHION",
          "position": {
            "x": 367.1153564453125,
            "y": 165.3847198486328,
            "z": 4.251355171203613
          }
        },
        {
          "type": "CHIN_LEFT_GONION",
          "position": {
            "x": 347.876708984375,
            "y": 133.32937622070312,
            "z": 5.731340408325195
          }
        },
        {
          "type": "CHIN_RIGHT_GONION",
          "position": {
            "x": 378.02349853515625,
            "y": 158.49293518066406,
            "z": 38.70083999633789
          }
        }
      ],
      "rollAngle": 37.252296447753906,
      "panAngle": 40.109561920166016,
      "tiltAngle": 3.590008020401001,
      "detectionConfidence": 0.9956551194190979,
      "landmarkingConfidence": 0.7100138664245605,
      "joyLikelihood": "VERY_UNLIKELY",
      "sorrowLikelihood": "VERY_UNLIKELY",
      "angerLikelihood": "VERY_UNLIKELY",
      "surpriseLikelihood": "VERY_UNLIKELY",
      "underExposedLikelihood": "VERY_UNLIKELY",
      "blurredLikelihood": "VERY_UNLIKELY",
      "headwearLikelihood": "VERY_UNLIKELY"
    },
    {
      "boundingPoly": {
        "vertices": [
          {
            "x": 104,
            "y": 39
          },
          {
            "x": 191,
            "y": 39
          },
          {
            "x": 191,
            "y": 140
          },
          {
            "x": 104,
            "y": 140
          }
        ]
      },
      "fdBoundingPoly": {
        "vertices": [
          {
            "x": 107,
            "y": 62
          },
          {
            "x": 172,
            "y": 62
          },
          {
            "x": 172,
            "y": 127
          },
          {
            "x": 107,
            "y": 127
          }
        ]
      },
      "landmarks": [
        {
          "type": "LEFT_EYE",
          "position": {
            "x": 124.39659118652344,
            "y": 84.76571655273438,
            "z": -0.0003923258918803185
          }
        },
        {
          "type": "RIGHT_EYE",
          "position": {
            "x": 146.15443420410156,
            "y": 82.45706176757812,
            "z": -13.816671371459961
          }
        },
        {
          "type": "LEFT_OF_LEFT_EYEBROW",
          "position": {
            "x": 116.94776916503906,
            "y": 78.9773941040039,
            "z": 7.821354866027832
          }
        },
        {
          "type": "RIGHT_OF_LEFT_EYEBROW",
          "position": {
            "x": 126.0970458984375,
            "y": 77.28048706054688,
            "z": -6.9076690673828125
          }
        },
        {
          "type": "LEFT_OF_RIGHT_EYEBROW",
          "position": {
            "x": 136.1491241455078,
            "y": 75.51953887939453,
            "z": -13.80556869506836
          }
        },
        {
          "type": "RIGHT_OF_RIGHT_EYEBROW",
          "position": {
            "x": 154.27447509765625,
            "y": 75.68085479736328,
            "z": -15.726664543151855
          }
        },
        {
          "type": "MIDPOINT_BETWEEN_EYES",
          "position": {
            "x": 130.87289428710938,
            "y": 82.52525329589844,
            "z": -11.179067611694336
          }
        },
        {
          "type": "NOSE_TIP",
          "position": {
            "x": 128.7230224609375,
            "y": 97.52604675292969,
            "z": -18.961341857910156
          }
        },
        {
          "type": "UPPER_LIP",
          "position": {
            "x": 131.58436584472656,
            "y": 107.75526428222656,
            "z": -14.696893692016602
          }
        },
        {
          "type": "LOWER_LIP",
          "position": {
            "x": 132.76341247558594,
            "y": 115.85350799560547,
            "z": -13.867353439331055
          }
        },
        {
          "type": "MOUTH_LEFT",
          "position": {
            "x": 127.1955337524414,
            "y": 111.45313262939453,
            "z": -3.564025640487671
          }
        },
        {
          "type": "MOUTH_RIGHT",
          "position": {
            "x": 143.1848602294922,
            "y": 111.02227783203125,
            "z": -14.635730743408203
          }
        },
        {
          "type": "MOUTH_CENTER",
          "position": {
            "x": 132.44313049316406,
            "y": 111.203857421875,
            "z": -13.401299476623535
          }
        },
        {
          "type": "NOSE_BOTTOM_RIGHT",
          "position": {
            "x": 138.5206298828125,
            "y": 99.63151550292969,
            "z": -14.455852508544922
          }
        },
        {
          "type": "NOSE_BOTTOM_LEFT",
          "position": {
            "x": 127.26959991455078,
            "y": 100.32603454589844,
            "z": -6.829814910888672
          }
        },
        {
          "type": "NOSE_BOTTOM_CENTER",
          "position": {
            "x": 131.63067626953125,
            "y": 101.80595397949219,
            "z": -14.256312370300293
          }
        },
        {
          "type": "LEFT_EYE_TOP_BOUNDARY",
          "position": {
            "x": 122.35983276367188,
            "y": 82.52247619628906,
            "z": -0.8285562992095947
          }
        },
        {
          "type": "LEFT_EYE_RIGHT_CORNER",
          "position": {
            "x": 127.97779846191406,
            "y": 84.00016784667969,
            "z": -2.264021158218384
          }
        },
        {
          "type": "LEFT_EYE_BOTTOM_BOUNDARY",
          "position": {
            "x": 123.81063842773438,
            "y": 86.47862243652344,
            "z": 0.07589544355869293
          }
        },
        {
          "type": "LEFT_EYE_LEFT_CORNER",
          "position": {
            "x": 120.23281860351562,
            "y": 85.05433654785156,
            "z": 5.327116966247559
          }
        },
        {
          "type": "LEFT_EYE_PUPIL",
          "position": {
            "x": 122.64461517333984,
            "y": 84.4178237915039,
            "z": 0.212130606174469
          }
        },
        {
          "type": "RIGHT_EYE_TOP_BOUNDARY",
          "position": {
            "x": 144.68862915039062,
            "y": 80.54669952392578,
            "z": -14.936605453491211
          }
        },
        {
          "type": "RIGHT_EYE_RIGHT_CORNER",
          "position": {
            "x": 151.60902404785156,
            "y": 82.09599304199219,
            "z": -14.358428001403809
          }
        },
        {
          "type": "RIGHT_EYE_BOTTOM_BOUNDARY",
          "position": {
            "x": 145.84426879882812,
            "y": 84.22270202636719,
            "z": -13.965130805969238
          }
        },
        {
          "type": "RIGHT_EYE_LEFT_CORNER",
          "position": {
            "x": 140.63851928710938,
            "y": 82.96989440917969,
            "z": -10.602185249328613
          }
        },
        {
          "type": "RIGHT_EYE_PUPIL",
          "position": {
            "x": 145.5291748046875,
            "y": 82.38658905029297,
            "z": -14.314075469970703
          }
        },
        {
          "type": "LEFT_EYEBROW_UPPER_MIDPOINT",
          "position": {
            "x": 120.39436340332031,
            "y": 74.81460571289062,
            "z": -0.663305401802063
          }
        },
        {
          "type": "RIGHT_EYEBROW_UPPER_MIDPOINT",
          "position": {
            "x": 144.61329650878906,
            "y": 72.66427612304688,
            "z": -15.961746215820312
          }
        },
        {
          "type": "LEFT_EAR_TRAGION",
          "position": {
            "x": 127.05397033691406,
            "y": 100.52251434326172,
            "z": 35.77507781982422
          }
        },
        {
          "type": "RIGHT_EAR_TRAGION",
          "position": {
            "x": 177.74371337890625,
            "y": 96.03363037109375,
            "z": 3.7589430809020996
          }
        },
        {
          "type": "FOREHEAD_GLABELLA",
          "position": {
            "x": 130.92681884765625,
            "y": 76.40765380859375,
            "z": -11.141097068786621
          }
        },
        {
          "type": "CHIN_GNATHION",
          "position": {
            "x": 134.54754638671875,
            "y": 127.75811004638672,
            "z": -11.91384506225586
          }
        },
        {
          "type": "CHIN_LEFT_GONION",
          "position": {
            "x": 124.21672058105469,
            "y": 116.61582946777344,
            "z": 23.661029815673828
          }
        },
        {
          "type": "CHIN_RIGHT_GONION",
          "position": {
            "x": 170.03565979003906,
            "y": 112.6190185546875,
            "z": -5.3089704513549805
          }
        }
      ],
      "rollAngle": -1.8219799995422363,
      "panAngle": -32.339569091796875,
      "tiltAngle": 5.118721008300781,
      "detectionConfidence": 0.9915028810501099,
      "landmarkingConfidence": 0.6616715788841248,
      "joyLikelihood": "VERY_UNLIKELY",
      "sorrowLikelihood": "VERY_UNLIKELY",
      "angerLikelihood": "VERY_UNLIKELY",
      "surpriseLikelihood": "VERY_UNLIKELY",
      "underExposedLikelihood": "VERY_UNLIKELY",
      "blurredLikelihood": "VERY_UNLIKELY",
      "headwearLikelihood": "VERY_UNLIKELY"
    }
  ]
}
