{
  "faceAnnotations": [
    {
      "boundingPoly": {
        "vertices": [
          {
            "x": 85,
            "y": 97
          },
          {
            "x": 169,
            "y": 97
          },
          {
            "x": 169,
            "y": 195
          },
          {
            "x": 85,
            "y": 195
          }
        ]
      },
      "fdBoundingPoly": {
        "vertices": [
          {
            "x": 94,
            "y": 122
          },
          {
            "x": 156,
            "y": 122
          },
          {
            "x": 156,
            "y": 184
          },
          {
            "x": 94,
            "y": 184
          }
        ]
      },
      "landmarks": [
        {
          "type": "LEFT_EYE",
          "position": {
            "x": 108.751953125,
            "y": 146.6817626953125,
            "z": -0.0001582867989782244
          }
        },
        {
          "type": "RIGHT_EYE",
          "position": {
            "x": 134.20753479003906,
            "y": 139.06704711914062,
            "z": -3.327629327774048
          }
        },
        {
          "type": "LEFT_OF_LEFT_EYEBROW",
          "position": {
            "x": 98.98727416992188,
            "y": 142.78631591796875,
            "z": 3.842430591583252
          }
        },
        {
          "type": "RIGHT_OF_LEFT_EYEBROW",
          "position": {
            "x": 113.22038269042969,
            "y": 138.49212646484375,
            "z": -5.736147880554199
          }
        },
        {
          "type": "LEFT_OF_RIGHT_EYEBROW",
          "position": {
            "x": 125.01419830322266,
            "y": 135.22406005859375,
            "z": -7.282771110534668
          }
        },
        {
          "type": "RIGHT_OF_RIGHT_EYEBROW",
          "position": {
            "x": 141.7504425048828,
            "y": 130.01150512695312,
            "z": -1.3599717617034912
          }
        },
        {
          "type": "MIDPOINT_BETWEEN_EYES",
          "position": {
            "x": 120.58348846435547,
            "y": 141.81329345703125,
            "z": -6.966618537902832
          }
        },
        {
          "type": "NOSE_TIP",
          "position": {
            "x": 123.44406127929688,
            "y": 155.96234130859375,
            "z": -14.513401985168457
          }
        },
        {
          "type": "UPPER_LIP",
          "position": {
            "x": 126.86408996582031,
            "y": 165.60000610351562,
            "z": -8.78577995300293
          }
        },
        {
          "type": "LOWER_LIP",
          "position": {
            "x": 128.89434814453125,
            "y": 171.75436401367188,
            "z": -7.200623035430908
          }
        },
        {
          "type": "MOUTH_LEFT",
          "position": {
            "x": 119.16381072998047,
            "y": 170.89364624023438,
            "z": -0.8134570121765137
          }
        },
        {
          "type": "MOUTH_RIGHT",
          "position": {
            "x": 138.54429626464844,
            "y": 165.73468017578125,
            "z": -3.302715539932251
          }
        },
        {
          "type": "MOUTH_CENTER",
          "position": {
            "x": 127.93579864501953,
            "y": 168.3343505859375,
            "z": -7.009354114532471
          }
        },
        {
          "type": "NOSE_BOTTOM_RIGHT",
          "position": {
            "x": 131.98721313476562,
            "y": 156.29273986816406,
            "z": -5.753300666809082
          }
        },
        {
          "type": "NOSE_BOTTOM_LEFT",
          "position": {
            "x": 118.10725402832031,
            "y": 159.7124786376953,
            "z": -3.8306236267089844
          }
        },
        {
          "type": "NOSE_BOTTOM_CENTER",
          "position": {
            "x": 125.24715423583984,
            "y": 159.88427734375,
            "z": -8.816801071166992
          }
        },
        {
          "type": "LEFT_EYE_TOP_BOUNDARY",
          "position": {
            "x": 108.59699249267578,
            "y": 144.3632354736328,
            "z": -1.7762514352798462
          }
        },
        {
          "type": "LEFT_EYE_RIGHT_CORNER",
          "position": {
            "x": 113.75787353515625,
            "y": 144.70419311523438,
            "z": -0.5980416536331177
          }
        },
        {
          "type": "LEFT_EYE_BOTTOM_BOUNDARY",
          "position": {
            "x": 108.97587585449219,
            "y": 147.98226928710938,
            "z": -0.2793843448162079
          }
        },
        {
          "type": "LEFT_EYE_LEFT_CORNER",
          "position": {
            "x": 104.74700927734375,
            "y": 147.43699645996094,
            "z": 2.8863320350646973
          }
        },
        {
          "type": "LEFT_EYE_PUPIL",
          "position": {
            "x": 108.83159637451172,
            "y": 146.071533203125,
            "z": -0.7255131602287292
          }
        },
        {
          "type": "RIGHT_EYE_TOP_BOUNDARY",
          "position": {
            "x": 132.74826049804688,
            "y": 137.42584228515625,
            "z": -4.973252773284912
          }
        },
        {
          "type": "RIGHT_EYE_RIGHT_CORNER",
          "position": {
            "x": 138.9527587890625,
            "y": 137.63108825683594,
            "z": -1.5401476621627808
          }
        },
        {
          "type": "RIGHT_EYE_BOTTOM_BOUNDARY",
          "position": {
            "x": 134.48876953125,
            "y": 140.28939819335938,
            "z": -3.529585599899292
          }
        },
        {
          "type": "RIGHT_EYE_LEFT_CORNER",
          "position": {
            "x": 129.207763671875,
            "y": 140.4714813232422,
            "z": -2.555964231491089
          }
        },
        {
          "type": "RIGHT_EYE_PUPIL",
          "position": {
            "x": 133.5724334716797,
            "y": 138.96640014648438,
            "z": -4.0374064445495605
          }
        },
        {
          "type": "LEFT_EYEBROW_UPPER_MIDPOINT",
          "position": {
            "x": 105.38805389404297,
            "y": 137.54473876953125,
            "z": -2.8427305221557617
          }
        },
        {
          "type": "RIGHT_EYEBROW_UPPER_MIDPOINT",
          "position": {
            "x": 131.5869903564453,
            "y": 130.0175018310547,
            "z": -6.310466289520264
          }
        },
        {
          "type": "LEFT_EAR_TRAGION",
          "position": {
            "x": 101.252197265625,
            "y": 161.64178466796875,
            "z": 32.794403076171875
          }
        },
        {
          "type": "RIGHT_EAR_TRAGION",
          "position": {
            "x": 156.08981323242188,
            "y": 145.86875915527344,
            "z": 25.509492874145508
          }
        },
        {
          "type": "FOREHEAD_GLABELLA",
          "position": {
            "x": 118.86494445800781,
            "y": 136.48277282714844,
            "z": -7.497722625732422
          }
        },
        {
          "type": "CHIN_GNATHION",
          "position": {
            "x": 132.92755126953125,
            "y": 183.75283813476562,
            "z": -3.829373836517334
          }
        },
        {
          "type": "CHIN_LEFT_GONION",
          "position": {
            "x": 107.07455444335938,
            "y": 176.59722900390625,
            "z": 22.008813858032227
          }
        },
        {
          "type": "CHIN_RIGHT_GONION",
          "position": {
            "x": 156.58050537109375,
            "y": 162.3934326171875,
            "z": 15.44106388092041
          }
        }
      ],
      "rollAngle": -15.907048225402832,
      "panAngle": -7.258215427398682,
      "tiltAngle": 0.8788667917251587,
      "detectionConfidence": 0.864363431930542,
      "landmarkingConfidence": 0.6781354546546936,
      "joyLikelihood": "VERY_UNLIKELY",
      "sorrowLikelihood": "VERY_UNLIKELY",
      "angerLikelihood": "VERY_UNLIKELY",
      "surpriseLikelihood": "VERY_UNLIKELY",
      "underExposedLikelihood": "VERY_UNLIKELY",
      "blurredLikelihood": "VERY_UNLIKELY",
      "headwearLikelihood": "VERY_UNLIKELY"
    },
    {
      "boundingPoly": {
        "vertices": [
          {
            "x": 376,
            "y": 105
          },
          {
            "x": 462,
            "y": 105
          },
          {
            "x": 462,
            "y": 205
          },
          {
            "x": 376,
            "y": 205
          }
        ]
      },
      "fdBoundingPoly": {
        "vertices": [
          {
            "x": 393,
            "y": 125
          },
          {
            "x": 462,
            "y": 125
          },
          {
            "x": 462,
            "y": 194
          },
          {
            "x": 393,
            "y": 194
          }
        ]
      },
      "landmarks": [
        {
          "type": "LEFT_EYE",
          "position": {
            "x": 432.0673828125,
            "y": 147.64866638183594,
            "z": 0.0002409046282991767
          }
        },
        {
          "type": "RIGHT_EYE",
          "position": {
            "x": 447.4744873046875,
            "y": 152.05638122558594,
            "z": 19.243804931640625
          }
        },
        {
          "type": "LEFT_OF_LEFT_EYEBROW",
          "position": {
            "x": 424.25811767578125,
            "y": 141.85186767578125,
            "z": -4.8647356033325195
          }
        },
        {
          "type": "RIGHT_OF_LEFT_EYEBROW",
          "position": {
            "x": 440.3161315917969,
            "y": 144.4041290283203,
            "z": 2.3024871349334717
          }
        },
        {
          "type": "LEFT_OF_RIGHT_EYEBROW",
          "position": {
            "x": 447.8033142089844,
            "y": 145.175537109375,
            "z": 11.878750801086426
          }
        },
        {
          "type": "RIGHT_OF_RIGHT_EYEBROW",
          "position": {
            "x": 451.5547180175781,
            "y": 147.52633666992188,
            "z": 28.28469467163086
          }
        },
        {
          "type": "MIDPOINT_BETWEEN_EYES",
          "position": {
            "x": 443.8622131347656,
            "y": 150.01060485839844,
            "z": 6.160069942474365
          }
        },
        {
          "type": "NOSE_TIP",
          "position": {
            "x": 448.8454895019531,
            "y": 164.1952362060547,
            "z": -0.3987400531768799
          }
        },
        {
          "type": "UPPER_LIP",
          "position": {
            "x": 443.6709289550781,
            "y": 174.22671508789062,
            "z": 2.2079997062683105
          }
        },
        {
          "type": "LOWER_LIP",
          "position": {
            "x": 441.8356628417969,
            "y": 181.96463012695312,
            "z": 2.3575849533081055
          }
        },
        {
          "type": "MOUTH_LEFT",
          "position": {
            "x": 431.5673828125,
            "y": 175.4641571044922,
            "z": -1.6121699810028076
          }
        },
        {
          "type": "MOUTH_RIGHT",
          "position": {
            "x": 444.2771301269531,
            "y": 178.67848205566406,
            "z": 13.9762601852417
          }
        },
        {
          "type": "MOUTH_CENTER",
          "position": {
            "x": 442.0113830566406,
            "y": 177.56573486328125,
            "z": 2.9513752460479736
          }
        },
        {
          "type": "NOSE_BOTTOM_RIGHT",
          "position": {
            "x": 445.4192199707031,
            "y": 167.20571899414062,
            "z": 11.080573081970215
          }
        },
        {
          "type": "NOSE_BOTTOM_LEFT",
          "position": {
            "x": 437.11688232421875,
            "y": 165.94696044921875,
            "z": 0.2927057147026062
          }
        },
        {
          "type": "NOSE_BOTTOM_CENTER",
          "position": {
            "x": 444.1587219238281,
            "y": 168.85861206054688,
            "z": 2.801427125930786
          }
        },
        {
          "type": "LEFT_EYE_TOP_BOUNDARY",
          "position": {
            "x": 432.9986572265625,
            "y": 146.9685821533203,
            "z": -1.2723954916000366
          }
        },
        {
          "type": "LEFT_EYE_RIGHT_CORNER",
          "position": {
            "x": 434.8589782714844,
            "y": 149.75302124023438,
            "z": 3.646771192550659
          }
        },
        {
          "type": "LEFT_EYE_BOTTOM_BOUNDARY",
          "position": {
            "x": 431.23687744140625,
            "y": 150.19021606445312,
            "z": -0.7930118441581726
          }
        },
        {
          "type": "LEFT_EYE_LEFT_CORNER",
          "position": {
            "x": 425.6847839355469,
            "y": 147.75685119628906,
            "z": -2.9736640453338623
          }
        },
        {
          "type": "LEFT_EYE_PUPIL",
          "position": {
            "x": 431.7759704589844,
            "y": 148.7172088623047,
            "z": -1.1132763624191284
          }
        },
        {
          "type": "RIGHT_EYE_TOP_BOUNDARY",
          "position": {
            "x": 449.097412109375,
            "y": 150.434326171875,
            "z": 18.504549026489258
          }
        },
        {
          "type": "RIGHT_EYE_RIGHT_CORNER",
          "position": {
            "x": 449.00299072265625,
            "y": 153.0806884765625,
            "z": 24.805801391601562
          }
        },
        {
          "type": "RIGHT_EYE_BOTTOM_BOUNDARY",
          "position": {
            "x": 447.69696044921875,
            "y": 153.93324279785156,
            "z": 19.02167320251465
          }
        },
        {
          "type": "RIGHT_EYE_LEFT_CORNER",
          "position": {
            "x": 444.5135498046875,
            "y": 151.64276123046875,
            "z": 15.512741088867188
          }
        },
        {
          "type": "RIGHT_EYE_PUPIL",
          "position": {
            "x": 448.31201171875,
            "y": 152.29237365722656,
            "z": 19.160139083862305
          }
        },
        {
          "type": "LEFT_EYEBROW_UPPER_MIDPOINT",
          "position": {
            "x": 433.7817687988281,
            "y": 139.4963836669922,
            "z": -2.0297205448150635
          }
        },
        {
          "type": "RIGHT_EYEBROW_UPPER_MIDPOINT",
          "position": {
            "x": 451.2518615722656,
            "y": 143.22882080078125,
            "z": 19.43245506286621
          }
        },
        {
          "type": "LEFT_EAR_TRAGION",
          "position": {
            "x": 393.5460510253906,
            "y": 160.2100067138672,
            "z": 5.3672099113464355
          }
        },
        {
          "type": "RIGHT_EAR_TRAGION",
          "position": {
            "x": 432.3271179199219,
            "y": 167.89476013183594,
            "z": 50.62668228149414
          }
        },
        {
          "type": "FOREHEAD_GLABELLA",
          "position": {
            "x": 444.6664123535156,
            "y": 144.02362060546875,
            "z": 6.493240833282471
          }
        },
        {
          "type": "CHIN_GNATHION",
          "position": {
            "x": 438.4367980957031,
            "y": 193.52488708496094,
            "z": 3.113015651702881
          }
        },
        {
          "type": "CHIN_LEFT_GONION",
          "position": {
            "x": 404.4671936035156,
            "y": 176.52584838867188,
            "z": -0.9725814461708069
          }
        },
        {
          "type": "CHIN_RIGHT_GONION",
          "position": {
            "x": 437.64227294921875,
            "y": 183.43499755859375,
            "z": 39.87144088745117
          }
        }
      ],
      "rollAngle": 3.476651191711426,
      "panAngle": 50.760040283203125,
      "tiltAngle": 7.082267761230469,
      "detectionConfidence": 0.8803631067276001,
      "landmarkingConfidence": 0.5224946737289429,
      "joyLikelihood": "VERY_UNLIKELY",
      "sorrowLikelihood": "VERY_UNLIKELY",
      "angerLikelihood": "VERY_UNLIKELY",
      "surpriseLikelihood": "VERY_UNLIKELY",
      "underExposedLikelihood": "VERY_UNLIKELY",
      "blurredLikelihood": "VERY_UNLIKELY",
      "headwearLikelihood": "VERY_UNLIKELY"
    }
  ]
}
