{
  "faceAnnotations": [
    {
      "boundingPoly": {
        "vertices": [
          {
            "x": 119,
            "y": 18
          },
          {
            "x": 199,
            "y": 18
          },
          {
            "x": 199,
            "y": 112
          },
          {
            "x": 119,
            "y": 112
          }
        ]
      },
      "fdBoundingPoly": {
        "vertices": [
          {
            "x": 125,
            "y": 42
          },
          {
            "x": 186,
            "y": 42
          },
          {
            "x": 186,
            "y": 102
          },
          {
            "x": 125,
            "y": 102
          }
        ]
      },
      "landmarks": [
        {
          "type": "LEFT_EYE",
          "position": {
            "x": 142.28656005859375,
            "y": 61.743919372558594,
            "z": -0.0004697626573033631
          }
        },
        {
          "type": "RIGHT_EYE",
          "position": {
            "x": 165.331298828125,
            "y": 59.85064697265625,
            "z": -5.373978614807129
          }
        },
        {
          "type": "LEFT_OF_LEFT_EYEBROW",
          "position": {
            "x": 133.9397430419922,
            "y": 56.812557220458984,
            "z": 4.212925910949707
          }
        },
        {
          "type": "RIGHT_OF_LEFT_EYEBROW",
          "position": {
            "x": 146.9392547607422,
            "y": 56.07196044921875,
            "z": -5.881904125213623
          }
        },
        {
          "type": "LEFT_OF_RIGHT_EYEBROW",
          "position": {
            "x": 157.51612854003906,
            "y": 55.28553009033203,
            "z": -8.542489051818848
          }
        },
        {
          "type": "RIGHT_OF_RIGHT_EYEBROW",
          "position": {
            "x": 173.5867919921875,
            "y": 53.45886993408203,
            "z": -4.947734832763672
          }
        },
        {
          "type": "MIDPOINT_BETWEEN_EYES",
          "position": {
            "x": 152.5820770263672,
            "y": 59.993324279785156,
            "z": -7.6202802658081055
          }
        },
        {
          "type": "NOSE_TIP",
          "position": {
            "x": 152.10560607910156,
            "y": 74.54293823242188,
            "z": -14.752524375915527
          }
        },
        {
          "type": "UPPER_LIP",
          "position": {
            "x": 153.71116638183594,
            "y": 83.85425567626953,
            "z": -9.278458595275879
          }
        },
        {
          "type": "LOWER_LIP",
          "position": {
            "x": 154.32090759277344,
            "y": 90.865234375,
            "z": -7.71763277053833
          }
        },
        {
          "type": "MOUTH_LEFT",
          "position": {
            "x": 146.0980987548828,
            "y": 87.57666778564453,
            "z": -0.7872654795646667
          }
        },
        {
          "type": "MOUTH_RIGHT",
          "position": {
            "x": 164.2793426513672,
            "y": 87.40496826171875,
            "z": -5.244172096252441
          }
        },
        {
          "type": "MOUTH_CENTER",
          "position": {
            "x": 154.1895294189453,
            "y": 86.90623474121094,
            "z": -7.571993827819824
          }
        },
        {
          "type": "NOSE_BOTTOM_RIGHT",
          "position": {
            "x": 160.01556396484375,
            "y": 76.28839111328125,
            "z": -7.184701442718506
          }
        },
        {
          "type": "NOSE_BOTTOM_LEFT",
          "position": {
            "x": 148.11692810058594,
            "y": 77.02137756347656,
            "z": -4.3000006675720215
          }
        },
        {
          "type": "NOSE_BOTTOM_CENTER",
          "position": {
            "x": 153.5561065673828,
            "y": 78.3597412109375,
            "z": -9.314053535461426
          }
        },
        {
          "type": "LEFT_EYE_TOP_BOUNDARY",
          "position": {
            "x": 141.29737854003906,
            "y": 60.365272521972656,
            "z": -1.4530657529830933
          }
        },
        {
          "type": "LEFT_EYE_RIGHT_CORNER",
          "position": {
            "x": 146.63128662109375,
            "y": 62.18693542480469,
            "z": -0.9052123427391052
          }
        },
        {
          "type": "LEFT_EYE_BOTTOM_BOUNDARY",
          "position": {
            "x": 141.99050903320312,
            "y": 63.677085876464844,
            "z": -0.11177434772253036
          }
        },
        {
          "type": "LEFT_EYE_LEFT_CORNER",
          "position": {
            "x": 137.58421325683594,
            "y": 62.44778823852539,
            "z": 3.3827786445617676
          }
        },
        {
          "type": "LEFT_EYE_PUPIL",
          "position": {
            "x": 141.26339721679688,
            "y": 62.09234619140625,
            "z": -0.3411406874656677
          }
        },
        {
          "type": "RIGHT_EYE_TOP_BOUNDARY",
          "position": {
            "x": 165.0150604248047,
            "y": 58.66374206542969,
            "z": -6.9557881355285645
          }
        },
        {
          "type": "RIGHT_EYE_RIGHT_CORNER",
          "position": {
            "x": 170.59190368652344,
            "y": 59.99189758300781,
            "z": -4.308812141418457
          }
        },
        {
          "type": "RIGHT_EYE_BOTTOM_BOUNDARY",
          "position": {
            "x": 165.46282958984375,
            "y": 61.768646240234375,
            "z": -5.597354412078857
          }
        },
        {
          "type": "RIGHT_EYE_LEFT_CORNER",
          "position": {
            "x": 160.24130249023438,
            "y": 60.9418830871582,
            "z": -4.17390251159668
          }
        },
        {
          "type": "RIGHT_EYE_PUPIL",
          "position": {
            "x": 165.6013946533203,
            "y": 60.346946716308594,
            "z": -6.024964809417725
          }
        },
        {
          "type": "LEFT_EYEBROW_UPPER_MIDPOINT",
          "position": {
            "x": 139.53273010253906,
            "y": 53.37348175048828,
            "z": -2.314976692199707
          }
        },
        {
          "type": "RIGHT_EYEBROW_UPPER_MIDPOINT",
          "position": {
            "x": 165.25515747070312,
            "y": 51.52739715576172,
            "z": -8.291169166564941
          }
        },
        {
          "type": "LEFT_EAR_TRAGION",
          "position": {
            "x": 134.31712341308594,
            "y": 74.98870086669922,
            "z": 32.792606353759766
          }
        },
        {
          "type": "RIGHT_EAR_TRAGION",
          "position": {
            "x": 188.21255493164062,
            "y": 71.1373291015625,
            "z": 20.330808639526367
          }
        },
        {
          "type": "FOREHEAD_GLABELLA",
          "position": {
            "x": 151.94464111328125,
            "y": 55.0958251953125,
            "z": -8.078720092773438
          }
        },
        {
          "type": "CHIN_GNATHION",
          "position": {
            "x": 156.15042114257812,
            "y": 102.69268798828125,
            "z": -4.386146545410156
          }
        },
        {
          "type": "CHIN_LEFT_GONION",
          "position": {
            "x": 135.70310974121094,
            "y": 90.48363494873047,
            "z": 22.329683303833008
          }
        },
        {
          "type": "CHIN_RIGHT_GONION",
          "position": {
            "x": 184.4417266845703,
            "y": 87.00421905517578,
            "z": 11.017435073852539
          }
        }
      ],
      "rollAngle": -3.934631109237671,
      "panAngle": -13.032304763793945,
      "tiltAngle": 0.7224448919296265,
      "detectionConfidence": 0.9999823570251465,
      "landmarkingConfidence": 0.8494688868522644,
      "joyLikelihood": "VERY_UNLIKELY",
      "sorrowLikelihood": "VERY_UNLIKELY",
      "angerLikelihood": "VERY_UNLIKELY",
      "surpriseLikelihood": "VERY_UNLIKELY",
      "underExposedLikelihood": "VERY_UNLIKELY",
      "blurredLikelihood": "VERY_UNLIKELY",
      "headwearLikelihood": "VERY_UNLIKELY"
    },
    {
      "boundingPoly": {
        "vertices": [
          {
            "x": 293,
            "y": 48
          },
          {
            "x": 356,
            "y": 48
          },
          {
            "x": 356,
            "y": 121
          },
          {
            "x": 293,
            "y": 121
          }
        ]
      },
      "fdBoundingPoly": {
        "vertices": [
          {
            "x": 292,
            "y": 65
          },
          {
            "x": 345,
            "y": 65
          },
          {
            "x": 345,
            "y": 118
          },
          {
            "x": 292,
            "y": 118
          }
        ]
      },
      "landmarks": [
        {
          "type": "LEFT_EYE",
          "position": {
            "x": 305.00946044921875,
            "y": 84.48526000976562,
            "z": -0.0002511925413273275
          }
        },
        {
          "type": "RIGHT_EYE",
          "position": {
            "x": 310.3305969238281,
            "y": 83.80078125,
            "z": -18.1287899017334
          }
        },
        {
          "type": "LEFT_OF_LEFT_EYEBROW",
          "position": {
            "x": 304.4382019042969,
            "y": 79.98633575439453,
            "z": 6.578329563140869
          }
        },
        {
          "type": "RIGHT_OF_LEFT_EYEBROW",
          "position": {
            "x": 302.37713623046875,
            "y": 80.19189453125,
            "z": -5.684582233428955
          }
        },
        {
          "type": "LEFT_OF_RIGHT_EYEBROW",
          "position": {
            "x": 305.1089782714844,
            "y": 80.1559829711914,
            "z": -14.47134017944336
          }
        },
        {
          "type": "RIGHT_OF_RIGHT_EYEBROW",
          "position": {
            "x": 313.50408935546875,
            "y": 79.04969024658203,
            "z": -23.770950317382812
          }
        },
        {
          "type": "MIDPOINT_BETWEEN_EYES",
          "position": {
            "x": 304.0431823730469,
            "y": 84.18773651123047,
            "z": -10.139427185058594
          }
        },
        {
          "type": "NOSE_TIP",
          "position": {
            "x": 300.52777099609375,
            "y": 95.27904510498047,
            "z": -11.624194145202637
          }
        },
        {
          "type": "UPPER_LIP",
          "position": {
            "x": 304.39471435546875,
            "y": 101.83255004882812,
            "z": -10.440140724182129
          }
        },
        {
          "type": "LOWER_LIP",
          "position": {
            "x": 306.392333984375,
            "y": 107.57140350341797,
            "z": -10.034656524658203
          }
        },
        {
          "type": "MOUTH_LEFT",
          "position": {
            "x": 307.8395690917969,
            "y": 104.13372802734375,
            "z": -1.8507680892944336
          }
        },
        {
          "type": "MOUTH_RIGHT",
          "position": {
            "x": 310.7969055175781,
            "y": 104.4681167602539,
            "z": -15.713038444519043
          }
        },
        {
          "type": "MOUTH_CENTER",
          "position": {
            "x": 306.027099609375,
            "y": 104.57797241210938,
            "z": -10.026968955993652
          }
        },
        {
          "type": "NOSE_BOTTOM_RIGHT",
          "position": {
            "x": 307.95391845703125,
            "y": 96.10580444335938,
            "z": -14.464583396911621
          }
        },
        {
          "type": "NOSE_BOTTOM_LEFT",
          "position": {
            "x": 305.4100341796875,
            "y": 96.1673583984375,
            "z": -4.655178070068359
          }
        },
        {
          "type": "NOSE_BOTTOM_CENTER",
          "position": {
            "x": 304.1706237792969,
            "y": 97.84365844726562,
            "z": -10.451149940490723
          }
        },
        {
          "type": "LEFT_EYE_TOP_BOUNDARY",
          "position": {
            "x": 303.67291259765625,
            "y": 83.28082275390625,
            "z": -0.3357454240322113
          }
        },
        {
          "type": "LEFT_EYE_RIGHT_CORNER",
          "position": {
            "x": 306.1752624511719,
            "y": 84.45529174804688,
            "z": -3.575144052505493
          }
        },
        {
          "type": "LEFT_EYE_BOTTOM_BOUNDARY",
          "position": {
            "x": 305.0433349609375,
            "y": 85.70500946044922,
            "z": -0.021602557972073555
          }
        },
        {
          "type": "LEFT_EYE_LEFT_CORNER",
          "position": {
            "x": 305.64312744140625,
            "y": 84.40872192382812,
            "z": 4.121829986572266
          }
        },
        {
          "type": "LEFT_EYE_PUPIL",
          "position": {
            "x": 304.5221862792969,
            "y": 84.47603607177734,
            "z": 0.19100408256053925
          }
        },
        {
          "type": "RIGHT_EYE_TOP_BOUNDARY",
          "position": {
            "x": 308.96051025390625,
            "y": 82.73831176757812,
            "z": -18.46255874633789
          }
        },
        {
          "type": "RIGHT_EYE_RIGHT_CORNER",
          "position": {
            "x": 313.3622131347656,
            "y": 83.8083724975586,
            "z": -21.313783645629883
          }
        },
        {
          "type": "RIGHT_EYE_BOTTOM_BOUNDARY",
          "position": {
            "x": 310.2945556640625,
            "y": 85.15037536621094,
            "z": -18.13169288635254
          }
        },
        {
          "type": "RIGHT_EYE_LEFT_CORNER",
          "position": {
            "x": 309.0736083984375,
            "y": 83.85079956054688,
            "z": -14.403495788574219
          }
        },
        {
          "type": "RIGHT_EYE_PUPIL",
          "position": {
            "x": 309.918212890625,
            "y": 83.93334197998047,
            "z": -18.409761428833008
          }
        },
        {
          "type": "LEFT_EYEBROW_UPPER_MIDPOINT",
          "position": {
            "x": 301.93463134765625,
            "y": 77.93109130859375,
            "z": 0.15715248882770538
          }
        },
        {
          "type": "RIGHT_EYEBROW_UPPER_MIDPOINT",
          "position": {
            "x": 307.6712341308594,
            "y": 77.35120391845703,
            "z": -19.512958526611328
          }
        },
        {
          "type": "LEFT_EAR_TRAGION",
          "position": {
            "x": 325.0720520019531,
            "y": 91.32035827636719,
            "z": 18.349838256835938
          }
        },
        {
          "type": "RIGHT_EAR_TRAGION",
          "position": {
            "x": 338.2196044921875,
            "y": 89.26718139648438,
            "z": -23.4874324798584
          }
        },
        {
          "type": "FOREHEAD_GLABELLA",
          "position": {
            "x": 302.9759216308594,
            "y": 79.90725708007812,
            "z": -10.280261993408203
          }
        },
        {
          "type": "CHIN_GNATHION",
          "position": {
            "x": 311.02880859375,
            "y": 116.29780578613281,
            "z": -9.134063720703125
          }
        },
        {
          "type": "CHIN_LEFT_GONION",
          "position": {
            "x": 319.937744140625,
            "y": 104.12408447265625,
            "z": 14.39499282836914
          }
        },
        {
          "type": "CHIN_RIGHT_GONION",
          "position": {
            "x": 331.0098571777344,
            "y": 103.3117904663086,
            "z": -23.349185943603516
          }
        }
      ],
      "rollAngle": -6.4105424880981445,
      "panAngle": -73.66072082519531,
      "tiltAngle": -0.15847979485988617,
      "detectionConfidence": 0.9856269359588623,
      "landmarkingConfidence": 0.49360018968582153,
      "joyLikelihood": "VERY_UNLIKELY",
      "sorrowLikelihood": "VERY_UNLIKELY",
      "angerLikelihood": "VERY_UNLIKELY",
      "surpriseLikelihood": "VERY_UNLIKELY",
      "underExposedLikelihood": "VERY_UNLIKELY",
      "blurredLikelihood": "VERY_UNLIKELY",
      "headwearLikelihood": "VERY_UNLIKELY"
    }
  ]
}
