{
  "faceAnnotations": [
    {
      "boundingPoly": {
        "vertices": [
          {
            "x": 444,
            "y": 136
          },
          {
            "x": 540,
            "y": 136
          },
          {
            "x": 540,
            "y": 248
          },
          {
            "x": 444,
            "y": 248
          }
        ]
      },
      "fdBoundingPoly": {
        "vertices": [
          {
            "x": 463,
            "y": 159
          },
          {
            "x": 535,
            "y": 159
          },
          {
            "x": 535,
            "y": 231
          },
          {
            "x": 463,
            "y": 231
          }
        ]
      },
      "landmarks": [
        {
          "type": "LEFT_EYE",
          "position": {
            "x": 493.838623046875,
            "y": 180.68655395507812,
            "z": 7.067376282066107e-05
          }
        },
        {
          "type": "RIGHT_EYE",
          "position": {
            "x": 516.989013671875,
            "y": 179.20497131347656,
            "z": 15.983001708984375
          }
        },
        {
          "type": "LEFT_OF_LEFT_EYEBROW",
          "position": {
            "x": 480.054443359375,
            "y": 177.6545867919922,
            "z": -3.016995906829834
          }
        },
        {
          "type": "RIGHT_OF_LEFT_EYEBROW",
          "position": {
            "x": 500.152099609375,
            "y": 173.1768798828125,
            "z": -0.04426409304141998
          }
        },
        {
          "type": "LEFT_OF_RIGHT_EYEBROW",
          "position": {
            "x": 511.9767150878906,
            "y": 172.33023071289062,
            "z": 7.916685104370117
          }
        },
        {
          "type": "RIGHT_OF_RIGHT_EYEBROW",
          "position": {
            "x": 521.61474609375,
            "y": 173.21624755859375,
            "z": 24.389041900634766
          }
        },
        {
          "type": "MIDPOINT_BETWEEN_EYES",
          "position": {
            "x": 507.8119812011719,
            "y": 178.3046875,
            "z": 2.6119422912597656
          }
        },
        {
          "type": "NOSE_TIP",
          "position": {
            "x": 516.3702392578125,
            "y": 193.1834259033203,
            "z": -7.174941539764404
          }
        },
        {
          "type": "UPPER_LIP",
          "position": {
            "x": 513.7508544921875,
            "y": 205.06533813476562,
            "z": -3.147132396697998
          }
        },
        {
          "type": "LOWER_LIP",
          "position": {
            "x": 514.4649658203125,
            "y": 213.55364990234375,
            "z": -2.980130195617676
          }
        },
        {
          "type": "MOUTH_LEFT",
          "position": {
            "x": 499.84124755859375,
            "y": 212.20318603515625,
            "z": -3.944667100906372
          }
        },
        {
          "type": "MOUTH_RIGHT",
          "position": {
            "x": 519.7353515625,
            "y": 209.30462646484375,
            "z": 8.95616626739502
          }
        },
        {
          "type": "MOUTH_CENTER",
          "position": {
            "x": 513.5328369140625,
            "y": 208.98318481445312,
            "z": -2.124680280685425
          }
        },
        {
          "type": "NOSE_BOTTOM_RIGHT",
          "position": {
            "x": 516.952880859375,
            "y": 197.16514587402344,
            "z": 6.377979755401611
          }
        },
        {
          "type": "NOSE_BOTTOM_LEFT",
          "position": {
            "x": 504.35565185546875,
            "y": 198.68701171875,
            "z": -2.7435741424560547
          }
        },
        {
          "type": "NOSE_BOTTOM_CENTER",
          "position": {
            "x": 513.073974609375,
            "y": 199.0024871826172,
            "z": -2.316589117050171
          }
        },
        {
          "type": "LEFT_EYE_TOP_BOUNDARY",
          "position": {
            "x": 493.3292236328125,
            "y": 179.58245849609375,
            "z": -2.056710720062256
          }
        },
        {
          "type": "LEFT_EYE_RIGHT_CORNER",
          "position": {
            "x": 497.4637145996094,
            "y": 181.63902282714844,
            "z": 2.570003032684326
          }
        },
        {
          "type": "LEFT_EYE_BOTTOM_BOUNDARY",
          "position": {
            "x": 493.2920837402344,
            "y": 183.84169006347656,
            "z": -1.3004790544509888
          }
        },
        {
          "type": "LEFT_EYE_LEFT_CORNER",
          "position": {
            "x": 486.10906982421875,
            "y": 182.79757690429688,
            "z": -1.881514072418213
          }
        },
        {
          "type": "LEFT_EYE_PUPIL",
          "position": {
            "x": 492.66546630859375,
            "y": 181.89996337890625,
            "z": -1.6498156785964966
          }
        },
        {
          "type": "RIGHT_EYE_TOP_BOUNDARY",
          "position": {
            "x": 517.0896606445312,
            "y": 177.43898010253906,
            "z": 14.321918487548828
          }
        },
        {
          "type": "RIGHT_EYE_RIGHT_CORNER",
          "position": {
            "x": 519.7861328125,
            "y": 180.18301391601562,
            "z": 20.993301391601562
          }
        },
        {
          "type": "RIGHT_EYE_BOTTOM_BOUNDARY",
          "position": {
            "x": 517.2219848632812,
            "y": 181.83990478515625,
            "z": 15.079961776733398
          }
        },
        {
          "type": "RIGHT_EYE_LEFT_CORNER",
          "position": {
            "x": 511.68060302734375,
            "y": 180.9802703857422,
            "z": 12.301552772521973
          }
        },
        {
          "type": "RIGHT_EYE_PUPIL",
          "position": {
            "x": 517.0729370117188,
            "y": 179.71363830566406,
            "z": 15.124810218811035
          }
        },
        {
          "type": "LEFT_EYEBROW_UPPER_MIDPOINT",
          "position": {
            "x": 491.3482666015625,
            "y": 171.2683563232422,
            "z": -2.618314027786255
          }
        },
        {
          "type": "RIGHT_EYEBROW_UPPER_MIDPOINT",
          "position": {
            "x": 517.1707763671875,
            "y": 168.9221649169922,
            "z": 15.158705711364746
          }
        },
        {
          "type": "LEFT_EAR_TRAGION",
          "position": {
            "x": 461.2335510253906,
            "y": 205.9318084716797,
            "z": 15.391458511352539
          }
        },
        {
          "type": "RIGHT_EAR_TRAGION",
          "position": {
            "x": 515.2390747070312,
            "y": 201.0254364013672,
            "z": 52.62582778930664
          }
        },
        {
          "type": "FOREHEAD_GLABELLA",
          "position": {
            "x": 506.7019348144531,
            "y": 172.27371215820312,
            "z": 3.0732672214508057
          }
        },
        {
          "type": "CHIN_GNATHION",
          "position": {
            "x": 515.7694702148438,
            "y": 227.9250030517578,
            "z": -2.0828115940093994
          }
        },
        {
          "type": "CHIN_LEFT_GONION",
          "position": {
            "x": 473.8785705566406,
            "y": 221.01168823242188,
            "z": 4.640212059020996
          }
        },
        {
          "type": "CHIN_RIGHT_GONION",
          "position": {
            "x": 522.6168823242188,
            "y": 216.2776641845703,
            "z": 38.322906494140625
          }
        }
      ],
      "rollAngle": -11.694396018981934,
      "panAngle": 34.98397445678711,
      "tiltAngle": 9.322694778442383,
      "detectionConfidence": 0.9918653964996338,
      "landmarkingConfidence": 0.7508291602134705,
      "joyLikelihood": "VERY_UNLIKELY",
      "sorrowLikelihood": "VERY_UNLIKELY",
      "angerLikelihood": "VERY_UNLIKELY",
      "surpriseLikelihood": "VERY_UNLIKELY",
      "underExposedLikelihood": "VERY_UNLIKELY",
      "blurredLikelihood": "VERY_UNLIKELY",
      "headwearLikelihood": "VERY_UNLIKELY"
    },
    {
      "boundingPoly": {
        "vertices": [
          {
            "x": 171,
            "y": 47
          },
          {
            "x": 279,
            "y": 47
          },
          {
            "x": 279,
            "y": 173
          },
          {
            "x": 171,
            "y": 173
          }
        ]
      },
      "fdBoundingPoly": {
        "vertices": [
          {
            "x": 176,
            "y": 73
          },
          {
            "x": 262,
            "y": 73
          },
          {
            "x": 262,
            "y": 158
          },
          {
            "x": 176,
            "y": 158
          }
        ]
      },
      "landmarks": [
        {
          "type": "LEFT_EYE",
          "position": {
            "x": 198.25502014160156,
            "y": 94.86381530761719,
            "z": -0.00014638350694440305
          }
        },
        {
          "type": "RIGHT_EYE",
          "position": {
            "x": 217.81788635253906,
            "y": 99.88773345947266,
            "z": -25.018295288085938
          }
        },
        {
          "type": "LEFT_OF_LEFT_EYEBROW",
          "position": {
            "x": 195.18060302734375,
            "y": 85.68681335449219,
            "z": 11.074559211730957
          }
        },
        {
          "type": "RIGHT_OF_LEFT_EYEBROW",
          "position": {
            "x": 200.1165008544922,
            "y": 87.2445068359375,
            "z": -10.364839553833008
          }
        },
        {
          "type": "LEFT_OF_RIGHT_EYEBROW",
          "position": {
            "x": 209.0900115966797,
            "y": 90.91004943847656,
            "z": -22.817142486572266
          }
        },
        {
          "type": "RIGHT_OF_RIGHT_EYEBROW",
          "position": {
            "x": 229.44110107421875,
            "y": 96.35559844970703,
            "z": -32.11198806762695
          }
        },
        {
          "type": "MIDPOINT_BETWEEN_EYES",
          "position": {
            "x": 202.67739868164062,
            "y": 94.97252655029297,
            "z": -16.893678665161133
          }
        },
        {
          "type": "NOSE_TIP",
          "position": {
            "x": 188.6492919921875,
            "y": 111.39527893066406,
            "z": -23.185035705566406
          }
        },
        {
          "type": "UPPER_LIP",
          "position": {
            "x": 192.53909301757812,
            "y": 126.43017578125,
            "z": -17.75173568725586
          }
        },
        {
          "type": "LOWER_LIP",
          "position": {
            "x": 192.00437927246094,
            "y": 135.0077667236328,
            "z": -16.2352237701416
          }
        },
        {
          "type": "MOUTH_LEFT",
          "position": {
            "x": 190.218505859375,
            "y": 129.53604125976562,
            "z": -1.9591487646102905
          }
        },
        {
          "type": "MOUTH_RIGHT",
          "position": {
            "x": 206.5088348388672,
            "y": 134.14804077148438,
            "z": -22.254365921020508
          }
        },
        {
          "type": "MOUTH_CENTER",
          "position": {
            "x": 193.15692138671875,
            "y": 130.00570678710938,
            "z": -16.192659378051758
          }
        },
        {
          "type": "NOSE_BOTTOM_RIGHT",
          "position": {
            "x": 203.69866943359375,
            "y": 119.1256332397461,
            "z": -21.641525268554688
          }
        },
        {
          "type": "NOSE_BOTTOM_LEFT",
          "position": {
            "x": 192.9056854248047,
            "y": 115.19227600097656,
            "z": -7.581629753112793
          }
        },
        {
          "type": "NOSE_BOTTOM_CENTER",
          "position": {
            "x": 193.586669921875,
            "y": 118.77288055419922,
            "z": -18.018909454345703
          }
        },
        {
          "type": "LEFT_EYE_TOP_BOUNDARY",
          "position": {
            "x": 196.49996948242188,
            "y": 92.0091781616211,
            "z": -0.8881415128707886
          }
        },
        {
          "type": "LEFT_EYE_RIGHT_CORNER",
          "position": {
            "x": 201.30154418945312,
            "y": 95.7559814453125,
            "z": -4.422599792480469
          }
        },
        {
          "type": "LEFT_EYE_BOTTOM_BOUNDARY",
          "position": {
            "x": 196.901123046875,
            "y": 97.503173828125,
            "z": 0.35185787081718445
          }
        },
        {
          "type": "LEFT_EYE_LEFT_CORNER",
          "position": {
            "x": 195.7147216796875,
            "y": 94.22801208496094,
            "z": 7.649628162384033
          }
        },
        {
          "type": "LEFT_EYE_PUPIL",
          "position": {
            "x": 196.5709991455078,
            "y": 94.45689392089844,
            "z": 0.45638445019721985
          }
        },
        {
          "type": "RIGHT_EYE_TOP_BOUNDARY",
          "position": {
            "x": 216.95938110351562,
            "y": 98.25572204589844,
            "z": -26.755111694335938
          }
        },
        {
          "type": "RIGHT_EYE_RIGHT_CORNER",
          "position": {
            "x": 224.5631866455078,
            "y": 103.22309112548828,
            "z": -28.53948211669922
          }
        },
        {
          "type": "RIGHT_EYE_BOTTOM_BOUNDARY",
          "position": {
            "x": 217.6525115966797,
            "y": 102.619384765625,
            "z": -25.503820419311523
          }
        },
        {
          "type": "RIGHT_EYE_LEFT_CORNER",
          "position": {
            "x": 213.98663330078125,
            "y": 99.73267364501953,
            "z": -20.04144859313965
          }
        },
        {
          "type": "RIGHT_EYE_PUPIL",
          "position": {
            "x": 217.53506469726562,
            "y": 100.8466796875,
            "z": -26.1273193359375
          }
        },
        {
          "type": "LEFT_EYEBROW_UPPER_MIDPOINT",
          "position": {
            "x": 197.04312133789062,
            "y": 82.0693359375,
            "z": -0.9817308187484741
          }
        },
        {
          "type": "RIGHT_EYEBROW_UPPER_MIDPOINT",
          "position": {
            "x": 219.2426300048828,
            "y": 88.9025650024414,
            "z": -29.044404983520508
          }
        },
        {
          "type": "LEFT_EAR_TRAGION",
          "position": {
            "x": 210.40060424804688,
            "y": 115.46641540527344,
            "z": 43.249420166015625
          }
        },
        {
          "type": "RIGHT_EAR_TRAGION",
          "position": {
            "x": 254.14425659179688,
            "y": 129.22616577148438,
            "z": -15.164535522460938
          }
        },
        {
          "type": "FOREHEAD_GLABELLA",
          "position": {
            "x": 204.22113037109375,
            "y": 88.1152572631836,
            "z": -17.45429229736328
          }
        },
        {
          "type": "CHIN_GNATHION",
          "position": {
            "x": 191.62535095214844,
            "y": 153.7322998046875,
            "z": -12.472009658813477
          }
        },
        {
          "type": "CHIN_LEFT_GONION",
          "position": {
            "x": 196.4860382080078,
            "y": 134.22384643554688,
            "z": 32.486854553222656
          }
        },
        {
          "type": "CHIN_RIGHT_GONION",
          "position": {
            "x": 238.5496368408203,
            "y": 148.71487426757812,
            "z": -21.00487518310547
          }
        }
      ],
      "rollAngle": 16.368125915527344,
      "panAngle": -50.41571044921875,
      "tiltAngle": -0.5275962948799133,
      "detectionConfidence": 0.995362401008606,
      "landmarkingConfidence": 0.789613664150238,
      "joyLikelihood": "VERY_UNLIKELY",
      "sorrowLikelihood": "VERY_UNLIKELY",
      "angerLikelihood": "VERY_UNLIKELY",
      "surpriseLikelihood": "VERY_UNLIKELY",
      "underExposedLikelihood": "VERY_UNLIKELY",
      "blurredLikelihood": "VERY_UNLIKELY",
      "headwearLikelihood": "VERY_UNLIKELY"
    }
  ]
}
