{
  "faceAnnotations": [
    {
      "boundingPoly": {
        "vertices": [
          {
            "x": 337,
            "y": 165
          },
          {
            "x": 522,
            "y": 165
          },
          {
            "x": 522,
            "y": 381
          },
          {
            "x": 337,
            "y": 381
          }
        ]
      },
      "fdBoundingPoly": {
        "vertices": [
          {
            "x": 349,
            "y": 220
          },
          {
            "x": 488,
            "y": 220
          },
          {
            "x": 488,
            "y": 359
          },
          {
            "x": 349,
            "y": 359
          }
        ]
      },
      "landmarks": [
        {
          "type": "LEFT_EYE",
          "position": {
            "x": 408.22967529296875,
            "y": 255.65646362304688,
            "z": 0.0005616705166175961
          }
        },
        {
          "type": "RIGHT_EYE",
          "position": {
            "x": 456.491455078125,
            "y": 284.47320556640625,
            "z": -9.018396377563477
          }
        },
        {
          "type": "LEFT_OF_LEFT_EYEBROW",
          "position": {
            "x": 399.720458984375,
            "y": 231.83409118652344,
            "z": 6.771749973297119
          }
        },
        {
          "type": "RIGHT_OF_LEFT_EYEBROW",
          "position": {
            "x": 425.4746398925781,
            "y": 250.04525756835938,
            "z": -14.88798713684082
          }
        },
        {
          "type": "LEFT_OF_RIGHT_EYEBROW",
          "position": {
            "x": 448.1806335449219,
            "y": 264.8004455566406,
            "z": -19.10202407836914
          }
        },
        {
          "type": "RIGHT_OF_RIGHT_EYEBROW",
          "position": {
            "x": 481.2464599609375,
            "y": 281.2514953613281,
            "z": -8.17545223236084
          }
        },
        {
          "type": "MIDPOINT_BETWEEN_EYES",
          "position": {
            "x": 432.6535949707031,
            "y": 265.0326843261719,
            "z": -16.648136138916016
          }
        },
        {
          "type": "NOSE_TIP",
          "position": {
            "x": 410.6053161621094,
            "y": 295.35528564453125,
            "z": -28.250001907348633
          }
        },
        {
          "type": "UPPER_LIP",
          "position": {
            "x": 402.9324035644531,
            "y": 312.6681823730469,
            "z": -12.662363052368164
          }
        },
        {
          "type": "LOWER_LIP",
          "position": {
            "x": 395.1165771484375,
            "y": 328.484130859375,
            "z": -6.2793049812316895
          }
        },
        {
          "type": "MOUTH_LEFT",
          "position": {
            "x": 383.2884216308594,
            "y": 304.86065673828125,
            "z": 7.229979991912842
          }
        },
        {
          "type": "MOUTH_RIGHT",
          "position": {
            "x": 423.8897399902344,
            "y": 328.4630126953125,
            "z": -0.12234145402908325
          }
        },
        {
          "type": "MOUTH_CENTER",
          "position": {
            "x": 400.4858093261719,
            "y": 318.6285400390625,
            "z": -7.575196266174316
          }
        },
        {
          "type": "NOSE_BOTTOM_RIGHT",
          "position": {
            "x": 424.3325500488281,
            "y": 306.76678466796875,
            "z": -8.996627807617188
          }
        },
        {
          "type": "NOSE_BOTTOM_LEFT",
          "position": {
            "x": 399.8104553222656,
            "y": 291.5980224609375,
            "z": -3.949032783508301
          }
        },
        {
          "type": "NOSE_BOTTOM_CENTER",
          "position": {
            "x": 408.1346740722656,
            "y": 303.4930419921875,
            "z": -14.315144538879395
          }
        },
        {
          "type": "LEFT_EYE_TOP_BOUNDARY",
          "position": {
            "x": 409.8974609375,
            "y": 250.67144775390625,
            "z": -4.3375959396362305
          }
        },
        {
          "type": "LEFT_EYE_RIGHT_CORNER",
          "position": {
            "x": 418.27117919921875,
            "y": 260.4343566894531,
            "z": -1.6434460878372192
          }
        },
        {
          "type": "LEFT_EYE_BOTTOM_BOUNDARY",
          "position": {
            "x": 406.7906799316406,
            "y": 258.35003662109375,
            "z": -0.06628061830997467
          }
        },
        {
          "type": "LEFT_EYE_LEFT_CORNER",
          "position": {
            "x": 400.1705322265625,
            "y": 248.19992065429688,
            "z": 6.759631156921387
          }
        },
        {
          "type": "LEFT_EYE_PUPIL",
          "position": {
            "x": 407.71600341796875,
            "y": 253.36483764648438,
            "z": -1.375718593597412
          }
        },
        {
          "type": "RIGHT_EYE_TOP_BOUNDARY",
          "position": {
            "x": 457.0469665527344,
            "y": 279.7349853515625,
            "z": -13.21385383605957
          }
        },
        {
          "type": "RIGHT_EYE_RIGHT_CORNER",
          "position": {
            "x": 466.20489501953125,
            "y": 288.724365234375,
            "z": -5.68794059753418
          }
        },
        {
          "type": "RIGHT_EYE_BOTTOM_BOUNDARY",
          "position": {
            "x": 454.29052734375,
            "y": 286.68408203125,
            "z": -8.949708938598633
          }
        },
        {
          "type": "RIGHT_EYE_LEFT_CORNER",
          "position": {
            "x": 446.36767578125,
            "y": 276.43597412109375,
            "z": -6.991386890411377
          }
        },
        {
          "type": "RIGHT_EYE_PUPIL",
          "position": {
            "x": 456.0828857421875,
            "y": 283.1601257324219,
            "z": -10.562580108642578
          }
        },
        {
          "type": "LEFT_EYEBROW_UPPER_MIDPOINT",
          "position": {
            "x": 415.55133056640625,
            "y": 235.34803771972656,
            "z": -8.919882774353027
          }
        },
        {
          "type": "RIGHT_EYEBROW_UPPER_MIDPOINT",
          "position": {
            "x": 466.7370910644531,
            "y": 266.92578125,
            "z": -18.56015968322754
          }
        },
        {
          "type": "LEFT_EAR_TRAGION",
          "position": {
            "x": 378.9700927734375,
            "y": 256.6979675292969,
            "z": 76.91600036621094
          }
        },
        {
          "type": "RIGHT_EAR_TRAGION",
          "position": {
            "x": 486.04266357421875,
            "y": 322.7020263671875,
            "z": 56.68172836303711
          }
        },
        {
          "type": "FOREHEAD_GLABELLA",
          "position": {
            "x": 436.80865478515625,
            "y": 256.4958801269531,
            "z": -19.268220901489258
          }
        },
        {
          "type": "CHIN_GNATHION",
          "position": {
            "x": 383.98675537109375,
            "y": 349.7213439941406,
            "z": 4.723143100738525
          }
        },
        {
          "type": "CHIN_LEFT_GONION",
          "position": {
            "x": 361.468994140625,
            "y": 291.2705993652344,
            "z": 58.24927520751953
          }
        },
        {
          "type": "CHIN_RIGHT_GONION",
          "position": {
            "x": 458.2590026855469,
            "y": 350.9233093261719,
            "z": 40.0091667175293
          }
        }
      ],
      "rollAngle": 30.460588455200195,
      "panAngle": -9.18482494354248,
      "tiltAngle": -7.42751407623291,
      "detectionConfidence": 0.8596404194831848,
      "landmarkingConfidence": 0.7423927783966064,
      "joyLikelihood": "VERY_UNLIKELY",
      "sorrowLikelihood": "VERY_UNLIKELY",
      "angerLikelihood": "VERY_UNLIKELY",
      "surpriseLikelihood": "VERY_UNLIKELY",
      "underExposedLikelihood": "VERY_UNLIKELY",
      "blurredLikelihood": "VERY_UNLIKELY",
      "headwearLikelihood": "VERY_UNLIKELY"
    },
    {
      "boundingPoly": {
        "vertices": [
          {
            "x": 793,
            "y": 77
          },
          {
            "x": 1013,
            "y": 77
          },
          {
            "x": 1013,
            "y": 333
          },
          {
            "x": 793,
            "y": 333
          }
        ]
      },
      "fdBoundingPoly": {
        "vertices": [
          {
            "x": 830,
            "y": 167
          },
          {
            "x": 990,
            "y": 167
          },
          {
            "x": 990,
            "y": 327
          },
          {
            "x": 830,
            "y": 327
          }
        ]
      },
      "landmarks": [
        {
          "type": "LEFT_EYE",
          "position": {
            "x": 928.9627075195312,
            "y": 235.2751922607422,
            "z": -0.0004849643155466765
          }
        },
        {
          "type": "RIGHT_EYE",
          "position": {
            "x": 973.2012939453125,
            "y": 212.9175567626953,
            "z": 43.64567947387695
          }
        },
        {
          "type": "LEFT_OF_LEFT_EYEBROW",
          "position": {
            "x": 911.4529418945312,
            "y": 226.571533203125,
            "z": -19.75795555114746
          }
        },
        {
          "type": "RIGHT_OF_LEFT_EYEBROW",
          "position": {
            "x": 951.5758666992188,
            "y": 221.3009796142578,
            "z": -4.0284528732299805
          }
        },
        {
          "type": "LEFT_OF_RIGHT_EYEBROW",
          "position": {
            "x": 973.0353393554688,
            "y": 210.5509796142578,
            "z": 17.21177101135254
          }
        },
        {
          "type": "RIGHT_OF_RIGHT_EYEBROW",
          "position": {
            "x": 985.1912231445312,
            "y": 189.6259307861328,
            "z": 53.298118591308594
          }
        },
        {
          "type": "MIDPOINT_BETWEEN_EYES",
          "position": {
            "x": 962.0546264648438,
            "y": 227.90347290039062,
            "z": 13.364080429077148
          }
        },
        {
          "type": "NOSE_TIP",
          "position": {
            "x": 972.1961059570312,
            "y": 266.00970458984375,
            "z": 22.85377311706543
          }
        },
        {
          "type": "UPPER_LIP",
          "position": {
            "x": 957.9883422851562,
            "y": 282.1875305175781,
            "z": 44.283538818359375
          }
        },
        {
          "type": "LOWER_LIP",
          "position": {
            "x": 951.437255859375,
            "y": 298.9764404296875,
            "z": 58.9433479309082
          }
        },
        {
          "type": "MOUTH_LEFT",
          "position": {
            "x": 928.1607666015625,
            "y": 290.905029296875,
            "z": 41.63932800292969
          }
        },
        {
          "type": "MOUTH_RIGHT",
          "position": {
            "x": 962.2258911132812,
            "y": 272.5024108886719,
            "z": 75.91018676757812
          }
        },
        {
          "type": "MOUTH_CENTER",
          "position": {
            "x": 953.033203125,
            "y": 288.8275451660156,
            "z": 52.48005676269531
          }
        },
        {
          "type": "NOSE_BOTTOM_RIGHT",
          "position": {
            "x": 964.8699951171875,
            "y": 255.40731811523438,
            "z": 51.271087646484375
          }
        },
        {
          "type": "NOSE_BOTTOM_LEFT",
          "position": {
            "x": 941.8245239257812,
            "y": 266.8200988769531,
            "z": 27.36160659790039
          }
        },
        {
          "type": "NOSE_BOTTOM_CENTER",
          "position": {
            "x": 959.9806518554688,
            "y": 271.8063659667969,
            "z": 37.10697937011719
          }
        },
        {
          "type": "LEFT_EYE_TOP_BOUNDARY",
          "position": {
            "x": 932.8314208984375,
            "y": 232.958984375,
            "z": -4.823972225189209
          }
        },
        {
          "type": "LEFT_EYE_RIGHT_CORNER",
          "position": {
            "x": 936.9464111328125,
            "y": 231.6420135498047,
            "z": 9.108939170837402
          }
        },
        {
          "type": "LEFT_EYE_BOTTOM_BOUNDARY",
          "position": {
            "x": 928.926513671875,
            "y": 238.5393829345703,
            "z": 1.9251952171325684
          }
        },
        {
          "type": "LEFT_EYE_LEFT_CORNER",
          "position": {
            "x": 915.815185546875,
            "y": 236.87136840820312,
            "z": -5.447385787963867
          }
        },
        {
          "type": "LEFT_EYE_PUPIL",
          "position": {
            "x": 929.5909423828125,
            "y": 235.89474487304688,
            "z": -1.599792242050171
          }
        },
        {
          "type": "RIGHT_EYE_TOP_BOUNDARY",
          "position": {
            "x": 976.9985961914062,
            "y": 210.80642700195312,
            "z": 38.91094970703125
          }
        },
        {
          "type": "RIGHT_EYE_RIGHT_CORNER",
          "position": {
            "x": 977.5556030273438,
            "y": 205.96682739257812,
            "z": 55.674137115478516
          }
        },
        {
          "type": "RIGHT_EYE_BOTTOM_BOUNDARY",
          "position": {
            "x": 973.1641845703125,
            "y": 216.76724243164062,
            "z": 45.70830535888672
          }
        },
        {
          "type": "RIGHT_EYE_LEFT_CORNER",
          "position": {
            "x": 964.1617431640625,
            "y": 217.54339599609375,
            "z": 35.32231903076172
          }
        },
        {
          "type": "RIGHT_EYE_PUPIL",
          "position": {
            "x": 974.9682006835938,
            "y": 213.21810913085938,
            "z": 43.23786544799805
          }
        },
        {
          "type": "LEFT_EYEBROW_UPPER_MIDPOINT",
          "position": {
            "x": 935.397216796875,
            "y": 219.0895233154297,
            "z": -18.610126495361328
          }
        },
        {
          "type": "RIGHT_EYEBROW_UPPER_MIDPOINT",
          "position": {
            "x": 983.3035888671875,
            "y": 195.05844116210938,
            "z": 28.852466583251953
          }
        },
        {
          "type": "LEFT_EAR_TRAGION",
          "position": {
            "x": 835.233642578125,
            "y": 241.51441955566406,
            "z": 32.362728118896484
          }
        },
        {
          "type": "RIGHT_EAR_TRAGION",
          "position": {
            "x": 938.0648193359375,
            "y": 191.18177795410156,
            "z": 131.872802734375
          }
        },
        {
          "type": "FOREHEAD_GLABELLA",
          "position": {
            "x": 964.252685546875,
            "y": 216.28192138671875,
            "z": 4.844001293182373
          }
        },
        {
          "type": "CHIN_GNATHION",
          "position": {
            "x": 942.970458984375,
            "y": 320.29345703125,
            "z": 79.352783203125
          }
        },
        {
          "type": "CHIN_LEFT_GONION",
          "position": {
            "x": 857.7255249023438,
            "y": 286.21697998046875,
            "z": 45.37462615966797
          }
        },
        {
          "type": "CHIN_RIGHT_GONION",
          "position": {
            "x": 948.6141357421875,
            "y": 240.46005249023438,
            "z": 135.31826782226562
          }
        }
      ],
      "rollAngle": 6.904419898986816,
      "panAngle": 51.38681411743164,
      "tiltAngle": -31.981277465820312,
      "detectionConfidence": 0.8929169178009033,
      "landmarkingConfidence": 0.39136698842048645,
      "joyLikelihood": "VERY_UNLIKELY",
      "sorrowLikelihood": "VERY_UNLIKELY",
      "angerLikelihood": "VERY_UNLIKELY",
      "surpriseLikelihood": "VERY_UNLIKELY",
      "underExposedLikelihood": "VERY_UNLIKELY",
      "blurredLikelihood": "VERY_UNLIKELY",
      "headwearLikelihood": "VERY_UNLIKELY"
    }
  ]
}
