{
  "faceAnnotations": [
    {
      "boundingPoly": {
        "vertices": [
          {
            "x": 1092,
            "y": 219
          },
          {
            "x": 1275,
            "y": 219
          },
          {
            "x": 1275,
            "y": 432
          },
          {
            "x": 1092,
            "y": 432
          }
        ]
      },
      "fdBoundingPoly": {
        "vertices": [
          {
            "x": 1102,
            "y": 266
          },
          {
            "x": 1252,
            "y": 266
          },
          {
            "x": 1252,
            "y": 415
          },
          {
            "x": 1102,
            "y": 415
          }
        ]
      },
      "landmarks": [
        {
          "type": "LEFT_EYE",
          "position": {
            "x": 1121.7257080078125,
            "y": 326.2666015625,
            "z": 0.000156713358592242
          }
        },
        {
          "type": "RIGHT_EYE",
          "position": {
            "x": 1148.6346435546875,
            "y": 319.0235595703125,
            "z": -44.605926513671875
          }
        },
        {
          "type": "LEFT_OF_LEFT_EYEBROW",
          "position": {
            "x": 1113.64404296875,
            "y": 314.92327880859375,
            "z": 18.66162109375
          }
        },
        {
          "type": "RIGHT_OF_LEFT_EYEBROW",
          "position": {
            "x": 1118.0543212890625,
            "y": 313.3874816894531,
            "z": -17.749692916870117
          }
        },
        {
          "type": "LEFT_OF_RIGHT_EYEBROW",
          "position": {
            "x": 1132.5064697265625,
            "y": 311.0083312988281,
            "z": -40.30741882324219
          }
        },
        {
          "type": "RIGHT_OF_RIGHT_EYEBROW",
          "position": {
            "x": 1163.701171875,
            "y": 305.0057373046875,
            "z": -59.33108139038086
          }
        },
        {
          "type": "MIDPOINT_BETWEEN_EYES",
          "position": {
            "x": 1126.704345703125,
            "y": 323.67706298828125,
            "z": -29.626657485961914
          }
        },
        {
          "type": "NOSE_TIP",
          "position": {
            "x": 1120.1318359375,
            "y": 357.89105224609375,
            "z": -38.88188552856445
          }
        },
        {
          "type": "UPPER_LIP",
          "position": {
            "x": 1134.734375,
            "y": 373.3148193359375,
            "z": -31.965360641479492
          }
        },
        {
          "type": "LOWER_LIP",
          "position": {
            "x": 1140.7769775390625,
            "y": 394.16162109375,
            "z": -30.07955551147461
          }
        },
        {
          "type": "MOUTH_LEFT",
          "position": {
            "x": 1135.755126953125,
            "y": 383.1707763671875,
            "z": -5.625948905944824
          }
        },
        {
          "type": "MOUTH_RIGHT",
          "position": {
            "x": 1165.28857421875,
            "y": 374.3160400390625,
            "z": -43.484825134277344
          }
        },
        {
          "type": "MOUTH_CENTER",
          "position": {
            "x": 1138.9703369140625,
            "y": 382.81658935546875,
            "z": -29.899452209472656
          }
        },
        {
          "type": "NOSE_BOTTOM_RIGHT",
          "position": {
            "x": 1143.82568359375,
            "y": 356.66107177734375,
            "z": -39.583919525146484
          }
        },
        {
          "type": "NOSE_BOTTOM_LEFT",
          "position": {
            "x": 1129.2010498046875,
            "y": 359.8450012207031,
            "z": -14.529315948486328
          }
        },
        {
          "type": "NOSE_BOTTOM_CENTER",
          "position": {
            "x": 1131.2366943359375,
            "y": 364.3178405761719,
            "z": -32.083011627197266
          }
        },
        {
          "type": "LEFT_EYE_TOP_BOUNDARY",
          "position": {
            "x": 1117.9700927734375,
            "y": 323.1899108886719,
            "z": -2.0345027446746826
          }
        },
        {
          "type": "LEFT_EYE_RIGHT_CORNER",
          "position": {
            "x": 1127.8726806640625,
            "y": 325.56573486328125,
            "z": -9.231841087341309
          }
        },
        {
          "type": "LEFT_EYE_BOTTOM_BOUNDARY",
          "position": {
            "x": 1121.9962158203125,
            "y": 330.1134338378906,
            "z": -0.36398813128471375
          }
        },
        {
          "type": "LEFT_EYE_LEFT_CORNER",
          "position": {
            "x": 1120.0322265625,
            "y": 327.0545959472656,
            "z": 12.025634765625
          }
        },
        {
          "type": "LEFT_EYE_PUPIL",
          "position": {
            "x": 1120.2220458984375,
            "y": 326.7177734375,
            "z": -0.017188606783747673
          }
        },
        {
          "type": "RIGHT_EYE_TOP_BOUNDARY",
          "position": {
            "x": 1147.6065673828125,
            "y": 317.0320739746094,
            "z": -48.59269714355469
          }
        },
        {
          "type": "RIGHT_EYE_RIGHT_CORNER",
          "position": {
            "x": 1161.466064453125,
            "y": 318.58441162109375,
            "z": -53.02530288696289
          }
        },
        {
          "type": "RIGHT_EYE_BOTTOM_BOUNDARY",
          "position": {
            "x": 1150.55517578125,
            "y": 323.7033386230469,
            "z": -46.7092399597168
          }
        },
        {
          "type": "RIGHT_EYE_LEFT_CORNER",
          "position": {
            "x": 1145.38037109375,
            "y": 321.8304748535156,
            "z": -37.05815505981445
          }
        },
        {
          "type": "RIGHT_EYE_PUPIL",
          "position": {
            "x": 1150.585693359375,
            "y": 320.4127502441406,
            "z": -47.84901809692383
          }
        },
        {
          "type": "LEFT_EYEBROW_UPPER_MIDPOINT",
          "position": {
            "x": 1111.5361328125,
            "y": 308.0898742675781,
            "z": -1.3910447359085083
          }
        },
        {
          "type": "RIGHT_EYEBROW_UPPER_MIDPOINT",
          "position": {
            "x": 1143.7552490234375,
            "y": 301.4153137207031,
            "z": -51.921085357666016
          }
        },
        {
          "type": "LEFT_EAR_TRAGION",
          "position": {
            "x": 1164.75927734375,
            "y": 347.1351318359375,
            "z": 66.84844970703125
          }
        },
        {
          "type": "RIGHT_EAR_TRAGION",
          "position": {
            "x": 1233.4324951171875,
            "y": 334.7046813964844,
            "z": -39.227359771728516
          }
        },
        {
          "type": "FOREHEAD_GLABELLA",
          "position": {
            "x": 1123.447998046875,
            "y": 311.5747375488281,
            "z": -30.218042373657227
          }
        },
        {
          "type": "CHIN_GNATHION",
          "position": {
            "x": 1148.5267333984375,
            "y": 418.65374755859375,
            "z": -27.018753051757812
          }
        },
        {
          "type": "CHIN_LEFT_GONION",
          "position": {
            "x": 1156.2689208984375,
            "y": 384.83612060546875,
            "z": 49.524940490722656
          }
        },
        {
          "type": "CHIN_RIGHT_GONION",
          "position": {
            "x": 1218.220458984375,
            "y": 373.2205810546875,
            "z": -47.0336799621582
          }
        }
      ],
      "rollAngle": -10.572214126586914,
      "panAngle": -56.92264175415039,
      "tiltAngle": 0.7505513429641724,
      "detectionConfidence": 0.9685156345367432,
      "landmarkingConfidence": 0.5614363551139832,
      "joyLikelihood": "UNLIKELY",
      "sorrowLikelihood": "VERY_UNLIKELY",
      "angerLikelihood": "VERY_UNLIKELY",
      "surpriseLikelihood": "VERY_UNLIKELY",
      "underExposedLikelihood": "VERY_UNLIKELY",
      "blurredLikelihood": "VERY_UNLIKELY",
      "headwearLikelihood": "VERY_UNLIKELY"
    },
    {
      "boundingPoly": {
        "vertices": [
          {
            "x": 352,
            "y": 236
          },
          {
            "x": 562,
            "y": 236
          },
          {
            "x": 562,
            "y": 479
          },
          {
            "x": 352,
            "y": 479
          }
        ]
      },
      "fdBoundingPoly": {
        "vertices": [
          {
            "x": 408,
            "y": 299
          },
          {
            "x": 556,
            "y": 299
          },
          {
            "x": 556,
            "y": 446
          },
          {
            "x": 408,
            "y": 446
          }
        ]
      },
      "landmarks": [
        {
          "type": "LEFT_EYE",
          "position": {
            "x": 506.93951416015625,
            "y": 342.53277587890625,
            "z": -9.199930354952812e-05
          }
        },
        {
          "type": "RIGHT_EYE",
          "position": {
            "x": 514.7609252929688,
            "y": 336.39263916015625,
            "z": 63.1390495300293
          }
        },
        {
          "type": "LEFT_OF_LEFT_EYEBROW",
          "position": {
            "x": 496.177490234375,
            "y": 330.7506103515625,
            "z": -22.101163864135742
          }
        },
        {
          "type": "RIGHT_OF_LEFT_EYEBROW",
          "position": {
            "x": 520.2928466796875,
            "y": 326.78387451171875,
            "z": 13.196338653564453
          }
        },
        {
          "type": "LEFT_OF_RIGHT_EYEBROW",
          "position": {
            "x": 523.4649047851562,
            "y": 321.64227294921875,
            "z": 43.71210479736328
          }
        },
        {
          "type": "RIGHT_OF_RIGHT_EYEBROW",
          "position": {
            "x": 510.2262878417969,
            "y": 319.70196533203125,
            "z": 83.87520599365234
          }
        },
        {
          "type": "MIDPOINT_BETWEEN_EYES",
          "position": {
            "x": 524.3416137695312,
            "y": 337.0640869140625,
            "z": 29.428207397460938
          }
        },
        {
          "type": "NOSE_TIP",
          "position": {
            "x": 542.8538818359375,
            "y": 370.1493225097656,
            "z": 30.114463806152344
          }
        },
        {
          "type": "UPPER_LIP",
          "position": {
            "x": 533.4146728515625,
            "y": 395.922119140625,
            "z": 34.2294921875
          }
        },
        {
          "type": "LOWER_LIP",
          "position": {
            "x": 532.1047973632812,
            "y": 418.9522705078125,
            "z": 36.89732360839844
          }
        },
        {
          "type": "MOUTH_LEFT",
          "position": {
            "x": 515.7295532226562,
            "y": 409.57818603515625,
            "z": 12.891347885131836
          }
        },
        {
          "type": "MOUTH_RIGHT",
          "position": {
            "x": 521.3502197265625,
            "y": 404.23748779296875,
            "z": 62.31660461425781
          }
        },
        {
          "type": "MOUTH_CENTER",
          "position": {
            "x": 529.1406860351562,
            "y": 406.6386413574219,
            "z": 35.82697296142578
          }
        },
        {
          "type": "NOSE_BOTTOM_RIGHT",
          "position": {
            "x": 524.8807373046875,
            "y": 376.3797607421875,
            "z": 51.16057205200195
          }
        },
        {
          "type": "NOSE_BOTTOM_LEFT",
          "position": {
            "x": 519.705078125,
            "y": 376.9195556640625,
            "z": 16.48426055908203
          }
        },
        {
          "type": "NOSE_BOTTOM_CENTER",
          "position": {
            "x": 531.97265625,
            "y": 381.6025085449219,
            "z": 32.95802688598633
          }
        },
        {
          "type": "LEFT_EYE_TOP_BOUNDARY",
          "position": {
            "x": 510.3322448730469,
            "y": 338.1534118652344,
            "z": -1.2748762369155884
          }
        },
        {
          "type": "LEFT_EYE_RIGHT_CORNER",
          "position": {
            "x": 508.89990234375,
            "y": 342.1722412109375,
            "z": 12.653044700622559
          }
        },
        {
          "type": "LEFT_EYE_BOTTOM_BOUNDARY",
          "position": {
            "x": 507.420166015625,
            "y": 347.019287109375,
            "z": 0.03400629013776779
          }
        },
        {
          "type": "LEFT_EYE_LEFT_CORNER",
          "position": {
            "x": 498.9100341796875,
            "y": 345.23760986328125,
            "z": -12.111010551452637
          }
        },
        {
          "type": "LEFT_EYE_PUPIL",
          "position": {
            "x": 507.949951171875,
            "y": 342.8778076171875,
            "z": -1.51900053024292
          }
        },
        {
          "type": "RIGHT_EYE_TOP_BOUNDARY",
          "position": {
            "x": 518.6495361328125,
            "y": 331.57080078125,
            "z": 62.1727294921875
          }
        },
        {
          "type": "RIGHT_EYE_RIGHT_CORNER",
          "position": {
            "x": 510.760009765625,
            "y": 335.7982482910156,
            "z": 76.5627670288086
          }
        },
        {
          "type": "RIGHT_EYE_BOTTOM_BOUNDARY",
          "position": {
            "x": 515.7969970703125,
            "y": 340.65985107421875,
            "z": 63.421409606933594
          }
        },
        {
          "type": "RIGHT_EYE_LEFT_CORNER",
          "position": {
            "x": 513.0340576171875,
            "y": 338.1903991699219,
            "z": 50.4959602355957
          }
        },
        {
          "type": "RIGHT_EYE_PUPIL",
          "position": {
            "x": 516.5798950195312,
            "y": 336.13232421875,
            "z": 63.58187484741211
          }
        },
        {
          "type": "LEFT_EYEBROW_UPPER_MIDPOINT",
          "position": {
            "x": 511.1361083984375,
            "y": 319.671142578125,
            "z": -6.06693172454834
          }
        },
        {
          "type": "RIGHT_EYEBROW_UPPER_MIDPOINT",
          "position": {
            "x": 520.1697387695312,
            "y": 312.4903564453125,
            "z": 62.734615325927734
          }
        },
        {
          "type": "LEFT_EAR_TRAGION",
          "position": {
            "x": 428.8724365234375,
            "y": 386.91302490234375,
            "z": -25.590866088867188
          }
        },
        {
          "type": "RIGHT_EAR_TRAGION",
          "position": {
            "x": 445.6678466796875,
            "y": 371.2239685058594,
            "z": 117.11507415771484
          }
        },
        {
          "type": "FOREHEAD_GLABELLA",
          "position": {
            "x": 523.7307739257812,
            "y": 322.255615234375,
            "z": 27.919208526611328
          }
        },
        {
          "type": "CHIN_GNATHION",
          "position": {
            "x": 528.817626953125,
            "y": 451.323974609375,
            "z": 40.73599624633789
          }
        },
        {
          "type": "CHIN_LEFT_GONION",
          "position": {
            "x": 457.9877014160156,
            "y": 423.727294921875,
            "z": -19.679553985595703
          }
        },
        {
          "type": "CHIN_RIGHT_GONION",
          "position": {
            "x": 475.1265869140625,
            "y": 410.45733642578125,
            "z": 110.2815170288086
          }
        }
      ],
      "rollAngle": -6.287313938140869,
      "panAngle": 81.96591186523438,
      "tiltAngle": -5.079268455505371,
      "detectionConfidence": 0.8906100988388062,
      "landmarkingConfidence": 0.43543151021003723,
      "joyLikelihood": "VERY_UNLIKELY",
      "sorrowLikelihood": "VERY_UNLIKELY",
      "angerLikelihood": "VERY_UNLIKELY",
      "surpriseLikelihood": "VERY_UNLIKELY",
      "underExposedLikelihood": "VERY_UNLIKELY",
      "blurredLikelihood": "VERY_UNLIKELY",
      "headwearLikelihood": "VERY_UNLIKELY"
    }
  ]
}
