{
  "faceAnnotations": [
    {
      "boundingPoly": {
        "vertices": [
          {
            "x": 162,
            "y": 95
          },
          {
            "x": 227,
            "y": 95
          },
          {
            "x": 227,
            "y": 171
          },
          {
            "x": 162,
            "y": 171
          }
        ]
      },
      "fdBoundingPoly": {
        "vertices": [
          {
            "x": 176,
            "y": 115
          },
          {
            "x": 226,
            "y": 115
          },
          {
            "x": 226,
            "y": 165
          },
          {
            "x": 176,
            "y": 165
          }
        ]
      },
      "landmarks": [
        {
          "type": "LEFT_EYE",
          "position": {
            "x": 201.84402465820312,
            "y": 131.03102111816406,
            "z": 9.125511132879183e-05
          }
        },
        {
          "type": "RIGHT_EYE",
          "position": {
            "x": 213.2025909423828,
            "y": 126.09883117675781,
            "z": 14.770208358764648
          }
        },
        {
          "type": "LEFT_OF_LEFT_EYEBROW",
          "position": {
            "x": 195.5703125,
            "y": 128.31973266601562,
            "z": -4.548469066619873
          }
        },
        {
          "type": "RIGHT_OF_LEFT_EYEBROW",
          "position": {
            "x": 206.64707946777344,
            "y": 125.08729553222656,
            "z": 0.7629167437553406
          }
        },
        {
          "type": "LEFT_OF_RIGHT_EYEBROW",
          "position": {
            "x": 212.0872802734375,
            "y": 122.76701354980469,
            "z": 7.8964104652404785
          }
        },
        {
          "type": "RIGHT_OF_RIGHT_EYEBROW",
          "position": {
            "x": 214.4993438720703,
            "y": 120.48379516601562,
            "z": 20.0721378326416
          }
        },
        {
          "type": "MIDPOINT_BETWEEN_EYES",
          "position": {
            "x": 210.40797424316406,
            "y": 127.4980697631836,
            "z": 4.70749568939209
          }
        },
        {
          "type": "NOSE_TIP",
          "position": {
            "x": 217.0830078125,
            "y": 137.83226013183594,
            "z": 2.856003999710083
          }
        },
        {
          "type": "UPPER_LIP",
          "position": {
            "x": 214.7710418701172,
            "y": 144.61932373046875,
            "z": 6.640773773193359
          }
        },
        {
          "type": "LOWER_LIP",
          "position": {
            "x": 214.95721435546875,
            "y": 151.6505126953125,
            "z": 8.561365127563477
          }
        },
        {
          "type": "MOUTH_LEFT",
          "position": {
            "x": 205.93316650390625,
            "y": 149.789794921875,
            "z": 4.346939563751221
          }
        },
        {
          "type": "MOUTH_RIGHT",
          "position": {
            "x": 216.18484497070312,
            "y": 146.67633056640625,
            "z": 16.021509170532227
          }
        },
        {
          "type": "MOUTH_CENTER",
          "position": {
            "x": 214.40757751464844,
            "y": 148.06500244140625,
            "z": 8.033907890319824
          }
        },
        {
          "type": "NOSE_BOTTOM_RIGHT",
          "position": {
            "x": 214.66917419433594,
            "y": 138.5315704345703,
            "z": 11.698575019836426
          }
        },
        {
          "type": "NOSE_BOTTOM_LEFT",
          "position": {
            "x": 208.65846252441406,
            "y": 140.22537231445312,
            "z": 3.657048463821411
          }
        },
        {
          "type": "NOSE_BOTTOM_CENTER",
          "position": {
            "x": 214.28323364257812,
            "y": 140.98666381835938,
            "z": 6.027570724487305
          }
        },
        {
          "type": "LEFT_EYE_TOP_BOUNDARY",
          "position": {
            "x": 202.47193908691406,
            "y": 129.52566528320312,
            "z": -1.054282307624817
          }
        },
        {
          "type": "LEFT_EYE_RIGHT_CORNER",
          "position": {
            "x": 204.32847595214844,
            "y": 130.33604431152344,
            "z": 3.0596253871917725
          }
        },
        {
          "type": "LEFT_EYE_BOTTOM_BOUNDARY",
          "position": {
            "x": 202.06985473632812,
            "y": 132.16835021972656,
            "z": 0.033399369567632675
          }
        },
        {
          "type": "LEFT_EYE_LEFT_CORNER",
          "position": {
            "x": 198.1312713623047,
            "y": 132.0184326171875,
            "z": -1.8778741359710693
          }
        },
        {
          "type": "LEFT_EYE_PUPIL",
          "position": {
            "x": 201.9284210205078,
            "y": 130.90940856933594,
            "z": -0.5642231702804565
          }
        },
        {
          "type": "RIGHT_EYE_TOP_BOUNDARY",
          "position": {
            "x": 213.76156616210938,
            "y": 124.90400695800781,
            "z": 13.669523239135742
          }
        },
        {
          "type": "RIGHT_EYE_RIGHT_CORNER",
          "position": {
            "x": 213.92201232910156,
            "y": 125.51460266113281,
            "z": 18.708850860595703
          }
        },
        {
          "type": "RIGHT_EYE_BOTTOM_BOUNDARY",
          "position": {
            "x": 213.4604949951172,
            "y": 127.46757507324219,
            "z": 14.755136489868164
          }
        },
        {
          "type": "RIGHT_EYE_LEFT_CORNER",
          "position": {
            "x": 211.199951171875,
            "y": 126.91429138183594,
            "z": 11.917745590209961
          }
        },
        {
          "type": "RIGHT_EYE_PUPIL",
          "position": {
            "x": 213.51214599609375,
            "y": 126.17587280273438,
            "z": 14.529095649719238
          }
        },
        {
          "type": "LEFT_EYEBROW_UPPER_MIDPOINT",
          "position": {
            "x": 201.5858612060547,
            "y": 124.27063751220703,
            "z": -3.092081069946289
          }
        },
        {
          "type": "RIGHT_EYEBROW_UPPER_MIDPOINT",
          "position": {
            "x": 213.8377685546875,
            "y": 119.27272033691406,
            "z": 12.889641761779785
          }
        },
        {
          "type": "LEFT_EAR_TRAGION",
          "position": {
            "x": 176.16656494140625,
            "y": 146.05892944335938,
            "z": 6.745760440826416
          }
        },
        {
          "type": "RIGHT_EAR_TRAGION",
          "position": {
            "x": 203.572265625,
            "y": 133.94679260253906,
            "z": 40.27949523925781
          }
        },
        {
          "type": "FOREHEAD_GLABELLA",
          "position": {
            "x": 209.86289978027344,
            "y": 123.60548400878906,
            "z": 3.8284952640533447
          }
        },
        {
          "type": "CHIN_GNATHION",
          "position": {
            "x": 214.87808227539062,
            "y": 159.99273681640625,
            "z": 11.45064640045166
          }
        },
        {
          "type": "CHIN_LEFT_GONION",
          "position": {
            "x": 187.60574340820312,
            "y": 155.36460876464844,
            "z": 5.26563835144043
          }
        },
        {
          "type": "CHIN_RIGHT_GONION",
          "position": {
            "x": 210.84393310546875,
            "y": 145.72021484375,
            "z": 35.634483337402344
          }
        }
      ],
      "rollAngle": -11.892642974853516,
      "panAngle": 51.111515045166016,
      "tiltAngle": -8.482818603515625,
      "detectionConfidence": 0.6215860843658447,
      "landmarkingConfidence": 0.4496764540672302,
      "joyLikelihood": "VERY_LIKELY",
      "sorrowLikelihood": "VERY_UNLIKELY",
      "angerLikelihood": "VERY_UNLIKELY",
      "surpriseLikelihood": "VERY_UNLIKELY",
      "underExposedLikelihood": "VERY_UNLIKELY",
      "blurredLikelihood": "VERY_UNLIKELY",
      "headwearLikelihood": "VERY_UNLIKELY"
    },
    {
      "boundingPoly": {
        "vertices": [
          {
            "x": 418
          },
          {
            "x": 502
          },
          {
            "x": 502,
            "y": 90
          },
          {
            "x": 418,
            "y": 90
          }
        ]
      },
      "fdBoundingPoly": {
        "vertices": [
          {
            "x": 419,
            "y": 21
          },
          {
            "x": 476,
            "y": 21
          },
          {
            "x": 476,
            "y": 79
          },
          {
            "x": 419,
            "y": 79
          }
        ]
      },
      "landmarks": [
        {
          "type": "LEFT_EYE",
          "position": {
            "x": 434.72369384765625,
            "y": 41.62773132324219,
            "z": 0.0005029154708608985
          }
        },
        {
          "type": "RIGHT_EYE",
          "position": {
            "x": 436.39483642578125,
            "y": 41.63468933105469,
            "z": -25.237632751464844
          }
        },
        {
          "type": "LEFT_OF_LEFT_EYEBROW",
          "position": {
            "x": 435.11102294921875,
            "y": 35.122772216796875,
            "z": 8.458373069763184
          }
        },
        {
          "type": "RIGHT_OF_LEFT_EYEBROW",
          "position": {
            "x": 429.1192321777344,
            "y": 36.882568359375,
            "z": -7.096576690673828
          }
        },
        {
          "type": "LEFT_OF_RIGHT_EYEBROW",
          "position": {
            "x": 430.25946044921875,
            "y": 37.709285736083984,
            "z": -19.361068725585938
          }
        },
        {
          "type": "RIGHT_OF_RIGHT_EYEBROW",
          "position": {
            "x": 438.8226013183594,
            "y": 36.67633819580078,
            "z": -34.02377700805664
          }
        },
        {
          "type": "MIDPOINT_BETWEEN_EYES",
          "position": {
            "x": 430.2757263183594,
            "y": 42.11223602294922,
            "z": -13.074397087097168
          }
        },
        {
          "type": "NOSE_TIP",
          "position": {
            "x": 425.72857666015625,
            "y": 58.74257278442383,
            "z": -13.039397239685059
          }
        },
        {
          "type": "UPPER_LIP",
          "position": {
            "x": 433.7389831542969,
            "y": 66.26288604736328,
            "z": -12.241584777832031
          }
        },
        {
          "type": "LOWER_LIP",
          "position": {
            "x": 437.29388427734375,
            "y": 74.17660522460938,
            "z": -11.771771430969238
          }
        },
        {
          "type": "MOUTH_LEFT",
          "position": {
            "x": 440.3377380371094,
            "y": 67.9161605834961,
            "z": -1.6541924476623535
          }
        },
        {
          "type": "MOUTH_RIGHT",
          "position": {
            "x": 442.3218688964844,
            "y": 67.6436996459961,
            "z": -21.818891525268555
          }
        },
        {
          "type": "MOUTH_CENTER",
          "position": {
            "x": 436.36676025390625,
            "y": 69.555908203125,
            "z": -11.950020790100098
          }
        },
        {
          "type": "NOSE_BOTTOM_RIGHT",
          "position": {
            "x": 436.3992004394531,
            "y": 58.21092987060547,
            "z": -19.15494728088379
          }
        },
        {
          "type": "NOSE_BOTTOM_LEFT",
          "position": {
            "x": 435.4065246582031,
            "y": 57.831207275390625,
            "z": -5.318117618560791
          }
        },
        {
          "type": "NOSE_BOTTOM_CENTER",
          "position": {
            "x": 432.59124755859375,
            "y": 61.51276397705078,
            "z": -12.447912216186523
          }
        },
        {
          "type": "LEFT_EYE_TOP_BOUNDARY",
          "position": {
            "x": 432.6766357421875,
            "y": 40.2699089050293,
            "z": -0.1693488210439682
          }
        },
        {
          "type": "LEFT_EYE_RIGHT_CORNER",
          "position": {
            "x": 435.24273681640625,
            "y": 41.91846466064453,
            "z": -5.04496955871582
          }
        },
        {
          "type": "LEFT_EYE_BOTTOM_BOUNDARY",
          "position": {
            "x": 435.0076599121094,
            "y": 43.10369873046875,
            "z": 0.06162305921316147
          }
        },
        {
          "type": "LEFT_EYE_LEFT_CORNER",
          "position": {
            "x": 436.6014099121094,
            "y": 41.12004852294922,
            "z": 5.231988906860352
          }
        },
        {
          "type": "LEFT_EYE_PUPIL",
          "position": {
            "x": 434.06939697265625,
            "y": 41.755943298339844,
            "z": 0.37668049335479736
          }
        },
        {
          "type": "RIGHT_EYE_TOP_BOUNDARY",
          "position": {
            "x": 434.6820068359375,
            "y": 40.8660888671875,
            "z": -25.51474380493164
          }
        },
        {
          "type": "RIGHT_EYE_RIGHT_CORNER",
          "position": {
            "x": 439.8675842285156,
            "y": 42.02606201171875,
            "z": -30.335817337036133
          }
        },
        {
          "type": "RIGHT_EYE_BOTTOM_BOUNDARY",
          "position": {
            "x": 436.75787353515625,
            "y": 43.683013916015625,
            "z": -25.259613037109375
          }
        },
        {
          "type": "RIGHT_EYE_LEFT_CORNER",
          "position": {
            "x": 436.2478332519531,
            "y": 42.176513671875,
            "z": -20.20557975769043
          }
        },
        {
          "type": "RIGHT_EYE_PUPIL",
          "position": {
            "x": 436.1054992675781,
            "y": 42.38215637207031,
            "z": -25.63396453857422
          }
        },
        {
          "type": "LEFT_EYEBROW_UPPER_MIDPOINT",
          "position": {
            "x": 429.8356018066406,
            "y": 33.32624816894531,
            "z": 0.5261402726173401
          }
        },
        {
          "type": "RIGHT_EYEBROW_UPPER_MIDPOINT",
          "position": {
            "x": 432.02789306640625,
            "y": 33.9985237121582,
            "z": -26.976993560791016
          }
        },
        {
          "type": "LEFT_EAR_TRAGION",
          "position": {
            "x": 466.5714416503906,
            "y": 47.129150390625,
            "z": 18.86405372619629
          }
        },
        {
          "type": "RIGHT_EAR_TRAGION",
          "position": {
            "x": 470.5670166015625,
            "y": 48.16990661621094,
            "z": -38.39944076538086
          }
        },
        {
          "type": "FOREHEAD_GLABELLA",
          "position": {
            "x": 428.6145324707031,
            "y": 36.92918395996094,
            "z": -13.33035659790039
          }
        },
        {
          "type": "CHIN_GNATHION",
          "position": {
            "x": 442.9962463378906,
            "y": 84.67842102050781,
            "z": -11.069698333740234
          }
        },
        {
          "type": "CHIN_LEFT_GONION",
          "position": {
            "x": 459.9604187011719,
            "y": 65.30353546142578,
            "z": 15.97358226776123
          }
        },
        {
          "type": "CHIN_RIGHT_GONION",
          "position": {
            "x": 464.0893249511719,
            "y": 66.48324584960938,
            "z": -35.99845504760742
          }
        }
      ],
      "rollAngle": -11.652088165283203,
      "panAngle": -85.82035064697266,
      "tiltAngle": -2.2326650619506836,
      "detectionConfidence": 0.8572441339492798,
      "landmarkingConfidence": 0.33844462037086487,
      "joyLikelihood": "VERY_UNLIKELY",
      "sorrowLikelihood": "VERY_UNLIKELY",
      "angerLikelihood": "VERY_UNLIKELY",
      "surpriseLikelihood": "VERY_UNLIKELY",
      "underExposedLikelihood": "VERY_UNLIKELY",
      "blurredLikelihood": "VERY_UNLIKELY",
      "headwearLikelihood": "VERY_UNLIKELY"
    }
  ]
}
