{
  "faceAnnotations": [
    {
      "boundingPoly": {
        "vertices": [
          {
            "x": 97,
            "y": 70
          },
          {
            "x": 166,
            "y": 70
          },
          {
            "x": 166,
            "y": 151
          },
          {
            "x": 97,
            "y": 151
          }
        ]
      },
      "fdBoundingPoly": {
        "vertices": [
          {
            "x": 109,
            "y": 86
          },
          {
            "x": 164,
            "y": 86
          },
          {
            "x": 164,
            "y": 141
          },
          {
            "x": 109,
            "y": 141
          }
        ]
      },
      "landmarks": [
        {
          "type": "LEFT_EYE",
          "position": {
            "x": 143.76095581054688,
            "y": 105.13013458251953,
            "z": 0.000199940157472156
          }
        },
        {
          "type": "RIGHT_EYE",
          "position": {
            "x": 154.01953125,
            "y": 107.51008605957031,
            "z": 17.14310646057129
          }
        },
        {
          "type": "LEFT_OF_LEFT_EYEBROW",
          "position": {
            "x": 137.391845703125,
            "y": 99.9225845336914,
            "z": -5.142671585083008
          }
        },
        {
          "type": "RIGHT_OF_LEFT_EYEBROW",
          "position": {
            "x": 148.90858459472656,
            "y": 100.82438659667969,
            "z": 2.2790658473968506
          }
        },
        {
          "type": "LEFT_OF_RIGHT_EYEBROW",
          "position": {
            "x": 154.77919006347656,
            "y": 101.79900360107422,
            "z": 10.956506729125977
          }
        },
        {
          "type": "RIGHT_OF_RIGHT_EYEBROW",
          "position": {
            "x": 156.20587158203125,
            "y": 103.46702575683594,
            "z": 24.725309371948242
          }
        },
        {
          "type": "MIDPOINT_BETWEEN_EYES",
          "position": {
            "x": 151.9762725830078,
            "y": 105.41146850585938,
            "z": 5.998979568481445
          }
        },
        {
          "type": "NOSE_TIP",
          "position": {
            "x": 157.49620056152344,
            "y": 117.66014862060547,
            "z": 1.3160938024520874
          }
        },
        {
          "type": "UPPER_LIP",
          "position": {
            "x": 152.9336700439453,
            "y": 125.04222106933594,
            "z": 3.1399149894714355
          }
        },
        {
          "type": "LOWER_LIP",
          "position": {
            "x": 151.46192932128906,
            "y": 132.9052734375,
            "z": 3.116352081298828
          }
        },
        {
          "type": "MOUTH_LEFT",
          "position": {
            "x": 142.54562377929688,
            "y": 126.63343048095703,
            "z": -1.403922200202942
          }
        },
        {
          "type": "MOUTH_RIGHT",
          "position": {
            "x": 152.4069061279297,
            "y": 129.44345092773438,
            "z": 12.804738998413086
          }
        },
        {
          "type": "MOUTH_CENTER",
          "position": {
            "x": 151.42666625976562,
            "y": 128.7047119140625,
            "z": 3.589021682739258
          }
        },
        {
          "type": "NOSE_BOTTOM_RIGHT",
          "position": {
            "x": 153.415283203125,
            "y": 119.94277954101562,
            "z": 10.35968017578125
          }
        },
        {
          "type": "NOSE_BOTTOM_LEFT",
          "position": {
            "x": 147.83180236816406,
            "y": 118.5202865600586,
            "z": 0.7548425793647766
          }
        },
        {
          "type": "NOSE_BOTTOM_CENTER",
          "position": {
            "x": 153.24925231933594,
            "y": 120.92877197265625,
            "z": 3.551901340484619
          }
        },
        {
          "type": "LEFT_EYE_TOP_BOUNDARY",
          "position": {
            "x": 144.15956115722656,
            "y": 103.8658447265625,
            "z": -1.2722986936569214
          }
        },
        {
          "type": "LEFT_EYE_RIGHT_CORNER",
          "position": {
            "x": 145.2562713623047,
            "y": 105.99231719970703,
            "z": 2.9648823738098145
          }
        },
        {
          "type": "LEFT_EYE_BOTTOM_BOUNDARY",
          "position": {
            "x": 143.0431671142578,
            "y": 106.98475646972656,
            "z": -0.938431441783905
          }
        },
        {
          "type": "LEFT_EYE_LEFT_CORNER",
          "position": {
            "x": 138.69236755371094,
            "y": 105.31129455566406,
            "z": -3.308467149734497
          }
        },
        {
          "type": "LEFT_EYE_PUPIL",
          "position": {
            "x": 143.1544647216797,
            "y": 105.33454895019531,
            "z": -1.2412970066070557
          }
        },
        {
          "type": "RIGHT_EYE_TOP_BOUNDARY",
          "position": {
            "x": 155.28060913085938,
            "y": 106.072998046875,
            "z": 16.564043045043945
          }
        },
        {
          "type": "RIGHT_EYE_RIGHT_CORNER",
          "position": {
            "x": 154.61119079589844,
            "y": 108.17799377441406,
            "z": 21.71221160888672
          }
        },
        {
          "type": "RIGHT_EYE_BOTTOM_BOUNDARY",
          "position": {
            "x": 154.18142700195312,
            "y": 109.01761627197266,
            "z": 16.890268325805664
          }
        },
        {
          "type": "RIGHT_EYE_LEFT_CORNER",
          "position": {
            "x": 151.7525634765625,
            "y": 107.30729675292969,
            "z": 13.602845191955566
          }
        },
        {
          "type": "RIGHT_EYE_PUPIL",
          "position": {
            "x": 154.60073852539062,
            "y": 107.59518432617188,
            "z": 17.04610824584961
          }
        },
        {
          "type": "LEFT_EYEBROW_UPPER_MIDPOINT",
          "position": {
            "x": 144.66818237304688,
            "y": 97.63252258300781,
            "z": -1.9194693565368652
          }
        },
        {
          "type": "RIGHT_EYEBROW_UPPER_MIDPOINT",
          "position": {
            "x": 156.7533416748047,
            "y": 100.03069305419922,
            "z": 17.435224533081055
          }
        },
        {
          "type": "LEFT_EAR_TRAGION",
          "position": {
            "x": 113.29171752929688,
            "y": 115.5,
            "z": 0.5094420313835144
          }
        },
        {
          "type": "RIGHT_EAR_TRAGION",
          "position": {
            "x": 138.68978881835938,
            "y": 120.4151840209961,
            "z": 41.06461715698242
          }
        },
        {
          "type": "FOREHEAD_GLABELLA",
          "position": {
            "x": 152.72628784179688,
            "y": 100.97943878173828,
            "z": 6.23091459274292
          }
        },
        {
          "type": "CHIN_GNATHION",
          "position": {
            "x": 149.36012268066406,
            "y": 143.3209991455078,
            "z": 3.4236738681793213
          }
        },
        {
          "type": "CHIN_LEFT_GONION",
          "position": {
            "x": 121.66816711425781,
            "y": 128.7572479248047,
            "z": -3.5424656867980957
          }
        },
        {
          "type": "CHIN_RIGHT_GONION",
          "position": {
            "x": 144.51800537109375,
            "y": 133.26426696777344,
            "z": 33.06672286987305
          }
        }
      ],
      "rollAngle": 1.0756052732467651,
      "panAngle": 58.08806228637695,
      "tiltAngle": 6.381744861602783,
      "detectionConfidence": 0.8788350820541382,
      "landmarkingConfidence": 0.4098944664001465,
      "joyLikelihood": "UNLIKELY",
      "sorrowLikelihood": "VERY_UNLIKELY",
      "angerLikelihood": "VERY_UNLIKELY",
      "surpriseLikelihood": "VERY_UNLIKELY",
      "underExposedLikelihood": "VERY_UNLIKELY",
      "blurredLikelihood": "VERY_UNLIKELY",
      "headwearLikelihood": "VERY_UNLIKELY"
    },
    {
      "boundingPoly": {
        "vertices": [
          {
            "x": 409,
            "y": 60
          },
          {
            "x": 485,
            "y": 60
          },
          {
            "x": 485,
            "y": 148
          },
          {
            "x": 409,
            "y": 148
          }
        ]
      },
      "fdBoundingPoly": {
        "vertices": [
          {
            "x": 406,
            "y": 83
          },
          {
            "x": 461,
            "y": 83
          },
          {
            "x": 461,
            "y": 138
          },
          {
            "x": 406,
            "y": 138
          }
        ]
      },
      "landmarks": [
        {
          "type": "LEFT_EYE",
          "position": {
            "x": 425.1014099121094,
            "y": 102.91487121582031,
            "z": -0.0001348428486380726
          }
        },
        {
          "type": "RIGHT_EYE",
          "position": {
            "x": 424.1269226074219,
            "y": 102.2768325805664,
            "z": -22.541818618774414
          }
        },
        {
          "type": "LEFT_OF_LEFT_EYEBROW",
          "position": {
            "x": 427.07733154296875,
            "y": 97.75849914550781,
            "z": 7.799294948577881
          }
        },
        {
          "type": "RIGHT_OF_LEFT_EYEBROW",
          "position": {
            "x": 420.093505859375,
            "y": 97.8823013305664,
            "z": -5.408534049987793
          }
        },
        {
          "type": "LEFT_OF_RIGHT_EYEBROW",
          "position": {
            "x": 419.7088317871094,
            "y": 97.62110900878906,
            "z": -16.403636932373047
          }
        },
        {
          "type": "RIGHT_OF_RIGHT_EYEBROW",
          "position": {
            "x": 425.76361083984375,
            "y": 96.3992691040039,
            "z": -30.048128128051758
          }
        },
        {
          "type": "MIDPOINT_BETWEEN_EYES",
          "position": {
            "x": 420.01165771484375,
            "y": 102.5518569946289,
            "z": -11.092208862304688
          }
        },
        {
          "type": "NOSE_TIP",
          "position": {
            "x": 413.97198486328125,
            "y": 116.60189819335938,
            "z": -11.380332946777344
          }
        },
        {
          "type": "UPPER_LIP",
          "position": {
            "x": 420.8807373046875,
            "y": 123.64051055908203,
            "z": -11.845666885375977
          }
        },
        {
          "type": "LOWER_LIP",
          "position": {
            "x": 423.3384704589844,
            "y": 131.26907348632812,
            "z": -12.195981979370117
          }
        },
        {
          "type": "MOUTH_LEFT",
          "position": {
            "x": 427.6619567871094,
            "y": 126.573974609375,
            "z": -3.2081546783447266
          }
        },
        {
          "type": "MOUTH_RIGHT",
          "position": {
            "x": 427.41375732421875,
            "y": 125.37086486816406,
            "z": -21.28553009033203
          }
        },
        {
          "type": "MOUTH_CENTER",
          "position": {
            "x": 422.9454345703125,
            "y": 127.10250854492188,
            "z": -12.036083221435547
          }
        },
        {
          "type": "NOSE_BOTTOM_RIGHT",
          "position": {
            "x": 422.5503845214844,
            "y": 116.8775634765625,
            "z": -17.65373420715332
          }
        },
        {
          "type": "NOSE_BOTTOM_LEFT",
          "position": {
            "x": 423.82958984375,
            "y": 117.0062255859375,
            "z": -5.4824748039245605
          }
        },
        {
          "type": "NOSE_BOTTOM_CENTER",
          "position": {
            "x": 420.1157531738281,
            "y": 119.14249420166016,
            "z": -11.66673755645752
          }
        },
        {
          "type": "LEFT_EYE_TOP_BOUNDARY",
          "position": {
            "x": 423.5584716796875,
            "y": 101.60980224609375,
            "z": 0.1659722775220871
          }
        },
        {
          "type": "LEFT_EYE_RIGHT_CORNER",
          "position": {
            "x": 426.0971984863281,
            "y": 102.93327331542969,
            "z": -4.372756481170654
          }
        },
        {
          "type": "LEFT_EYE_BOTTOM_BOUNDARY",
          "position": {
            "x": 424.9980163574219,
            "y": 104.39204406738281,
            "z": -0.0028729781042784452
          }
        },
        {
          "type": "LEFT_EYE_LEFT_CORNER",
          "position": {
            "x": 427.4773254394531,
            "y": 103.00631713867188,
            "z": 4.50137996673584
          }
        },
        {
          "type": "LEFT_EYE_PUPIL",
          "position": {
            "x": 424.7494201660156,
            "y": 103.05411529541016,
            "z": 0.4389726221561432
          }
        },
        {
          "type": "RIGHT_EYE_TOP_BOUNDARY",
          "position": {
            "x": 422.74951171875,
            "y": 100.83716583251953,
            "z": -22.47524070739746
          }
        },
        {
          "type": "RIGHT_EYE_RIGHT_CORNER",
          "position": {
            "x": 426.7276611328125,
            "y": 101.78883361816406,
            "z": -27.262365341186523
          }
        },
        {
          "type": "RIGHT_EYE_BOTTOM_BOUNDARY",
          "position": {
            "x": 424.3537292480469,
            "y": 103.74906921386719,
            "z": -22.614471435546875
          }
        },
        {
          "type": "RIGHT_EYE_LEFT_CORNER",
          "position": {
            "x": 424.2872314453125,
            "y": 102.63356018066406,
            "z": -18.021223068237305
          }
        },
        {
          "type": "RIGHT_EYE_PUPIL",
          "position": {
            "x": 423.88519287109375,
            "y": 102.27323913574219,
            "z": -22.791688919067383
          }
        },
        {
          "type": "LEFT_EYEBROW_UPPER_MIDPOINT",
          "position": {
            "x": 421.8266296386719,
            "y": 95.23329162597656,
            "z": 1.4234203100204468
          }
        },
        {
          "type": "RIGHT_EYEBROW_UPPER_MIDPOINT",
          "position": {
            "x": 420.94622802734375,
            "y": 94.39285278320312,
            "z": -23.157161712646484
          }
        },
        {
          "type": "LEFT_EAR_TRAGION",
          "position": {
            "x": 455.0160217285156,
            "y": 111.50608825683594,
            "z": 13.325154304504395
          }
        },
        {
          "type": "RIGHT_EAR_TRAGION",
          "position": {
            "x": 455.101318359375,
            "y": 109.74237060546875,
            "z": -39.61468505859375
          }
        },
        {
          "type": "FOREHEAD_GLABELLA",
          "position": {
            "x": 419.01708984375,
            "y": 97.50343322753906,
            "z": -10.883903503417969
          }
        },
        {
          "type": "CHIN_GNATHION",
          "position": {
            "x": 427.30194091796875,
            "y": 141.29010009765625,
            "z": -12.685236930847168
          }
        },
        {
          "type": "CHIN_LEFT_GONION",
          "position": {
            "x": 447.28497314453125,
            "y": 126.7153091430664,
            "z": 10.548833847045898
          }
        },
        {
          "type": "CHIN_RIGHT_GONION",
          "position": {
            "x": 445.5938720703125,
            "y": 125.29278564453125,
            "z": -36.21687316894531
          }
        }
      ],
      "rollAngle": -5.8549723625183105,
      "panAngle": -91.80615234375,
      "tiltAngle": 2.164613723754883,
      "detectionConfidence": 0.7598333358764648,
      "landmarkingConfidence": 0.290144681930542,
      "joyLikelihood": "VERY_LIKELY",
      "sorrowLikelihood": "VERY_UNLIKELY",
      "angerLikelihood": "VERY_UNLIKELY",
      "surpriseLikelihood": "VERY_UNLIKELY",
      "underExposedLikelihood": "VERY_UNLIKELY",
      "blurredLikelihood": "VERY_UNLIKELY",
      "headwearLikelihood": "VERY_UNLIKELY"
    }
  ]
}
