{
  "faceAnnotations": [
    {
      "boundingPoly": {
        "vertices": [
          {
            "x": 346,
            "y": 68
          },
          {
            "x": 422,
            "y": 68
          },
          {
            "x": 422,
            "y": 157
          },
          {
            "x": 346,
            "y": 157
          }
        ]
      },
      "fdBoundingPoly": {
        "vertices": [
          {
            "x": 352,
            "y": 89
          },
          {
            "x": 416,
            "y": 89
          },
          {
            "x": 416,
            "y": 153
          },
          {
            "x": 352,
            "y": 153
          }
        ]
      },
      "landmarks": [
        {
          "type": "LEFT_EYE",
          "position": {
            "x": 370.0627746582031,
            "y": 110.84683227539062,
            "z": -0.000525674840901047
          }
        },
        {
          "type": "RIGHT_EYE",
          "position": {
            "x": 391.67303466796875,
            "y": 108.6930160522461,
            "z": -3.298961639404297
          }
        },
        {
          "type": "LEFT_OF_LEFT_EYEBROW",
          "position": {
            "x": 361.55401611328125,
            "y": 106.5411605834961,
            "z": 3.078693151473999
          }
        },
        {
          "type": "RIGHT_OF_LEFT_EYEBROW",
          "position": {
            "x": 373.989013671875,
            "y": 105.43925476074219,
            "z": -5.501993656158447
          }
        },
        {
          "type": "LEFT_OF_RIGHT_EYEBROW",
          "position": {
            "x": 384.8570861816406,
            "y": 104.38265991210938,
            "z": -7.163455009460449
          }
        },
        {
          "type": "RIGHT_OF_RIGHT_EYEBROW",
          "position": {
            "x": 399.5586242675781,
            "y": 103.23309326171875,
            "z": -2.5692427158355713
          }
        },
        {
          "type": "MIDPOINT_BETWEEN_EYES",
          "position": {
            "x": 379.4254455566406,
            "y": 108.74712371826172,
            "z": -6.517786979675293
          }
        },
        {
          "type": "NOSE_TIP",
          "position": {
            "x": 380.6007385253906,
            "y": 123.514892578125,
            "z": -12.47651195526123
          }
        },
        {
          "type": "UPPER_LIP",
          "position": {
            "x": 382.1866760253906,
            "y": 131.582763671875,
            "z": -6.69285249710083
          }
        },
        {
          "type": "LOWER_LIP",
          "position": {
            "x": 383.1181335449219,
            "y": 139.1232147216797,
            "z": -4.650697231292725
          }
        },
        {
          "type": "MOUTH_LEFT",
          "position": {
            "x": 373.4577941894531,
            "y": 134.68141174316406,
            "z": 1.209407091140747
          }
        },
        {
          "type": "MOUTH_RIGHT",
          "position": {
            "x": 393.17333984375,
            "y": 132.6795654296875,
            "z": -1.5523535013198853
          }
        },
        {
          "type": "MOUTH_CENTER",
          "position": {
            "x": 382.7994689941406,
            "y": 134.9737091064453,
            "z": -4.81472635269165
          }
        },
        {
          "type": "NOSE_BOTTOM_RIGHT",
          "position": {
            "x": 388.11181640625,
            "y": 123.73896789550781,
            "z": -4.533774375915527
          }
        },
        {
          "type": "NOSE_BOTTOM_LEFT",
          "position": {
            "x": 375.4793701171875,
            "y": 125.05050659179688,
            "z": -2.6260006427764893
          }
        },
        {
          "type": "NOSE_BOTTOM_CENTER",
          "position": {
            "x": 381.572509765625,
            "y": 127.18843078613281,
            "z": -7.019308090209961
          }
        },
        {
          "type": "LEFT_EYE_TOP_BOUNDARY",
          "position": {
            "x": 369.0225830078125,
            "y": 109.72526550292969,
            "z": -1.5120929479599
          }
        },
        {
          "type": "LEFT_EYE_RIGHT_CORNER",
          "position": {
            "x": 374.3978271484375,
            "y": 110.98145294189453,
            "z": -0.5367067456245422
          }
        },
        {
          "type": "LEFT_EYE_BOTTOM_BOUNDARY",
          "position": {
            "x": 369.9165954589844,
            "y": 112.6563720703125,
            "z": -0.05415254086256027
          }
        },
        {
          "type": "LEFT_EYE_LEFT_CORNER",
          "position": {
            "x": 365.210205078125,
            "y": 111.65142822265625,
            "z": 2.866657018661499
          }
        },
        {
          "type": "LEFT_EYE_PUPIL",
          "position": {
            "x": 368.9589538574219,
            "y": 111.2870864868164,
            "z": -0.42059460282325745
          }
        },
        {
          "type": "RIGHT_EYE_TOP_BOUNDARY",
          "position": {
            "x": 391.635986328125,
            "y": 107.47036743164062,
            "z": -4.930612564086914
          }
        },
        {
          "type": "RIGHT_EYE_RIGHT_CORNER",
          "position": {
            "x": 396.8118896484375,
            "y": 108.46626281738281,
            "z": -1.9204751253128052
          }
        },
        {
          "type": "RIGHT_EYE_BOTTOM_BOUNDARY",
          "position": {
            "x": 392.08477783203125,
            "y": 110.47356414794922,
            "z": -3.4417264461517334
          }
        },
        {
          "type": "RIGHT_EYE_LEFT_CORNER",
          "position": {
            "x": 386.9303894042969,
            "y": 109.5308609008789,
            "z": -2.5411295890808105
          }
        },
        {
          "type": "RIGHT_EYE_PUPIL",
          "position": {
            "x": 392.17755126953125,
            "y": 108.97564697265625,
            "z": -3.9589765071868896
          }
        },
        {
          "type": "LEFT_EYEBROW_UPPER_MIDPOINT",
          "position": {
            "x": 367.1607971191406,
            "y": 103.2876205444336,
            "z": -2.855499267578125
          }
        },
        {
          "type": "RIGHT_EYEBROW_UPPER_MIDPOINT",
          "position": {
            "x": 391.7192077636719,
            "y": 100.84916687011719,
            "z": -6.56361198425293
          }
        },
        {
          "type": "LEFT_EAR_TRAGION",
          "position": {
            "x": 360.2610778808594,
            "y": 122.06796264648438,
            "z": 30.88645362854004
          }
        },
        {
          "type": "RIGHT_EAR_TRAGION",
          "position": {
            "x": 411.6996765136719,
            "y": 116.96663665771484,
            "z": 23.117095947265625
          }
        },
        {
          "type": "FOREHEAD_GLABELLA",
          "position": {
            "x": 379.3055725097656,
            "y": 104.67607116699219,
            "z": -7.210721015930176
          }
        },
        {
          "type": "CHIN_GNATHION",
          "position": {
            "x": 384.697021484375,
            "y": 149.12486267089844,
            "z": -0.9628182053565979
          }
        },
        {
          "type": "CHIN_LEFT_GONION",
          "position": {
            "x": 362.9609069824219,
            "y": 137.061767578125,
            "z": 21.966516494750977
          }
        },
        {
          "type": "CHIN_RIGHT_GONION",
          "position": {
            "x": 409.4466247558594,
            "y": 132.443359375,
            "z": 14.942597389221191
          }
        }
      ],
      "rollAngle": -6.119452953338623,
      "panAngle": -8.55864143371582,
      "tiltAngle": -2.7585456371307373,
      "detectionConfidence": 0.981228232383728,
      "landmarkingConfidence": 0.7882186770439148,
      "joyLikelihood": "VERY_LIKELY",
      "sorrowLikelihood": "VERY_UNLIKELY",
      "angerLikelihood": "VERY_UNLIKELY",
      "surpriseLikelihood": "VERY_UNLIKELY",
      "underExposedLikelihood": "VERY_UNLIKELY",
      "blurredLikelihood": "VERY_UNLIKELY",
      "headwearLikelihood": "VERY_UNLIKELY"
    },
    {
      "boundingPoly": {
        "vertices": [
          {
            "x": 232,
            "y": 72
          },
          {
            "x": 310,
            "y": 72
          },
          {
            "x": 310,
            "y": 163
          },
          {
            "x": 232,
            "y": 163
          }
        ]
      },
      "fdBoundingPoly": {
        "vertices": [
          {
            "x": 242,
            "y": 95
          },
          {
            "x": 307,
            "y": 95
          },
          {
            "x": 307,
            "y": 161
          },
          {
            "x": 242,
            "y": 161
          }
        ]
      },
      "landmarks": [
        {
          "type": "LEFT_EYE",
          "position": {
            "x": 264.8147277832031,
            "y": 115.32020568847656,
            "z": 0.0007396574947051704
          }
        },
        {
          "type": "RIGHT_EYE",
          "position": {
            "x": 286.5732116699219,
            "y": 117.32838439941406,
            "z": 3.289585828781128
          }
        },
        {
          "type": "LEFT_OF_LEFT_EYEBROW",
          "position": {
            "x": 256.59478759765625,
            "y": 108.60189819335938,
            "z": 0.3959195613861084
          }
        },
        {
          "type": "RIGHT_OF_LEFT_EYEBROW",
          "position": {
            "x": 271.3783874511719,
            "y": 110.64498138427734,
            "z": -4.270265579223633
          }
        },
        {
          "type": "LEFT_OF_RIGHT_EYEBROW",
          "position": {
            "x": 282.5877685546875,
            "y": 111.74064636230469,
            "z": -2.574120283126831
          }
        },
        {
          "type": "RIGHT_OF_RIGHT_EYEBROW",
          "position": {
            "x": 295.4136047363281,
            "y": 112.61640930175781,
            "z": 6.191277503967285
          }
        },
        {
          "type": "MIDPOINT_BETWEEN_EYES",
          "position": {
            "x": 275.8571472167969,
            "y": 115.6565933227539,
            "z": -3.3360278606414795
          }
        },
        {
          "type": "NOSE_TIP",
          "position": {
            "x": 275.7987365722656,
            "y": 130.4512481689453,
            "z": -8.939220428466797
          }
        },
        {
          "type": "UPPER_LIP",
          "position": {
            "x": 274.2141418457031,
            "y": 137.86634826660156,
            "z": -2.735475540161133
          }
        },
        {
          "type": "LOWER_LIP",
          "position": {
            "x": 273.095703125,
            "y": 146.9256134033203,
            "z": -0.13824370503425598
          }
        },
        {
          "type": "MOUTH_LEFT",
          "position": {
            "x": 262.1024169921875,
            "y": 138.0984649658203,
            "z": 2.90984845161438
          }
        },
        {
          "type": "MOUTH_RIGHT",
          "position": {
            "x": 282.2645263671875,
            "y": 141.646484375,
            "z": 5.329070568084717
          }
        },
        {
          "type": "MOUTH_CENTER",
          "position": {
            "x": 273.6934509277344,
            "y": 142.49639892578125,
            "z": -0.5495234727859497
          }
        },
        {
          "type": "NOSE_BOTTOM_RIGHT",
          "position": {
            "x": 281.7270202636719,
            "y": 131.38473510742188,
            "z": 1.3605436086654663
          }
        },
        {
          "type": "NOSE_BOTTOM_LEFT",
          "position": {
            "x": 267.6244812011719,
            "y": 129.9329071044922,
            "z": -0.7094056606292725
          }
        },
        {
          "type": "NOSE_BOTTOM_CENTER",
          "position": {
            "x": 274.6449890136719,
            "y": 133.7838134765625,
            "z": -3.209087610244751
          }
        },
        {
          "type": "LEFT_EYE_TOP_BOUNDARY",
          "position": {
            "x": 264.4698181152344,
            "y": 113.68561553955078,
            "z": -1.8070398569107056
          }
        },
        {
          "type": "LEFT_EYE_RIGHT_CORNER",
          "position": {
            "x": 269.12945556640625,
            "y": 116.46298217773438,
            "z": 0.7402034997940063
          }
        },
        {
          "type": "LEFT_EYE_BOTTOM_BOUNDARY",
          "position": {
            "x": 264.3930969238281,
            "y": 116.47053527832031,
            "z": -0.16563673317432404
          }
        },
        {
          "type": "LEFT_EYE_LEFT_CORNER",
          "position": {
            "x": 259.239501953125,
            "y": 114.56131744384766,
            "z": 1.343527913093567
          }
        },
        {
          "type": "LEFT_EYE_PUPIL",
          "position": {
            "x": 263.78729248046875,
            "y": 115.14813995361328,
            "z": -0.7580752372741699
          }
        },
        {
          "type": "RIGHT_EYE_TOP_BOUNDARY",
          "position": {
            "x": 287.701904296875,
            "y": 116.02088928222656,
            "z": 1.6638613939285278
          }
        },
        {
          "type": "RIGHT_EYE_RIGHT_CORNER",
          "position": {
            "x": 291.5562744140625,
            "y": 117.77497863769531,
            "z": 6.175151348114014
          }
        },
        {
          "type": "RIGHT_EYE_BOTTOM_BOUNDARY",
          "position": {
            "x": 286.843505859375,
            "y": 118.6329345703125,
            "z": 3.2696287631988525
          }
        },
        {
          "type": "RIGHT_EYE_LEFT_CORNER",
          "position": {
            "x": 282.5544738769531,
            "y": 117.70819854736328,
            "z": 2.798856019973755
          }
        },
        {
          "type": "RIGHT_EYE_PUPIL",
          "position": {
            "x": 287.6489562988281,
            "y": 117.56239318847656,
            "z": 2.7940237522125244
          }
        },
        {
          "type": "LEFT_EYEBROW_UPPER_MIDPOINT",
          "position": {
            "x": 264.3938293457031,
            "y": 106.88249206542969,
            "z": -3.7637290954589844
          }
        },
        {
          "type": "RIGHT_EYEBROW_UPPER_MIDPOINT",
          "position": {
            "x": 289.6281433105469,
            "y": 109.4328842163086,
            "z": 0.0014822945231571794
          }
        },
        {
          "type": "LEFT_EAR_TRAGION",
          "position": {
            "x": 244.0648651123047,
            "y": 122.22136688232422,
            "z": 27.45108985900879
          }
        },
        {
          "type": "RIGHT_EAR_TRAGION",
          "position": {
            "x": 296.80328369140625,
            "y": 127.30793762207031,
            "z": 35.36288070678711
          }
        },
        {
          "type": "FOREHEAD_GLABELLA",
          "position": {
            "x": 277.0780944824219,
            "y": 110.955810546875,
            "z": -4.329270362854004
          }
        },
        {
          "type": "CHIN_GNATHION",
          "position": {
            "x": 271.3179016113281,
            "y": 156.30892944335938,
            "z": 3.973923921585083
          }
        },
        {
          "type": "CHIN_LEFT_GONION",
          "position": {
            "x": 246.11016845703125,
            "y": 138.30740356445312,
            "z": 19.751676559448242
          }
        },
        {
          "type": "CHIN_RIGHT_GONION",
          "position": {
            "x": 293.86700439453125,
            "y": 143.1308135986328,
            "z": 26.872060775756836
          }
        }
      ],
      "rollAngle": 6.49392032623291,
      "panAngle": 8.471020698547363,
      "tiltAngle": -5.128474712371826,
      "detectionConfidence": 0.9615380764007568,
      "landmarkingConfidence": 0.6266672611236572,
      "joyLikelihood": "VERY_LIKELY",
      "sorrowLikelihood": "VERY_UNLIKELY",
      "angerLikelihood": "VERY_UNLIKELY",
      "surpriseLikelihood": "VERY_UNLIKELY",
      "underExposedLikelihood": "VERY_UNLIKELY",
      "blurredLikelihood": "VERY_UNLIKELY",
      "headwearLikelihood": "VERY_UNLIKELY"
    }
  ]
}
