{
  "faceAnnotations": [
    {
      "boundingPoly": {
        "vertices": [
          {
            "x": 88,
            "y": 27
          },
          {
            "x": 180,
            "y": 27
          },
          {
            "x": 180,
            "y": 134
          },
          {
            "x": 88,
            "y": 134
          }
        ]
      },
      "fdBoundingPoly": {
        "vertices": [
          {
            "x": 100,
            "y": 55
          },
          {
            "x": 170,
            "y": 55
          },
          {
            "x": 170,
            "y": 125
          },
          {
            "x": 100,
            "y": 125
          }
        ]
      },
      "landmarks": [
        {
          "type": "LEFT_EYE",
          "position": {
            "x": 123.209228515625,
            "y": 76.3532943725586,
            "z": -0.0006960842874832451
          }
        },
        {
          "type": "RIGHT_EYE",
          "position": {
            "x": 147.83416748046875,
            "y": 77.54928588867188,
            "z": 0.9581723213195801
          }
        },
        {
          "type": "LEFT_OF_LEFT_EYEBROW",
          "position": {
            "x": 112.30065155029297,
            "y": 69.21823120117188,
            "z": 1.8369182348251343
          }
        },
        {
          "type": "RIGHT_OF_LEFT_EYEBROW",
          "position": {
            "x": 129.23281860351562,
            "y": 70.26363372802734,
            "z": -5.607381820678711
          }
        },
        {
          "type": "LEFT_OF_RIGHT_EYEBROW",
          "position": {
            "x": 142.95034790039062,
            "y": 70.78535461425781,
            "z": -5.091249942779541
          }
        },
        {
          "type": "RIGHT_OF_RIGHT_EYEBROW",
          "position": {
            "x": 159.3631591796875,
            "y": 71.10175323486328,
            "z": 3.6189892292022705
          }
        },
        {
          "type": "MIDPOINT_BETWEEN_EYES",
          "position": {
            "x": 135.78419494628906,
            "y": 76.3881607055664,
            "z": -5.431838512420654
          }
        },
        {
          "type": "NOSE_TIP",
          "position": {
            "x": 134.99314880371094,
            "y": 93.45048522949219,
            "z": -12.918964385986328
          }
        },
        {
          "type": "UPPER_LIP",
          "position": {
            "x": 134.9918670654297,
            "y": 103.21025085449219,
            "z": -5.720973491668701
          }
        },
        {
          "type": "LOWER_LIP",
          "position": {
            "x": 134.2867889404297,
            "y": 112.99800109863281,
            "z": -3.1218953132629395
          }
        },
        {
          "type": "MOUTH_LEFT",
          "position": {
            "x": 123.76206970214844,
            "y": 105.46478271484375,
            "z": 1.5870492458343506
          }
        },
        {
          "type": "MOUTH_RIGHT",
          "position": {
            "x": 145.29469299316406,
            "y": 105.95048522949219,
            "z": 2.472278594970703
          }
        },
        {
          "type": "MOUTH_CENTER",
          "position": {
            "x": 134.68252563476562,
            "y": 107.07527160644531,
            "z": -3.393660068511963
          }
        },
        {
          "type": "NOSE_BOTTOM_RIGHT",
          "position": {
            "x": 142.70701599121094,
            "y": 95.58010864257812,
            "z": -1.6372802257537842
          }
        },
        {
          "type": "NOSE_BOTTOM_LEFT",
          "position": {
            "x": 127.54756927490234,
            "y": 94.78794860839844,
            "z": -2.251354694366455
          }
        },
        {
          "type": "NOSE_BOTTOM_CENTER",
          "position": {
            "x": 134.9481658935547,
            "y": 97.91021728515625,
            "z": -6.1174774169921875
          }
        },
        {
          "type": "LEFT_EYE_TOP_BOUNDARY",
          "position": {
            "x": 121.67810821533203,
            "y": 74.63896179199219,
            "z": -1.989241361618042
          }
        },
        {
          "type": "LEFT_EYE_RIGHT_CORNER",
          "position": {
            "x": 128.11651611328125,
            "y": 77.48663330078125,
            "z": 0.29811733961105347
          }
        },
        {
          "type": "LEFT_EYE_BOTTOM_BOUNDARY",
          "position": {
            "x": 122.6853256225586,
            "y": 78.25069427490234,
            "z": -0.18574494123458862
          }
        },
        {
          "type": "LEFT_EYE_LEFT_CORNER",
          "position": {
            "x": 115.98428344726562,
            "y": 76.22128295898438,
            "z": 2.3246092796325684
          }
        },
        {
          "type": "LEFT_EYE_PUPIL",
          "position": {
            "x": 121.09774780273438,
            "y": 76.52830505371094,
            "z": -0.6937288641929626
          }
        },
        {
          "type": "RIGHT_EYE_TOP_BOUNDARY",
          "position": {
            "x": 149.85369873046875,
            "y": 75.72210693359375,
            "z": -0.9317489862442017
          }
        },
        {
          "type": "RIGHT_EYE_RIGHT_CORNER",
          "position": {
            "x": 155.16946411132812,
            "y": 77.76608276367188,
            "z": 3.817404270172119
          }
        },
        {
          "type": "RIGHT_EYE_BOTTOM_BOUNDARY",
          "position": {
            "x": 148.3260040283203,
            "y": 79.38026428222656,
            "z": 0.8458324670791626
          }
        },
        {
          "type": "RIGHT_EYE_LEFT_CORNER",
          "position": {
            "x": 143.1089630126953,
            "y": 78.00724792480469,
            "z": 0.9023663401603699
          }
        },
        {
          "type": "RIGHT_EYE_PUPIL",
          "position": {
            "x": 150.04742431640625,
            "y": 77.65141296386719,
            "z": 0.36642515659332275
          }
        },
        {
          "type": "LEFT_EYEBROW_UPPER_MIDPOINT",
          "position": {
            "x": 120.82705688476562,
            "y": 66.44099426269531,
            "z": -3.8990976810455322
          }
        },
        {
          "type": "RIGHT_EYEBROW_UPPER_MIDPOINT",
          "position": {
            "x": 151.478759765625,
            "y": 67.61470031738281,
            "z": -2.74344801902771
          }
        },
        {
          "type": "LEFT_EAR_TRAGION",
          "position": {
            "x": 102.44281768798828,
            "y": 88.013671875,
            "z": 34.3459358215332
          }
        },
        {
          "type": "RIGHT_EAR_TRAGION",
          "position": {
            "x": 165.84510803222656,
            "y": 90.29852294921875,
            "z": 37.119117736816406
          }
        },
        {
          "type": "FOREHEAD_GLABELLA",
          "position": {
            "x": 136.1353759765625,
            "y": 70.24127960205078,
            "z": -6.412972450256348
          }
        },
        {
          "type": "CHIN_GNATHION",
          "position": {
            "x": 133.75094604492188,
            "y": 125.59573364257812,
            "z": 1.5467780828475952
          }
        },
        {
          "type": "CHIN_LEFT_GONION",
          "position": {
            "x": 104.5347900390625,
            "y": 106.73827362060547,
            "z": 24.280330657958984
          }
        },
        {
          "type": "CHIN_RIGHT_GONION",
          "position": {
            "x": 162.4874725341797,
            "y": 109.03758239746094,
            "z": 26.435163497924805
          }
        }
      ],
      "rollAngle": 2.2912356853485107,
      "panAngle": 2.1461751461029053,
      "tiltAngle": -2.9129884243011475,
      "detectionConfidence": 0.9840120673179626,
      "landmarkingConfidence": 0.7697151303291321,
      "joyLikelihood": "VERY_LIKELY",
      "sorrowLikelihood": "VERY_UNLIKELY",
      "angerLikelihood": "VERY_UNLIKELY",
      "surpriseLikelihood": "VERY_UNLIKELY",
      "underExposedLikelihood": "VERY_UNLIKELY",
      "blurredLikelihood": "VERY_UNLIKELY",
      "headwearLikelihood": "VERY_UNLIKELY"
    },
    {
      "boundingPoly": {
        "vertices": [
          {
            "x": 279,
            "y": 47
          },
          {
            "x": 362,
            "y": 47
          },
          {
            "x": 362,
            "y": 144
          },
          {
            "x": 279,
            "y": 144
          }
        ]
      },
      "fdBoundingPoly": {
        "vertices": [
          {
            "x": 284,
            "y": 65
          },
          {
            "x": 355,
            "y": 65
          },
          {
            "x": 355,
            "y": 136
          },
          {
            "x": 284,
            "y": 136
          }
        ]
      },
      "landmarks": [
        {
          "type": "LEFT_EYE",
          "position": {
            "x": 306.8408508300781,
            "y": 88.84628295898438,
            "z": 0.00032081332756206393
          }
        },
        {
          "type": "RIGHT_EYE",
          "position": {
            "x": 331.1362609863281,
            "y": 88.45120239257812,
            "z": -1.943556785583496
          }
        },
        {
          "type": "LEFT_OF_LEFT_EYEBROW",
          "position": {
            "x": 298.2289733886719,
            "y": 83.26473999023438,
            "z": 3.7862088680267334
          }
        },
        {
          "type": "RIGHT_OF_LEFT_EYEBROW",
          "position": {
            "x": 312.27740478515625,
            "y": 81.45266723632812,
            "z": -4.576816082000732
          }
        },
        {
          "type": "LEFT_OF_RIGHT_EYEBROW",
          "position": {
            "x": 324.994140625,
            "y": 81.51760864257812,
            "z": -5.5620598793029785
          }
        },
        {
          "type": "RIGHT_OF_RIGHT_EYEBROW",
          "position": {
            "x": 340.5634460449219,
            "y": 82.62767028808594,
            "z": 0.5060209631919861
          }
        },
        {
          "type": "MIDPOINT_BETWEEN_EYES",
          "position": {
            "x": 318.6448059082031,
            "y": 87.39395141601562,
            "z": -6.141843318939209
          }
        },
        {
          "type": "NOSE_TIP",
          "position": {
            "x": 318.21673583984375,
            "y": 100.98173522949219,
            "z": -15.396846771240234
          }
        },
        {
          "type": "UPPER_LIP",
          "position": {
            "x": 318.9184875488281,
            "y": 111.10896301269531,
            "z": -10.668571472167969
          }
        },
        {
          "type": "LOWER_LIP",
          "position": {
            "x": 318.9189147949219,
            "y": 119.31950378417969,
            "z": -9.93777084350586
          }
        },
        {
          "type": "MOUTH_LEFT",
          "position": {
            "x": 308.56085205078125,
            "y": 114.63151550292969,
            "z": -3.2675585746765137
          }
        },
        {
          "type": "MOUTH_RIGHT",
          "position": {
            "x": 330.25872802734375,
            "y": 114.38823699951172,
            "z": -4.860099792480469
          }
        },
        {
          "type": "MOUTH_CENTER",
          "position": {
            "x": 318.9378662109375,
            "y": 114.828125,
            "z": -9.297760963439941
          }
        },
        {
          "type": "NOSE_BOTTOM_RIGHT",
          "position": {
            "x": 326.4463806152344,
            "y": 103.29552459716797,
            "z": -6.387608528137207
          }
        },
        {
          "type": "NOSE_BOTTOM_LEFT",
          "position": {
            "x": 311.9284362792969,
            "y": 103.06918334960938,
            "z": -5.307539463043213
          }
        },
        {
          "type": "NOSE_BOTTOM_CENTER",
          "position": {
            "x": 318.8617858886719,
            "y": 104.95047760009766,
            "z": -10.066052436828613
          }
        },
        {
          "type": "LEFT_EYE_TOP_BOUNDARY",
          "position": {
            "x": 306.3834533691406,
            "y": 86.83936309814453,
            "z": -1.4373456239700317
          }
        },
        {
          "type": "LEFT_EYE_RIGHT_CORNER",
          "position": {
            "x": 310.9455261230469,
            "y": 89.17889404296875,
            "z": -0.268873393535614
          }
        },
        {
          "type": "LEFT_EYE_BOTTOM_BOUNDARY",
          "position": {
            "x": 306.62200927734375,
            "y": 90.47401428222656,
            "z": -0.4117816388607025
          }
        },
        {
          "type": "LEFT_EYE_LEFT_CORNER",
          "position": {
            "x": 301.7077941894531,
            "y": 89.25314331054688,
            "z": 2.7115399837493896
          }
        },
        {
          "type": "LEFT_EYE_PUPIL",
          "position": {
            "x": 306.0787048339844,
            "y": 88.70252227783203,
            "z": -0.5818630456924438
          }
        },
        {
          "type": "RIGHT_EYE_TOP_BOUNDARY",
          "position": {
            "x": 331.6048278808594,
            "y": 86.41789245605469,
            "z": -3.4364805221557617
          }
        },
        {
          "type": "RIGHT_EYE_RIGHT_CORNER",
          "position": {
            "x": 336.9749450683594,
            "y": 88.85659790039062,
            "z": -0.09061364084482193
          }
        },
        {
          "type": "RIGHT_EYE_BOTTOM_BOUNDARY",
          "position": {
            "x": 331.4694519042969,
            "y": 90.28397369384766,
            "z": -2.422187328338623
          }
        },
        {
          "type": "RIGHT_EYE_LEFT_CORNER",
          "position": {
            "x": 327.1226806640625,
            "y": 88.91695404052734,
            "z": -1.5095633268356323
          }
        },
        {
          "type": "RIGHT_EYE_PUPIL",
          "position": {
            "x": 331.9722595214844,
            "y": 88.28646087646484,
            "z": -2.665745496749878
          }
        },
        {
          "type": "LEFT_EYEBROW_UPPER_MIDPOINT",
          "position": {
            "x": 305.1580810546875,
            "y": 79.32705688476562,
            "z": -1.6775469779968262
          }
        },
        {
          "type": "RIGHT_EYEBROW_UPPER_MIDPOINT",
          "position": {
            "x": 332.5489196777344,
            "y": 78.87195587158203,
            "z": -3.8487865924835205
          }
        },
        {
          "type": "LEFT_EAR_TRAGION",
          "position": {
            "x": 293.10504150390625,
            "y": 105.28941345214844,
            "z": 30.633026123046875
          }
        },
        {
          "type": "RIGHT_EAR_TRAGION",
          "position": {
            "x": 350.4434509277344,
            "y": 104.32842254638672,
            "z": 26.128896713256836
          }
        },
        {
          "type": "FOREHEAD_GLABELLA",
          "position": {
            "x": 318.632080078125,
            "y": 81.43196868896484,
            "z": -5.9967546463012695
          }
        },
        {
          "type": "CHIN_GNATHION",
          "position": {
            "x": 319.32977294921875,
            "y": 131.13259887695312,
            "z": -7.881647109985352
          }
        },
        {
          "type": "CHIN_LEFT_GONION",
          "position": {
            "x": 295.1196594238281,
            "y": 120.01980590820312,
            "z": 18.16966438293457
          }
        },
        {
          "type": "CHIN_RIGHT_GONION",
          "position": {
            "x": 346.926513671875,
            "y": 119.16808319091797,
            "z": 14.066638946533203
          }
        }
      ],
      "rollAngle": -0.38815656304359436,
      "panAngle": -4.555806636810303,
      "tiltAngle": 7.387314319610596,
      "detectionConfidence": 0.998166561126709,
      "landmarkingConfidence": 0.7463722229003906,
      "joyLikelihood": "UNLIKELY",
      "sorrowLikelihood": "VERY_UNLIKELY",
      "angerLikelihood": "VERY_UNLIKELY",
      "surpriseLikelihood": "VERY_UNLIKELY",
      "underExposedLikelihood": "VERY_UNLIKELY",
      "blurredLikelihood": "VERY_UNLIKELY",
      "headwearLikelihood": "VERY_UNLIKELY"
    }
  ]
}
