{
  "faceAnnotations": [
    {
      "boundingPoly": {
        "vertices": [
          {
            "x": 280,
            "y": 119
          },
          {
            "x": 357,
            "y": 119
          },
          {
            "x": 357,
            "y": 209
          },
          {
            "x": 280,
            "y": 209
          }
        ]
      },
      "fdBoundingPoly": {
        "vertices": [
          {
            "x": 286,
            "y": 141
          },
          {
            "x": 351,
            "y": 141
          },
          {
            "x": 351,
            "y": 206
          },
          {
            "x": 286,
            "y": 206
          }
        ]
      },
      "landmarks": [
        {
          "type": "LEFT_EYE",
          "position": {
            "x": 303.09197998046875,
            "y": 166.11453247070312,
            "z": 4.78603396913968e-05
          }
        },
        {
          "type": "RIGHT_EYE",
          "position": {
            "x": 325.2674255371094,
            "y": 159.6616973876953,
            "z": -0.5476464629173279
          }
        },
        {
          "type": "LEFT_OF_LEFT_EYEBROW",
          "position": {
            "x": 295.042724609375,
            "y": 163.3197479248047,
            "z": 1.9614143371582031
          }
        },
        {
          "type": "RIGHT_OF_LEFT_EYEBROW",
          "position": {
            "x": 308.09326171875,
            "y": 159.36004638671875,
            "z": -5.093618392944336
          }
        },
        {
          "type": "LEFT_OF_RIGHT_EYEBROW",
          "position": {
            "x": 318.7734069824219,
            "y": 155.96826171875,
            "z": -5.35349702835083
          }
        },
        {
          "type": "RIGHT_OF_RIGHT_EYEBROW",
          "position": {
            "x": 331.9749755859375,
            "y": 151.14492797851562,
            "z": 1.034963607788086
          }
        },
        {
          "type": "MIDPOINT_BETWEEN_EYES",
          "position": {
            "x": 315.1806640625,
            "y": 161.98304748535156,
            "z": -5.271928310394287
          }
        },
        {
          "type": "NOSE_TIP",
          "position": {
            "x": 318.9908752441406,
            "y": 175.1699981689453,
            "z": -11.176806449890137
          }
        },
        {
          "type": "UPPER_LIP",
          "position": {
            "x": 321.8555603027344,
            "y": 183.1891326904297,
            "z": -5.200496196746826
          }
        },
        {
          "type": "LOWER_LIP",
          "position": {
            "x": 324.5659484863281,
            "y": 190.93600463867188,
            "z": -2.9195716381073
          }
        },
        {
          "type": "MOUTH_LEFT",
          "position": {
            "x": 313.1015319824219,
            "y": 188.18299865722656,
            "z": 1.781367540359497
          }
        },
        {
          "type": "MOUTH_RIGHT",
          "position": {
            "x": 333.3802490234375,
            "y": 181.9161834716797,
            "z": 1.5616649389266968
          }
        },
        {
          "type": "MOUTH_CENTER",
          "position": {
            "x": 323.19635009765625,
            "y": 186.66371154785156,
            "z": -3.2047245502471924
          }
        },
        {
          "type": "NOSE_BOTTOM_RIGHT",
          "position": {
            "x": 327.0440368652344,
            "y": 173.62457275390625,
            "z": -2.0150363445281982
          }
        },
        {
          "type": "NOSE_BOTTOM_LEFT",
          "position": {
            "x": 312.1186828613281,
            "y": 178.2637939453125,
            "z": -1.6712895631790161
          }
        },
        {
          "type": "NOSE_BOTTOM_CENTER",
          "position": {
            "x": 320.23602294921875,
            "y": 178.66177368164062,
            "z": -5.610503196716309
          }
        },
        {
          "type": "LEFT_EYE_TOP_BOUNDARY",
          "position": {
            "x": 303.65521240234375,
            "y": 164.81100463867188,
            "z": -1.7141494750976562
          }
        },
        {
          "type": "LEFT_EYE_RIGHT_CORNER",
          "position": {
            "x": 308.9034423828125,
            "y": 165.0485076904297,
            "z": -0.06258457154035568
          }
        },
        {
          "type": "LEFT_EYE_BOTTOM_BOUNDARY",
          "position": {
            "x": 304.3594055175781,
            "y": 167.63368225097656,
            "z": -0.1371643841266632
          }
        },
        {
          "type": "LEFT_EYE_LEFT_CORNER",
          "position": {
            "x": 299.7910461425781,
            "y": 167.5901641845703,
            "z": 2.2162556648254395
          }
        },
        {
          "type": "LEFT_EYE_PUPIL",
          "position": {
            "x": 303.839111328125,
            "y": 166.35067749023438,
            "z": -0.6664445996284485
          }
        },
        {
          "type": "RIGHT_EYE_TOP_BOUNDARY",
          "position": {
            "x": 325.7451171875,
            "y": 157.53854370117188,
            "z": -2.2735559940338135
          }
        },
        {
          "type": "RIGHT_EYE_RIGHT_CORNER",
          "position": {
            "x": 330.69732666015625,
            "y": 157.42532348632812,
            "z": 1.4396151304244995
          }
        },
        {
          "type": "RIGHT_EYE_BOTTOM_BOUNDARY",
          "position": {
            "x": 326.71221923828125,
            "y": 160.64031982421875,
            "z": -0.6894583702087402
          }
        },
        {
          "type": "RIGHT_EYE_LEFT_CORNER",
          "position": {
            "x": 322.2568664550781,
            "y": 160.82366943359375,
            "z": -0.3552435636520386
          }
        },
        {
          "type": "RIGHT_EYE_PUPIL",
          "position": {
            "x": 326.5248718261719,
            "y": 158.90338134765625,
            "z": -1.2568635940551758
          }
        },
        {
          "type": "LEFT_EYEBROW_UPPER_MIDPOINT",
          "position": {
            "x": 300.6279296875,
            "y": 158.7600555419922,
            "z": -3.324716806411743
          }
        },
        {
          "type": "RIGHT_EYEBROW_UPPER_MIDPOINT",
          "position": {
            "x": 324.591552734375,
            "y": 150.86570739746094,
            "z": -3.920055866241455
          }
        },
        {
          "type": "LEFT_EAR_TRAGION",
          "position": {
            "x": 293.78564453125,
            "y": 179.62704467773438,
            "z": 29.783828735351562
          }
        },
        {
          "type": "RIGHT_EAR_TRAGION",
          "position": {
            "x": 344.0216369628906,
            "y": 163.07040405273438,
            "z": 28.535966873168945
          }
        },
        {
          "type": "FOREHEAD_GLABELLA",
          "position": {
            "x": 313.3966369628906,
            "y": 157.36863708496094,
            "z": -6.134639739990234
          }
        },
        {
          "type": "CHIN_GNATHION",
          "position": {
            "x": 327.70159912109375,
            "y": 200.1997528076172,
            "z": 0.9188157916069031
          }
        },
        {
          "type": "CHIN_LEFT_GONION",
          "position": {
            "x": 300.86859130859375,
            "y": 193.59024047851562,
            "z": 21.237104415893555
          }
        },
        {
          "type": "CHIN_RIGHT_GONION",
          "position": {
            "x": 346.22601318359375,
            "y": 178.62405395507812,
            "z": 20.105199813842773
          }
        }
      ],
      "rollAngle": -18.3445987701416,
      "panAngle": -1.3560914993286133,
      "tiltAngle": -3.699769973754883,
      "detectionConfidence": 0.6703352928161621,
      "landmarkingConfidence": 0.5117435455322266,
      "joyLikelihood": "VERY_LIKELY",
      "sorrowLikelihood": "VERY_UNLIKELY",
      "angerLikelihood": "VERY_UNLIKELY",
      "surpriseLikelihood": "VERY_UNLIKELY",
      "underExposedLikelihood": "VERY_UNLIKELY",
      "blurredLikelihood": "VERY_UNLIKELY",
      "headwearLikelihood": "VERY_UNLIKELY"
    },
    {
      "boundingPoly": {
        "vertices": [
          {
            "x": 449,
            "y": 36
          },
          {
            "x": 538,
            "y": 36
          },
          {
            "x": 538,
            "y": 139
          },
          {
            "x": 449,
            "y": 139
          }
        ]
      },
      "fdBoundingPoly": {
        "vertices": [
          {
            "x": 449,
            "y": 59
          },
          {
            "x": 526,
            "y": 59
          },
          {
            "x": 526,
            "y": 135
          },
          {
            "x": 449,
            "y": 135
          }
        ]
      },
      "landmarks": [
        {
          "type": "LEFT_EYE",
          "position": {
            "x": 463.84039306640625,
            "y": 92.5816879272461,
            "z": 0.0009989578975364566
          }
        },
        {
          "type": "RIGHT_EYE",
          "position": {
            "x": 474.48907470703125,
            "y": 91.93409729003906,
            "z": -24.91568946838379
          }
        },
        {
          "type": "LEFT_OF_LEFT_EYEBROW",
          "position": {
            "x": 460.3928527832031,
            "y": 85.96287536621094,
            "z": 8.613371849060059
          }
        },
        {
          "type": "RIGHT_OF_LEFT_EYEBROW",
          "position": {
            "x": 459.8338928222656,
            "y": 88.01776123046875,
            "z": -8.99885082244873
          }
        },
        {
          "type": "LEFT_OF_RIGHT_EYEBROW",
          "position": {
            "x": 464.9021301269531,
            "y": 87.60728454589844,
            "z": -21.060848236083984
          }
        },
        {
          "type": "RIGHT_OF_RIGHT_EYEBROW",
          "position": {
            "x": 477.78558349609375,
            "y": 84.51826477050781,
            "z": -32.87051010131836
          }
        },
        {
          "type": "MIDPOINT_BETWEEN_EYES",
          "position": {
            "x": 463.92742919921875,
            "y": 93.31472778320312,
            "z": -14.569820404052734
          }
        },
        {
          "type": "NOSE_TIP",
          "position": {
            "x": 461.9939880371094,
            "y": 109.91722869873047,
            "z": -15.922347068786621
          }
        },
        {
          "type": "UPPER_LIP",
          "position": {
            "x": 470.7938537597656,
            "y": 118.00981140136719,
            "z": -12.508395195007324
          }
        },
        {
          "type": "LOWER_LIP",
          "position": {
            "x": 475.54302978515625,
            "y": 125.61738586425781,
            "z": -10.813702583312988
          }
        },
        {
          "type": "MOUTH_LEFT",
          "position": {
            "x": 474.2686462402344,
            "y": 119.09530639648438,
            "z": 0.34412550926208496
          }
        },
        {
          "type": "MOUTH_RIGHT",
          "position": {
            "x": 482.7073669433594,
            "y": 118.44172668457031,
            "z": -19.20538330078125
          }
        },
        {
          "type": "MOUTH_CENTER",
          "position": {
            "x": 473.89044189453125,
            "y": 121.0947036743164,
            "z": -11.31200122833252
          }
        },
        {
          "type": "NOSE_BOTTOM_RIGHT",
          "position": {
            "x": 474.46142578125,
            "y": 108.15025329589844,
            "z": -18.646257400512695
          }
        },
        {
          "type": "NOSE_BOTTOM_LEFT",
          "position": {
            "x": 468.89056396484375,
            "y": 109.03861999511719,
            "z": -5.038099765777588
          }
        },
        {
          "type": "NOSE_BOTTOM_CENTER",
          "position": {
            "x": 468.443603515625,
            "y": 112.0689697265625,
            "z": -13.19094181060791
          }
        },
        {
          "type": "LEFT_EYE_TOP_BOUNDARY",
          "position": {
            "x": 461.64599609375,
            "y": 91.39630126953125,
            "z": -0.8375332355499268
          }
        },
        {
          "type": "LEFT_EYE_RIGHT_CORNER",
          "position": {
            "x": 466.0743408203125,
            "y": 92.50527954101562,
            "z": -4.884637355804443
          }
        },
        {
          "type": "LEFT_EYE_BOTTOM_BOUNDARY",
          "position": {
            "x": 464.2343444824219,
            "y": 94.3089828491211,
            "z": 0.1303967386484146
          }
        },
        {
          "type": "LEFT_EYE_LEFT_CORNER",
          "position": {
            "x": 463.91815185546875,
            "y": 91.91388702392578,
            "z": 5.904378890991211
          }
        },
        {
          "type": "LEFT_EYE_PUPIL",
          "position": {
            "x": 463.0816345214844,
            "y": 92.73272705078125,
            "z": 0.1812712550163269
          }
        },
        {
          "type": "RIGHT_EYE_TOP_BOUNDARY",
          "position": {
            "x": 472.0636901855469,
            "y": 90.5389404296875,
            "z": -25.67952537536621
          }
        },
        {
          "type": "RIGHT_EYE_RIGHT_CORNER",
          "position": {
            "x": 478.47955322265625,
            "y": 90.71337127685547,
            "z": -28.81134033203125
          }
        },
        {
          "type": "RIGHT_EYE_BOTTOM_BOUNDARY",
          "position": {
            "x": 474.72760009765625,
            "y": 93.49882507324219,
            "z": -24.6932315826416
          }
        },
        {
          "type": "RIGHT_EYE_LEFT_CORNER",
          "position": {
            "x": 472.3413391113281,
            "y": 92.0579833984375,
            "z": -19.764240264892578
          }
        },
        {
          "type": "RIGHT_EYE_PUPIL",
          "position": {
            "x": 473.7453918457031,
            "y": 91.87101745605469,
            "z": -25.320852279663086
          }
        },
        {
          "type": "LEFT_EYEBROW_UPPER_MIDPOINT",
          "position": {
            "x": 457.4535827636719,
            "y": 84.51028442382812,
            "z": -1.109473705291748
          }
        },
        {
          "type": "RIGHT_EYEBROW_UPPER_MIDPOINT",
          "position": {
            "x": 468.75311279296875,
            "y": 83.57697296142578,
            "z": -28.06367301940918
          }
        },
        {
          "type": "LEFT_EAR_TRAGION",
          "position": {
            "x": 490.22125244140625,
            "y": 94.02438354492188,
            "z": 29.6440486907959
          }
        },
        {
          "type": "RIGHT_EAR_TRAGION",
          "position": {
            "x": 513.94921875,
            "y": 91.94490051269531,
            "z": -26.840988159179688
          }
        },
        {
          "type": "FOREHEAD_GLABELLA",
          "position": {
            "x": 461.3697204589844,
            "y": 87.83415222167969,
            "z": -15.442968368530273
          }
        },
        {
          "type": "CHIN_GNATHION",
          "position": {
            "x": 483.0888671875,
            "y": 135.66226196289062,
            "z": -8.064838409423828
          }
        },
        {
          "type": "CHIN_LEFT_GONION",
          "position": {
            "x": 487.5675048828125,
            "y": 113.90821075439453,
            "z": 24.637676239013672
          }
        },
        {
          "type": "CHIN_RIGHT_GONION",
          "position": {
            "x": 508.948974609375,
            "y": 112.14469909667969,
            "z": -26.374820709228516
          }
        }
      ],
      "rollAngle": -19.2363224029541,
      "panAngle": -67.95201873779297,
      "tiltAngle": -6.008526802062988,
      "detectionConfidence": 0.6823569536209106,
      "landmarkingConfidence": 0.35309863090515137,
      "joyLikelihood": "VERY_UNLIKELY",
      "sorrowLikelihood": "VERY_UNLIKELY",
      "angerLikelihood": "VERY_UNLIKELY",
      "surpriseLikelihood": "VERY_UNLIKELY",
      "underExposedLikelihood": "VERY_UNLIKELY",
      "blurredLikelihood": "VERY_UNLIKELY",
      "headwearLikelihood": "VERY_UNLIKELY"
    }
  ]
}
