{
  "faceAnnotations": [
    {
      "boundingPoly": {
        "vertices": [
          {
            "x": 172,
            "y": 20
          },
          {
            "x": 261,
            "y": 20
          },
          {
            "x": 261,
            "y": 123
          },
          {
            "x": 172,
            "y": 123
          }
        ]
      },
      "fdBoundingPoly": {
        "vertices": [
          {
            "x": 193,
            "y": 51
          },
          {
            "x": 255,
            "y": 51
          },
          {
            "x": 255,
            "y": 114
          },
          {
            "x": 193,
            "y": 114
          }
        ]
      },
      "landmarks": [
        {
          "type": "LEFT_EYE",
          "position": {
            "x": 218.69488525390625,
            "y": 68.19392395019531,
            "z": -0.0005708945100195706
          }
        },
        {
          "type": "RIGHT_EYE",
          "position": {
            "x": 240.7401885986328,
            "y": 74.911865234375,
            "z": 9.576677322387695
          }
        },
        {
          "type": "LEFT_OF_LEFT_EYEBROW",
          "position": {
            "x": 209.6961669921875,
            "y": 59.935569763183594,
            "z": -2.0080554485321045
          }
        },
        {
          "type": "RIGHT_OF_LEFT_EYEBROW",
          "position": {
            "x": 226.4374237060547,
            "y": 65.34443664550781,
            "z": -3.1986711025238037
          }
        },
        {
          "type": "LEFT_OF_RIGHT_EYEBROW",
          "position": {
            "x": 237.95339965820312,
            "y": 68.80236053466797,
            "z": 1.6904860734939575
          }
        },
        {
          "type": "RIGHT_OF_RIGHT_EYEBROW",
          "position": {
            "x": 249.8397979736328,
            "y": 71.22879028320312,
            "z": 14.78906536102295
          }
        },
        {
          "type": "MIDPOINT_BETWEEN_EYES",
          "position": {
            "x": 230.48605346679688,
            "y": 72.11653137207031,
            "z": -0.6453269720077515
          }
        },
        {
          "type": "NOSE_TIP",
          "position": {
            "x": 228.82107543945312,
            "y": 88.86051177978516,
            "z": -6.71442174911499
          }
        },
        {
          "type": "UPPER_LIP",
          "position": {
            "x": 223.96116638183594,
            "y": 96.60324096679688,
            "z": -0.08530650287866592
          }
        },
        {
          "type": "LOWER_LIP",
          "position": {
            "x": 220.2115020751953,
            "y": 105.30567169189453,
            "z": 2.5558676719665527
          }
        },
        {
          "type": "MOUTH_LEFT",
          "position": {
            "x": 209.51583862304688,
            "y": 94.93841552734375,
            "z": 3.110266923904419
          }
        },
        {
          "type": "MOUTH_RIGHT",
          "position": {
            "x": 229.5842742919922,
            "y": 101.5135726928711,
            "z": 10.884073257446289
          }
        },
        {
          "type": "MOUTH_CENTER",
          "position": {
            "x": 222.14187622070312,
            "y": 99.83026123046875,
            "z": 2.098513603210449
          }
        },
        {
          "type": "NOSE_BOTTOM_RIGHT",
          "position": {
            "x": 231.42147827148438,
            "y": 91.10094451904297,
            "z": 5.948091983795166
          }
        },
        {
          "type": "NOSE_BOTTOM_LEFT",
          "position": {
            "x": 218.31304931640625,
            "y": 87.0648422241211,
            "z": 0.295912504196167
          }
        },
        {
          "type": "NOSE_BOTTOM_CENTER",
          "position": {
            "x": 225.4923858642578,
            "y": 92.11616516113281,
            "z": -0.597388744354248
          }
        },
        {
          "type": "LEFT_EYE_TOP_BOUNDARY",
          "position": {
            "x": 218.0031280517578,
            "y": 67.17546081542969,
            "z": -2.2471251487731934
          }
        },
        {
          "type": "LEFT_EYE_RIGHT_CORNER",
          "position": {
            "x": 221.8480987548828,
            "y": 70.33497619628906,
            "z": 1.7427887916564941
          }
        },
        {
          "type": "LEFT_EYE_BOTTOM_BOUNDARY",
          "position": {
            "x": 217.12156677246094,
            "y": 69.84513854980469,
            "z": -0.4882904291152954
          }
        },
        {
          "type": "LEFT_EYE_LEFT_CORNER",
          "position": {
            "x": 211.10958862304688,
            "y": 66.74476623535156,
            "z": -0.1446896642446518
          }
        },
        {
          "type": "LEFT_EYE_PUPIL",
          "position": {
            "x": 216.64109802246094,
            "y": 68.62487030029297,
            "z": -1.212093472480774
          }
        },
        {
          "type": "RIGHT_EYE_TOP_BOUNDARY",
          "position": {
            "x": 241.89439392089844,
            "y": 73.97401428222656,
            "z": 7.822811603546143
          }
        },
        {
          "type": "RIGHT_EYE_RIGHT_CORNER",
          "position": {
            "x": 244.6099853515625,
            "y": 76.34530639648438,
            "z": 13.9032564163208
          }
        },
        {
          "type": "RIGHT_EYE_BOTTOM_BOUNDARY",
          "position": {
            "x": 239.9462432861328,
            "y": 77.06532287597656,
            "z": 9.529829978942871
          }
        },
        {
          "type": "RIGHT_EYE_LEFT_CORNER",
          "position": {
            "x": 235.22837829589844,
            "y": 74.44183349609375,
            "z": 7.638706684112549
          }
        },
        {
          "type": "RIGHT_EYE_PUPIL",
          "position": {
            "x": 241.17971801757812,
            "y": 75.64458465576172,
            "z": 9.100608825683594
          }
        },
        {
          "type": "LEFT_EYEBROW_UPPER_MIDPOINT",
          "position": {
            "x": 219.72872924804688,
            "y": 59.79401397705078,
            "z": -4.585356712341309
          }
        },
        {
          "type": "RIGHT_EYEBROW_UPPER_MIDPOINT",
          "position": {
            "x": 245.69166564941406,
            "y": 67.17183685302734,
            "z": 6.338134765625
          }
        },
        {
          "type": "LEFT_EAR_TRAGION",
          "position": {
            "x": 186.4630584716797,
            "y": 70.66142272949219,
            "z": 24.806360244750977
          }
        },
        {
          "type": "RIGHT_EAR_TRAGION",
          "position": {
            "x": 240.7904052734375,
            "y": 86.07475280761719,
            "z": 47.710750579833984
          }
        },
        {
          "type": "FOREHEAD_GLABELLA",
          "position": {
            "x": 232.8579864501953,
            "y": 66.80043029785156,
            "z": -1.7323133945465088
          }
        },
        {
          "type": "CHIN_GNATHION",
          "position": {
            "x": 215.32290649414062,
            "y": 115.71456146240234,
            "z": 6.980982303619385
          }
        },
        {
          "type": "CHIN_LEFT_GONION",
          "position": {
            "x": 187.5090789794922,
            "y": 89.80665588378906,
            "z": 17.221511840820312
          }
        },
        {
          "type": "CHIN_RIGHT_GONION",
          "position": {
            "x": 236.58753967285156,
            "y": 103.74995422363281,
            "z": 37.88943099975586
          }
        }
      ],
      "rollAngle": 17.724390029907227,
      "panAngle": 22.11797523498535,
      "tiltAngle": -4.649433135986328,
      "detectionConfidence": 0.8327264785766602,
      "landmarkingConfidence": 0.7191827893257141,
      "joyLikelihood": "LIKELY",
      "sorrowLikelihood": "VERY_UNLIKELY",
      "angerLikelihood": "VERY_UNLIKELY",
      "surpriseLikelihood": "VERY_UNLIKELY",
      "underExposedLikelihood": "VERY_UNLIKELY",
      "blurredLikelihood": "VERY_UNLIKELY",
      "headwearLikelihood": "VERY_UNLIKELY"
    },
    {
      "boundingPoly": {
        "vertices": [
          {
            "x": 406,
            "y": 43
          },
          {
            "x": 515,
            "y": 43
          },
          {
            "x": 515,
            "y": 169
          },
          {
            "x": 406,
            "y": 169
          }
        ]
      },
      "fdBoundingPoly": {
        "vertices": [
          {
            "x": 409,
            "y": 73
          },
          {
            "x": 486,
            "y": 73
          },
          {
            "x": 486,
            "y": 150
          },
          {
            "x": 409,
            "y": 150
          }
        ]
      },
      "landmarks": [
        {
          "type": "LEFT_EYE",
          "position": {
            "x": 429.765625,
            "y": 97.82491302490234,
            "z": 0.0006541752954944968
          }
        },
        {
          "type": "RIGHT_EYE",
          "position": {
            "x": 453.4977111816406,
            "y": 96.35345458984375,
            "z": -20.820600509643555
          }
        },
        {
          "type": "LEFT_OF_LEFT_EYEBROW",
          "position": {
            "x": 423.1484375,
            "y": 91.40277099609375,
            "z": 10.865152359008789
          }
        },
        {
          "type": "RIGHT_OF_LEFT_EYEBROW",
          "position": {
            "x": 431.6605529785156,
            "y": 88.72744750976562,
            "z": -8.84456729888916
          }
        },
        {
          "type": "LEFT_OF_RIGHT_EYEBROW",
          "position": {
            "x": 443.6489562988281,
            "y": 87.5311050415039,
            "z": -19.222246170043945
          }
        },
        {
          "type": "RIGHT_OF_RIGHT_EYEBROW",
          "position": {
            "x": 464.5618591308594,
            "y": 87.5932388305664,
            "z": -24.839311599731445
          }
        },
        {
          "type": "MIDPOINT_BETWEEN_EYES",
          "position": {
            "x": 437.2762145996094,
            "y": 95.58745574951172,
            "z": -15.379624366760254
          }
        },
        {
          "type": "NOSE_TIP",
          "position": {
            "x": 429.7027587890625,
            "y": 112.0650863647461,
            "z": -25.266218185424805
          }
        },
        {
          "type": "UPPER_LIP",
          "position": {
            "x": 434.8468933105469,
            "y": 123.62845611572266,
            "z": -21.072202682495117
          }
        },
        {
          "type": "LOWER_LIP",
          "position": {
            "x": 435.8936767578125,
            "y": 138.10516357421875,
            "z": -21.030494689941406
          }
        },
        {
          "type": "MOUTH_LEFT",
          "position": {
            "x": 430.4544372558594,
            "y": 131.13304138183594,
            "z": -6.561878204345703
          }
        },
        {
          "type": "MOUTH_RIGHT",
          "position": {
            "x": 455.63238525390625,
            "y": 128.28814697265625,
            "z": -23.630733489990234
          }
        },
        {
          "type": "MOUTH_CENTER",
          "position": {
            "x": 436.1416931152344,
            "y": 131.2531280517578,
            "z": -20.066144943237305
          }
        },
        {
          "type": "NOSE_BOTTOM_RIGHT",
          "position": {
            "x": 445.4314270019531,
            "y": 113.90582275390625,
            "z": -21.858726501464844
          }
        },
        {
          "type": "NOSE_BOTTOM_LEFT",
          "position": {
            "x": 431.4026184082031,
            "y": 116.66630554199219,
            "z": -10.165342330932617
          }
        },
        {
          "type": "NOSE_BOTTOM_CENTER",
          "position": {
            "x": 434.7098388671875,
            "y": 117.9671630859375,
            "z": -20.281248092651367
          }
        },
        {
          "type": "LEFT_EYE_TOP_BOUNDARY",
          "position": {
            "x": 427.8405456542969,
            "y": 95.39753723144531,
            "z": -1.0314511060714722
          }
        },
        {
          "type": "LEFT_EYE_RIGHT_CORNER",
          "position": {
            "x": 433.9587097167969,
            "y": 98.32688903808594,
            "z": -3.879917860031128
          }
        },
        {
          "type": "LEFT_EYE_BOTTOM_BOUNDARY",
          "position": {
            "x": 428.8064880371094,
            "y": 99.90809631347656,
            "z": -0.18961916863918304
          }
        },
        {
          "type": "LEFT_EYE_LEFT_CORNER",
          "position": {
            "x": 426.2260437011719,
            "y": 98.8619613647461,
            "z": 6.801568984985352
          }
        },
        {
          "type": "LEFT_EYE_PUPIL",
          "position": {
            "x": 428.26422119140625,
            "y": 97.826171875,
            "z": 0.018146073445677757
          }
        },
        {
          "type": "RIGHT_EYE_TOP_BOUNDARY",
          "position": {
            "x": 452.61572265625,
            "y": 93.16856384277344,
            "z": -22.3825740814209
          }
        },
        {
          "type": "RIGHT_EYE_RIGHT_CORNER",
          "position": {
            "x": 460.84991455078125,
            "y": 95.80677795410156,
            "z": -23.062000274658203
          }
        },
        {
          "type": "RIGHT_EYE_BOTTOM_BOUNDARY",
          "position": {
            "x": 453.7720031738281,
            "y": 98.10684204101562,
            "z": -21.579160690307617
          }
        },
        {
          "type": "RIGHT_EYE_LEFT_CORNER",
          "position": {
            "x": 448.6387023925781,
            "y": 96.99665069580078,
            "z": -16.63949966430664
          }
        },
        {
          "type": "RIGHT_EYE_PUPIL",
          "position": {
            "x": 453.6761474609375,
            "y": 95.54142761230469,
            "z": -21.934885025024414
          }
        },
        {
          "type": "LEFT_EYEBROW_UPPER_MIDPOINT",
          "position": {
            "x": 426.0166320800781,
            "y": 85.79922485351562,
            "z": -0.028775380924344063
          }
        },
        {
          "type": "RIGHT_EYEBROW_UPPER_MIDPOINT",
          "position": {
            "x": 452.9229736328125,
            "y": 83.34799194335938,
            "z": -23.188880920410156
          }
        },
        {
          "type": "LEFT_EAR_TRAGION",
          "position": {
            "x": 439.51702880859375,
            "y": 120.42312622070312,
            "z": 41.877593994140625
          }
        },
        {
          "type": "RIGHT_EAR_TRAGION",
          "position": {
            "x": 495.7613830566406,
            "y": 115.26593780517578,
            "z": -6.680454730987549
          }
        },
        {
          "type": "FOREHEAD_GLABELLA",
          "position": {
            "x": 436.8724365234375,
            "y": 87.58251190185547,
            "z": -14.921868324279785
          }
        },
        {
          "type": "CHIN_GNATHION",
          "position": {
            "x": 438.29876708984375,
            "y": 152.335205078125,
            "z": -19.745372772216797
          }
        },
        {
          "type": "CHIN_LEFT_GONION",
          "position": {
            "x": 432.8052978515625,
            "y": 139.1280517578125,
            "z": 26.562713623046875
          }
        },
        {
          "type": "CHIN_RIGHT_GONION",
          "position": {
            "x": 483.6380920410156,
            "y": 134.6699981689453,
            "z": -17.25410270690918
          }
        }
      ],
      "rollAngle": 1.8812456130981445,
      "panAngle": -41.115543365478516,
      "tiltAngle": 8.14039421081543,
      "detectionConfidence": 0.9896801114082336,
      "landmarkingConfidence": 0.6149957776069641,
      "joyLikelihood": "VERY_LIKELY",
      "sorrowLikelihood": "VERY_UNLIKELY",
      "angerLikelihood": "VERY_UNLIKELY",
      "surpriseLikelihood": "VERY_UNLIKELY",
      "underExposedLikelihood": "VERY_UNLIKELY",
      "blurredLikelihood": "VERY_UNLIKELY",
      "headwearLikelihood": "VERY_UNLIKELY"
    }
  ]
}
