{
  "faceAnnotations": [
    {
      "boundingPoly": {
        "vertices": [
          {
            "x": 437,
            "y": 33
          },
          {
            "x": 554,
            "y": 33
          },
          {
            "x": 554,
            "y": 168
          },
          {
            "x": 437,
            "y": 168
          }
        ]
      },
      "fdBoundingPoly": {
        "vertices": [
          {
            "x": 441,
            "y": 63
          },
          {
            "x": 532,
            "y": 63
          },
          {
            "x": 532,
            "y": 154
          },
          {
            "x": 441,
            "y": 154
          }
        ]
      },
      "landmarks": [
        {
          "type": "LEFT_EYE",
          "position": {
            "x": 460.13165283203125,
            "y": 93.07171630859375,
            "z": 0.00115734594874084
          }
        },
        {
          "type": "RIGHT_EYE",
          "position": {
            "x": 473.94110107421875,
            "y": 93.08253479003906,
            "z": -30.224811553955078
          }
        },
        {
          "type": "LEFT_OF_LEFT_EYEBROW",
          "position": {
            "x": 457.1079406738281,
            "y": 84.24992370605469,
            "z": 12.526742935180664
          }
        },
        {
          "type": "RIGHT_OF_LEFT_EYEBROW",
          "position": {
            "x": 457.7247619628906,
            "y": 84.36614990234375,
            "z": -11.400805473327637
          }
        },
        {
          "type": "LEFT_OF_RIGHT_EYEBROW",
          "position": {
            "x": 466.0979309082031,
            "y": 84.42066192626953,
            "z": -27.152301788330078
          }
        },
        {
          "type": "RIGHT_OF_RIGHT_EYEBROW",
          "position": {
            "x": 485.4806213378906,
            "y": 85.77511596679688,
            "z": -41.71729278564453
          }
        },
        {
          "type": "MIDPOINT_BETWEEN_EYES",
          "position": {
            "x": 462.6078186035156,
            "y": 93.01480102539062,
            "z": -19.30885887145996
          }
        },
        {
          "type": "NOSE_TIP",
          "position": {
            "x": 453.5352783203125,
            "y": 112.40296936035156,
            "z": -23.8230037689209
          }
        },
        {
          "type": "UPPER_LIP",
          "position": {
            "x": 460.3099365234375,
            "y": 124.330322265625,
            "z": -19.962404251098633
          }
        },
        {
          "type": "LOWER_LIP",
          "position": {
            "x": 462.0136413574219,
            "y": 140.5150909423828,
            "z": -18.550554275512695
          }
        },
        {
          "type": "MOUTH_LEFT",
          "position": {
            "x": 461.4096374511719,
            "y": 131.5858612060547,
            "z": -2.786745309829712
          }
        },
        {
          "type": "MOUTH_RIGHT",
          "position": {
            "x": 476.4104309082031,
            "y": 130.02645874023438,
            "z": -28.662242889404297
          }
        },
        {
          "type": "MOUTH_CENTER",
          "position": {
            "x": 462.4901123046875,
            "y": 132.8062744140625,
            "z": -18.62750244140625
          }
        },
        {
          "type": "NOSE_BOTTOM_RIGHT",
          "position": {
            "x": 468.2202453613281,
            "y": 115.50981140136719,
            "z": -26.34734535217285
          }
        },
        {
          "type": "NOSE_BOTTOM_LEFT",
          "position": {
            "x": 459.49688720703125,
            "y": 115.68832397460938,
            "z": -8.882225036621094
          }
        },
        {
          "type": "NOSE_BOTTOM_CENTER",
          "position": {
            "x": 460.124267578125,
            "y": 118.66815185546875,
            "z": -20.109968185424805
          }
        },
        {
          "type": "LEFT_EYE_TOP_BOUNDARY",
          "position": {
            "x": 457.5112609863281,
            "y": 90.52049255371094,
            "z": -0.8704915642738342
          }
        },
        {
          "type": "LEFT_EYE_RIGHT_CORNER",
          "position": {
            "x": 463.04827880859375,
            "y": 93.40069580078125,
            "z": -6.1724371910095215
          }
        },
        {
          "type": "LEFT_EYE_BOTTOM_BOUNDARY",
          "position": {
            "x": 459.39678955078125,
            "y": 95.51152038574219,
            "z": 0.11587367206811905
          }
        },
        {
          "type": "LEFT_EYE_LEFT_CORNER",
          "position": {
            "x": 459.27239990234375,
            "y": 93.04298400878906,
            "z": 8.168505668640137
          }
        },
        {
          "type": "LEFT_EYE_PUPIL",
          "position": {
            "x": 458.655517578125,
            "y": 93.019775390625,
            "z": 0.4101483225822449
          }
        },
        {
          "type": "RIGHT_EYE_TOP_BOUNDARY",
          "position": {
            "x": 474.0649719238281,
            "y": 90.9500732421875,
            "z": -33.285133361816406
          }
        },
        {
          "type": "RIGHT_EYE_RIGHT_CORNER",
          "position": {
            "x": 481.94866943359375,
            "y": 93.86811828613281,
            "z": -36.85994338989258
          }
        },
        {
          "type": "RIGHT_EYE_BOTTOM_BOUNDARY",
          "position": {
            "x": 474.3542175292969,
            "y": 95.52183532714844,
            "z": -31.99506950378418
          }
        },
        {
          "type": "RIGHT_EYE_LEFT_CORNER",
          "position": {
            "x": 471.9988708496094,
            "y": 93.67901611328125,
            "z": -25.298038482666016
          }
        },
        {
          "type": "RIGHT_EYE_PUPIL",
          "position": {
            "x": 475.6340637207031,
            "y": 93.4510498046875,
            "z": -32.89728546142578
          }
        },
        {
          "type": "LEFT_EYEBROW_UPPER_MIDPOINT",
          "position": {
            "x": 455.3076171875,
            "y": 79.87544250488281,
            "z": -0.46304917335510254
          }
        },
        {
          "type": "RIGHT_EYEBROW_UPPER_MIDPOINT",
          "position": {
            "x": 473.3414306640625,
            "y": 80.34796142578125,
            "z": -35.61121368408203
          }
        },
        {
          "type": "LEFT_EAR_TRAGION",
          "position": {
            "x": 488.9089050292969,
            "y": 110.82756042480469,
            "z": 41.210548400878906
          }
        },
        {
          "type": "RIGHT_EAR_TRAGION",
          "position": {
            "x": 523.5684814453125,
            "y": 112.72691345214844,
            "z": -31.377782821655273
          }
        },
        {
          "type": "FOREHEAD_GLABELLA",
          "position": {
            "x": 460.6803894042969,
            "y": 84.06111145019531,
            "z": -19.87278938293457
          }
        },
        {
          "type": "CHIN_GNATHION",
          "position": {
            "x": 465.365234375,
            "y": 157.85061645507812,
            "z": -16.218320846557617
          }
        },
        {
          "type": "CHIN_LEFT_GONION",
          "position": {
            "x": 477.39715576171875,
            "y": 134.48947143554688,
            "z": 31.226884841918945
          }
        },
        {
          "type": "CHIN_RIGHT_GONION",
          "position": {
            "x": 511.4488525390625,
            "y": 135.04542541503906,
            "z": -34.96316146850586
          }
        }
      ],
      "rollAngle": 0.167455792427063,
      "panAngle": -62.83485794067383,
      "tiltAngle": -0.6463419198989868,
      "detectionConfidence": 0.9993487596511841,
      "landmarkingConfidence": 0.6180738210678101,
      "joyLikelihood": "VERY_UNLIKELY",
      "sorrowLikelihood": "VERY_UNLIKELY",
      "angerLikelihood": "VERY_UNLIKELY",
      "surpriseLikelihood": "VERY_UNLIKELY",
      "underExposedLikelihood": "VERY_UNLIKELY",
      "blurredLikelihood": "VERY_UNLIKELY",
      "headwearLikelihood": "VERY_UNLIKELY"
    },
    {
      "boundingPoly": {
        "vertices": [
          {
            "x": 109
          },
          {
            "x": 233
          },
          {
            "x": 233,
            "y": 136
          },
          {
            "x": 109,
            "y": 136
          }
        ]
      },
      "fdBoundingPoly": {
        "vertices": [
          {
            "x": 146,
            "y": 34
          },
          {
            "x": 233,
            "y": 34
          },
          {
            "x": 233,
            "y": 121
          },
          {
            "x": 146,
            "y": 121
          }
        ]
      },
      "landmarks": [
        {
          "type": "LEFT_EYE",
          "position": {
            "x": 208.7384033203125,
            "y": 65.4990234375,
            "z": -8.218755829147995e-05
          }
        },
        {
          "type": "RIGHT_EYE",
          "position": {
            "x": 211.80325317382812,
            "y": 65.43173217773438,
            "z": 36.200965881347656
          }
        },
        {
          "type": "LEFT_OF_LEFT_EYEBROW",
          "position": {
            "x": 201.71202087402344,
            "y": 56.931915283203125,
            "z": -14.147970199584961
          }
        },
        {
          "type": "RIGHT_OF_LEFT_EYEBROW",
          "position": {
            "x": 217.5164031982422,
            "y": 59.15480422973633,
            "z": 7.768060207366943
          }
        },
        {
          "type": "LEFT_OF_RIGHT_EYEBROW",
          "position": {
            "x": 219.5985565185547,
            "y": 58.694427490234375,
            "z": 25.60409927368164
          }
        },
        {
          "type": "RIGHT_OF_RIGHT_EYEBROW",
          "position": {
            "x": 211.7804718017578,
            "y": 55.91904067993164,
            "z": 48.66292953491211
          }
        },
        {
          "type": "MIDPOINT_BETWEEN_EYES",
          "position": {
            "x": 217.32046508789062,
            "y": 66.64193725585938,
            "z": 16.966632843017578
          }
        },
        {
          "type": "NOSE_TIP",
          "position": {
            "x": 222.3860626220703,
            "y": 90.11090850830078,
            "z": 16.787067413330078
          }
        },
        {
          "type": "UPPER_LIP",
          "position": {
            "x": 211.56088256835938,
            "y": 100.05125427246094,
            "z": 18.334447860717773
          }
        },
        {
          "type": "LOWER_LIP",
          "position": {
            "x": 205.92864990234375,
            "y": 113.0660171508789,
            "z": 19.267702102661133
          }
        },
        {
          "type": "MOUTH_LEFT",
          "position": {
            "x": 197.40199279785156,
            "y": 102.2387924194336,
            "z": 4.497669696807861
          }
        },
        {
          "type": "MOUTH_RIGHT",
          "position": {
            "x": 202.24765014648438,
            "y": 103.28517150878906,
            "z": 34.28213882446289
          }
        },
        {
          "type": "MOUTH_CENTER",
          "position": {
            "x": 207.24319458007812,
            "y": 105.84024047851562,
            "z": 18.945547103881836
          }
        },
        {
          "type": "NOSE_BOTTOM_RIGHT",
          "position": {
            "x": 209.8004913330078,
            "y": 88.85975646972656,
            "z": 28.616132736206055
          }
        },
        {
          "type": "NOSE_BOTTOM_LEFT",
          "position": {
            "x": 208.64842224121094,
            "y": 89.69869995117188,
            "z": 8.831680297851562
          }
        },
        {
          "type": "NOSE_BOTTOM_CENTER",
          "position": {
            "x": 213.44436645507812,
            "y": 94.06319427490234,
            "z": 17.997364044189453
          }
        },
        {
          "type": "LEFT_EYE_TOP_BOUNDARY",
          "position": {
            "x": 210.48497009277344,
            "y": 64.30870056152344,
            "z": -0.9309877753257751
          }
        },
        {
          "type": "LEFT_EYE_RIGHT_CORNER",
          "position": {
            "x": 209.082763671875,
            "y": 66.57432556152344,
            "z": 7.027531623840332
          }
        },
        {
          "type": "LEFT_EYE_BOTTOM_BOUNDARY",
          "position": {
            "x": 208.46766662597656,
            "y": 68.10020446777344,
            "z": -0.33252382278442383
          }
        },
        {
          "type": "LEFT_EYE_LEFT_CORNER",
          "position": {
            "x": 203.00099182128906,
            "y": 65.92435455322266,
            "z": -7.527652263641357
          }
        },
        {
          "type": "LEFT_EYE_PUPIL",
          "position": {
            "x": 208.2101593017578,
            "y": 66.40040588378906,
            "z": -1.1672958135604858
          }
        },
        {
          "type": "RIGHT_EYE_TOP_BOUNDARY",
          "position": {
            "x": 214.77401733398438,
            "y": 63.554813385009766,
            "z": 35.851463317871094
          }
        },
        {
          "type": "RIGHT_EYE_RIGHT_CORNER",
          "position": {
            "x": 209.35206604003906,
            "y": 64.62767028808594,
            "z": 43.985172271728516
          }
        },
        {
          "type": "RIGHT_EYE_BOTTOM_BOUNDARY",
          "position": {
            "x": 211.456298828125,
            "y": 67.95729064941406,
            "z": 36.336212158203125
          }
        },
        {
          "type": "RIGHT_EYE_LEFT_CORNER",
          "position": {
            "x": 210.7108154296875,
            "y": 65.84840393066406,
            "z": 28.9753360748291
          }
        },
        {
          "type": "RIGHT_EYE_PUPIL",
          "position": {
            "x": 212.63424682617188,
            "y": 65.65985107421875,
            "z": 36.56492233276367
          }
        },
        {
          "type": "LEFT_EYEBROW_UPPER_MIDPOINT",
          "position": {
            "x": 214.37826538085938,
            "y": 54.29490280151367,
            "z": -3.2097387313842773
          }
        },
        {
          "type": "RIGHT_EYEBROW_UPPER_MIDPOINT",
          "position": {
            "x": 219.0943603515625,
            "y": 53.49779510498047,
            "z": 36.75388717651367
          }
        },
        {
          "type": "LEFT_EAR_TRAGION",
          "position": {
            "x": 152.1172332763672,
            "y": 74.18927764892578,
            "z": -19.881921768188477
          }
        },
        {
          "type": "RIGHT_EAR_TRAGION",
          "position": {
            "x": 165.72113037109375,
            "y": 71.72438049316406,
            "z": 65.89839172363281
          }
        },
        {
          "type": "FOREHEAD_GLABELLA",
          "position": {
            "x": 219.9878387451172,
            "y": 58.78282928466797,
            "z": 16.46632957458496
          }
        },
        {
          "type": "CHIN_GNATHION",
          "position": {
            "x": 198.38873291015625,
            "y": 128.23828125,
            "z": 20.535253524780273
          }
        },
        {
          "type": "CHIN_LEFT_GONION",
          "position": {
            "x": 165.2703399658203,
            "y": 100.10774230957031,
            "z": -14.776700973510742
          }
        },
        {
          "type": "CHIN_RIGHT_GONION",
          "position": {
            "x": 174.2720489501953,
            "y": 98.19031524658203,
            "z": 61.23512268066406
          }
        }
      ],
      "rollAngle": 13.208414077758789,
      "panAngle": 83.68075561523438,
      "tiltAngle": -2.6908745765686035,
      "detectionConfidence": 0.982914924621582,
      "landmarkingConfidence": 0.47690510749816895,
      "joyLikelihood": "LIKELY",
      "sorrowLikelihood": "VERY_UNLIKELY",
      "angerLikelihood": "VERY_UNLIKELY",
      "surpriseLikelihood": "VERY_UNLIKELY",
      "underExposedLikelihood": "VERY_UNLIKELY",
      "blurredLikelihood": "VERY_UNLIKELY",
      "headwearLikelihood": "VERY_UNLIKELY"
    }
  ]
}
