{
  "faceAnnotations": [
    {
      "boundingPoly": {
        "vertices": [
          {
            "x": 281
          },
          {
            "x": 372
          },
          {
            "x": 372,
            "y": 95
          },
          {
            "x": 281,
            "y": 95
          }
        ]
      },
      "fdBoundingPoly": {
        "vertices": [
          {
            "x": 281,
            "y": 21
          },
          {
            "x": 348,
            "y": 21
          },
          {
            "x": 348,
            "y": 88
          },
          {
            "x": 281,
            "y": 88
          }
        ]
      },
      "landmarks": [
        {
          "type": "LEFT_EYE",
          "position": {
            "x": 297.754638671875,
            "y": 41.07482147216797,
            "z": 0.0005716075538657606
          }
        },
        {
          "type": "RIGHT_EYE",
          "position": {
            "x": 303.4926452636719,
            "y": 44.57135009765625,
            "z": -26.483463287353516
          }
        },
        {
          "type": "LEFT_OF_LEFT_EYEBROW",
          "position": {
            "x": 297.1106872558594,
            "y": 32.838069915771484,
            "z": 8.299886703491211
          }
        },
        {
          "type": "RIGHT_OF_LEFT_EYEBROW",
          "position": {
            "x": 293.1038513183594,
            "y": 36.829185485839844,
            "z": -9.204715728759766
          }
        },
        {
          "type": "LEFT_OF_RIGHT_EYEBROW",
          "position": {
            "x": 295.87738037109375,
            "y": 39.380184173583984,
            "z": -22.1304874420166
          }
        },
        {
          "type": "RIGHT_OF_RIGHT_EYEBROW",
          "position": {
            "x": 309.4394836425781,
            "y": 40.09479904174805,
            "z": -37.1568603515625
          }
        },
        {
          "type": "MIDPOINT_BETWEEN_EYES",
          "position": {
            "x": 295.2502136230469,
            "y": 43.97133255004883,
            "z": -14.635066986083984
          }
        },
        {
          "type": "NOSE_TIP",
          "position": {
            "x": 290.5331726074219,
            "y": 61.569801330566406,
            "z": -13.170848846435547
          }
        },
        {
          "type": "UPPER_LIP",
          "position": {
            "x": 297.8587646484375,
            "y": 69.03455352783203,
            "z": -10.11221694946289
          }
        },
        {
          "type": "LOWER_LIP",
          "position": {
            "x": 300.8959045410156,
            "y": 77.66708374023438,
            "z": -7.966643333435059
          }
        },
        {
          "type": "MOUTH_LEFT",
          "position": {
            "x": 303.1966247558594,
            "y": 69.90430450439453,
            "z": 2.6702611446380615
          }
        },
        {
          "type": "MOUTH_RIGHT",
          "position": {
            "x": 309.0662536621094,
            "y": 70.91604614257812,
            "z": -19.1407413482666
          }
        },
        {
          "type": "MOUTH_CENTER",
          "position": {
            "x": 300.5079040527344,
            "y": 72.76187133789062,
            "z": -8.86901569366455
          }
        },
        {
          "type": "NOSE_BOTTOM_RIGHT",
          "position": {
            "x": 301.0325927734375,
            "y": 61.6282958984375,
            "z": -17.736377716064453
          }
        },
        {
          "type": "NOSE_BOTTOM_LEFT",
          "position": {
            "x": 298.77117919921875,
            "y": 59.39817810058594,
            "z": -3.4506492614746094
          }
        },
        {
          "type": "NOSE_BOTTOM_CENTER",
          "position": {
            "x": 296.7188720703125,
            "y": 64.5576171875,
            "z": -11.114996910095215
          }
        },
        {
          "type": "LEFT_EYE_TOP_BOUNDARY",
          "position": {
            "x": 295.64630126953125,
            "y": 39.61406326293945,
            "z": -0.7278105616569519
          }
        },
        {
          "type": "LEFT_EYE_RIGHT_CORNER",
          "position": {
            "x": 299.1445007324219,
            "y": 42.12196350097656,
            "z": -5.2890777587890625
          }
        },
        {
          "type": "LEFT_EYE_BOTTOM_BOUNDARY",
          "position": {
            "x": 297.8531188964844,
            "y": 43.01726531982422,
            "z": 0.30480363965034485
          }
        },
        {
          "type": "LEFT_EYE_LEFT_CORNER",
          "position": {
            "x": 298.95953369140625,
            "y": 39.83709716796875,
            "z": 5.863619327545166
          }
        },
        {
          "type": "LEFT_EYE_PUPIL",
          "position": {
            "x": 297.0337219238281,
            "y": 41.17461013793945,
            "z": 0.30121639370918274
          }
        },
        {
          "type": "RIGHT_EYE_TOP_BOUNDARY",
          "position": {
            "x": 301.9595031738281,
            "y": 43.775665283203125,
            "z": -27.542394638061523
          }
        },
        {
          "type": "RIGHT_EYE_RIGHT_CORNER",
          "position": {
            "x": 308.189453125,
            "y": 45.364166259765625,
            "z": -31.756879806518555
          }
        },
        {
          "type": "RIGHT_EYE_BOTTOM_BOUNDARY",
          "position": {
            "x": 303.9960632324219,
            "y": 46.95831298828125,
            "z": -26.48522186279297
          }
        },
        {
          "type": "RIGHT_EYE_LEFT_CORNER",
          "position": {
            "x": 302.2320556640625,
            "y": 44.61933898925781,
            "z": -21.240488052368164
          }
        },
        {
          "type": "RIGHT_EYE_PUPIL",
          "position": {
            "x": 303.46502685546875,
            "y": 45.43888854980469,
            "z": -27.221776962280273
          }
        },
        {
          "type": "LEFT_EYEBROW_UPPER_MIDPOINT",
          "position": {
            "x": 292.74200439453125,
            "y": 31.917919158935547,
            "z": -1.3827497959136963
          }
        },
        {
          "type": "RIGHT_EYEBROW_UPPER_MIDPOINT",
          "position": {
            "x": 299.6265869140625,
            "y": 36.44796371459961,
            "z": -30.501489639282227
          }
        },
        {
          "type": "LEFT_EAR_TRAGION",
          "position": {
            "x": 329.0675048828125,
            "y": 44.932334899902344,
            "z": 26.45309829711914
          }
        },
        {
          "type": "RIGHT_EAR_TRAGION",
          "position": {
            "x": 343.45965576171875,
            "y": 54.35491943359375,
            "z": -34.5833625793457
          }
        },
        {
          "type": "FOREHEAD_GLABELLA",
          "position": {
            "x": 293.5706481933594,
            "y": 37.73655700683594,
            "z": -15.999597549438477
          }
        },
        {
          "type": "CHIN_GNATHION",
          "position": {
            "x": 307.61517333984375,
            "y": 90.11219787597656,
            "z": -4.63893985748291
          }
        },
        {
          "type": "CHIN_LEFT_GONION",
          "position": {
            "x": 322.2845458984375,
            "y": 64.93484497070312,
            "z": 25.05722427368164
          }
        },
        {
          "type": "CHIN_RIGHT_GONION",
          "position": {
            "x": 335.83123779296875,
            "y": 75.11621856689453,
            "z": -30.532358169555664
          }
        }
      ],
      "rollAngle": -9.397748947143555,
      "panAngle": -78.47425079345703,
      "tiltAngle": -10.859496116638184,
      "detectionConfidence": 0.9112285375595093,
      "landmarkingConfidence": 0.5321323871612549,
      "joyLikelihood": "VERY_UNLIKELY",
      "sorrowLikelihood": "VERY_UNLIKELY",
      "angerLikelihood": "VERY_UNLIKELY",
      "surpriseLikelihood": "VERY_UNLIKELY",
      "underExposedLikelihood": "VERY_UNLIKELY",
      "blurredLikelihood": "VERY_UNLIKELY",
      "headwearLikelihood": "VERY_UNLIKELY"
    },
    {
      "boundingPoly": {
        "vertices": [
          {
            "x": 37,
            "y": 1
          },
          {
            "x": 118,
            "y": 1
          },
          {
            "x": 118,
            "y": 95
          },
          {
            "x": 37,
            "y": 95
          }
        ]
      },
      "fdBoundingPoly": {
        "vertices": [
          {
            "x": 62,
            "y": 29
          },
          {
            "x": 118,
            "y": 29
          },
          {
            "x": 118,
            "y": 86
          },
          {
            "x": 62,
            "y": 86
          }
        ]
      },
      "landmarks": [
        {
          "type": "LEFT_EYE",
          "position": {
            "x": 102.78199005126953,
            "y": 47.13256072998047,
            "z": 0.000199990943656303
          }
        },
        {
          "type": "RIGHT_EYE",
          "position": {
            "x": 101.01041412353516,
            "y": 47.00872802734375,
            "z": 24.51772689819336
          }
        },
        {
          "type": "LEFT_OF_LEFT_EYEBROW",
          "position": {
            "x": 101.18158721923828,
            "y": 41.711360931396484,
            "z": -8.520270347595215
          }
        },
        {
          "type": "RIGHT_OF_LEFT_EYEBROW",
          "position": {
            "x": 107.65095520019531,
            "y": 42.13705825805664,
            "z": 6.599700927734375
          }
        },
        {
          "type": "LEFT_OF_RIGHT_EYEBROW",
          "position": {
            "x": 106.95063781738281,
            "y": 41.972137451171875,
            "z": 18.510183334350586
          }
        },
        {
          "type": "RIGHT_OF_RIGHT_EYEBROW",
          "position": {
            "x": 99.08519744873047,
            "y": 40.82166290283203,
            "z": 32.62785339355469
          }
        },
        {
          "type": "MIDPOINT_BETWEEN_EYES",
          "position": {
            "x": 106.935791015625,
            "y": 47.44635009765625,
            "z": 12.608663558959961
          }
        },
        {
          "type": "NOSE_TIP",
          "position": {
            "x": 111.69686126708984,
            "y": 61.71636199951172,
            "z": 13.126877784729004
          }
        },
        {
          "type": "UPPER_LIP",
          "position": {
            "x": 104.9610595703125,
            "y": 69.85493469238281,
            "z": 12.848941802978516
          }
        },
        {
          "type": "LOWER_LIP",
          "position": {
            "x": 101.90003967285156,
            "y": 78.47859954833984,
            "z": 12.794031143188477
          }
        },
        {
          "type": "MOUTH_LEFT",
          "position": {
            "x": 97.88946533203125,
            "y": 73.02452087402344,
            "z": 2.700058937072754
          }
        },
        {
          "type": "MOUTH_RIGHT",
          "position": {
            "x": 97.30033111572266,
            "y": 72.65582275390625,
            "z": 22.112197875976562
          }
        },
        {
          "type": "MOUTH_CENTER",
          "position": {
            "x": 102.55115509033203,
            "y": 73.8570785522461,
            "z": 12.762392044067383
          }
        },
        {
          "type": "NOSE_BOTTOM_RIGHT",
          "position": {
            "x": 101.9668960571289,
            "y": 62.544677734375,
            "z": 19.283803939819336
          }
        },
        {
          "type": "NOSE_BOTTOM_LEFT",
          "position": {
            "x": 103.09416961669922,
            "y": 62.78343200683594,
            "z": 5.963834762573242
          }
        },
        {
          "type": "NOSE_BOTTOM_CENTER",
          "position": {
            "x": 105.92030334472656,
            "y": 65.10686492919922,
            "z": 12.821137428283691
          }
        },
        {
          "type": "LEFT_EYE_TOP_BOUNDARY",
          "position": {
            "x": 104.3108139038086,
            "y": 45.945960998535156,
            "z": 0.12377721071243286
          }
        },
        {
          "type": "LEFT_EYE_RIGHT_CORNER",
          "position": {
            "x": 103.04931640625,
            "y": 47.364017486572266,
            "z": 4.979287147521973
          }
        },
        {
          "type": "LEFT_EYE_BOTTOM_BOUNDARY",
          "position": {
            "x": 102.58594512939453,
            "y": 48.776668548583984,
            "z": 0.07469192892313004
          }
        },
        {
          "type": "LEFT_EYE_LEFT_CORNER",
          "position": {
            "x": 99.44901275634766,
            "y": 47.32479476928711,
            "z": -5.3027424812316895
          }
        },
        {
          "type": "LEFT_EYE_PUPIL",
          "position": {
            "x": 103.00357055664062,
            "y": 47.4713134765625,
            "z": -0.3104468882083893
          }
        },
        {
          "type": "RIGHT_EYE_TOP_BOUNDARY",
          "position": {
            "x": 102.8624267578125,
            "y": 45.578819274902344,
            "z": 24.665706634521484
          }
        },
        {
          "type": "RIGHT_EYE_RIGHT_CORNER",
          "position": {
            "x": 98.45182037353516,
            "y": 46.69154357910156,
            "z": 29.31358528137207
          }
        },
        {
          "type": "RIGHT_EYE_BOTTOM_BOUNDARY",
          "position": {
            "x": 100.97943115234375,
            "y": 48.69892120361328,
            "z": 24.58218765258789
          }
        },
        {
          "type": "RIGHT_EYE_LEFT_CORNER",
          "position": {
            "x": 100.57940673828125,
            "y": 47.44541931152344,
            "z": 19.706024169921875
          }
        },
        {
          "type": "RIGHT_EYE_PUPIL",
          "position": {
            "x": 101.55599212646484,
            "y": 47.09953308105469,
            "z": 24.87071418762207
          }
        },
        {
          "type": "LEFT_EYEBROW_UPPER_MIDPOINT",
          "position": {
            "x": 106.6043930053711,
            "y": 39.08506774902344,
            "z": -0.8888800740242004
          }
        },
        {
          "type": "RIGHT_EYEBROW_UPPER_MIDPOINT",
          "position": {
            "x": 105.046875,
            "y": 38.674072265625,
            "z": 25.741653442382812
          }
        },
        {
          "type": "LEFT_EAR_TRAGION",
          "position": {
            "x": 71.51882934570312,
            "y": 55.1718864440918,
            "z": -17.34048080444336
          }
        },
        {
          "type": "RIGHT_EAR_TRAGION",
          "position": {
            "x": 68.29027557373047,
            "y": 54.26617431640625,
            "z": 38.440086364746094
          }
        },
        {
          "type": "FOREHEAD_GLABELLA",
          "position": {
            "x": 108.2489242553711,
            "y": 41.90985870361328,
            "z": 12.609688758850098
          }
        },
        {
          "type": "CHIN_GNATHION",
          "position": {
            "x": 97.0077896118164,
            "y": 89.50768280029297,
            "z": 12.670574188232422
          }
        },
        {
          "type": "CHIN_LEFT_GONION",
          "position": {
            "x": 78.93982696533203,
            "y": 72.15544128417969,
            "z": -13.94272518157959
          }
        },
        {
          "type": "CHIN_RIGHT_GONION",
          "position": {
            "x": 75.99478149414062,
            "y": 71.35606384277344,
            "z": 36.448486328125
          }
        }
      ],
      "rollAngle": 8.420245170593262,
      "panAngle": 93.44164276123047,
      "tiltAngle": -0.3780924379825592,
      "detectionConfidence": 0.7418893575668335,
      "landmarkingConfidence": 0.3545111119747162,
      "joyLikelihood": "VERY_UNLIKELY",
      "sorrowLikelihood": "VERY_UNLIKELY",
      "angerLikelihood": "VERY_UNLIKELY",
      "surpriseLikelihood": "VERY_UNLIKELY",
      "underExposedLikelihood": "VERY_UNLIKELY",
      "blurredLikelihood": "VERY_UNLIKELY",
      "headwearLikelihood": "VERY_UNLIKELY"
    }
  ]
}
