{
  "faceAnnotations": [
    {
      "boundingPoly": {
        "vertices": [
          {
            "x": 141,
            "y": 9
          },
          {
            "x": 237,
            "y": 9
          },
          {
            "x": 237,
            "y": 121
          },
          {
            "x": 141,
            "y": 121
          }
        ]
      },
      "fdBoundingPoly": {
        "vertices": [
          {
            "x": 171,
            "y": 43
          },
          {
            "x": 236,
            "y": 43
          },
          {
            "x": 236,
            "y": 108
          },
          {
            "x": 171,
            "y": 108
          }
        ]
      },
      "landmarks": [
        {
          "type": "LEFT_EYE",
          "position": {
            "x": 214.43551635742188,
            "y": 64.27133178710938,
            "z": 0.000526820367667824
          }
        },
        {
          "type": "RIGHT_EYE",
          "position": {
            "x": 221.3946533203125,
            "y": 68.53683471679688,
            "z": 28.593982696533203
          }
        },
        {
          "type": "LEFT_OF_LEFT_EYEBROW",
          "position": {
            "x": 211.22146606445312,
            "y": 57.61579895019531,
            "z": -8.379437446594238
          }
        },
        {
          "type": "RIGHT_OF_LEFT_EYEBROW",
          "position": {
            "x": 223.39144897460938,
            "y": 61.36001205444336,
            "z": 6.504177093505859
          }
        },
        {
          "type": "LEFT_OF_RIGHT_EYEBROW",
          "position": {
            "x": 226.89979553222656,
            "y": 62.456329345703125,
            "z": 20.229549407958984
          }
        },
        {
          "type": "RIGHT_OF_RIGHT_EYEBROW",
          "position": {
            "x": 222.94081115722656,
            "y": 62.33698272705078,
            "z": 39.121788024902344
          }
        },
        {
          "type": "MIDPOINT_BETWEEN_EYES",
          "position": {
            "x": 223.87025451660156,
            "y": 67.54429626464844,
            "z": 12.999305725097656
          }
        },
        {
          "type": "NOSE_TIP",
          "position": {
            "x": 228.475830078125,
            "y": 86.88121032714844,
            "z": 10.015775680541992
          }
        },
        {
          "type": "UPPER_LIP",
          "position": {
            "x": 218.35585021972656,
            "y": 94.5089340209961,
            "z": 11.368517875671387
          }
        },
        {
          "type": "LOWER_LIP",
          "position": {
            "x": 213.58815002441406,
            "y": 103.80105590820312,
            "z": 11.464715957641602
          }
        },
        {
          "type": "MOUTH_LEFT",
          "position": {
            "x": 205.783935546875,
            "y": 94.2657470703125,
            "z": 1.5459752082824707
          }
        },
        {
          "type": "MOUTH_RIGHT",
          "position": {
            "x": 212.42576599121094,
            "y": 97.87533569335938,
            "z": 24.290712356567383
          }
        },
        {
          "type": "MOUTH_CENTER",
          "position": {
            "x": 214.99722290039062,
            "y": 98.51606750488281,
            "z": 11.719522476196289
          }
        },
        {
          "type": "NOSE_BOTTOM_RIGHT",
          "position": {
            "x": 218.30657958984375,
            "y": 86.1537094116211,
            "z": 20.59054183959961
          }
        },
        {
          "type": "NOSE_BOTTOM_LEFT",
          "position": {
            "x": 215.52183532714844,
            "y": 85.0772933959961,
            "z": 5.434542179107666
          }
        },
        {
          "type": "NOSE_BOTTOM_CENTER",
          "position": {
            "x": 220.64683532714844,
            "y": 89.24285888671875,
            "z": 11.574400901794434
          }
        },
        {
          "type": "LEFT_EYE_TOP_BOUNDARY",
          "position": {
            "x": 217.04641723632812,
            "y": 63.9337158203125,
            "z": -0.06339278817176819
          }
        },
        {
          "type": "LEFT_EYE_RIGHT_CORNER",
          "position": {
            "x": 216.04974365234375,
            "y": 65.70774841308594,
            "z": 6.023876190185547
          }
        },
        {
          "type": "LEFT_EYE_BOTTOM_BOUNDARY",
          "position": {
            "x": 214.32553100585938,
            "y": 67.13114929199219,
            "z": 0.1928882598876953
          }
        },
        {
          "type": "LEFT_EYE_LEFT_CORNER",
          "position": {
            "x": 210.6321563720703,
            "y": 64.34965515136719,
            "z": -4.679404258728027
          }
        },
        {
          "type": "LEFT_EYE_PUPIL",
          "position": {
            "x": 215.26190185546875,
            "y": 65.54405212402344,
            "z": -0.28326258063316345
          }
        },
        {
          "type": "RIGHT_EYE_TOP_BOUNDARY",
          "position": {
            "x": 223.7748565673828,
            "y": 67.0961685180664,
            "z": 28.239648818969727
          }
        },
        {
          "type": "RIGHT_EYE_RIGHT_CORNER",
          "position": {
            "x": 220.17971801757812,
            "y": 68.59104919433594,
            "z": 34.94660949707031
          }
        },
        {
          "type": "RIGHT_EYE_BOTTOM_BOUNDARY",
          "position": {
            "x": 221.0919189453125,
            "y": 70.49911499023438,
            "z": 28.476608276367188
          }
        },
        {
          "type": "RIGHT_EYE_LEFT_CORNER",
          "position": {
            "x": 219.8830108642578,
            "y": 68.10127258300781,
            "z": 22.980358123779297
          }
        },
        {
          "type": "RIGHT_EYE_PUPIL",
          "position": {
            "x": 222.18768310546875,
            "y": 68.79269409179688,
            "z": 28.740964889526367
          }
        },
        {
          "type": "LEFT_EYEBROW_UPPER_MIDPOINT",
          "position": {
            "x": 220.4412384033203,
            "y": 56.09755325317383,
            "z": -1.280870795249939
          }
        },
        {
          "type": "RIGHT_EYEBROW_UPPER_MIDPOINT",
          "position": {
            "x": 227.7392120361328,
            "y": 59.49018478393555,
            "z": 29.435935974121094
          }
        },
        {
          "type": "LEFT_EAR_TRAGION",
          "position": {
            "x": 172.7892608642578,
            "y": 68.34220886230469,
            "z": -9.266845703125
          }
        },
        {
          "type": "RIGHT_EAR_TRAGION",
          "position": {
            "x": 188.0163116455078,
            "y": 75.46842956542969,
            "z": 55.01008987426758
          }
        },
        {
          "type": "FOREHEAD_GLABELLA",
          "position": {
            "x": 226.4190673828125,
            "y": 61.642356872558594,
            "z": 13.101269721984863
          }
        },
        {
          "type": "CHIN_GNATHION",
          "position": {
            "x": 206.2810516357422,
            "y": 115.39681243896484,
            "z": 11.92184066772461
          }
        },
        {
          "type": "CHIN_LEFT_GONION",
          "position": {
            "x": 179.68016052246094,
            "y": 89.71334838867188,
            "z": -9.959023475646973
          }
        },
        {
          "type": "CHIN_RIGHT_GONION",
          "position": {
            "x": 193.4542694091797,
            "y": 96.13690185546875,
            "z": 48.100364685058594
          }
        }
      ],
      "rollAngle": 15.46235466003418,
      "panAngle": 75.53054809570312,
      "tiltAngle": 2.4936771392822266,
      "detectionConfidence": 0.5445711612701416,
      "landmarkingConfidence": 0.3599832355976105,
      "joyLikelihood": "LIKELY",
      "sorrowLikelihood": "VERY_UNLIKELY",
      "angerLikelihood": "VERY_UNLIKELY",
      "surpriseLikelihood": "VERY_UNLIKELY",
      "underExposedLikelihood": "VERY_UNLIKELY",
      "blurredLikelihood": "VERY_UNLIKELY",
      "headwearLikelihood": "VERY_UNLIKELY"
    },
    {
      "boundingPoly": {
        "vertices": [
          {
            "x": 367
          },
          {
            "x": 468
          },
          {
            "x": 468,
            "y": 101
          },
          {
            "x": 367,
            "y": 101
          }
        ]
      },
      "fdBoundingPoly": {
        "vertices": [
          {
            "x": 368,
            "y": 10
          },
          {
            "x": 447,
            "y": 10
          },
          {
            "x": 447,
            "y": 89
          },
          {
            "x": 368,
            "y": 89
          }
        ]
      },
      "landmarks": [
        {
          "type": "LEFT_EYE",
          "position": {
            "x": 385.05426025390625,
            "y": 54.373321533203125,
            "z": -7.257232209667563e-05
          }
        },
        {
          "type": "RIGHT_EYE",
          "position": {
            "x": 388.8687438964844,
            "y": 41.517494201660156,
            "z": -27.031166076660156
          }
        },
        {
          "type": "LEFT_OF_LEFT_EYEBROW",
          "position": {
            "x": 383.2623291015625,
            "y": 51.54930877685547,
            "z": 12.239835739135742
          }
        },
        {
          "type": "RIGHT_OF_LEFT_EYEBROW",
          "position": {
            "x": 377.97515869140625,
            "y": 47.048797607421875,
            "z": -6.433307647705078
          }
        },
        {
          "type": "LEFT_OF_RIGHT_EYEBROW",
          "position": {
            "x": 380.3127746582031,
            "y": 41.823177337646484,
            "z": -19.741901397705078
          }
        },
        {
          "type": "RIGHT_OF_RIGHT_EYEBROW",
          "position": {
            "x": 391.36553955078125,
            "y": 31.665653228759766,
            "z": -33.73564147949219
          }
        },
        {
          "type": "MIDPOINT_BETWEEN_EYES",
          "position": {
            "x": 381.254638671875,
            "y": 49.371376037597656,
            "z": -15.133718490600586
          }
        },
        {
          "type": "NOSE_TIP",
          "position": {
            "x": 379.5962219238281,
            "y": 69.19523620605469,
            "z": -23.608150482177734
          }
        },
        {
          "type": "UPPER_LIP",
          "position": {
            "x": 391.05303955078125,
            "y": 74.51090240478516,
            "z": -24.600208282470703
          }
        },
        {
          "type": "LOWER_LIP",
          "position": {
            "x": 397.3165588378906,
            "y": 82.82100677490234,
            "z": -27.26607322692871
          }
        },
        {
          "type": "MOUTH_LEFT",
          "position": {
            "x": 398.45806884765625,
            "y": 80.41417694091797,
            "z": -12.856473922729492
          }
        },
        {
          "type": "MOUTH_RIGHT",
          "position": {
            "x": 402.1107482910156,
            "y": 69.78559875488281,
            "z": -34.46072006225586
          }
        },
        {
          "type": "MOUTH_CENTER",
          "position": {
            "x": 395.0784606933594,
            "y": 77.97164916992188,
            "z": -25.478919982910156
          }
        },
        {
          "type": "NOSE_BOTTOM_RIGHT",
          "position": {
            "x": 392.8610534667969,
            "y": 62.24802017211914,
            "z": -28.01506233215332
          }
        },
        {
          "type": "NOSE_BOTTOM_LEFT",
          "position": {
            "x": 390.441650390625,
            "y": 68.89376831054688,
            "z": -13.0455961227417
          }
        },
        {
          "type": "NOSE_BOTTOM_CENTER",
          "position": {
            "x": 388.4630126953125,
            "y": 69.24772644042969,
            "z": -22.68437957763672
          }
        },
        {
          "type": "LEFT_EYE_TOP_BOUNDARY",
          "position": {
            "x": 382.39501953125,
            "y": 53.304901123046875,
            "z": 0.10235182195901871
          }
        },
        {
          "type": "LEFT_EYE_RIGHT_CORNER",
          "position": {
            "x": 386.1734313964844,
            "y": 52.15455627441406,
            "z": -5.472867488861084
          }
        },
        {
          "type": "LEFT_EYE_BOTTOM_BOUNDARY",
          "position": {
            "x": 385.6678771972656,
            "y": 56.23218536376953,
            "z": -0.6872608661651611
          }
        },
        {
          "type": "LEFT_EYE_LEFT_CORNER",
          "position": {
            "x": 386.74053955078125,
            "y": 56.042606353759766,
            "z": 6.241927146911621
          }
        },
        {
          "type": "LEFT_EYE_PUPIL",
          "position": {
            "x": 384.36663818359375,
            "y": 54.87656021118164,
            "z": 0.2528151273727417
          }
        },
        {
          "type": "RIGHT_EYE_TOP_BOUNDARY",
          "position": {
            "x": 386.84228515625,
            "y": 41.19017028808594,
            "z": -27.205856323242188
          }
        },
        {
          "type": "RIGHT_EYE_RIGHT_CORNER",
          "position": {
            "x": 393.2528381347656,
            "y": 39.03279113769531,
            "z": -32.031005859375
          }
        },
        {
          "type": "RIGHT_EYE_BOTTOM_BOUNDARY",
          "position": {
            "x": 390.01385498046875,
            "y": 43.96728515625,
            "z": -27.95107078552246
          }
        },
        {
          "type": "RIGHT_EYE_LEFT_CORNER",
          "position": {
            "x": 388.71441650390625,
            "y": 44.73542785644531,
            "z": -21.82550811767578
          }
        },
        {
          "type": "RIGHT_EYE_PUPIL",
          "position": {
            "x": 388.8973388671875,
            "y": 42.45985412597656,
            "z": -27.78626251220703
          }
        },
        {
          "type": "LEFT_EYEBROW_UPPER_MIDPOINT",
          "position": {
            "x": 377.315673828125,
            "y": 46.84004211425781,
            "z": 3.5708374977111816
          }
        },
        {
          "type": "RIGHT_EYEBROW_UPPER_MIDPOINT",
          "position": {
            "x": 382.15948486328125,
            "y": 33.721717834472656,
            "z": -26.077098846435547
          }
        },
        {
          "type": "LEFT_EAR_TRAGION",
          "position": {
            "x": 421.99310302734375,
            "y": 62.975677490234375,
            "z": 23.55752182006836
          }
        },
        {
          "type": "RIGHT_EAR_TRAGION",
          "position": {
            "x": 432.6252746582031,
            "y": 35.35340881347656,
            "z": -38.769805908203125
          }
        },
        {
          "type": "FOREHEAD_GLABELLA",
          "position": {
            "x": 377.8984680175781,
            "y": 44.16767501831055,
            "z": -13.282479286193848
          }
        },
        {
          "type": "CHIN_GNATHION",
          "position": {
            "x": 406.7301025390625,
            "y": 93.6458740234375,
            "z": -30.42582130432129
          }
        },
        {
          "type": "CHIN_LEFT_GONION",
          "position": {
            "x": 419.2064208984375,
            "y": 82.19548034667969,
            "z": 10.913054466247559
          }
        },
        {
          "type": "CHIN_RIGHT_GONION",
          "position": {
            "x": 428.3803405761719,
            "y": 57.36035919189453,
            "z": -45.241363525390625
          }
        }
      ],
      "rollAngle": -25.207679748535156,
      "panAngle": -72.27940368652344,
      "tiltAngle": 18.35776710510254,
      "detectionConfidence": 0.5361426472663879,
      "landmarkingConfidence": 0.22759535908699036,
      "joyLikelihood": "VERY_UNLIKELY",
      "sorrowLikelihood": "VERY_UNLIKELY",
      "angerLikelihood": "VERY_UNLIKELY",
      "surpriseLikelihood": "VERY_UNLIKELY",
      "underExposedLikelihood": "VERY_UNLIKELY",
      "blurredLikelihood": "VERY_UNLIKELY",
      "headwearLikelihood": "VERY_UNLIKELY"
    }
  ]
}
