{
  "faceAnnotations": [
    {
      "boundingPoly": {
        "vertices": [
          {
            "x": 455,
            "y": 43
          },
          {
            "x": 539,
            "y": 43
          },
          {
            "x": 539,
            "y": 141
          },
          {
            "x": 455,
            "y": 141
          }
        ]
      },
      "fdBoundingPoly": {
        "vertices": [
          {
            "x": 455,
            "y": 63
          },
          {
            "x": 524,
            "y": 63
          },
          {
            "x": 524,
            "y": 131
          },
          {
            "x": 455,
            "y": 131
          }
        ]
      },
      "landmarks": [
        {
          "type": "LEFT_EYE",
          "position": {
            "x": 469.6143493652344,
            "y": 89.12644958496094,
            "z": -0.0009539731545373797
          }
        },
        {
          "type": "RIGHT_EYE",
          "position": {
            "x": 479.9874572753906,
            "y": 86.40435791015625,
            "z": -21.939950942993164
          }
        },
        {
          "type": "LEFT_OF_LEFT_EYEBROW",
          "position": {
            "x": 467.66888427734375,
            "y": 84.12837219238281,
            "z": 9.1710786819458
          }
        },
        {
          "type": "RIGHT_OF_LEFT_EYEBROW",
          "position": {
            "x": 467.7774963378906,
            "y": 82.64450073242188,
            "z": -7.552005290985107
          }
        },
        {
          "type": "LEFT_OF_RIGHT_EYEBROW",
          "position": {
            "x": 473.29302978515625,
            "y": 82.24359893798828,
            "z": -18.524860382080078
          }
        },
        {
          "type": "RIGHT_OF_RIGHT_EYEBROW",
          "position": {
            "x": 486.503662109375,
            "y": 80.02434539794922,
            "z": -28.737701416015625
          }
        },
        {
          "type": "MIDPOINT_BETWEEN_EYES",
          "position": {
            "x": 470.625,
            "y": 87.61563873291016,
            "z": -13.660412788391113
          }
        },
        {
          "type": "NOSE_TIP",
          "position": {
            "x": 464.5708312988281,
            "y": 101.28820037841797,
            "z": -18.13223648071289
          }
        },
        {
          "type": "UPPER_LIP",
          "position": {
            "x": 470.60662841796875,
            "y": 111.0461654663086,
            "z": -16.244260787963867
          }
        },
        {
          "type": "LOWER_LIP",
          "position": {
            "x": 472.5592956542969,
            "y": 119.76683044433594,
            "z": -16.152116775512695
          }
        },
        {
          "type": "MOUTH_LEFT",
          "position": {
            "x": 472.2965087890625,
            "y": 115.61372375488281,
            "z": -4.556037425994873
          }
        },
        {
          "type": "MOUTH_RIGHT",
          "position": {
            "x": 483.72564697265625,
            "y": 112.23391723632812,
            "z": -22.952238082885742
          }
        },
        {
          "type": "MOUTH_CENTER",
          "position": {
            "x": 472.3163146972656,
            "y": 114.94207000732422,
            "z": -15.741443634033203
          }
        },
        {
          "type": "NOSE_BOTTOM_RIGHT",
          "position": {
            "x": 476.46917724609375,
            "y": 102.90899658203125,
            "z": -20.146554946899414
          }
        },
        {
          "type": "NOSE_BOTTOM_LEFT",
          "position": {
            "x": 470.3186340332031,
            "y": 104.35182189941406,
            "z": -7.730849742889404
          }
        },
        {
          "type": "NOSE_BOTTOM_CENTER",
          "position": {
            "x": 469.6373596191406,
            "y": 105.63700103759766,
            "z": -15.900785446166992
          }
        },
        {
          "type": "LEFT_EYE_TOP_BOUNDARY",
          "position": {
            "x": 468.0024719238281,
            "y": 87.5226058959961,
            "z": -0.6240602135658264
          }
        },
        {
          "type": "LEFT_EYE_RIGHT_CORNER",
          "position": {
            "x": 471.96826171875,
            "y": 88.94706726074219,
            "z": -4.5025763511657715
          }
        },
        {
          "type": "LEFT_EYE_BOTTOM_BOUNDARY",
          "position": {
            "x": 469.5115966796875,
            "y": 90.94065856933594,
            "z": -0.24393901228904724
          }
        },
        {
          "type": "LEFT_EYE_LEFT_CORNER",
          "position": {
            "x": 469.4732971191406,
            "y": 89.79264068603516,
            "z": 5.550756931304932
          }
        },
        {
          "type": "LEFT_EYE_PUPIL",
          "position": {
            "x": 468.9281311035156,
            "y": 89.29349517822266,
            "z": 0.08627894520759583
          }
        },
        {
          "type": "RIGHT_EYE_TOP_BOUNDARY",
          "position": {
            "x": 479.2478332519531,
            "y": 85.06494140625,
            "z": -23.296125411987305
          }
        },
        {
          "type": "RIGHT_EYE_RIGHT_CORNER",
          "position": {
            "x": 485.38067626953125,
            "y": 86.65229797363281,
            "z": -26.190811157226562
          }
        },
        {
          "type": "RIGHT_EYE_BOTTOM_BOUNDARY",
          "position": {
            "x": 480.51812744140625,
            "y": 88.33895111083984,
            "z": -22.853919982910156
          }
        },
        {
          "type": "RIGHT_EYE_LEFT_CORNER",
          "position": {
            "x": 478.2596435546875,
            "y": 87.26712799072266,
            "z": -17.984268188476562
          }
        },
        {
          "type": "RIGHT_EYE_PUPIL",
          "position": {
            "x": 480.4452209472656,
            "y": 86.77862548828125,
            "z": -23.192001342773438
          }
        },
        {
          "type": "LEFT_EYEBROW_UPPER_MIDPOINT",
          "position": {
            "x": 466.0282287597656,
            "y": 80.33473205566406,
            "z": 0.36888253688812256
          }
        },
        {
          "type": "RIGHT_EYEBROW_UPPER_MIDPOINT",
          "position": {
            "x": 478.25323486328125,
            "y": 77.67616271972656,
            "z": -24.239913940429688
          }
        },
        {
          "type": "LEFT_EAR_TRAGION",
          "position": {
            "x": 491.382568359375,
            "y": 102.88825988769531,
            "z": 27.523239135742188
          }
        },
        {
          "type": "RIGHT_EAR_TRAGION",
          "position": {
            "x": 517.98974609375,
            "y": 97.84280395507812,
            "z": -24.341594696044922
          }
        },
        {
          "type": "FOREHEAD_GLABELLA",
          "position": {
            "x": 469.6582946777344,
            "y": 81.760009765625,
            "z": -13.470525741577148
          }
        },
        {
          "type": "CHIN_GNATHION",
          "position": {
            "x": 475.8609924316406,
            "y": 132.8303680419922,
            "z": -15.680185317993164
          }
        },
        {
          "type": "CHIN_LEFT_GONION",
          "position": {
            "x": 484.2244567871094,
            "y": 118.91041564941406,
            "z": 19.066797256469727
          }
        },
        {
          "type": "CHIN_RIGHT_GONION",
          "position": {
            "x": 507.38677978515625,
            "y": 113.92609405517578,
            "z": -27.57427215576172
          }
        }
      ],
      "rollAngle": -3.0301995277404785,
      "panAngle": -63.40497589111328,
      "tiltAngle": 4.694624423980713,
      "detectionConfidence": 0.7901504635810852,
      "landmarkingConfidence": 0.46418988704681396,
      "joyLikelihood": "UNLIKELY",
      "sorrowLikelihood": "VERY_UNLIKELY",
      "angerLikelihood": "VERY_UNLIKELY",
      "surpriseLikelihood": "VERY_UNLIKELY",
      "underExposedLikelihood": "VERY_UNLIKELY",
      "blurredLikelihood": "VERY_UNLIKELY",
      "headwearLikelihood": "VERY_UNLIKELY"
    },
    {
      "boundingPoly": {
        "vertices": [
          {
            "x": 113,
            "y": 6
          },
          {
            "x": 211,
            "y": 6
          },
          {
            "x": 211,
            "y": 120
          },
          {
            "x": 113,
            "y": 120
          }
        ]
      },
      "fdBoundingPoly": {
        "vertices": [
          {
            "x": 140,
            "y": 40
          },
          {
            "x": 205,
            "y": 40
          },
          {
            "x": 205,
            "y": 105
          },
          {
            "x": 140,
            "y": 105
          }
        ]
      },
      "landmarks": [
        {
          "type": "LEFT_EYE",
          "position": {
            "x": 192.33346557617188,
            "y": 65.95677185058594,
            "z": -0.00013067062536720186
          }
        },
        {
          "type": "RIGHT_EYE",
          "position": {
            "x": 191.79225158691406,
            "y": 66.68766784667969,
            "z": 29.436481475830078
          }
        },
        {
          "type": "LEFT_OF_LEFT_EYEBROW",
          "position": {
            "x": 192.40701293945312,
            "y": 58.65745162963867,
            "z": -9.731115341186523
          }
        },
        {
          "type": "RIGHT_OF_LEFT_EYEBROW",
          "position": {
            "x": 199.56942749023438,
            "y": 62.42755126953125,
            "z": 7.994466781616211
          }
        },
        {
          "type": "LEFT_OF_RIGHT_EYEBROW",
          "position": {
            "x": 199.49952697753906,
            "y": 62.09819030761719,
            "z": 22.3140811920166
          }
        },
        {
          "type": "RIGHT_OF_RIGHT_EYEBROW",
          "position": {
            "x": 190.69790649414062,
            "y": 60.31348419189453,
            "z": 39.6059455871582
          }
        },
        {
          "type": "MIDPOINT_BETWEEN_EYES",
          "position": {
            "x": 198.34974670410156,
            "y": 67.95279693603516,
            "z": 14.883977890014648
          }
        },
        {
          "type": "NOSE_TIP",
          "position": {
            "x": 201.92210388183594,
            "y": 88.12945556640625,
            "z": 14.349512100219727
          }
        },
        {
          "type": "UPPER_LIP",
          "position": {
            "x": 192.11279296875,
            "y": 95.11279296875,
            "z": 13.76315689086914
          }
        },
        {
          "type": "LOWER_LIP",
          "position": {
            "x": 187.06692504882812,
            "y": 103.99971008300781,
            "z": 13.289535522460938
          }
        },
        {
          "type": "MOUTH_LEFT",
          "position": {
            "x": 184.42588806152344,
            "y": 95.92302703857422,
            "z": 1.9101104736328125
          }
        },
        {
          "type": "MOUTH_RIGHT",
          "position": {
            "x": 183.1274871826172,
            "y": 97.0550537109375,
            "z": 24.94801902770996
          }
        },
        {
          "type": "MOUTH_CENTER",
          "position": {
            "x": 188.58363342285156,
            "y": 98.7802734375,
            "z": 13.517717361450195
          }
        },
        {
          "type": "NOSE_BOTTOM_RIGHT",
          "position": {
            "x": 189.96446228027344,
            "y": 85.7168197631836,
            "z": 22.144023895263672
          }
        },
        {
          "type": "NOSE_BOTTOM_LEFT",
          "position": {
            "x": 191.2872772216797,
            "y": 85.8194580078125,
            "z": 6.181174278259277
          }
        },
        {
          "type": "NOSE_BOTTOM_CENTER",
          "position": {
            "x": 194.5560302734375,
            "y": 90.03609466552734,
            "z": 14.01282787322998
          }
        },
        {
          "type": "LEFT_EYE_TOP_BOUNDARY",
          "position": {
            "x": 195.15423583984375,
            "y": 65.02021026611328,
            "z": 0.08094863593578339
          }
        },
        {
          "type": "LEFT_EYE_RIGHT_CORNER",
          "position": {
            "x": 192.37738037109375,
            "y": 66.84474182128906,
            "z": 5.860203266143799
          }
        },
        {
          "type": "LEFT_EYE_BOTTOM_BOUNDARY",
          "position": {
            "x": 192.2930908203125,
            "y": 68.319091796875,
            "z": -0.11873966455459595
          }
        },
        {
          "type": "LEFT_EYE_LEFT_CORNER",
          "position": {
            "x": 189.70968627929688,
            "y": 65.63385009765625,
            "z": -6.168334007263184
          }
        },
        {
          "type": "LEFT_EYE_PUPIL",
          "position": {
            "x": 193.40811157226562,
            "y": 66.6321792602539,
            "z": -0.4972924590110779
          }
        },
        {
          "type": "RIGHT_EYE_TOP_BOUNDARY",
          "position": {
            "x": 194.13038635253906,
            "y": 66.00215148925781,
            "z": 29.600624084472656
          }
        },
        {
          "type": "RIGHT_EYE_RIGHT_CORNER",
          "position": {
            "x": 188.8103790283203,
            "y": 66.87175750732422,
            "z": 35.28250503540039
          }
        },
        {
          "type": "RIGHT_EYE_BOTTOM_BOUNDARY",
          "position": {
            "x": 191.45896911621094,
            "y": 68.61814880371094,
            "z": 29.385906219482422
          }
        },
        {
          "type": "RIGHT_EYE_LEFT_CORNER",
          "position": {
            "x": 191.24925231933594,
            "y": 67.2768325805664,
            "z": 23.582595825195312
          }
        },
        {
          "type": "RIGHT_EYE_PUPIL",
          "position": {
            "x": 192.3917236328125,
            "y": 67.62635040283203,
            "z": 29.78744888305664
          }
        },
        {
          "type": "LEFT_EYEBROW_UPPER_MIDPOINT",
          "position": {
            "x": 199.15536499023438,
            "y": 57.29438018798828,
            "z": -0.7812125086784363
          }
        },
        {
          "type": "RIGHT_EYEBROW_UPPER_MIDPOINT",
          "position": {
            "x": 198.0421600341797,
            "y": 58.35696029663086,
            "z": 31.250869750976562
          }
        },
        {
          "type": "LEFT_EAR_TRAGION",
          "position": {
            "x": 153.5894775390625,
            "y": 67.46448516845703,
            "z": -20.936967849731445
          }
        },
        {
          "type": "RIGHT_EAR_TRAGION",
          "position": {
            "x": 151.79714965820312,
            "y": 71.26335906982422,
            "z": 46.878868103027344
          }
        },
        {
          "type": "FOREHEAD_GLABELLA",
          "position": {
            "x": 200.94740295410156,
            "y": 61.85297775268555,
            "z": 15.183114051818848
          }
        },
        {
          "type": "CHIN_GNATHION",
          "position": {
            "x": 179.33164978027344,
            "y": 115.50328063964844,
            "z": 12.630976676940918
          }
        },
        {
          "type": "CHIN_LEFT_GONION",
          "position": {
            "x": 160.05233764648438,
            "y": 90.81015014648438,
            "z": -17.677967071533203
          }
        },
        {
          "type": "CHIN_RIGHT_GONION",
          "position": {
            "x": 157.92991638183594,
            "y": 92.71693420410156,
            "z": 43.12130355834961
          }
        }
      ],
      "rollAngle": 16.704702377319336,
      "panAngle": 91.36734008789062,
      "tiltAngle": 2.4050190448760986,
      "detectionConfidence": 0.5268536806106567,
      "landmarkingConfidence": 0.32326358556747437,
      "joyLikelihood": "VERY_UNLIKELY",
      "sorrowLikelihood": "VERY_UNLIKELY",
      "angerLikelihood": "VERY_UNLIKELY",
      "surpriseLikelihood": "VERY_UNLIKELY",
      "underExposedLikelihood": "VERY_UNLIKELY",
      "blurredLikelihood": "VERY_UNLIKELY",
      "headwearLikelihood": "POSSIBLE"
    }
  ]
}
