{
  "faceAnnotations": [
    {
      "boundingPoly": {
        "vertices": [
          {
            "x": 270
          },
          {
            "x": 407
          },
          {
            "x": 407,
            "y": 134
          },
          {
            "x": 270,
            "y": 134
          }
        ]
      },
      "fdBoundingPoly": {
        "vertices": [
          {
            "x": 280,
            "y": 5
          },
          {
            "x": 383,
            "y": 5
          },
          {
            "x": 383,
            "y": 107
          },
          {
            "x": 280,
            "y": 107
          }
        ]
      },
      "landmarks": [
        {
          "type": "LEFT_EYE",
          "position": {
            "x": 294.3789367675781,
            "y": 50.28326416015625,
            "z": 0.0009960466995835304
          }
        },
        {
          "type": "RIGHT_EYE",
          "position": {
            "x": 318.93994140625,
            "y": 41.54899597167969,
            "z": -30.11789894104004
          }
        },
        {
          "type": "LEFT_OF_LEFT_EYEBROW",
          "position": {
            "x": 288.2153625488281,
            "y": 44.37860107421875,
            "z": 14.708017349243164
          }
        },
        {
          "type": "RIGHT_OF_LEFT_EYEBROW",
          "position": {
            "x": 293.9937438964844,
            "y": 37.9643440246582,
            "z": -10.714251518249512
          }
        },
        {
          "type": "LEFT_OF_RIGHT_EYEBROW",
          "position": {
            "x": 305.9749450683594,
            "y": 34.44424057006836,
            "z": -25.5860595703125
          }
        },
        {
          "type": "RIGHT_OF_RIGHT_EYEBROW",
          "position": {
            "x": 330.346923828125,
            "y": 29.189022064208984,
            "z": -36.452762603759766
          }
        },
        {
          "type": "MIDPOINT_BETWEEN_EYES",
          "position": {
            "x": 300.3741149902344,
            "y": 44.218505859375,
            "z": -20.413047790527344
          }
        },
        {
          "type": "NOSE_TIP",
          "position": {
            "x": 291.6095275878906,
            "y": 66.47996520996094,
            "z": -33.253841400146484
          }
        },
        {
          "type": "UPPER_LIP",
          "position": {
            "x": 301.9404602050781,
            "y": 80.07920837402344,
            "z": -30.124292373657227
          }
        },
        {
          "type": "LOWER_LIP",
          "position": {
            "x": 305.239501953125,
            "y": 94.81642150878906,
            "z": -31.47568702697754
          }
        },
        {
          "type": "MOUTH_LEFT",
          "position": {
            "x": 300.8232421875,
            "y": 90.91862487792969,
            "z": -12.619536399841309
          }
        },
        {
          "type": "MOUTH_RIGHT",
          "position": {
            "x": 320.72015380859375,
            "y": 83.71134185791016,
            "z": -36.73545837402344
          }
        },
        {
          "type": "MOUTH_CENTER",
          "position": {
            "x": 304.6029052734375,
            "y": 87.66549682617188,
            "z": -29.791234970092773
          }
        },
        {
          "type": "NOSE_BOTTOM_RIGHT",
          "position": {
            "x": 312.25726318359375,
            "y": 65.74459075927734,
            "z": -32.03118896484375
          }
        },
        {
          "type": "NOSE_BOTTOM_LEFT",
          "position": {
            "x": 298.5553283691406,
            "y": 72.23212432861328,
            "z": -15.395501136779785
          }
        },
        {
          "type": "NOSE_BOTTOM_CENTER",
          "position": {
            "x": 300.5036926269531,
            "y": 71.92366027832031,
            "z": -28.434885025024414
          }
        },
        {
          "type": "LEFT_EYE_TOP_BOUNDARY",
          "position": {
            "x": 292.1585693359375,
            "y": 47.39288330078125,
            "z": -1.1263891458511353
          }
        },
        {
          "type": "LEFT_EYE_RIGHT_CORNER",
          "position": {
            "x": 299.50750732421875,
            "y": 48.6442985534668,
            "z": -6.06864070892334
          }
        },
        {
          "type": "LEFT_EYE_BOTTOM_BOUNDARY",
          "position": {
            "x": 294.4940185546875,
            "y": 52.92414474487305,
            "z": -0.8616347312927246
          }
        },
        {
          "type": "LEFT_EYE_LEFT_CORNER",
          "position": {
            "x": 292.4437255859375,
            "y": 52.51316452026367,
            "z": 8.362796783447266
          }
        },
        {
          "type": "LEFT_EYE_PUPIL",
          "position": {
            "x": 293.389892578125,
            "y": 50.361392974853516,
            "z": -0.1740727424621582
          }
        },
        {
          "type": "RIGHT_EYE_TOP_BOUNDARY",
          "position": {
            "x": 317.360595703125,
            "y": 38.32917404174805,
            "z": -31.73003578186035
          }
        },
        {
          "type": "RIGHT_EYE_RIGHT_CORNER",
          "position": {
            "x": 327.65972900390625,
            "y": 39.74201965332031,
            "z": -34.4132194519043
          }
        },
        {
          "type": "RIGHT_EYE_BOTTOM_BOUNDARY",
          "position": {
            "x": 319.7641906738281,
            "y": 43.98927688598633,
            "z": -31.458005905151367
          }
        },
        {
          "type": "RIGHT_EYE_LEFT_CORNER",
          "position": {
            "x": 315.69207763671875,
            "y": 43.80397033691406,
            "z": -24.69391441345215
          }
        },
        {
          "type": "RIGHT_EYE_PUPIL",
          "position": {
            "x": 319.21893310546875,
            "y": 41.06938552856445,
            "z": -31.59766960144043
          }
        },
        {
          "type": "LEFT_EYEBROW_UPPER_MIDPOINT",
          "position": {
            "x": 288.5246887207031,
            "y": 36.17778778076172,
            "z": 1.5036864280700684
          }
        },
        {
          "type": "RIGHT_EYEBROW_UPPER_MIDPOINT",
          "position": {
            "x": 315.87860107421875,
            "y": 26.335399627685547,
            "z": -31.705625534057617
          }
        },
        {
          "type": "LEFT_EAR_TRAGION",
          "position": {
            "x": 319.5101623535156,
            "y": 79.09300231933594,
            "z": 46.713462829589844
          }
        },
        {
          "type": "RIGHT_EAR_TRAGION",
          "position": {
            "x": 380.309814453125,
            "y": 58.286312103271484,
            "z": -23.31439971923828
          }
        },
        {
          "type": "FOREHEAD_GLABELLA",
          "position": {
            "x": 298.8916320800781,
            "y": 35.16239547729492,
            "z": -18.982667922973633
          }
        },
        {
          "type": "CHIN_GNATHION",
          "position": {
            "x": 310.5455322265625,
            "y": 114.11898803710938,
            "z": -32.246883392333984
          }
        },
        {
          "type": "CHIN_LEFT_GONION",
          "position": {
            "x": 311.5807800292969,
            "y": 102.07945251464844,
            "z": 27.387264251708984
          }
        },
        {
          "type": "CHIN_RIGHT_GONION",
          "position": {
            "x": 363.5593566894531,
            "y": 83.66217803955078,
            "z": -35.85982894897461
          }
        }
      ],
      "rollAngle": -4.889949798583984,
      "panAngle": -50.45601272583008,
      "tiltAngle": 12.703418731689453,
      "detectionConfidence": 0.5865317583084106,
      "landmarkingConfidence": 0.355729341506958,
      "joyLikelihood": "VERY_LIKELY",
      "sorrowLikelihood": "VERY_UNLIKELY",
      "angerLikelihood": "VERY_UNLIKELY",
      "surpriseLikelihood": "VERY_UNLIKELY",
      "underExposedLikelihood": "VERY_UNLIKELY",
      "blurredLikelihood": "VERY_UNLIKELY",
      "headwearLikelihood": "VERY_UNLIKELY"
    },
    {
      "boundingPoly": {
        "vertices": [
          {
            "x": 7
          },
          {
            "x": 151
          },
          {
            "x": 151,
            "y": 145
          },
          {
            "x": 7,
            "y": 145
          }
        ]
      },
      "fdBoundingPoly": {
        "vertices": [
          {
            "x": 38,
            "y": 29
          },
          {
            "x": 146,
            "y": 29
          },
          {
            "x": 146,
            "y": 137
          },
          {
            "x": 38,
            "y": 137
          }
        ]
      },
      "landmarks": [
        {
          "type": "LEFT_EYE",
          "position": {
            "x": 112.58527374267578,
            "y": 65.52486419677734,
            "z": -0.0007155545754358172
          }
        },
        {
          "type": "RIGHT_EYE",
          "position": {
            "x": 127.26988983154297,
            "y": 61.13557052612305,
            "z": 41.68739700317383
          }
        },
        {
          "type": "LEFT_OF_LEFT_EYEBROW",
          "position": {
            "x": 105.57096862792969,
            "y": 55.91368103027344,
            "z": -14.940882682800293
          }
        },
        {
          "type": "RIGHT_OF_LEFT_EYEBROW",
          "position": {
            "x": 126.4066162109375,
            "y": 56.23707580566406,
            "z": 5.975161075592041
          }
        },
        {
          "type": "LEFT_OF_RIGHT_EYEBROW",
          "position": {
            "x": 133.70986938476562,
            "y": 54.08713150024414,
            "z": 26.34380531311035
          }
        },
        {
          "type": "RIGHT_OF_RIGHT_EYEBROW",
          "position": {
            "x": 130.76792907714844,
            "y": 48.45824432373047,
            "z": 55.1453857421875
          }
        },
        {
          "type": "MIDPOINT_BETWEEN_EYES",
          "position": {
            "x": 128.663818359375,
            "y": 64.45222473144531,
            "z": 17.64377212524414
          }
        },
        {
          "type": "NOSE_TIP",
          "position": {
            "x": 135.35858154296875,
            "y": 91.3126449584961,
            "z": 18.08933448791504
          }
        },
        {
          "type": "UPPER_LIP",
          "position": {
            "x": 121.89434051513672,
            "y": 105.20468139648438,
            "z": 24.1699161529541
          }
        },
        {
          "type": "LOWER_LIP",
          "position": {
            "x": 116.16026306152344,
            "y": 120.26617431640625,
            "z": 27.957778930664062
          }
        },
        {
          "type": "MOUTH_LEFT",
          "position": {
            "x": 101.30677795410156,
            "y": 108.17440795898438,
            "z": 11.225007057189941
          }
        },
        {
          "type": "MOUTH_RIGHT",
          "position": {
            "x": 116.29634094238281,
            "y": 107.21697235107422,
            "z": 45.364532470703125
          }
        },
        {
          "type": "MOUTH_CENTER",
          "position": {
            "x": 117.65960693359375,
            "y": 112.36976623535156,
            "z": 26.51898193359375
          }
        },
        {
          "type": "NOSE_BOTTOM_RIGHT",
          "position": {
            "x": 123.36201477050781,
            "y": 90.2332992553711,
            "z": 35.300926208496094
          }
        },
        {
          "type": "NOSE_BOTTOM_LEFT",
          "position": {
            "x": 115.87841796875,
            "y": 91.50898742675781,
            "z": 12.573907852172852
          }
        },
        {
          "type": "NOSE_BOTTOM_CENTER",
          "position": {
            "x": 124.44082641601562,
            "y": 96.61030578613281,
            "z": 22.482059478759766
          }
        },
        {
          "type": "LEFT_EYE_TOP_BOUNDARY",
          "position": {
            "x": 115.70362854003906,
            "y": 63.39060974121094,
            "z": -1.7228206396102905
          }
        },
        {
          "type": "LEFT_EYE_RIGHT_CORNER",
          "position": {
            "x": 115.23348236083984,
            "y": 65.63298034667969,
            "z": 8.335163116455078
          }
        },
        {
          "type": "LEFT_EYE_BOTTOM_BOUNDARY",
          "position": {
            "x": 112.14183044433594,
            "y": 68.4092025756836,
            "z": 0.14620783925056458
          }
        },
        {
          "type": "LEFT_EYE_LEFT_CORNER",
          "position": {
            "x": 105.75901794433594,
            "y": 65.94184112548828,
            "z": -7.235052108764648
          }
        },
        {
          "type": "LEFT_EYE_PUPIL",
          "position": {
            "x": 113.09102630615234,
            "y": 65.97030639648438,
            "z": -1.29448401927948
          }
        },
        {
          "type": "RIGHT_EYE_TOP_BOUNDARY",
          "position": {
            "x": 130.75689697265625,
            "y": 58.94366455078125,
            "z": 40.24077224731445
          }
        },
        {
          "type": "RIGHT_EYE_RIGHT_CORNER",
          "position": {
            "x": 126.56681823730469,
            "y": 59.433650970458984,
            "z": 51.27010726928711
          }
        },
        {
          "type": "RIGHT_EYE_BOTTOM_BOUNDARY",
          "position": {
            "x": 127.11842346191406,
            "y": 64.1897964477539,
            "z": 42.05664825439453
          }
        },
        {
          "type": "RIGHT_EYE_LEFT_CORNER",
          "position": {
            "x": 124.14195251464844,
            "y": 62.38777542114258,
            "z": 33.3531379699707
          }
        },
        {
          "type": "RIGHT_EYE_PUPIL",
          "position": {
            "x": 128.6078643798828,
            "y": 61.43281936645508,
            "z": 41.75931167602539
          }
        },
        {
          "type": "LEFT_EYEBROW_UPPER_MIDPOINT",
          "position": {
            "x": 119.74800872802734,
            "y": 51.537841796875,
            "z": -6.46673583984375
          }
        },
        {
          "type": "RIGHT_EYEBROW_UPPER_MIDPOINT",
          "position": {
            "x": 136.09107971191406,
            "y": 46.72993469238281,
            "z": 39.03515625
          }
        },
        {
          "type": "LEFT_EAR_TRAGION",
          "position": {
            "x": 51.70208740234375,
            "y": 78.23429870605469,
            "z": -4.684947490692139
          }
        },
        {
          "type": "RIGHT_EAR_TRAGION",
          "position": {
            "x": 81.90753173828125,
            "y": 66.44673156738281,
            "z": 88.5141372680664
          }
        },
        {
          "type": "FOREHEAD_GLABELLA",
          "position": {
            "x": 131.70748901367188,
            "y": 55.05149459838867,
            "z": 15.563305854797363
          }
        },
        {
          "type": "CHIN_GNATHION",
          "position": {
            "x": 108.4422378540039,
            "y": 139.39468383789062,
            "z": 33.137794494628906
          }
        },
        {
          "type": "CHIN_LEFT_GONION",
          "position": {
            "x": 60.70961380004883,
            "y": 108.08039093017578,
            "z": -2.1349802017211914
          }
        },
        {
          "type": "CHIN_RIGHT_GONION",
          "position": {
            "x": 91.44369506835938,
            "y": 99.32152557373047,
            "z": 83.4356689453125
          }
        }
      ],
      "rollAngle": 11.706308364868164,
      "panAngle": 72.00682067871094,
      "tiltAngle": -10.014729499816895,
      "detectionConfidence": 0.8710609078407288,
      "landmarkingConfidence": 0.35342252254486084,
      "joyLikelihood": "POSSIBLE",
      "sorrowLikelihood": "VERY_UNLIKELY",
      "angerLikelihood": "VERY_UNLIKELY",
      "surpriseLikelihood": "VERY_UNLIKELY",
      "underExposedLikelihood": "VERY_UNLIKELY",
      "blurredLikelihood": "VERY_UNLIKELY",
      "headwearLikelihood": "VERY_UNLIKELY"
    }
  ]
}
