{
  "faceAnnotations": [
    {
      "boundingPoly": {
        "vertices": [
          {
            "x": 441,
            "y": 3
          },
          {
            "x": 540,
            "y": 3
          },
          {
            "x": 540,
            "y": 118
          },
          {
            "x": 441,
            "y": 118
          }
        ]
      },
      "fdBoundingPoly": {
        "vertices": [
          {
            "x": 453,
            "y": 26
          },
          {
            "x": 531,
            "y": 26
          },
          {
            "x": 531,
            "y": 104
          },
          {
            "x": 453,
            "y": 104
          }
        ]
      },
      "landmarks": [
        {
          "type": "LEFT_EYE",
          "position": {
            "x": 463.3548583984375,
            "y": 63.01258087158203,
            "z": -0.0003252780588809401
          }
        },
        {
          "type": "RIGHT_EYE",
          "position": {
            "x": 488.969482421875,
            "y": 50.278804779052734,
            "z": -7.004732131958008
          }
        },
        {
          "type": "LEFT_OF_LEFT_EYEBROW",
          "position": {
            "x": 453.2612609863281,
            "y": 62.31379699707031,
            "z": 5.743186950683594
          }
        },
        {
          "type": "RIGHT_OF_LEFT_EYEBROW",
          "position": {
            "x": 466.0426940917969,
            "y": 54.020084381103516,
            "z": -6.6763715744018555
          }
        },
        {
          "type": "LEFT_OF_RIGHT_EYEBROW",
          "position": {
            "x": 478.5522766113281,
            "y": 47.289398193359375,
            "z": -10.059465408325195
          }
        },
        {
          "type": "RIGHT_OF_RIGHT_EYEBROW",
          "position": {
            "x": 495.60443115234375,
            "y": 39.507659912109375,
            "z": -6.011671543121338
          }
        },
        {
          "type": "MIDPOINT_BETWEEN_EYES",
          "position": {
            "x": 474.55828857421875,
            "y": 56.513526916503906,
            "z": -9.628599166870117
          }
        },
        {
          "type": "NOSE_TIP",
          "position": {
            "x": 480.5447998046875,
            "y": 71.73226165771484,
            "z": -20.362091064453125
          }
        },
        {
          "type": "UPPER_LIP",
          "position": {
            "x": 486.7995300292969,
            "y": 80.84033203125,
            "z": -14.953435897827148
          }
        },
        {
          "type": "LOWER_LIP",
          "position": {
            "x": 492.07110595703125,
            "y": 90.10204315185547,
            "z": -14.192110061645508
          }
        },
        {
          "type": "MOUTH_LEFT",
          "position": {
            "x": 480.53240966796875,
            "y": 90.16686248779297,
            "z": -4.8763957023620605
          }
        },
        {
          "type": "MOUTH_RIGHT",
          "position": {
            "x": 504.07684326171875,
            "y": 76.95869445800781,
            "z": -9.6791353225708
          }
        },
        {
          "type": "MOUTH_CENTER",
          "position": {
            "x": 489.6001281738281,
            "y": 85.0046157836914,
            "z": -13.416762351989746
          }
        },
        {
          "type": "NOSE_BOTTOM_RIGHT",
          "position": {
            "x": 491.4272766113281,
            "y": 69.49891662597656,
            "z": -11.365145683288574
          }
        },
        {
          "type": "NOSE_BOTTOM_LEFT",
          "position": {
            "x": 476.47259521484375,
            "y": 77.58724975585938,
            "z": -7.296366214752197
          }
        },
        {
          "type": "NOSE_BOTTOM_CENTER",
          "position": {
            "x": 484.0889892578125,
            "y": 75.46295928955078,
            "z": -14.27094841003418
          }
        },
        {
          "type": "LEFT_EYE_TOP_BOUNDARY",
          "position": {
            "x": 462.7283935546875,
            "y": 61.99382781982422,
            "z": -1.868161678314209
          }
        },
        {
          "type": "LEFT_EYE_RIGHT_CORNER",
          "position": {
            "x": 469.07379150390625,
            "y": 61.56034851074219,
            "z": -1.4669792652130127
          }
        },
        {
          "type": "LEFT_EYE_BOTTOM_BOUNDARY",
          "position": {
            "x": 464.4806823730469,
            "y": 65.00667572021484,
            "z": -0.6486884355545044
          }
        },
        {
          "type": "LEFT_EYE_LEFT_CORNER",
          "position": {
            "x": 459.84466552734375,
            "y": 66.67855834960938,
            "z": 3.826245069503784
          }
        },
        {
          "type": "LEFT_EYE_PUPIL",
          "position": {
            "x": 463.5682678222656,
            "y": 64.06259155273438,
            "z": -0.7974511384963989
          }
        },
        {
          "type": "RIGHT_EYE_TOP_BOUNDARY",
          "position": {
            "x": 488.2482604980469,
            "y": 48.20097351074219,
            "z": -8.8316650390625
          }
        },
        {
          "type": "RIGHT_EYE_RIGHT_CORNER",
          "position": {
            "x": 495.52374267578125,
            "y": 47.50006103515625,
            "z": -5.917189121246338
          }
        },
        {
          "type": "RIGHT_EYE_BOTTOM_BOUNDARY",
          "position": {
            "x": 490.3522644042969,
            "y": 51.9432373046875,
            "z": -7.661218166351318
          }
        },
        {
          "type": "RIGHT_EYE_LEFT_CORNER",
          "position": {
            "x": 484.7412109375,
            "y": 53.49665451049805,
            "z": -5.68755578994751
          }
        },
        {
          "type": "RIGHT_EYE_PUPIL",
          "position": {
            "x": 489.7665100097656,
            "y": 49.92095947265625,
            "z": -8.013291358947754
          }
        },
        {
          "type": "LEFT_EYEBROW_UPPER_MIDPOINT",
          "position": {
            "x": 457.44647216796875,
            "y": 54.925750732421875,
            "z": -1.916524052619934
          }
        },
        {
          "type": "RIGHT_EYEBROW_UPPER_MIDPOINT",
          "position": {
            "x": 485.132568359375,
            "y": 39.93572998046875,
            "z": -9.460756301879883
          }
        },
        {
          "type": "LEFT_EAR_TRAGION",
          "position": {
            "x": 464.3297424316406,
            "y": 85.95117950439453,
            "z": 38.009830474853516
          }
        },
        {
          "type": "RIGHT_EAR_TRAGION",
          "position": {
            "x": 523.5850219726562,
            "y": 54.759063720703125,
            "z": 22.527206420898438
          }
        },
        {
          "type": "FOREHEAD_GLABELLA",
          "position": {
            "x": 471.77545166015625,
            "y": 50.263038635253906,
            "z": -9.424910545349121
          }
        },
        {
          "type": "CHIN_GNATHION",
          "position": {
            "x": 499.0970458984375,
            "y": 101.97792053222656,
            "z": -11.92103099822998
          }
        },
        {
          "type": "CHIN_LEFT_GONION",
          "position": {
            "x": 472.39227294921875,
            "y": 101.19114685058594,
            "z": 23.02732276916504
          }
        },
        {
          "type": "CHIN_RIGHT_GONION",
          "position": {
            "x": 524.8495483398438,
            "y": 72.85693359375,
            "z": 8.707792282104492
          }
        }
      ],
      "rollAngle": -26.61435317993164,
      "panAngle": -13.595568656921387,
      "tiltAngle": 7.525150775909424,
      "detectionConfidence": 0.9503323435783386,
      "landmarkingConfidence": 0.5323314070701599,
      "joyLikelihood": "VERY_LIKELY",
      "sorrowLikelihood": "VERY_UNLIKELY",
      "angerLikelihood": "VERY_UNLIKELY",
      "surpriseLikelihood": "VERY_UNLIKELY",
      "underExposedLikelihood": "VERY_UNLIKELY",
      "blurredLikelihood": "VERY_UNLIKELY",
      "headwearLikelihood": "VERY_UNLIKELY"
    },
    {
      "boundingPoly": {
        "vertices": [
          {
            "x": 72
          },
          {
            "x": 197
          },
          {
            "x": 197,
            "y": 127
          },
          {
            "x": 72,
            "y": 127
          }
        ]
      },
      "fdBoundingPoly": {
        "vertices": [
          {
            "x": 96,
            "y": 23
          },
          {
            "x": 187,
            "y": 23
          },
          {
            "x": 187,
            "y": 114
          },
          {
            "x": 96,
            "y": 114
          }
        ]
      },
      "landmarks": [
        {
          "type": "LEFT_EYE",
          "position": {
            "x": 126.40182495117188,
            "y": 49.37265396118164,
            "z": -8.777139737503603e-05
          }
        },
        {
          "type": "RIGHT_EYE",
          "position": {
            "x": 161.9063262939453,
            "y": 53.52770233154297,
            "z": 7.567493438720703
          }
        },
        {
          "type": "LEFT_OF_LEFT_EYEBROW",
          "position": {
            "x": 114.13683319091797,
            "y": 37.99932861328125,
            "z": 0.21860750019550323
          }
        },
        {
          "type": "RIGHT_OF_LEFT_EYEBROW",
          "position": {
            "x": 138.0135498046875,
            "y": 41.833412170410156,
            "z": -5.799880027770996
          }
        },
        {
          "type": "LEFT_OF_RIGHT_EYEBROW",
          "position": {
            "x": 155.63279724121094,
            "y": 44.040096282958984,
            "z": -2.0479254722595215
          }
        },
        {
          "type": "RIGHT_OF_RIGHT_EYEBROW",
          "position": {
            "x": 175.24205017089844,
            "y": 46.514259338378906,
            "z": 13.206931114196777
          }
        },
        {
          "type": "MIDPOINT_BETWEEN_EYES",
          "position": {
            "x": 145.9107666015625,
            "y": 51.00871658325195,
            "z": -4.018588542938232
          }
        },
        {
          "type": "NOSE_TIP",
          "position": {
            "x": 144.73800659179688,
            "y": 73.22321319580078,
            "z": -13.731141090393066
          }
        },
        {
          "type": "UPPER_LIP",
          "position": {
            "x": 141.23020935058594,
            "y": 85.73564910888672,
            "z": -4.398325443267822
          }
        },
        {
          "type": "LOWER_LIP",
          "position": {
            "x": 138.4897918701172,
            "y": 98.73533630371094,
            "z": -0.9470760226249695
          }
        },
        {
          "type": "MOUTH_LEFT",
          "position": {
            "x": 122.5941162109375,
            "y": 88.7778549194336,
            "z": 3.0156118869781494
          }
        },
        {
          "type": "MOUTH_RIGHT",
          "position": {
            "x": 152.5850067138672,
            "y": 92.62474060058594,
            "z": 8.942845344543457
          }
        },
        {
          "type": "MOUTH_CENTER",
          "position": {
            "x": 139.50624084472656,
            "y": 91.86894226074219,
            "z": -1.2519428730010986
          }
        },
        {
          "type": "NOSE_BOTTOM_RIGHT",
          "position": {
            "x": 152.16615295410156,
            "y": 75.94978332519531,
            "z": 2.925466537475586
          }
        },
        {
          "type": "NOSE_BOTTOM_LEFT",
          "position": {
            "x": 130.81475830078125,
            "y": 72.3548812866211,
            "z": -1.4469634294509888
          }
        },
        {
          "type": "NOSE_BOTTOM_CENTER",
          "position": {
            "x": 141.92796325683594,
            "y": 78.2844467163086,
            "z": -4.907877445220947
          }
        },
        {
          "type": "LEFT_EYE_TOP_BOUNDARY",
          "position": {
            "x": 126.6588134765625,
            "y": 46.40215301513672,
            "z": -2.741093635559082
          }
        },
        {
          "type": "LEFT_EYE_RIGHT_CORNER",
          "position": {
            "x": 133.40228271484375,
            "y": 50.52850341796875,
            "z": 1.6194441318511963
          }
        },
        {
          "type": "LEFT_EYE_BOTTOM_BOUNDARY",
          "position": {
            "x": 125.6565170288086,
            "y": 51.32564163208008,
            "z": -0.2967650592327118
          }
        },
        {
          "type": "LEFT_EYE_LEFT_CORNER",
          "position": {
            "x": 117.81061553955078,
            "y": 47.59608459472656,
            "z": 1.730403184890747
          }
        },
        {
          "type": "LEFT_EYE_PUPIL",
          "position": {
            "x": 125.38188171386719,
            "y": 48.73457717895508,
            "z": -1.17134428024292
          }
        },
        {
          "type": "RIGHT_EYE_TOP_BOUNDARY",
          "position": {
            "x": 163.23748779296875,
            "y": 51.461395263671875,
            "z": 5.040353775024414
          }
        },
        {
          "type": "RIGHT_EYE_RIGHT_CORNER",
          "position": {
            "x": 168.9550323486328,
            "y": 54.75761413574219,
            "z": 12.59881591796875
          }
        },
        {
          "type": "RIGHT_EYE_BOTTOM_BOUNDARY",
          "position": {
            "x": 162.05731201171875,
            "y": 55.69624710083008,
            "z": 7.442300796508789
          }
        },
        {
          "type": "RIGHT_EYE_LEFT_CORNER",
          "position": {
            "x": 155.03005981445312,
            "y": 53.34250259399414,
            "z": 6.264003753662109
          }
        },
        {
          "type": "RIGHT_EYE_PUPIL",
          "position": {
            "x": 162.93875122070312,
            "y": 53.93145751953125,
            "z": 6.775105953216553
          }
        },
        {
          "type": "LEFT_EYEBROW_UPPER_MIDPOINT",
          "position": {
            "x": 127.08787536621094,
            "y": 35.45705795288086,
            "z": -5.51070499420166
          }
        },
        {
          "type": "RIGHT_EYEBROW_UPPER_MIDPOINT",
          "position": {
            "x": 166.78396606445312,
            "y": 40.966331481933594,
            "z": 2.924610137939453
          }
        },
        {
          "type": "LEFT_EAR_TRAGION",
          "position": {
            "x": 90.6008529663086,
            "y": 60.0222053527832,
            "z": 41.46762466430664
          }
        },
        {
          "type": "RIGHT_EAR_TRAGION",
          "position": {
            "x": 173.73468017578125,
            "y": 71.54965209960938,
            "z": 59.150150299072266
          }
        },
        {
          "type": "FOREHEAD_GLABELLA",
          "position": {
            "x": 147.19459533691406,
            "y": 42.58274459838867,
            "z": -5.332008361816406
          }
        },
        {
          "type": "CHIN_GNATHION",
          "position": {
            "x": 134.96258544921875,
            "y": 114.93656158447266,
            "z": 5.13468074798584
          }
        },
        {
          "type": "CHIN_LEFT_GONION",
          "position": {
            "x": 94.0506362915039,
            "y": 85.73731994628906,
            "z": 28.562725067138672
          }
        },
        {
          "type": "CHIN_RIGHT_GONION",
          "position": {
            "x": 169.18544006347656,
            "y": 96.1160659790039,
            "z": 44.529937744140625
          }
        }
      ],
      "rollAngle": 8.512036323547363,
      "panAngle": 11.90429973602295,
      "tiltAngle": -2.985311508178711,
      "detectionConfidence": 0.8954592943191528,
      "landmarkingConfidence": 0.296802818775177,
      "joyLikelihood": "VERY_LIKELY",
      "sorrowLikelihood": "VERY_UNLIKELY",
      "angerLikelihood": "UNLIKELY",
      "surpriseLikelihood": "VERY_UNLIKELY",
      "underExposedLikelihood": "VERY_UNLIKELY",
      "blurredLikelihood": "VERY_UNLIKELY",
      "headwearLikelihood": "VERY_UNLIKELY"
    }
  ]
}
