{
  "faceAnnotations": [
    {
      "boundingPoly": {
        "vertices": [
          {
            "x": 157
          },
          {
            "x": 212
          },
          {
            "x": 212,
            "y": 47
          },
          {
            "x": 157,
            "y": 47
          }
        ]
      },
      "fdBoundingPoly": {
        "vertices": [
          {
            "x": 163
          },
          {
            "x": 213
          },
          {
            "x": 213,
            "y": 48
          },
          {
            "x": 163,
            "y": 48
          }
        ]
      },
      "landmarks": [
        {
          "type": "LEFT_EYE",
          "position": {
            "x": 194.07933044433594,
            "y": 15.723365783691406,
            "z": -0.0001359474117634818
          }
        },
        {
          "type": "RIGHT_EYE",
          "position": {
            "x": 203.75677490234375,
            "y": 19.388385772705078,
            "z": 13.28355884552002
          }
        },
        {
          "type": "LEFT_OF_LEFT_EYEBROW",
          "position": {
            "x": 191.38560485839844,
            "y": 10.817516326904297,
            "z": -3.3480639457702637
          }
        },
        {
          "type": "RIGHT_OF_LEFT_EYEBROW",
          "position": {
            "x": 200.4770050048828,
            "y": 14.14115047454834,
            "z": 1.520601511001587
          }
        },
        {
          "type": "LEFT_OF_RIGHT_EYEBROW",
          "position": {
            "x": 205.16148376464844,
            "y": 15.75758171081543,
            "z": 7.886196613311768
          }
        },
        {
          "type": "RIGHT_OF_RIGHT_EYEBROW",
          "position": {
            "x": 207.25698852539062,
            "y": 16.424407958984375,
            "z": 18.555160522460938
          }
        },
        {
          "type": "MIDPOINT_BETWEEN_EYES",
          "position": {
            "x": 201.7600860595703,
            "y": 18.264583587646484,
            "z": 4.630313396453857
          }
        },
        {
          "type": "NOSE_TIP",
          "position": {
            "x": 202.1400909423828,
            "y": 29.094833374023438,
            "z": 1.7669297456741333
          }
        },
        {
          "type": "UPPER_LIP",
          "position": {
            "x": 196.88223266601562,
            "y": 32.976463317871094,
            "z": 4.309760093688965
          }
        },
        {
          "type": "LOWER_LIP",
          "position": {
            "x": 193.8296661376953,
            "y": 37.95809555053711,
            "z": 5.1638689041137695
          }
        },
        {
          "type": "MOUTH_LEFT",
          "position": {
            "x": 189.02330017089844,
            "y": 31.834819793701172,
            "z": 1.8596012592315674
          }
        },
        {
          "type": "MOUTH_RIGHT",
          "position": {
            "x": 196.45022583007812,
            "y": 35.231842041015625,
            "z": 12.220197677612305
          }
        },
        {
          "type": "MOUTH_CENTER",
          "position": {
            "x": 194.9862823486328,
            "y": 35.07481384277344,
            "z": 5.123762130737305
          }
        },
        {
          "type": "NOSE_BOTTOM_RIGHT",
          "position": {
            "x": 199.38084411621094,
            "y": 28.718660354614258,
            "z": 9.327496528625488
          }
        },
        {
          "type": "NOSE_BOTTOM_LEFT",
          "position": {
            "x": 195.03073120117188,
            "y": 27.153675079345703,
            "z": 2.3713879585266113
          }
        },
        {
          "type": "NOSE_BOTTOM_CENTER",
          "position": {
            "x": 198.2592010498047,
            "y": 30.085494995117188,
            "z": 4.203869819641113
          }
        },
        {
          "type": "LEFT_EYE_TOP_BOUNDARY",
          "position": {
            "x": 195.5184783935547,
            "y": 15.198189735412598,
            "z": -0.5087428092956543
          }
        },
        {
          "type": "LEFT_EYE_RIGHT_CORNER",
          "position": {
            "x": 195.9154510498047,
            "y": 16.419475555419922,
            "z": 2.7879903316497803
          }
        },
        {
          "type": "LEFT_EYE_BOTTOM_BOUNDARY",
          "position": {
            "x": 193.79881286621094,
            "y": 17.00383758544922,
            "z": 0.1080293357372284
          }
        },
        {
          "type": "LEFT_EYE_LEFT_CORNER",
          "position": {
            "x": 191.19711303710938,
            "y": 14.884601593017578,
            "z": -1.499599814414978
          }
        },
        {
          "type": "LEFT_EYE_PUPIL",
          "position": {
            "x": 194.44508361816406,
            "y": 15.995582580566406,
            "z": -0.2604178786277771
          }
        },
        {
          "type": "RIGHT_EYE_TOP_BOUNDARY",
          "position": {
            "x": 205.0118408203125,
            "y": 18.631101608276367,
            "z": 12.605456352233887
          }
        },
        {
          "type": "RIGHT_EYE_RIGHT_CORNER",
          "position": {
            "x": 204.5287628173828,
            "y": 19.634632110595703,
            "z": 16.84025001525879
          }
        },
        {
          "type": "RIGHT_EYE_BOTTOM_BOUNDARY",
          "position": {
            "x": 203.4609832763672,
            "y": 20.445850372314453,
            "z": 13.233651161193848
          }
        },
        {
          "type": "RIGHT_EYE_LEFT_CORNER",
          "position": {
            "x": 201.7797088623047,
            "y": 18.777862548828125,
            "z": 10.715765953063965
          }
        },
        {
          "type": "RIGHT_EYE_PUPIL",
          "position": {
            "x": 204.19549560546875,
            "y": 19.526126861572266,
            "z": 13.182714462280273
          }
        },
        {
          "type": "LEFT_EYEBROW_UPPER_MIDPOINT",
          "position": {
            "x": 197.4869384765625,
            "y": 10.839491844177246,
            "z": -1.666895866394043
          }
        },
        {
          "type": "RIGHT_EYEBROW_UPPER_MIDPOINT",
          "position": {
            "x": 207.7837371826172,
            "y": 14.558083534240723,
            "z": 12.559854507446289
          }
        },
        {
          "type": "LEFT_EAR_TRAGION",
          "position": {
            "x": 170.3253173828125,
            "y": 15.013429641723633,
            "z": 4.43953275680542
          }
        },
        {
          "type": "RIGHT_EAR_TRAGION",
          "position": {
            "x": 191.85678100585938,
            "y": 23.030906677246094,
            "z": 34.25271224975586
          }
        },
        {
          "type": "FOREHEAD_GLABELLA",
          "position": {
            "x": 203.40032958984375,
            "y": 14.923301696777344,
            "z": 4.319777965545654
          }
        },
        {
          "type": "CHIN_GNATHION",
          "position": {
            "x": 189.50860595703125,
            "y": 44.257049560546875,
            "z": 6.720437049865723
          }
        },
        {
          "type": "CHIN_LEFT_GONION",
          "position": {
            "x": 172.22671508789062,
            "y": 27.686132431030273,
            "z": 1.9532138109207153
          }
        },
        {
          "type": "CHIN_RIGHT_GONION",
          "position": {
            "x": 191.88284301757812,
            "y": 34.554908752441406,
            "z": 28.996723175048828
          }
        }
      ],
      "rollAngle": 21.198976516723633,
      "panAngle": 52.457950592041016,
      "tiltAngle": -1.037657380104065,
      "detectionConfidence": 0.5207018256187439,
      "landmarkingConfidence": 0.24160709977149963,
      "joyLikelihood": "UNLIKELY",
      "sorrowLikelihood": "VERY_UNLIKELY",
      "angerLikelihood": "VERY_UNLIKELY",
      "surpriseLikelihood": "VERY_UNLIKELY",
      "underExposedLikelihood": "VERY_UNLIKELY",
      "blurredLikelihood": "VERY_UNLIKELY",
      "headwearLikelihood": "VERY_UNLIKELY"
    },
    {
      "boundingPoly": {
        "vertices": [
          {
            "x": 281,
            "y": 15
          },
          {
            "x": 328,
            "y": 15
          },
          {
            "x": 328,
            "y": 70
          },
          {
            "x": 281,
            "y": 70
          }
        ]
      },
      "fdBoundingPoly": {
        "vertices": [
          {
            "x": 275,
            "y": 20
          },
          {
            "x": 325,
            "y": 20
          },
          {
            "x": 325,
            "y": 70
          },
          {
            "x": 275,
            "y": 70
          }
        ]
      },
      "landmarks": [
        {
          "type": "LEFT_EYE",
          "position": {
            "x": 289.76531982421875,
            "y": 39.717498779296875,
            "z": 9.649139974499121e-05
          }
        },
        {
          "type": "RIGHT_EYE",
          "position": {
            "x": 296.9010925292969,
            "y": 39.25880432128906,
            "z": -11.78264331817627
          }
        },
        {
          "type": "LEFT_OF_LEFT_EYEBROW",
          "position": {
            "x": 288.3675231933594,
            "y": 36.57183837890625,
            "z": 4.953152656555176
          }
        },
        {
          "type": "RIGHT_OF_LEFT_EYEBROW",
          "position": {
            "x": 289.4037780761719,
            "y": 36.118492126464844,
            "z": -4.494553089141846
          }
        },
        {
          "type": "LEFT_OF_RIGHT_EYEBROW",
          "position": {
            "x": 293.1275634765625,
            "y": 36.117958068847656,
            "z": -10.408428192138672
          }
        },
        {
          "type": "RIGHT_OF_RIGHT_EYEBROW",
          "position": {
            "x": 301.4822692871094,
            "y": 35.89992904663086,
            "z": -15.509194374084473
          }
        },
        {
          "type": "MIDPOINT_BETWEEN_EYES",
          "position": {
            "x": 291.0587463378906,
            "y": 39.02655792236328,
            "z": -7.70045804977417
          }
        },
        {
          "type": "NOSE_TIP",
          "position": {
            "x": 287.46673583984375,
            "y": 47.269737243652344,
            "z": -10.309955596923828
          }
        },
        {
          "type": "UPPER_LIP",
          "position": {
            "x": 290.4402160644531,
            "y": 52.298526763916016,
            "z": -8.710090637207031
          }
        },
        {
          "type": "LOWER_LIP",
          "position": {
            "x": 291.07940673828125,
            "y": 57.54045867919922,
            "z": -8.384744644165039
          }
        },
        {
          "type": "MOUTH_LEFT",
          "position": {
            "x": 290.4895324707031,
            "y": 54.85618209838867,
            "z": -1.9350757598876953
          }
        },
        {
          "type": "MOUTH_RIGHT",
          "position": {
            "x": 297.53692626953125,
            "y": 53.59773635864258,
            "z": -11.735469818115234
          }
        },
        {
          "type": "MOUTH_CENTER",
          "position": {
            "x": 291.1278076171875,
            "y": 54.80577850341797,
            "z": -8.253152847290039
          }
        },
        {
          "type": "NOSE_BOTTOM_RIGHT",
          "position": {
            "x": 294.1104736328125,
            "y": 48.23535919189453,
            "z": -10.710709571838379
          }
        },
        {
          "type": "NOSE_BOTTOM_LEFT",
          "position": {
            "x": 289.8963317871094,
            "y": 48.586082458496094,
            "z": -4.041445732116699
          }
        },
        {
          "type": "NOSE_BOTTOM_CENTER",
          "position": {
            "x": 290.2345275878906,
            "y": 49.56560516357422,
            "z": -8.635472297668457
          }
        },
        {
          "type": "LEFT_EYE_TOP_BOUNDARY",
          "position": {
            "x": 288.95880126953125,
            "y": 38.742515563964844,
            "z": -0.48166295886039734
          }
        },
        {
          "type": "LEFT_EYE_RIGHT_CORNER",
          "position": {
            "x": 291.34405517578125,
            "y": 39.77336120605469,
            "z": -2.4219794273376465
          }
        },
        {
          "type": "LEFT_EYE_BOTTOM_BOUNDARY",
          "position": {
            "x": 289.6520690917969,
            "y": 40.71111297607422,
            "z": -0.1175888404250145
          }
        },
        {
          "type": "LEFT_EYE_LEFT_CORNER",
          "position": {
            "x": 289.3573303222656,
            "y": 39.938480377197266,
            "z": 3.1245980262756348
          }
        },
        {
          "type": "LEFT_EYE_PUPIL",
          "position": {
            "x": 289.3665466308594,
            "y": 39.75958251953125,
            "z": 0.0063051097095012665
          }
        },
        {
          "type": "RIGHT_EYE_TOP_BOUNDARY",
          "position": {
            "x": 296.63360595703125,
            "y": 38.28636932373047,
            "z": -12.69148063659668
          }
        },
        {
          "type": "RIGHT_EYE_RIGHT_CORNER",
          "position": {
            "x": 300.0865173339844,
            "y": 39.252655029296875,
            "z": -13.923300743103027
          }
        },
        {
          "type": "RIGHT_EYE_BOTTOM_BOUNDARY",
          "position": {
            "x": 297.0331115722656,
            "y": 40.259185791015625,
            "z": -12.268863677978516
          }
        },
        {
          "type": "RIGHT_EYE_LEFT_CORNER",
          "position": {
            "x": 295.9259948730469,
            "y": 39.499454498291016,
            "z": -9.730127334594727
          }
        },
        {
          "type": "RIGHT_EYE_PUPIL",
          "position": {
            "x": 297.22930908203125,
            "y": 39.28651428222656,
            "z": -12.537796974182129
          }
        },
        {
          "type": "LEFT_EYEBROW_UPPER_MIDPOINT",
          "position": {
            "x": 288.07379150390625,
            "y": 34.55982208251953,
            "z": -0.1722753494977951
          }
        },
        {
          "type": "RIGHT_EYEBROW_UPPER_MIDPOINT",
          "position": {
            "x": 296.4189147949219,
            "y": 34.06536865234375,
            "z": -13.422271728515625
          }
        },
        {
          "type": "LEFT_EAR_TRAGION",
          "position": {
            "x": 299.940673828125,
            "y": 47.69969940185547,
            "z": 16.94646644592285
          }
        },
        {
          "type": "RIGHT_EAR_TRAGION",
          "position": {
            "x": 317.62298583984375,
            "y": 47.375125885009766,
            "z": -10.847894668579102
          }
        },
        {
          "type": "FOREHEAD_GLABELLA",
          "position": {
            "x": 290.8207702636719,
            "y": 35.815101623535156,
            "z": -7.750040531158447
          }
        },
        {
          "type": "CHIN_GNATHION",
          "position": {
            "x": 292.7900390625,
            "y": 64.6419448852539,
            "z": -7.585045337677002
          }
        },
        {
          "type": "CHIN_LEFT_GONION",
          "position": {
            "x": 295.75457763671875,
            "y": 56.72423553466797,
            "z": 12.116866111755371
          }
        },
        {
          "type": "CHIN_RIGHT_GONION",
          "position": {
            "x": 311.5812683105469,
            "y": 55.901466369628906,
            "z": -13.001544952392578
          }
        }
      ],
      "rollAngle": 0.5136927366256714,
      "panAngle": -57.81970977783203,
      "tiltAngle": 2.4750516414642334,
      "detectionConfidence": 0.5321394205093384,
      "landmarkingConfidence": 0.2197057157754898,
      "joyLikelihood": "VERY_LIKELY",
      "sorrowLikelihood": "VERY_UNLIKELY",
      "angerLikelihood": "VERY_UNLIKELY",
      "surpriseLikelihood": "VERY_UNLIKELY",
      "underExposedLikelihood": "VERY_UNLIKELY",
      "blurredLikelihood": "VERY_UNLIKELY",
      "headwearLikelihood": "VERY_UNLIKELY"
    }
  ]
}
