{
  "faceAnnotations": [
    {
      "boundingPoly": {
        "vertices": [
          {
            "x": 262,
            "y": 25
          },
          {
            "x": 328,
            "y": 25
          },
          {
            "x": 328,
            "y": 102
          },
          {
            "x": 262,
            "y": 102
          }
        ]
      },
      "fdBoundingPoly": {
        "vertices": [
          {
            "x": 273,
            "y": 43
          },
          {
            "x": 327,
            "y": 43
          },
          {
            "x": 327,
            "y": 97
          },
          {
            "x": 273,
            "y": 97
          }
        ]
      },
      "landmarks": [
        {
          "type": "LEFT_EYE",
          "position": {
            "x": 300.75115966796875,
            "y": 61.99836730957031,
            "z": -3.078192821703851e-05
          }
        },
        {
          "type": "RIGHT_EYE",
          "position": {
            "x": 313.9156799316406,
            "y": 58.392189025878906,
            "z": 13.022756576538086
          }
        },
        {
          "type": "LEFT_OF_LEFT_EYEBROW",
          "position": {
            "x": 293.2757873535156,
            "y": 59.79135513305664,
            "z": -4.455807209014893
          }
        },
        {
          "type": "RIGHT_OF_LEFT_EYEBROW",
          "position": {
            "x": 305.94354248046875,
            "y": 56.865352630615234,
            "z": -0.5539669990539551
          }
        },
        {
          "type": "LEFT_OF_RIGHT_EYEBROW",
          "position": {
            "x": 312.71905517578125,
            "y": 54.78034591674805,
            "z": 6.089848041534424
          }
        },
        {
          "type": "RIGHT_OF_RIGHT_EYEBROW",
          "position": {
            "x": 317.2257385253906,
            "y": 52.39091110229492,
            "z": 18.471599578857422
          }
        },
        {
          "type": "MIDPOINT_BETWEEN_EYES",
          "position": {
            "x": 310.26849365234375,
            "y": 59.46635437011719,
            "z": 3.1075639724731445
          }
        },
        {
          "type": "NOSE_TIP",
          "position": {
            "x": 315.6195983886719,
            "y": 71.6727294921875,
            "z": 0.6632556319236755
          }
        },
        {
          "type": "UPPER_LIP",
          "position": {
            "x": 312.54241943359375,
            "y": 78.78691101074219,
            "z": 5.3191633224487305
          }
        },
        {
          "type": "LOWER_LIP",
          "position": {
            "x": 312.8581848144531,
            "y": 85.4774169921875,
            "z": 7.3965535163879395
          }
        },
        {
          "type": "MOUTH_LEFT",
          "position": {
            "x": 301.5243225097656,
            "y": 81.69844055175781,
            "z": 3.933391809463501
          }
        },
        {
          "type": "MOUTH_RIGHT",
          "position": {
            "x": 315.25250244140625,
            "y": 79.8674545288086,
            "z": 15.037113189697266
          }
        },
        {
          "type": "MOUTH_CENTER",
          "position": {
            "x": 312.1533203125,
            "y": 81.751708984375,
            "z": 6.859209060668945
          }
        },
        {
          "type": "NOSE_BOTTOM_RIGHT",
          "position": {
            "x": 314.2023010253906,
            "y": 71.68274688720703,
            "z": 10.30820083618164
          }
        },
        {
          "type": "NOSE_BOTTOM_LEFT",
          "position": {
            "x": 306.001953125,
            "y": 73.36190795898438,
            "z": 2.698610544204712
          }
        },
        {
          "type": "NOSE_BOTTOM_CENTER",
          "position": {
            "x": 312.1123352050781,
            "y": 75.06166076660156,
            "z": 4.622696399688721
          }
        },
        {
          "type": "LEFT_EYE_TOP_BOUNDARY",
          "position": {
            "x": 300.65106201171875,
            "y": 60.985557556152344,
            "z": -1.733078956604004
          }
        },
        {
          "type": "LEFT_EYE_RIGHT_CORNER",
          "position": {
            "x": 303.26513671875,
            "y": 61.60808181762695,
            "z": 2.424215316772461
          }
        },
        {
          "type": "LEFT_EYE_BOTTOM_BOUNDARY",
          "position": {
            "x": 300.5599670410156,
            "y": 63.40402603149414,
            "z": -0.4091072082519531
          }
        },
        {
          "type": "LEFT_EYE_LEFT_CORNER",
          "position": {
            "x": 295.7116394042969,
            "y": 63.1317138671875,
            "z": -1.9163649082183838
          }
        },
        {
          "type": "LEFT_EYE_PUPIL",
          "position": {
            "x": 299.990478515625,
            "y": 62.38056182861328,
            "z": -1.1255155801773071
          }
        },
        {
          "type": "RIGHT_EYE_TOP_BOUNDARY",
          "position": {
            "x": 315.035400390625,
            "y": 57.075599670410156,
            "z": 12.025566101074219
          }
        },
        {
          "type": "RIGHT_EYE_RIGHT_CORNER",
          "position": {
            "x": 315.85809326171875,
            "y": 57.64052963256836,
            "z": 17.304040908813477
          }
        },
        {
          "type": "RIGHT_EYE_BOTTOM_BOUNDARY",
          "position": {
            "x": 314.5701904296875,
            "y": 59.70051956176758,
            "z": 13.294751167297363
          }
        },
        {
          "type": "RIGHT_EYE_LEFT_CORNER",
          "position": {
            "x": 311.591552734375,
            "y": 59.170413970947266,
            "z": 10.601557731628418
          }
        },
        {
          "type": "RIGHT_EYE_PUPIL",
          "position": {
            "x": 314.77252197265625,
            "y": 58.383750915527344,
            "z": 12.989517211914062
          }
        },
        {
          "type": "LEFT_EYEBROW_UPPER_MIDPOINT",
          "position": {
            "x": 300.0147399902344,
            "y": 55.44919204711914,
            "z": -3.966510534286499
          }
        },
        {
          "type": "RIGHT_EYEBROW_UPPER_MIDPOINT",
          "position": {
            "x": 315.6366271972656,
            "y": 51.190696716308594,
            "z": 10.958495140075684
          }
        },
        {
          "type": "LEFT_EAR_TRAGION",
          "position": {
            "x": 274.9761047363281,
            "y": 74.86965942382812,
            "z": 10.367717742919922
          }
        },
        {
          "type": "RIGHT_EAR_TRAGION",
          "position": {
            "x": 307.21209716796875,
            "y": 65.1220703125,
            "z": 41.46865463256836
          }
        },
        {
          "type": "FOREHEAD_GLABELLA",
          "position": {
            "x": 309.7310485839844,
            "y": 55.50244140625,
            "z": 2.1360068321228027
          }
        },
        {
          "type": "CHIN_GNATHION",
          "position": {
            "x": 312.62127685546875,
            "y": 94.54988098144531,
            "z": 10.669742584228516
          }
        },
        {
          "type": "CHIN_LEFT_GONION",
          "position": {
            "x": 283.4082946777344,
            "y": 86.63925170898438,
            "z": 7.816891193389893
          }
        },
        {
          "type": "CHIN_RIGHT_GONION",
          "position": {
            "x": 312.9791259765625,
            "y": 78.55123901367188,
            "z": 36.027156829833984
          }
        }
      ],
      "rollAngle": -7.040158271789551,
      "panAngle": 43.28384017944336,
      "tiltAngle": -8.781393051147461,
      "detectionConfidence": 0.9032323360443115,
      "landmarkingConfidence": 0.66151362657547,
      "joyLikelihood": "VERY_LIKELY",
      "sorrowLikelihood": "VERY_UNLIKELY",
      "angerLikelihood": "VERY_UNLIKELY",
      "surpriseLikelihood": "VERY_UNLIKELY",
      "underExposedLikelihood": "VERY_UNLIKELY",
      "blurredLikelihood": "VERY_UNLIKELY",
      "headwearLikelihood": "VERY_UNLIKELY"
    },
    {
      "boundingPoly": {
        "vertices": [
          {
            "x": 433
          },
          {
            "x": 512
          },
          {
            "x": 512,
            "y": 88
          },
          {
            "x": 433,
            "y": 88
          }
        ]
      },
      "fdBoundingPoly": {
        "vertices": [
          {
            "x": 435,
            "y": 26
          },
          {
            "x": 487,
            "y": 26
          },
          {
            "x": 487,
            "y": 79
          },
          {
            "x": 435,
            "y": 79
          }
        ]
      },
      "landmarks": [
        {
          "type": "LEFT_EYE",
          "position": {
            "x": 449.0263977050781,
            "y": 44.93023681640625,
            "z": 0.00043194121099077165
          }
        },
        {
          "type": "RIGHT_EYE",
          "position": {
            "x": 449.77740478515625,
            "y": 45.140716552734375,
            "z": -24.945627212524414
          }
        },
        {
          "type": "LEFT_OF_LEFT_EYEBROW",
          "position": {
            "x": 448.6139831542969,
            "y": 38.68022537231445,
            "z": 8.239046096801758
          }
        },
        {
          "type": "RIGHT_OF_LEFT_EYEBROW",
          "position": {
            "x": 442.41436767578125,
            "y": 41.211669921875,
            "z": -6.717269420623779
          }
        },
        {
          "type": "LEFT_OF_RIGHT_EYEBROW",
          "position": {
            "x": 442.8701171875,
            "y": 41.355201721191406,
            "z": -18.81155776977539
          }
        },
        {
          "type": "RIGHT_OF_RIGHT_EYEBROW",
          "position": {
            "x": 450.4653625488281,
            "y": 39.51727294921875,
            "z": -33.42088317871094
          }
        },
        {
          "type": "MIDPOINT_BETWEEN_EYES",
          "position": {
            "x": 444.17999267578125,
            "y": 46.41078567504883,
            "z": -12.633013725280762
          }
        },
        {
          "type": "NOSE_TIP",
          "position": {
            "x": 443.40631103515625,
            "y": 63.07032012939453,
            "z": -12.494134902954102
          }
        },
        {
          "type": "UPPER_LIP",
          "position": {
            "x": 450.9022521972656,
            "y": 68.88517761230469,
            "z": -12.131019592285156
          }
        },
        {
          "type": "LOWER_LIP",
          "position": {
            "x": 455.3619079589844,
            "y": 76.43240356445312,
            "z": -11.871500015258789
          }
        },
        {
          "type": "MOUTH_LEFT",
          "position": {
            "x": 457.7942810058594,
            "y": 69.96061706542969,
            "z": -2.1536710262298584
          }
        },
        {
          "type": "MOUTH_RIGHT",
          "position": {
            "x": 458.5865783691406,
            "y": 69.78048706054688,
            "z": -21.693437576293945
          }
        },
        {
          "type": "MOUTH_CENTER",
          "position": {
            "x": 453.87127685546875,
            "y": 72.03756713867188,
            "z": -11.982402801513672
          }
        },
        {
          "type": "NOSE_BOTTOM_RIGHT",
          "position": {
            "x": 452.0192565917969,
            "y": 60.905967712402344,
            "z": -18.99995994567871
          }
        },
        {
          "type": "NOSE_BOTTOM_LEFT",
          "position": {
            "x": 451.4837341308594,
            "y": 60.79384231567383,
            "z": -5.438571929931641
          }
        },
        {
          "type": "NOSE_BOTTOM_CENTER",
          "position": {
            "x": 448.95062255859375,
            "y": 64.2473373413086,
            "z": -12.256092071533203
          }
        },
        {
          "type": "LEFT_EYE_TOP_BOUNDARY",
          "position": {
            "x": 446.67047119140625,
            "y": 44.042144775390625,
            "z": -0.09168641269207001
          }
        },
        {
          "type": "LEFT_EYE_RIGHT_CORNER",
          "position": {
            "x": 449.193115234375,
            "y": 45.29869079589844,
            "z": -5.0325775146484375
          }
        },
        {
          "type": "LEFT_EYE_BOTTOM_BOUNDARY",
          "position": {
            "x": 449.32781982421875,
            "y": 46.61334991455078,
            "z": 0.006914122495800257
          }
        },
        {
          "type": "LEFT_EYE_LEFT_CORNER",
          "position": {
            "x": 450.80145263671875,
            "y": 44.333011627197266,
            "z": 4.991089820861816
          }
        },
        {
          "type": "LEFT_EYE_PUPIL",
          "position": {
            "x": 448.1822509765625,
            "y": 45.311710357666016,
            "z": 0.36420607566833496
          }
        },
        {
          "type": "RIGHT_EYE_TOP_BOUNDARY",
          "position": {
            "x": 447.6044616699219,
            "y": 44.33183288574219,
            "z": -25.00722312927246
          }
        },
        {
          "type": "RIGHT_EYE_RIGHT_CORNER",
          "position": {
            "x": 452.1166687011719,
            "y": 44.634490966796875,
            "z": -29.801916122436523
          }
        },
        {
          "type": "RIGHT_EYE_BOTTOM_BOUNDARY",
          "position": {
            "x": 450.0774230957031,
            "y": 46.694698333740234,
            "z": -24.883373260498047
          }
        },
        {
          "type": "RIGHT_EYE_LEFT_CORNER",
          "position": {
            "x": 449.6536865234375,
            "y": 45.45917510986328,
            "z": -19.91217803955078
          }
        },
        {
          "type": "RIGHT_EYE_PUPIL",
          "position": {
            "x": 449.1320495605469,
            "y": 45.609718322753906,
            "z": -25.216381072998047
          }
        },
        {
          "type": "LEFT_EYEBROW_UPPER_MIDPOINT",
          "position": {
            "x": 442.917236328125,
            "y": 37.65660858154297,
            "z": 0.7356372475624084
          }
        },
        {
          "type": "RIGHT_EYEBROW_UPPER_MIDPOINT",
          "position": {
            "x": 443.9579772949219,
            "y": 37.98168182373047,
            "z": -26.269264221191406
          }
        },
        {
          "type": "LEFT_EAR_TRAGION",
          "position": {
            "x": 480.93597412109375,
            "y": 46.43150329589844,
            "z": 16.74045753479004
          }
        },
        {
          "type": "RIGHT_EAR_TRAGION",
          "position": {
            "x": 479.96429443359375,
            "y": 48.22038269042969,
            "z": -37.4158935546875
          }
        },
        {
          "type": "FOREHEAD_GLABELLA",
          "position": {
            "x": 441.6695861816406,
            "y": 41.31966781616211,
            "z": -12.77697467803955
          }
        },
        {
          "type": "CHIN_GNATHION",
          "position": {
            "x": 462.63653564453125,
            "y": 85.4343490600586,
            "z": -11.498884201049805
          }
        },
        {
          "type": "CHIN_LEFT_GONION",
          "position": {
            "x": 476.89691162109375,
            "y": 65.16839599609375,
            "z": 14.16077709197998
          }
        },
        {
          "type": "CHIN_RIGHT_GONION",
          "position": {
            "x": 478.75543212890625,
            "y": 65.4045181274414,
            "z": -36.48844528198242
          }
        }
      ],
      "rollAngle": -19.801345825195312,
      "panAngle": -88.22721099853516,
      "tiltAngle": -1.3455041646957397,
      "detectionConfidence": 0.6812918782234192,
      "landmarkingConfidence": 0.29143187403678894,
      "joyLikelihood": "VERY_UNLIKELY",
      "sorrowLikelihood": "VERY_UNLIKELY",
      "angerLikelihood": "VERY_UNLIKELY",
      "surpriseLikelihood": "VERY_UNLIKELY",
      "underExposedLikelihood": "VERY_UNLIKELY",
      "blurredLikelihood": "VERY_UNLIKELY",
      "headwearLikelihood": "VERY_UNLIKELY"
    }
  ]
}
