{
  "faceAnnotations": [
    {
      "boundingPoly": {
        "vertices": [
          {
            "x": 56,
            "y": 116
          },
          {
            "x": 118,
            "y": 116
          },
          {
            "x": 118,
            "y": 188
          },
          {
            "x": 56,
            "y": 188
          }
        ]
      },
      "fdBoundingPoly": {
        "vertices": [
          {
            "x": 70,
            "y": 133
          },
          {
            "x": 120,
            "y": 133
          },
          {
            "x": 120,
            "y": 183
          },
          {
            "x": 70,
            "y": 183
          }
        ]
      },
      "landmarks": [
        {
          "type": "LEFT_EYE",
          "position": {
            "x": 101.01839447021484,
            "y": 149.37611389160156,
            "z": -0.0002749147533904761
          }
        },
        {
          "type": "RIGHT_EYE",
          "position": {
            "x": 103.78221130371094,
            "y": 143.61297607421875,
            "z": 17.375030517578125
          }
        },
        {
          "type": "LEFT_OF_LEFT_EYEBROW",
          "position": {
            "x": 97.83380126953125,
            "y": 148.2538604736328,
            "z": -6.850922584533691
          }
        },
        {
          "type": "RIGHT_OF_LEFT_EYEBROW",
          "position": {
            "x": 104.74073028564453,
            "y": 143.91168212890625,
            "z": 2.4610674381256104
          }
        },
        {
          "type": "LEFT_OF_RIGHT_EYEBROW",
          "position": {
            "x": 105.85425567626953,
            "y": 140.67230224609375,
            "z": 10.859402656555176
          }
        },
        {
          "type": "RIGHT_OF_RIGHT_EYEBROW",
          "position": {
            "x": 102.14775085449219,
            "y": 137.6992645263672,
            "z": 22.236186981201172
          }
        },
        {
          "type": "MIDPOINT_BETWEEN_EYES",
          "position": {
            "x": 106.7068099975586,
            "y": 145.83189392089844,
            "z": 7.800134658813477
          }
        },
        {
          "type": "NOSE_TIP",
          "position": {
            "x": 113.77919006347656,
            "y": 155.70529174804688,
            "z": 10.166586875915527
          }
        },
        {
          "type": "UPPER_LIP",
          "position": {
            "x": 110.38273620605469,
            "y": 161.5047149658203,
            "z": 12.908663749694824
          }
        },
        {
          "type": "LOWER_LIP",
          "position": {
            "x": 110.40097045898438,
            "y": 168.60104370117188,
            "z": 15.386597633361816
          }
        },
        {
          "type": "MOUTH_LEFT",
          "position": {
            "x": 103.68841552734375,
            "y": 167.019775390625,
            "z": 7.392206192016602
          }
        },
        {
          "type": "MOUTH_RIGHT",
          "position": {
            "x": 107.11061096191406,
            "y": 162.63417053222656,
            "z": 21.661510467529297
          }
        },
        {
          "type": "MOUTH_CENTER",
          "position": {
            "x": 109.69598388671875,
            "y": 165.0276336669922,
            "z": 14.224669456481934
          }
        },
        {
          "type": "NOSE_BOTTOM_RIGHT",
          "position": {
            "x": 107.49513244628906,
            "y": 155.55120849609375,
            "z": 16.63447380065918
          }
        },
        {
          "type": "NOSE_BOTTOM_LEFT",
          "position": {
            "x": 106.34312438964844,
            "y": 158.76736450195312,
            "z": 7.186513423919678
          }
        },
        {
          "type": "NOSE_BOTTOM_CENTER",
          "position": {
            "x": 109.95506286621094,
            "y": 158.51806640625,
            "z": 11.82149600982666
          }
        },
        {
          "type": "LEFT_EYE_TOP_BOUNDARY",
          "position": {
            "x": 102.1732406616211,
            "y": 148.58314514160156,
            "z": -0.625290036201477
          }
        },
        {
          "type": "LEFT_EYE_RIGHT_CORNER",
          "position": {
            "x": 102.10636901855469,
            "y": 148.8574676513672,
            "z": 3.640632390975952
          }
        },
        {
          "type": "LEFT_EYE_BOTTOM_BOUNDARY",
          "position": {
            "x": 101.26350402832031,
            "y": 150.6304168701172,
            "z": 0.30280330777168274
          }
        },
        {
          "type": "LEFT_EYE_LEFT_CORNER",
          "position": {
            "x": 99.0101547241211,
            "y": 151.40322875976562,
            "z": -3.1101386547088623
          }
        },
        {
          "type": "LEFT_EYE_PUPIL",
          "position": {
            "x": 101.60508728027344,
            "y": 149.9798126220703,
            "z": -0.34595787525177
          }
        },
        {
          "type": "RIGHT_EYE_TOP_BOUNDARY",
          "position": {
            "x": 104.7656021118164,
            "y": 142.30389404296875,
            "z": 16.76862144470215
          }
        },
        {
          "type": "RIGHT_EYE_RIGHT_CORNER",
          "position": {
            "x": 102.63704681396484,
            "y": 142.6803741455078,
            "z": 21.22040557861328
          }
        },
        {
          "type": "RIGHT_EYE_BOTTOM_BOUNDARY",
          "position": {
            "x": 104.20378112792969,
            "y": 144.8453369140625,
            "z": 17.76201820373535
          }
        },
        {
          "type": "RIGHT_EYE_LEFT_CORNER",
          "position": {
            "x": 103.22740173339844,
            "y": 145.06182861328125,
            "z": 13.984967231750488
          }
        },
        {
          "type": "RIGHT_EYE_PUPIL",
          "position": {
            "x": 104.28217315673828,
            "y": 143.55276489257812,
            "z": 17.498153686523438
          }
        },
        {
          "type": "LEFT_EYEBROW_UPPER_MIDPOINT",
          "position": {
            "x": 102.00961303710938,
            "y": 143.72781372070312,
            "z": -3.2218246459960938
          }
        },
        {
          "type": "RIGHT_EYEBROW_UPPER_MIDPOINT",
          "position": {
            "x": 104.80753326416016,
            "y": 136.90194702148438,
            "z": 15.657179832458496
          }
        },
        {
          "type": "LEFT_EAR_TRAGION",
          "position": {
            "x": 78.23141479492188,
            "y": 167.02191162109375,
            "z": -3.8094396591186523
          }
        },
        {
          "type": "RIGHT_EAR_TRAGION",
          "position": {
            "x": 84.63591003417969,
            "y": 151.22195434570312,
            "z": 35.76560974121094
          }
        },
        {
          "type": "FOREHEAD_GLABELLA",
          "position": {
            "x": 105.91326904296875,
            "y": 141.90435791015625,
            "z": 6.419250011444092
          }
        },
        {
          "type": "CHIN_GNATHION",
          "position": {
            "x": 109.83071899414062,
            "y": 176.608642578125,
            "z": 18.40483283996582
          }
        },
        {
          "type": "CHIN_LEFT_GONION",
          "position": {
            "x": 88.6593017578125,
            "y": 175.0333709716797,
            "z": 0.3480749726295471
          }
        },
        {
          "type": "CHIN_RIGHT_GONION",
          "position": {
            "x": 93.95071411132812,
            "y": 162.0599822998047,
            "z": 36.09550476074219
          }
        }
      ],
      "rollAngle": -11.25383472442627,
      "panAngle": 78.37602233886719,
      "tiltAngle": -18.05626678466797,
      "detectionConfidence": 0.5913023352622986,
      "landmarkingConfidence": 0.44280117750167847,
      "joyLikelihood": "VERY_LIKELY",
      "sorrowLikelihood": "VERY_UNLIKELY",
      "angerLikelihood": "VERY_UNLIKELY",
      "surpriseLikelihood": "VERY_UNLIKELY",
      "underExposedLikelihood": "VERY_UNLIKELY",
      "blurredLikelihood": "VERY_UNLIKELY",
      "headwearLikelihood": "VERY_UNLIKELY"
    },
    {
      "boundingPoly": {
        "vertices": [
          {
            "x": 272,
            "y": 59
          },
          {
            "x": 334,
            "y": 59
          },
          {
            "x": 334,
            "y": 132
          },
          {
            "x": 272,
            "y": 132
          }
        ]
      },
      "fdBoundingPoly": {
        "vertices": [
          {
            "x": 271,
            "y": 78
          },
          {
            "x": 322,
            "y": 78
          },
          {
            "x": 322,
            "y": 129
          },
          {
            "x": 271,
            "y": 129
          }
        ]
      },
      "landmarks": [
        {
          "type": "LEFT_EYE",
          "position": {
            "x": 283.94464111328125,
            "y": 94.11470031738281,
            "z": 4.9683876568451524e-05
          }
        },
        {
          "type": "RIGHT_EYE",
          "position": {
            "x": 286.5640869140625,
            "y": 95.96673583984375,
            "z": -17.98393440246582
          }
        },
        {
          "type": "LEFT_OF_LEFT_EYEBROW",
          "position": {
            "x": 284.37225341796875,
            "y": 88.90633392333984,
            "z": 5.9664106369018555
          }
        },
        {
          "type": "RIGHT_OF_LEFT_EYEBROW",
          "position": {
            "x": 280.689208984375,
            "y": 90.35191345214844,
            "z": -5.5181565284729
          }
        },
        {
          "type": "LEFT_OF_RIGHT_EYEBROW",
          "position": {
            "x": 281.4346618652344,
            "y": 90.98796081542969,
            "z": -14.318120956420898
          }
        },
        {
          "type": "RIGHT_OF_RIGHT_EYEBROW",
          "position": {
            "x": 289.1952819824219,
            "y": 92.04743957519531,
            "z": -24.490772247314453
          }
        },
        {
          "type": "MIDPOINT_BETWEEN_EYES",
          "position": {
            "x": 280.60186767578125,
            "y": 93.82691955566406,
            "z": -9.635952949523926
          }
        },
        {
          "type": "NOSE_TIP",
          "position": {
            "x": 275.6552734375,
            "y": 105.83074188232422,
            "z": -9.219574928283691
          }
        },
        {
          "type": "UPPER_LIP",
          "position": {
            "x": 281.7558898925781,
            "y": 111.74466705322266,
            "z": -7.888147830963135
          }
        },
        {
          "type": "LOWER_LIP",
          "position": {
            "x": 283.6180419921875,
            "y": 117.89894104003906,
            "z": -7.035006046295166
          }
        },
        {
          "type": "MOUTH_LEFT",
          "position": {
            "x": 285.8633728027344,
            "y": 113.2110595703125,
            "z": 0.2536470890045166
          }
        },
        {
          "type": "MOUTH_RIGHT",
          "position": {
            "x": 287.9357604980469,
            "y": 114.58338928222656,
            "z": -14.06612491607666
          }
        },
        {
          "type": "MOUTH_CENTER",
          "position": {
            "x": 283.3721008300781,
            "y": 114.54502868652344,
            "z": -7.382147789001465
          }
        },
        {
          "type": "NOSE_BOTTOM_RIGHT",
          "position": {
            "x": 284.8049011230469,
            "y": 106.67228698730469,
            "z": -13.045234680175781
          }
        },
        {
          "type": "NOSE_BOTTOM_LEFT",
          "position": {
            "x": 283.348876953125,
            "y": 105.74889373779297,
            "z": -3.0484378337860107
          }
        },
        {
          "type": "NOSE_BOTTOM_CENTER",
          "position": {
            "x": 281.33636474609375,
            "y": 107.99720001220703,
            "z": -8.29621696472168
          }
        },
        {
          "type": "LEFT_EYE_TOP_BOUNDARY",
          "position": {
            "x": 282.5889587402344,
            "y": 92.79655456542969,
            "z": -0.22185911238193512
          }
        },
        {
          "type": "LEFT_EYE_RIGHT_CORNER",
          "position": {
            "x": 284.558837890625,
            "y": 94.40806579589844,
            "z": -3.490489959716797
          }
        },
        {
          "type": "LEFT_EYE_BOTTOM_BOUNDARY",
          "position": {
            "x": 283.917724609375,
            "y": 95.2308578491211,
            "z": 0.20054472982883453
          }
        },
        {
          "type": "LEFT_EYE_LEFT_CORNER",
          "position": {
            "x": 285.07354736328125,
            "y": 93.48828125,
            "z": 3.949429512023926
          }
        },
        {
          "type": "LEFT_EYE_PUPIL",
          "position": {
            "x": 283.4563293457031,
            "y": 93.92620086669922,
            "z": 0.31574589014053345
          }
        },
        {
          "type": "RIGHT_EYE_TOP_BOUNDARY",
          "position": {
            "x": 285.25311279296875,
            "y": 94.5093765258789,
            "z": -18.332326889038086
          }
        },
        {
          "type": "RIGHT_EYE_RIGHT_CORNER",
          "position": {
            "x": 288.986572265625,
            "y": 95.92460632324219,
            "z": -21.458513259887695
          }
        },
        {
          "type": "RIGHT_EYE_BOTTOM_BOUNDARY",
          "position": {
            "x": 286.82623291015625,
            "y": 96.89407348632812,
            "z": -17.92742919921875
          }
        },
        {
          "type": "RIGHT_EYE_LEFT_CORNER",
          "position": {
            "x": 285.8021240234375,
            "y": 95.60113525390625,
            "z": -14.30575942993164
          }
        },
        {
          "type": "RIGHT_EYE_PUPIL",
          "position": {
            "x": 286.1487121582031,
            "y": 95.68974304199219,
            "z": -18.265226364135742
          }
        },
        {
          "type": "LEFT_EYEBROW_UPPER_MIDPOINT",
          "position": {
            "x": 281.1197814941406,
            "y": 87.51101684570312,
            "z": -0.12561538815498352
          }
        },
        {
          "type": "RIGHT_EYEBROW_UPPER_MIDPOINT",
          "position": {
            "x": 284.0002136230469,
            "y": 89.36907196044922,
            "z": -19.80640411376953
          }
        },
        {
          "type": "LEFT_EAR_TRAGION",
          "position": {
            "x": 305.5992431640625,
            "y": 99.31663513183594,
            "z": 15.860118865966797
          }
        },
        {
          "type": "RIGHT_EAR_TRAGION",
          "position": {
            "x": 313.7349548339844,
            "y": 102.93431854248047,
            "z": -26.625381469726562
          }
        },
        {
          "type": "FOREHEAD_GLABELLA",
          "position": {
            "x": 280.560546875,
            "y": 90.588623046875,
            "z": -10.058831214904785
          }
        },
        {
          "type": "CHIN_GNATHION",
          "position": {
            "x": 286.8447570800781,
            "y": 125.7995376586914,
            "z": -5.812378406524658
          }
        },
        {
          "type": "CHIN_LEFT_GONION",
          "position": {
            "x": 299.5234069824219,
            "y": 111.77780151367188,
            "z": 14.064239501953125
          }
        },
        {
          "type": "CHIN_RIGHT_GONION",
          "position": {
            "x": 305.009521484375,
            "y": 115.52983856201172,
            "z": -23.433528900146484
          }
        }
      ],
      "rollAngle": -4.783352375030518,
      "panAngle": -82.12616729736328,
      "tiltAngle": -6.071691513061523,
      "detectionConfidence": 0.612136960029602,
      "landmarkingConfidence": 0.32657331228256226,
      "joyLikelihood": "UNLIKELY",
      "sorrowLikelihood": "VERY_UNLIKELY",
      "angerLikelihood": "VERY_UNLIKELY",
      "surpriseLikelihood": "VERY_UNLIKELY",
      "underExposedLikelihood": "VERY_UNLIKELY",
      "blurredLikelihood": "VERY_UNLIKELY",
      "headwearLikelihood": "VERY_UNLIKELY"
    }
  ]
}
