{
  "faceAnnotations": [
    {
      "boundingPoly": {
        "vertices": [
          {
            "x": 486,
            "y": 114
          },
          {
            "x": 579,
            "y": 114
          },
          {
            "x": 579,
            "y": 222
          },
          {
            "x": 486,
            "y": 222
          }
        ]
      },
      "fdBoundingPoly": {
        "vertices": [
          {
            "x": 491,
            "y": 141
          },
          {
            "x": 564,
            "y": 141
          },
          {
            "x": 564,
            "y": 214
          },
          {
            "x": 491,
            "y": 214
          }
        ]
      },
      "landmarks": [
        {
          "type": "LEFT_EYE",
          "position": {
            "x": 509.07635498046875,
            "y": 155.35928344726562,
            "z": 0.0006742345285601914
          }
        },
        {
          "type": "RIGHT_EYE",
          "position": {
            "x": 521.2581787109375,
            "y": 163.67845153808594,
            "z": -21.57206916809082
          }
        },
        {
          "type": "LEFT_OF_LEFT_EYEBROW",
          "position": {
            "x": 508.60772705078125,
            "y": 146.53538513183594,
            "z": 7.641551971435547
          }
        },
        {
          "type": "RIGHT_OF_LEFT_EYEBROW",
          "position": {
            "x": 510.0389709472656,
            "y": 150.997802734375,
            "z": -10.449249267578125
          }
        },
        {
          "type": "LEFT_OF_RIGHT_EYEBROW",
          "position": {
            "x": 516.0941772460938,
            "y": 155.66632080078125,
            "z": -21.503684997558594
          }
        },
        {
          "type": "RIGHT_OF_RIGHT_EYEBROW",
          "position": {
            "x": 533.197509765625,
            "y": 163.22349548339844,
            "z": -30.877817153930664
          }
        },
        {
          "type": "MIDPOINT_BETWEEN_EYES",
          "position": {
            "x": 510.957763671875,
            "y": 159.05641174316406,
            "z": -14.93680477142334
          }
        },
        {
          "type": "NOSE_TIP",
          "position": {
            "x": 499.8518371582031,
            "y": 172.78395080566406,
            "z": -16.08393096923828
          }
        },
        {
          "type": "UPPER_LIP",
          "position": {
            "x": 502.8559265136719,
            "y": 183.46054077148438,
            "z": -10.179540634155273
          }
        },
        {
          "type": "LOWER_LIP",
          "position": {
            "x": 501.3323059082031,
            "y": 193.60824584960938,
            "z": -6.812943935394287
          }
        },
        {
          "type": "MOUTH_LEFT",
          "position": {
            "x": 502.0877380371094,
            "y": 184.48150634765625,
            "z": 3.8660378456115723
          }
        },
        {
          "type": "MOUTH_RIGHT",
          "position": {
            "x": 515.9685668945312,
            "y": 190.69900512695312,
            "z": -14.857158660888672
          }
        },
        {
          "type": "MOUTH_CENTER",
          "position": {
            "x": 503.3412780761719,
            "y": 188.14581298828125,
            "z": -8.030726432800293
          }
        },
        {
          "type": "NOSE_BOTTOM_RIGHT",
          "position": {
            "x": 512.1078491210938,
            "y": 178.48402404785156,
            "z": -15.931541442871094
          }
        },
        {
          "type": "NOSE_BOTTOM_LEFT",
          "position": {
            "x": 504.4227600097656,
            "y": 173.68258666992188,
            "z": -3.3757646083831787
          }
        },
        {
          "type": "NOSE_BOTTOM_CENTER",
          "position": {
            "x": 504.3266296386719,
            "y": 178.30667114257812,
            "z": -11.478458404541016
          }
        },
        {
          "type": "LEFT_EYE_TOP_BOUNDARY",
          "position": {
            "x": 508.0924987792969,
            "y": 153.51771545410156,
            "z": -1.5571463108062744
          }
        },
        {
          "type": "LEFT_EYE_RIGHT_CORNER",
          "position": {
            "x": 511.8249816894531,
            "y": 157.6884002685547,
            "z": -4.556300163269043
          }
        },
        {
          "type": "LEFT_EYE_BOTTOM_BOUNDARY",
          "position": {
            "x": 508.2919616699219,
            "y": 157.23158264160156,
            "z": 0.16874028742313385
          }
        },
        {
          "type": "LEFT_EYE_LEFT_CORNER",
          "position": {
            "x": 508.4680480957031,
            "y": 154.1158447265625,
            "z": 5.9077582359313965
          }
        },
        {
          "type": "LEFT_EYE_PUPIL",
          "position": {
            "x": 508.3529357910156,
            "y": 155.37306213378906,
            "z": -0.09656225889921188
          }
        },
        {
          "type": "RIGHT_EYE_TOP_BOUNDARY",
          "position": {
            "x": 521.8240966796875,
            "y": 162.96002197265625,
            "z": -24.443458557128906
          }
        },
        {
          "type": "RIGHT_EYE_RIGHT_CORNER",
          "position": {
            "x": 527.7651977539062,
            "y": 167.37271118164062,
            "z": -26.069120407104492
          }
        },
        {
          "type": "RIGHT_EYE_BOTTOM_BOUNDARY",
          "position": {
            "x": 521.4539794921875,
            "y": 166.25767517089844,
            "z": -22.609718322753906
          }
        },
        {
          "type": "RIGHT_EYE_LEFT_CORNER",
          "position": {
            "x": 519.4091186523438,
            "y": 163.20301818847656,
            "z": -18.080623626708984
          }
        },
        {
          "type": "RIGHT_EYE_PUPIL",
          "position": {
            "x": 522.4239501953125,
            "y": 165.0548858642578,
            "z": -23.62673568725586
          }
        },
        {
          "type": "LEFT_EYEBROW_UPPER_MIDPOINT",
          "position": {
            "x": 508.73590087890625,
            "y": 145.29710388183594,
            "z": -3.135209560394287
          }
        },
        {
          "type": "RIGHT_EYEBROW_UPPER_MIDPOINT",
          "position": {
            "x": 523.7024536132812,
            "y": 155.56149291992188,
            "z": -27.983448028564453
          }
        },
        {
          "type": "LEFT_EAR_TRAGION",
          "position": {
            "x": 525.1882934570312,
            "y": 167.2396240234375,
            "z": 36.56337356567383
          }
        },
        {
          "type": "RIGHT_EAR_TRAGION",
          "position": {
            "x": 555.164794921875,
            "y": 190.8292236328125,
            "z": -14.796661376953125
          }
        },
        {
          "type": "FOREHEAD_GLABELLA",
          "position": {
            "x": 512.6073608398438,
            "y": 152.86058044433594,
            "z": -16.71137809753418
          }
        },
        {
          "type": "CHIN_GNATHION",
          "position": {
            "x": 500.9107971191406,
            "y": 205.31509399414062,
            "z": -2.093926191329956
          }
        },
        {
          "type": "CHIN_LEFT_GONION",
          "position": {
            "x": 511.931640625,
            "y": 183.76710510253906,
            "z": 31.600170135498047
          }
        },
        {
          "type": "CHIN_RIGHT_GONION",
          "position": {
            "x": 540.2276611328125,
            "y": 203.0331268310547,
            "z": -15.299580574035645
          }
        }
      ],
      "rollAngle": 17.084056854248047,
      "panAngle": -55.73531723022461,
      "tiltAngle": -12.29798412322998,
      "detectionConfidence": 0.8948594331741333,
      "landmarkingConfidence": 0.5456688404083252,
      "joyLikelihood": "VERY_LIKELY",
      "sorrowLikelihood": "VERY_UNLIKELY",
      "angerLikelihood": "VERY_UNLIKELY",
      "surpriseLikelihood": "VERY_UNLIKELY",
      "underExposedLikelihood": "VERY_UNLIKELY",
      "blurredLikelihood": "VERY_UNLIKELY",
      "headwearLikelihood": "VERY_UNLIKELY"
    },
    {
      "boundingPoly": {
        "vertices": [
          {
            "x": 168
          },
          {
            "x": 247
          },
          {
            "x": 247,
            "y": 87
          },
          {
            "x": 168,
            "y": 87
          }
        ]
      },
      "fdBoundingPoly": {
        "vertices": [
          {
            "x": 179,
            "y": 16
          },
          {
            "x": 248,
            "y": 16
          },
          {
            "x": 248,
            "y": 85
          },
          {
            "x": 179,
            "y": 85
          }
        ]
      },
      "landmarks": [
        {
          "type": "LEFT_EYE",
          "position": {
            "x": 228.843994140625,
            "y": 47.75627899169922,
            "z": 6.170739197841613e-06
          }
        },
        {
          "type": "RIGHT_EYE",
          "position": {
            "x": 234.7972412109375,
            "y": 47.25901412963867,
            "z": 22.660757064819336
          }
        },
        {
          "type": "LEFT_OF_LEFT_EYEBROW",
          "position": {
            "x": 227.1121063232422,
            "y": 41.95111846923828,
            "z": -7.888845920562744
          }
        },
        {
          "type": "RIGHT_OF_LEFT_EYEBROW",
          "position": {
            "x": 236.6361083984375,
            "y": 44.428993225097656,
            "z": 4.076803684234619
          }
        },
        {
          "type": "LEFT_OF_RIGHT_EYEBROW",
          "position": {
            "x": 239.52914428710938,
            "y": 44.17327117919922,
            "z": 15.116572380065918
          }
        },
        {
          "type": "RIGHT_OF_RIGHT_EYEBROW",
          "position": {
            "x": 237.05935668945312,
            "y": 41.084896087646484,
            "z": 30.095491409301758
          }
        },
        {
          "type": "MIDPOINT_BETWEEN_EYES",
          "position": {
            "x": 236.4026336669922,
            "y": 48.956241607666016,
            "z": 10.146907806396484
          }
        },
        {
          "type": "NOSE_TIP",
          "position": {
            "x": 237.88417053222656,
            "y": 64.197021484375,
            "z": 10.280269622802734
          }
        },
        {
          "type": "UPPER_LIP",
          "position": {
            "x": 228.77821350097656,
            "y": 69.51864624023438,
            "z": 12.637726783752441
          }
        },
        {
          "type": "LOWER_LIP",
          "position": {
            "x": 224.07107543945312,
            "y": 75.92222595214844,
            "z": 14.025788307189941
          }
        },
        {
          "type": "MOUTH_LEFT",
          "position": {
            "x": 219.07989501953125,
            "y": 70.14176940917969,
            "z": 5.475630283355713
          }
        },
        {
          "type": "MOUTH_RIGHT",
          "position": {
            "x": 224.1105499267578,
            "y": 69.69803619384766,
            "z": 23.41969108581543
          }
        },
        {
          "type": "MOUTH_CENTER",
          "position": {
            "x": 225.62002563476562,
            "y": 72.1837387084961,
            "z": 13.513032913208008
          }
        },
        {
          "type": "NOSE_BOTTOM_RIGHT",
          "position": {
            "x": 229.98947143554688,
            "y": 61.65166473388672,
            "z": 18.800533294677734
          }
        },
        {
          "type": "NOSE_BOTTOM_LEFT",
          "position": {
            "x": 226.73236083984375,
            "y": 61.946434020996094,
            "z": 6.336158275604248
          }
        },
        {
          "type": "NOSE_BOTTOM_CENTER",
          "position": {
            "x": 231.0492401123047,
            "y": 64.96822357177734,
            "z": 11.977046966552734
          }
        },
        {
          "type": "LEFT_EYE_TOP_BOUNDARY",
          "position": {
            "x": 230.84764099121094,
            "y": 46.9405517578125,
            "z": -0.5999624729156494
          }
        },
        {
          "type": "LEFT_EYE_RIGHT_CORNER",
          "position": {
            "x": 229.84149169921875,
            "y": 47.7537841796875,
            "z": 4.556334972381592
          }
        },
        {
          "type": "LEFT_EYE_BOTTOM_BOUNDARY",
          "position": {
            "x": 228.3578643798828,
            "y": 49.24571228027344,
            "z": 0.12887898087501526
          }
        },
        {
          "type": "LEFT_EYE_LEFT_CORNER",
          "position": {
            "x": 225.68653869628906,
            "y": 46.99664306640625,
            "z": -4.073526859283447
          }
        },
        {
          "type": "LEFT_EYE_PUPIL",
          "position": {
            "x": 229.20343017578125,
            "y": 47.9715461730957,
            "z": -0.5203660726547241
          }
        },
        {
          "type": "RIGHT_EYE_TOP_BOUNDARY",
          "position": {
            "x": 236.8007049560547,
            "y": 46.40949249267578,
            "z": 22.12841796875
          }
        },
        {
          "type": "RIGHT_EYE_RIGHT_CORNER",
          "position": {
            "x": 234.0064239501953,
            "y": 46.25183868408203,
            "z": 27.697439193725586
          }
        },
        {
          "type": "RIGHT_EYE_BOTTOM_BOUNDARY",
          "position": {
            "x": 234.296630859375,
            "y": 48.73773193359375,
            "z": 22.83570671081543
          }
        },
        {
          "type": "RIGHT_EYE_LEFT_CORNER",
          "position": {
            "x": 233.40184020996094,
            "y": 47.46885681152344,
            "z": 18.184232711791992
          }
        },
        {
          "type": "RIGHT_EYE_PUPIL",
          "position": {
            "x": 235.3309783935547,
            "y": 47.44222640991211,
            "z": 22.794126510620117
          }
        },
        {
          "type": "LEFT_EYEBROW_UPPER_MIDPOINT",
          "position": {
            "x": 234.3776397705078,
            "y": 41.262290954589844,
            "z": -2.695452928543091
          }
        },
        {
          "type": "RIGHT_EYEBROW_UPPER_MIDPOINT",
          "position": {
            "x": 240.83346557617188,
            "y": 40.6865348815918,
            "z": 21.978248596191406
          }
        },
        {
          "type": "LEFT_EAR_TRAGION",
          "position": {
            "x": 193.22572326660156,
            "y": 45.870574951171875,
            "z": -7.231304168701172
          }
        },
        {
          "type": "RIGHT_EAR_TRAGION",
          "position": {
            "x": 208.2863311767578,
            "y": 44.86853790283203,
            "z": 45.145938873291016
          }
        },
        {
          "type": "FOREHEAD_GLABELLA",
          "position": {
            "x": 238.9832763671875,
            "y": 44.41297912597656,
            "z": 9.355618476867676
          }
        },
        {
          "type": "CHIN_GNATHION",
          "position": {
            "x": 216.75697326660156,
            "y": 84.22612762451172,
            "z": 16.12488555908203
          }
        },
        {
          "type": "CHIN_LEFT_GONION",
          "position": {
            "x": 197.65736389160156,
            "y": 63.788291931152344,
            "z": -4.404346466064453
          }
        },
        {
          "type": "CHIN_RIGHT_GONION",
          "position": {
            "x": 209.96395874023438,
            "y": 62.564979553222656,
            "z": 42.44003677368164
          }
        }
      ],
      "rollAngle": 23.974632263183594,
      "panAngle": 77.14682006835938,
      "tiltAngle": -7.2984232902526855,
      "detectionConfidence": 0.6020827293395996,
      "landmarkingConfidence": 0.15713125467300415,
      "joyLikelihood": "VERY_UNLIKELY",
      "sorrowLikelihood": "VERY_UNLIKELY",
      "angerLikelihood": "VERY_UNLIKELY",
      "surpriseLikelihood": "VERY_UNLIKELY",
      "underExposedLikelihood": "VERY_UNLIKELY",
      "blurredLikelihood": "VERY_UNLIKELY",
      "headwearLikelihood": "VERY_UNLIKELY"
    }
  ]
}
