{
  "faceAnnotations": [
    {
      "boundingPoly": {
        "vertices": [
          {
            "x": 191,
            "y": 140
          },
          {
            "x": 271,
            "y": 140
          },
          {
            "x": 271,
            "y": 233
          },
          {
            "x": 191,
            "y": 233
          }
        ]
      },
      "fdBoundingPoly": {
        "vertices": [
          {
            "x": 201,
            "y": 156
          },
          {
            "x": 263,
            "y": 156
          },
          {
            "x": 263,
            "y": 218
          },
          {
            "x": 201,
            "y": 218
          }
        ]
      },
      "landmarks": [
        {
          "type": "LEFT_EYE",
          "position": {
            "x": 237.02597045898438,
            "y": 174.75315856933594,
            "z": -0.0006417090189643204
          }
        },
        {
          "type": "RIGHT_EYE",
          "position": {
            "x": 255.24313354492188,
            "y": 180.07533264160156,
            "z": 15.37417984008789
          }
        },
        {
          "type": "LEFT_OF_LEFT_EYEBROW",
          "position": {
            "x": 229.24774169921875,
            "y": 168.23028564453125,
            "z": -1.63762629032135
          }
        },
        {
          "type": "RIGHT_OF_LEFT_EYEBROW",
          "position": {
            "x": 244.56649780273438,
            "y": 169.45079040527344,
            "z": 2.6330606937408447
          }
        },
        {
          "type": "LEFT_OF_RIGHT_EYEBROW",
          "position": {
            "x": 253.58653259277344,
            "y": 171.7513885498047,
            "z": 10.153375625610352
          }
        },
        {
          "type": "RIGHT_OF_RIGHT_EYEBROW",
          "position": {
            "x": 259.7440185546875,
            "y": 176.86366271972656,
            "z": 24.172243118286133
          }
        },
        {
          "type": "MIDPOINT_BETWEEN_EYES",
          "position": {
            "x": 249.4659423828125,
            "y": 175.26536560058594,
            "z": 4.378748416900635
          }
        },
        {
          "type": "NOSE_TIP",
          "position": {
            "x": 254.8330078125,
            "y": 187.0221405029297,
            "z": -5.639461517333984
          }
        },
        {
          "type": "UPPER_LIP",
          "position": {
            "x": 251.1775360107422,
            "y": 195.84918212890625,
            "z": -4.496677398681641
          }
        },
        {
          "type": "LOWER_LIP",
          "position": {
            "x": 250.19412231445312,
            "y": 205.02243041992188,
            "z": -6.326412677764893
          }
        },
        {
          "type": "MOUTH_LEFT",
          "position": {
            "x": 237.64224243164062,
            "y": 197.8577880859375,
            "z": -7.081799507141113
          }
        },
        {
          "type": "MOUTH_RIGHT",
          "position": {
            "x": 254.0157928466797,
            "y": 203.46563720703125,
            "z": 4.8721604347229
          }
        },
        {
          "type": "MOUTH_CENTER",
          "position": {
            "x": 250.02513122558594,
            "y": 200.61233520507812,
            "z": -4.674221992492676
          }
        },
        {
          "type": "NOSE_BOTTOM_RIGHT",
          "position": {
            "x": 253.493408203125,
            "y": 192.07681274414062,
            "z": 4.684145927429199
          }
        },
        {
          "type": "NOSE_BOTTOM_LEFT",
          "position": {
            "x": 243.72323608398438,
            "y": 188.72817993164062,
            "z": -3.6452765464782715
          }
        },
        {
          "type": "NOSE_BOTTOM_CENTER",
          "position": {
            "x": 251.0886993408203,
            "y": 191.66180419921875,
            "z": -2.9075639247894287
          }
        },
        {
          "type": "LEFT_EYE_TOP_BOUNDARY",
          "position": {
            "x": 238.05270385742188,
            "y": 172.6802520751953,
            "z": -0.5845181941986084
          }
        },
        {
          "type": "LEFT_EYE_RIGHT_CORNER",
          "position": {
            "x": 240.61155700683594,
            "y": 175.95863342285156,
            "z": 3.073214054107666
          }
        },
        {
          "type": "LEFT_EYE_BOTTOM_BOUNDARY",
          "position": {
            "x": 237.1866912841797,
            "y": 176.25050354003906,
            "z": -0.7394470572471619
          }
        },
        {
          "type": "LEFT_EYE_LEFT_CORNER",
          "position": {
            "x": 231.8922882080078,
            "y": 174.38232421875,
            "z": -1.5570796728134155
          }
        },
        {
          "type": "LEFT_EYE_PUPIL",
          "position": {
            "x": 237.11541748046875,
            "y": 174.43710327148438,
            "z": -0.6934195756912231
          }
        },
        {
          "type": "RIGHT_EYE_TOP_BOUNDARY",
          "position": {
            "x": 256.3138732910156,
            "y": 177.8585205078125,
            "z": 14.855152130126953
          }
        },
        {
          "type": "RIGHT_EYE_RIGHT_CORNER",
          "position": {
            "x": 257.4113464355469,
            "y": 181.61190795898438,
            "z": 20.026180267333984
          }
        },
        {
          "type": "RIGHT_EYE_BOTTOM_BOUNDARY",
          "position": {
            "x": 255.4639892578125,
            "y": 181.42955017089844,
            "z": 14.6881685256958
          }
        },
        {
          "type": "RIGHT_EYE_LEFT_CORNER",
          "position": {
            "x": 251.551025390625,
            "y": 178.9404296875,
            "z": 12.332334518432617
          }
        },
        {
          "type": "RIGHT_EYE_PUPIL",
          "position": {
            "x": 255.8774871826172,
            "y": 179.75291442871094,
            "z": 15.127463340759277
          }
        },
        {
          "type": "LEFT_EYEBROW_UPPER_MIDPOINT",
          "position": {
            "x": 237.89907836914062,
            "y": 165.43838500976562,
            "z": 0.35484087467193604
          }
        },
        {
          "type": "RIGHT_EYEBROW_UPPER_MIDPOINT",
          "position": {
            "x": 257.716064453125,
            "y": 171.05784606933594,
            "z": 17.098215103149414
          }
        },
        {
          "type": "LEFT_EAR_TRAGION",
          "position": {
            "x": 205.8239288330078,
            "y": 190.8040771484375,
            "z": 6.986684322357178
          }
        },
        {
          "type": "RIGHT_EAR_TRAGION",
          "position": {
            "x": 247.08287048339844,
            "y": 202.77999877929688,
            "z": 42.003334045410156
          }
        },
        {
          "type": "FOREHEAD_GLABELLA",
          "position": {
            "x": 249.7554168701172,
            "y": 169.93679809570312,
            "z": 5.864506244659424
          }
        },
        {
          "type": "CHIN_GNATHION",
          "position": {
            "x": 249.091552734375,
            "y": 217.15907287597656,
            "z": -8.135406494140625
          }
        },
        {
          "type": "CHIN_LEFT_GONION",
          "position": {
            "x": 214.79029846191406,
            "y": 203.7969207763672,
            "z": -3.783424139022827
          }
        },
        {
          "type": "CHIN_RIGHT_GONION",
          "position": {
            "x": 252.1583709716797,
            "y": 214.16891479492188,
            "z": 27.9227294921875
          }
        }
      ],
      "rollAngle": -1.7239912748336792,
      "panAngle": 42.3009033203125,
      "tiltAngle": 20.31941795349121,
      "detectionConfidence": 0.9640746116638184,
      "landmarkingConfidence": 0.27463892102241516,
      "joyLikelihood": "VERY_UNLIKELY",
      "sorrowLikelihood": "VERY_UNLIKELY",
      "angerLikelihood": "VERY_UNLIKELY",
      "surpriseLikelihood": "VERY_UNLIKELY",
      "underExposedLikelihood": "VERY_UNLIKELY",
      "blurredLikelihood": "VERY_UNLIKELY",
      "headwearLikelihood": "VERY_UNLIKELY"
    },
    {
      "boundingPoly": {
        "vertices": [
          {
            "x": 473,
            "y": 98
          },
          {
            "x": 554,
            "y": 98
          },
          {
            "x": 554,
            "y": 193
          },
          {
            "x": 473,
            "y": 193
          }
        ]
      },
      "fdBoundingPoly": {
        "vertices": [
          {
            "x": 473,
            "y": 128
          },
          {
            "x": 528,
            "y": 128
          },
          {
            "x": 528,
            "y": 183
          },
          {
            "x": 473,
            "y": 183
          }
        ]
      },
      "landmarks": [
        {
          "type": "LEFT_EYE",
          "position": {
            "x": 489.0810852050781,
            "y": 147.94215393066406,
            "z": 0.0007716870750300586
          }
        },
        {
          "type": "RIGHT_EYE",
          "position": {
            "x": 488.5121765136719,
            "y": 148.67019653320312,
            "z": -24.548690795898438
          }
        },
        {
          "type": "LEFT_OF_LEFT_EYEBROW",
          "position": {
            "x": 489.7076110839844,
            "y": 141.40943908691406,
            "z": 8.04606819152832
          }
        },
        {
          "type": "RIGHT_OF_LEFT_EYEBROW",
          "position": {
            "x": 482.6889953613281,
            "y": 143.921142578125,
            "z": -6.350122928619385
          }
        },
        {
          "type": "LEFT_OF_RIGHT_EYEBROW",
          "position": {
            "x": 482.471923828125,
            "y": 144.42990112304688,
            "z": -18.28423500061035
          }
        },
        {
          "type": "RIGHT_OF_RIGHT_EYEBROW",
          "position": {
            "x": 489.22125244140625,
            "y": 142.98397827148438,
            "z": -33.103729248046875
          }
        },
        {
          "type": "MIDPOINT_BETWEEN_EYES",
          "position": {
            "x": 484.0585021972656,
            "y": 148.9619598388672,
            "z": -12.167399406433105
          }
        },
        {
          "type": "NOSE_TIP",
          "position": {
            "x": 481.0824279785156,
            "y": 165.905029296875,
            "z": -11.549985885620117
          }
        },
        {
          "type": "UPPER_LIP",
          "position": {
            "x": 489.19927978515625,
            "y": 171.640869140625,
            "z": -11.453248023986816
          }
        },
        {
          "type": "LOWER_LIP",
          "position": {
            "x": 493.441162109375,
            "y": 179.25059509277344,
            "z": -11.249616622924805
          }
        },
        {
          "type": "MOUTH_LEFT",
          "position": {
            "x": 496.752685546875,
            "y": 172.75897216796875,
            "z": -1.8405754566192627
          }
        },
        {
          "type": "MOUTH_RIGHT",
          "position": {
            "x": 496.4421691894531,
            "y": 173.1678009033203,
            "z": -21.241474151611328
          }
        },
        {
          "type": "MOUTH_CENTER",
          "position": {
            "x": 492.1358642578125,
            "y": 174.88677978515625,
            "z": -11.382271766662598
          }
        },
        {
          "type": "NOSE_BOTTOM_RIGHT",
          "position": {
            "x": 490.5485534667969,
            "y": 164.0272674560547,
            "z": -18.485633850097656
          }
        },
        {
          "type": "NOSE_BOTTOM_LEFT",
          "position": {
            "x": 490.7590637207031,
            "y": 163.53045654296875,
            "z": -5.013249397277832
          }
        },
        {
          "type": "NOSE_BOTTOM_CENTER",
          "position": {
            "x": 487.6122741699219,
            "y": 166.83209228515625,
            "z": -11.598594665527344
          }
        },
        {
          "type": "LEFT_EYE_TOP_BOUNDARY",
          "position": {
            "x": 487.02740478515625,
            "y": 146.7869110107422,
            "z": 0.020856207236647606
          }
        },
        {
          "type": "LEFT_EYE_RIGHT_CORNER",
          "position": {
            "x": 489.27117919921875,
            "y": 148.24720764160156,
            "z": -4.885494709014893
          }
        },
        {
          "type": "LEFT_EYE_BOTTOM_BOUNDARY",
          "position": {
            "x": 489.3740234375,
            "y": 149.57037353515625,
            "z": 0.0721859410405159
          }
        },
        {
          "type": "LEFT_EYE_LEFT_CORNER",
          "position": {
            "x": 491.3672790527344,
            "y": 147.1478729248047,
            "z": 4.863431453704834
          }
        },
        {
          "type": "LEFT_EYE_PUPIL",
          "position": {
            "x": 488.56488037109375,
            "y": 148.0653839111328,
            "z": 0.4366465210914612
          }
        },
        {
          "type": "RIGHT_EYE_TOP_BOUNDARY",
          "position": {
            "x": 486.6422424316406,
            "y": 147.6619873046875,
            "z": -24.580810546875
          }
        },
        {
          "type": "RIGHT_EYE_RIGHT_CORNER",
          "position": {
            "x": 491.0029602050781,
            "y": 148.2733612060547,
            "z": -29.568496704101562
          }
        },
        {
          "type": "RIGHT_EYE_BOTTOM_BOUNDARY",
          "position": {
            "x": 488.87127685546875,
            "y": 150.4903564453125,
            "z": -24.49569320678711
          }
        },
        {
          "type": "RIGHT_EYE_LEFT_CORNER",
          "position": {
            "x": 488.6537170410156,
            "y": 148.59677124023438,
            "z": -19.62291145324707
          }
        },
        {
          "type": "RIGHT_EYE_PUPIL",
          "position": {
            "x": 488.1377258300781,
            "y": 148.97482299804688,
            "z": -24.809768676757812
          }
        },
        {
          "type": "LEFT_EYEBROW_UPPER_MIDPOINT",
          "position": {
            "x": 483.76690673828125,
            "y": 140.2734375,
            "z": 0.8891207575798035
          }
        },
        {
          "type": "RIGHT_EYEBROW_UPPER_MIDPOINT",
          "position": {
            "x": 483.35528564453125,
            "y": 141.22891235351562,
            "z": -25.804861068725586
          }
        },
        {
          "type": "LEFT_EAR_TRAGION",
          "position": {
            "x": 522.021240234375,
            "y": 149.9122314453125,
            "z": 15.294532775878906
          }
        },
        {
          "type": "RIGHT_EAR_TRAGION",
          "position": {
            "x": 521.5745239257812,
            "y": 151.920654296875,
            "z": -40.89051055908203
          }
        },
        {
          "type": "FOREHEAD_GLABELLA",
          "position": {
            "x": 481.6502380371094,
            "y": 144.11215209960938,
            "z": -12.311761856079102
          }
        },
        {
          "type": "CHIN_GNATHION",
          "position": {
            "x": 500.0291748046875,
            "y": 188.7735595703125,
            "z": -11.013616561889648
          }
        },
        {
          "type": "CHIN_LEFT_GONION",
          "position": {
            "x": 517.07666015625,
            "y": 168.03256225585938,
            "z": 13.311725616455078
          }
        },
        {
          "type": "CHIN_RIGHT_GONION",
          "position": {
            "x": 516.2959594726562,
            "y": 169.848876953125,
            "z": -37.25931167602539
          }
        }
      ],
      "rollAngle": -17.155250549316406,
      "panAngle": -91.43514251708984,
      "tiltAngle": -1.6780688762664795,
      "detectionConfidence": 0.9090787172317505,
      "landmarkingConfidence": 0.2748028635978699,
      "joyLikelihood": "VERY_UNLIKELY",
      "sorrowLikelihood": "VERY_UNLIKELY",
      "angerLikelihood": "VERY_UNLIKELY",
      "surpriseLikelihood": "VERY_UNLIKELY",
      "underExposedLikelihood": "VERY_UNLIKELY",
      "blurredLikelihood": "VERY_UNLIKELY",
      "headwearLikelihood": "VERY_UNLIKELY"
    }
  ]
}
