{
  "faceAnnotations": [
    {
      "boundingPoly": {
        "vertices": [
          {
            "x": 192,
            "y": 40
          },
          {
            "x": 303,
            "y": 40
          },
          {
            "x": 303,
            "y": 169
          },
          {
            "x": 192,
            "y": 169
          }
        ]
      },
      "fdBoundingPoly": {
        "vertices": [
          {
            "x": 210,
            "y": 64
          },
          {
            "x": 291,
            "y": 64
          },
          {
            "x": 291,
            "y": 145
          },
          {
            "x": 210,
            "y": 145
          }
        ]
      },
      "landmarks": [
        {
          "type": "LEFT_EYE",
          "position": {
            "x": 259.2801513671875,
            "y": 88.34419250488281,
            "z": -0.0001396962907165289
          }
        },
        {
          "type": "RIGHT_EYE",
          "position": {
            "x": 283.127197265625,
            "y": 100.39674377441406,
            "z": 20.029027938842773
          }
        },
        {
          "type": "LEFT_OF_LEFT_EYEBROW",
          "position": {
            "x": 249.90052795410156,
            "y": 77.46337127685547,
            "z": -1.6635899543762207
          }
        },
        {
          "type": "RIGHT_OF_LEFT_EYEBROW",
          "position": {
            "x": 270.8541259765625,
            "y": 82.68839263916016,
            "z": 3.5192999839782715
          }
        },
        {
          "type": "LEFT_OF_RIGHT_EYEBROW",
          "position": {
            "x": 282.5762634277344,
            "y": 88.59066009521484,
            "z": 13.326730728149414
          }
        },
        {
          "type": "RIGHT_OF_RIGHT_EYEBROW",
          "position": {
            "x": 290.2226867675781,
            "y": 97.78389739990234,
            "z": 32.06979751586914
          }
        },
        {
          "type": "MIDPOINT_BETWEEN_EYES",
          "position": {
            "x": 276.0644226074219,
            "y": 91.9389419555664,
            "z": 5.372608661651611
          }
        },
        {
          "type": "NOSE_TIP",
          "position": {
            "x": 280.6294250488281,
            "y": 108.40081787109375,
            "z": -9.273638725280762
          }
        },
        {
          "type": "UPPER_LIP",
          "position": {
            "x": 272.9941711425781,
            "y": 120.25315856933594,
            "z": -8.107747077941895
          }
        },
        {
          "type": "LOWER_LIP",
          "position": {
            "x": 269.6985168457031,
            "y": 131.65304565429688,
            "z": -10.907085418701172
          }
        },
        {
          "type": "MOUTH_LEFT",
          "position": {
            "x": 255.42324829101562,
            "y": 120.82891082763672,
            "z": -11.42005729675293
          }
        },
        {
          "type": "MOUTH_RIGHT",
          "position": {
            "x": 275.62628173828125,
            "y": 131.51849365234375,
            "z": 4.29818868637085
          }
        },
        {
          "type": "MOUTH_CENTER",
          "position": {
            "x": 270.44512939453125,
            "y": 125.91219329833984,
            "z": -8.458189010620117
          }
        },
        {
          "type": "NOSE_BOTTOM_RIGHT",
          "position": {
            "x": 277.52069091796875,
            "y": 115.93008422851562,
            "z": 4.670825481414795
          }
        },
        {
          "type": "NOSE_BOTTOM_LEFT",
          "position": {
            "x": 264.3616943359375,
            "y": 109.19876098632812,
            "z": -6.361806869506836
          }
        },
        {
          "type": "NOSE_BOTTOM_CENTER",
          "position": {
            "x": 273.7122802734375,
            "y": 114.24543762207031,
            "z": -5.596925258636475
          }
        },
        {
          "type": "LEFT_EYE_TOP_BOUNDARY",
          "position": {
            "x": 260.8869934082031,
            "y": 85.66777801513672,
            "z": -0.8490807414054871
          }
        },
        {
          "type": "LEFT_EYE_RIGHT_CORNER",
          "position": {
            "x": 263.59478759765625,
            "y": 90.47222900390625,
            "z": 3.9101014137268066
          }
        },
        {
          "type": "LEFT_EYE_BOTTOM_BOUNDARY",
          "position": {
            "x": 258.82666015625,
            "y": 90.27977752685547,
            "z": -1.2181317806243896
          }
        },
        {
          "type": "LEFT_EYE_LEFT_CORNER",
          "position": {
            "x": 252.527099609375,
            "y": 86.9523696899414,
            "z": -2.0470407009124756
          }
        },
        {
          "type": "LEFT_EYE_PUPIL",
          "position": {
            "x": 259.179931640625,
            "y": 87.86065673828125,
            "z": -1.042198657989502
          }
        },
        {
          "type": "RIGHT_EYE_TOP_BOUNDARY",
          "position": {
            "x": 285.0224914550781,
            "y": 97.8209228515625,
            "z": 19.34923553466797
          }
        },
        {
          "type": "RIGHT_EYE_RIGHT_CORNER",
          "position": {
            "x": 285.8070373535156,
            "y": 103.477783203125,
            "z": 26.203752517700195
          }
        },
        {
          "type": "RIGHT_EYE_BOTTOM_BOUNDARY",
          "position": {
            "x": 283.0145263671875,
            "y": 102.38741302490234,
            "z": 18.970561981201172
          }
        },
        {
          "type": "RIGHT_EYE_LEFT_CORNER",
          "position": {
            "x": 278.18560791015625,
            "y": 98.19924926757812,
            "z": 15.993509292602539
          }
        },
        {
          "type": "RIGHT_EYE_PUPIL",
          "position": {
            "x": 283.98529052734375,
            "y": 100.32653045654297,
            "z": 19.65872573852539
          }
        },
        {
          "type": "LEFT_EYEBROW_UPPER_MIDPOINT",
          "position": {
            "x": 262.3818054199219,
            "y": 75.84232330322266,
            "z": 0.8591610193252563
          }
        },
        {
          "type": "RIGHT_EYEBROW_UPPER_MIDPOINT",
          "position": {
            "x": 288.5715637207031,
            "y": 89.03524780273438,
            "z": 22.771955490112305
          }
        },
        {
          "type": "LEFT_EAR_TRAGION",
          "position": {
            "x": 213.03404235839844,
            "y": 103.86073303222656,
            "z": 9.837435722351074
          }
        },
        {
          "type": "RIGHT_EAR_TRAGION",
          "position": {
            "x": 267.6402587890625,
            "y": 131.19857788085938,
            "z": 55.80271911621094
          }
        },
        {
          "type": "FOREHEAD_GLABELLA",
          "position": {
            "x": 277.6376037597656,
            "y": 85.0086441040039,
            "z": 7.687560081481934
          }
        },
        {
          "type": "CHIN_GNATHION",
          "position": {
            "x": 264.8587646484375,
            "y": 147.04469299316406,
            "z": -13.631575584411621
          }
        },
        {
          "type": "CHIN_LEFT_GONION",
          "position": {
            "x": 221.93553161621094,
            "y": 122.06840515136719,
            "z": -5.822071552276611
          }
        },
        {
          "type": "CHIN_RIGHT_GONION",
          "position": {
            "x": 271.4483337402344,
            "y": 146.98341369628906,
            "z": 35.60455322265625
          }
        }
      ],
      "rollAngle": 8.62397575378418,
      "panAngle": 40.41366195678711,
      "tiltAngle": 22.567337036132812,
      "detectionConfidence": 0.5271181464195251,
      "landmarkingConfidence": 0.2053586095571518,
      "joyLikelihood": "VERY_LIKELY",
      "sorrowLikelihood": "VERY_UNLIKELY",
      "angerLikelihood": "VERY_UNLIKELY",
      "surpriseLikelihood": "VERY_UNLIKELY",
      "underExposedLikelihood": "VERY_UNLIKELY",
      "blurredLikelihood": "VERY_UNLIKELY",
      "headwearLikelihood": "VERY_LIKELY"
    },
    {
      "boundingPoly": {
        "vertices": [
          {
            "x": 445,
            "y": 54
          },
          {
            "x": 553,
            "y": 54
          },
          {
            "x": 553,
            "y": 179
          },
          {
            "x": 445,
            "y": 179
          }
        ]
      },
      "fdBoundingPoly": {
        "vertices": [
          {
            "x": 445,
            "y": 95
          },
          {
            "x": 518,
            "y": 95
          },
          {
            "x": 518,
            "y": 168
          },
          {
            "x": 445,
            "y": 168
          }
        ]
      },
      "landmarks": [
        {
          "type": "LEFT_EYE",
          "position": {
            "x": 465.5552673339844,
            "y": 115.35731506347656,
            "z": -0.00019134981266688555
          }
        },
        {
          "type": "RIGHT_EYE",
          "position": {
            "x": 468.5357360839844,
            "y": 118.44453430175781,
            "z": -32.05596923828125
          }
        },
        {
          "type": "LEFT_OF_LEFT_EYEBROW",
          "position": {
            "x": 466.0147399902344,
            "y": 106.15229797363281,
            "z": 10.071011543273926
          }
        },
        {
          "type": "RIGHT_OF_LEFT_EYEBROW",
          "position": {
            "x": 458.6761474609375,
            "y": 110.02977752685547,
            "z": -9.6780366897583
          }
        },
        {
          "type": "LEFT_OF_RIGHT_EYEBROW",
          "position": {
            "x": 460.4259338378906,
            "y": 112.34831237792969,
            "z": -25.221954345703125
          }
        },
        {
          "type": "RIGHT_OF_RIGHT_EYEBROW",
          "position": {
            "x": 471.1757507324219,
            "y": 112.09890747070312,
            "z": -43.65396499633789
          }
        },
        {
          "type": "MIDPOINT_BETWEEN_EYES",
          "position": {
            "x": 460.2266845703125,
            "y": 117.45672607421875,
            "z": -16.680707931518555
          }
        },
        {
          "type": "NOSE_TIP",
          "position": {
            "x": 453.77825927734375,
            "y": 139.6556396484375,
            "z": -14.903587341308594
          }
        },
        {
          "type": "UPPER_LIP",
          "position": {
            "x": 464.48138427734375,
            "y": 147.61212158203125,
            "z": -12.968618392944336
          }
        },
        {
          "type": "LOWER_LIP",
          "position": {
            "x": 468.70855712890625,
            "y": 158.12770080566406,
            "z": -11.384127616882324
          }
        },
        {
          "type": "MOUTH_LEFT",
          "position": {
            "x": 472.34686279296875,
            "y": 149.0567626953125,
            "z": 0.8681959509849548
          }
        },
        {
          "type": "MOUTH_RIGHT",
          "position": {
            "x": 475.8610534667969,
            "y": 149.40968322753906,
            "z": -25.189769744873047
          }
        },
        {
          "type": "MOUTH_CENTER",
          "position": {
            "x": 467.7858581542969,
            "y": 152.4684295654297,
            "z": -12.116814613342285
          }
        },
        {
          "type": "NOSE_BOTTOM_RIGHT",
          "position": {
            "x": 467.4773254394531,
            "y": 138.5745849609375,
            "z": -22.417083740234375
          }
        },
        {
          "type": "NOSE_BOTTOM_LEFT",
          "position": {
            "x": 466.34521484375,
            "y": 136.54690551757812,
            "z": -5.000179767608643
          }
        },
        {
          "type": "NOSE_BOTTOM_CENTER",
          "position": {
            "x": 462.974609375,
            "y": 141.4795684814453,
            "z": -13.800904273986816
          }
        },
        {
          "type": "LEFT_EYE_TOP_BOUNDARY",
          "position": {
            "x": 463.00506591796875,
            "y": 113.64058685302734,
            "z": -0.4159785509109497
          }
        },
        {
          "type": "LEFT_EYE_RIGHT_CORNER",
          "position": {
            "x": 466.35174560546875,
            "y": 116.30366516113281,
            "z": -6.374497890472412
          }
        },
        {
          "type": "LEFT_EYE_BOTTOM_BOUNDARY",
          "position": {
            "x": 465.6821594238281,
            "y": 117.48103332519531,
            "z": 0.2573336064815521
          }
        },
        {
          "type": "LEFT_EYE_LEFT_CORNER",
          "position": {
            "x": 467.8791198730469,
            "y": 114.16120910644531,
            "z": 6.645493507385254
          }
        },
        {
          "type": "LEFT_EYE_PUPIL",
          "position": {
            "x": 464.7435607910156,
            "y": 115.48130798339844,
            "z": 0.46984949707984924
          }
        },
        {
          "type": "RIGHT_EYE_TOP_BOUNDARY",
          "position": {
            "x": 466.0990295410156,
            "y": 117.182861328125,
            "z": -32.570587158203125
          }
        },
        {
          "type": "RIGHT_EYE_RIGHT_CORNER",
          "position": {
            "x": 472.160888671875,
            "y": 119.071533203125,
            "z": -38.28075408935547
          }
        },
        {
          "type": "RIGHT_EYE_BOTTOM_BOUNDARY",
          "position": {
            "x": 468.7091369628906,
            "y": 120.74613952636719,
            "z": -31.86920738220215
          }
        },
        {
          "type": "RIGHT_EYE_LEFT_CORNER",
          "position": {
            "x": 467.97027587890625,
            "y": 118.31031799316406,
            "z": -25.62146759033203
          }
        },
        {
          "type": "RIGHT_EYE_PUPIL",
          "position": {
            "x": 467.8740539550781,
            "y": 119.11666870117188,
            "z": -32.52455520629883
          }
        },
        {
          "type": "LEFT_EYEBROW_UPPER_MIDPOINT",
          "position": {
            "x": 459.47137451171875,
            "y": 104.67217254638672,
            "z": -0.353720098733902
          }
        },
        {
          "type": "RIGHT_EYEBROW_UPPER_MIDPOINT",
          "position": {
            "x": 462.8292541503906,
            "y": 108.53275299072266,
            "z": -35.24128723144531
          }
        },
        {
          "type": "LEFT_EAR_TRAGION",
          "position": {
            "x": 505.9070129394531,
            "y": 120.63158416748047,
            "z": 25.37455177307129
          }
        },
        {
          "type": "RIGHT_EAR_TRAGION",
          "position": {
            "x": 513.9313354492188,
            "y": 130.0897216796875,
            "z": -47.92692565917969
          }
        },
        {
          "type": "FOREHEAD_GLABELLA",
          "position": {
            "x": 458.1487121582031,
            "y": 110.75897979736328,
            "z": -17.631792068481445
          }
        },
        {
          "type": "CHIN_GNATHION",
          "position": {
            "x": 475.6756896972656,
            "y": 171.43679809570312,
            "z": -9.239252090454102
          }
        },
        {
          "type": "CHIN_LEFT_GONION",
          "position": {
            "x": 497.29827880859375,
            "y": 143.95257568359375,
            "z": 23.518892288208008
          }
        },
        {
          "type": "CHIN_RIGHT_GONION",
          "position": {
            "x": 503.65777587890625,
            "y": 151.2747802734375,
            "z": -42.534080505371094
          }
        }
      ],
      "rollAngle": -11.07710075378418,
      "panAngle": -85.8318099975586,
      "tiltAngle": -7.220276832580566,
      "detectionConfidence": 0.589336633682251,
      "landmarkingConfidence": 0.2913452386856079,
      "joyLikelihood": "UNLIKELY",
      "sorrowLikelihood": "VERY_UNLIKELY",
      "angerLikelihood": "VERY_UNLIKELY",
      "surpriseLikelihood": "VERY_UNLIKELY",
      "underExposedLikelihood": "VERY_UNLIKELY",
      "blurredLikelihood": "VERY_UNLIKELY",
      "headwearLikelihood": "VERY_UNLIKELY"
    }
  ]
}
