{
  "faceAnnotations": [
    {
      "boundingPoly": {
        "vertices": [
          {
            "x": 430
          },
          {
            "x": 523
          },
          {
            "x": 523,
            "y": 85
          },
          {
            "x": 430,
            "y": 85
          }
        ]
      },
      "fdBoundingPoly": {
        "vertices": [
          {
            "x": 432,
            "y": 6
          },
          {
            "x": 495,
            "y": 6
          },
          {
            "x": 495,
            "y": 69
          },
          {
            "x": 432,
            "y": 69
          }
        ]
      },
      "landmarks": [
        {
          "type": "LEFT_EYE",
          "position": {
            "x": 452.0830078125,
            "y": 22.35942840576172,
            "z": 0.0005366801051422954
          }
        },
        {
          "type": "RIGHT_EYE",
          "position": {
            "x": 453.8201599121094,
            "y": 23.137428283691406,
            "z": -28.251712799072266
          }
        },
        {
          "type": "LEFT_OF_LEFT_EYEBROW",
          "position": {
            "x": 454.628662109375,
            "y": 16.081884384155273,
            "z": 9.70683765411377
          }
        },
        {
          "type": "RIGHT_OF_LEFT_EYEBROW",
          "position": {
            "x": 447.798828125,
            "y": 15.331398010253906,
            "z": -7.798908710479736
          }
        },
        {
          "type": "LEFT_OF_RIGHT_EYEBROW",
          "position": {
            "x": 448.8450927734375,
            "y": 16.28008270263672,
            "z": -21.56368064880371
          }
        },
        {
          "type": "RIGHT_OF_RIGHT_EYEBROW",
          "position": {
            "x": 458.33355712890625,
            "y": 17.493236541748047,
            "z": -37.86198806762695
          }
        },
        {
          "type": "MIDPOINT_BETWEEN_EYES",
          "position": {
            "x": 447.02862548828125,
            "y": 21.530975341796875,
            "z": -14.650179862976074
          }
        },
        {
          "type": "NOSE_TIP",
          "position": {
            "x": 436.09259033203125,
            "y": 37.49525451660156,
            "z": -15.094648361206055
          }
        },
        {
          "type": "UPPER_LIP",
          "position": {
            "x": 442.1028137207031,
            "y": 47.37955093383789,
            "z": -14.414652824401855
          }
        },
        {
          "type": "LOWER_LIP",
          "position": {
            "x": 442.8734130859375,
            "y": 58.12806701660156,
            "z": -14.10021686553955
          }
        },
        {
          "type": "MOUTH_LEFT",
          "position": {
            "x": 448.2453308105469,
            "y": 52.36982345581055,
            "z": -2.5594654083251953
          }
        },
        {
          "type": "MOUTH_RIGHT",
          "position": {
            "x": 451.69110107421875,
            "y": 50.46760940551758,
            "z": -25.68685531616211
          }
        },
        {
          "type": "MOUTH_CENTER",
          "position": {
            "x": 443.5686950683594,
            "y": 52.425567626953125,
            "z": -14.171393394470215
          }
        },
        {
          "type": "NOSE_BOTTOM_RIGHT",
          "position": {
            "x": 448.03106689453125,
            "y": 40.10847473144531,
            "z": -21.99873161315918
          }
        },
        {
          "type": "NOSE_BOTTOM_LEFT",
          "position": {
            "x": 446.7532043457031,
            "y": 39.8198127746582,
            "z": -6.394445896148682
          }
        },
        {
          "type": "NOSE_BOTTOM_CENTER",
          "position": {
            "x": 442.5301208496094,
            "y": 42.26958465576172,
            "z": -14.498412132263184
          }
        },
        {
          "type": "LEFT_EYE_TOP_BOUNDARY",
          "position": {
            "x": 450.2387390136719,
            "y": 20.396427154541016,
            "z": -0.13585595786571503
          }
        },
        {
          "type": "LEFT_EYE_RIGHT_CORNER",
          "position": {
            "x": 452.3984375,
            "y": 22.957454681396484,
            "z": -5.635025501251221
          }
        },
        {
          "type": "LEFT_EYE_BOTTOM_BOUNDARY",
          "position": {
            "x": 451.416748046875,
            "y": 24.368640899658203,
            "z": 0.04093044251203537
          }
        },
        {
          "type": "LEFT_EYE_LEFT_CORNER",
          "position": {
            "x": 454.0234375,
            "y": 22.87249183654785,
            "z": 5.91306734085083
          }
        },
        {
          "type": "LEFT_EYE_PUPIL",
          "position": {
            "x": 451.15234375,
            "y": 22.490652084350586,
            "z": 0.4345880150794983
          }
        },
        {
          "type": "RIGHT_EYE_TOP_BOUNDARY",
          "position": {
            "x": 452.4104309082031,
            "y": 21.083017349243164,
            "z": -28.555557250976562
          }
        },
        {
          "type": "RIGHT_EYE_RIGHT_CORNER",
          "position": {
            "x": 457.3831481933594,
            "y": 23.768478393554688,
            "z": -33.911678314208984
          }
        },
        {
          "type": "RIGHT_EYE_BOTTOM_BOUNDARY",
          "position": {
            "x": 453.5533752441406,
            "y": 24.873193740844727,
            "z": -28.346426010131836
          }
        },
        {
          "type": "RIGHT_EYE_LEFT_CORNER",
          "position": {
            "x": 453.4720458984375,
            "y": 23.378753662109375,
            "z": -22.627500534057617
          }
        },
        {
          "type": "RIGHT_EYE_PUPIL",
          "position": {
            "x": 453.3577880859375,
            "y": 23.17584800720215,
            "z": -28.729610443115234
          }
        },
        {
          "type": "LEFT_EYEBROW_UPPER_MIDPOINT",
          "position": {
            "x": 449.7700500488281,
            "y": 12.019591331481934,
            "z": 0.8363120555877686
          }
        },
        {
          "type": "RIGHT_EYEBROW_UPPER_MIDPOINT",
          "position": {
            "x": 452.14105224609375,
            "y": 12.775010108947754,
            "z": -29.999374389648438
          }
        },
        {
          "type": "LEFT_EAR_TRAGION",
          "position": {
            "x": 483.4569091796875,
            "y": 40.621212005615234,
            "z": 21.05333137512207
          }
        },
        {
          "type": "RIGHT_EAR_TRAGION",
          "position": {
            "x": 488.17205810546875,
            "y": 42.606754302978516,
            "z": -43.367584228515625
          }
        },
        {
          "type": "FOREHEAD_GLABELLA",
          "position": {
            "x": 447.29693603515625,
            "y": 15.00984001159668,
            "z": -14.799249649047852
          }
        },
        {
          "type": "CHIN_GNATHION",
          "position": {
            "x": 444.212158203125,
            "y": 72.01508331298828,
            "z": -13.636539459228516
          }
        },
        {
          "type": "CHIN_LEFT_GONION",
          "position": {
            "x": 469.8606262207031,
            "y": 57.3595085144043,
            "z": 17.291643142700195
          }
        },
        {
          "type": "CHIN_RIGHT_GONION",
          "position": {
            "x": 474.3682861328125,
            "y": 58.77777099609375,
            "z": -41.05479049682617
          }
        }
      ],
      "rollAngle": 7.488446235656738,
      "panAngle": -85.45227813720703,
      "tiltAngle": -0.7944446206092834,
      "detectionConfidence": 0.5152769088745117,
      "landmarkingConfidence": 0.4286903738975525,
      "joyLikelihood": "LIKELY",
      "sorrowLikelihood": "VERY_UNLIKELY",
      "angerLikelihood": "VERY_UNLIKELY",
      "surpriseLikelihood": "VERY_UNLIKELY",
      "underExposedLikelihood": "VERY_UNLIKELY",
      "blurredLikelihood": "VERY_UNLIKELY",
      "headwearLikelihood": "VERY_UNLIKELY"
    },
    {
      "boundingPoly": {
        "vertices": [
          {
            "x": 113,
            "y": 6
          },
          {
            "x": 202,
            "y": 6
          },
          {
            "x": 202,
            "y": 109
          },
          {
            "x": 113,
            "y": 109
          }
        ]
      },
      "fdBoundingPoly": {
        "vertices": [
          {
            "x": 133,
            "y": 26
          },
          {
            "x": 201,
            "y": 26
          },
          {
            "x": 201,
            "y": 94
          },
          {
            "x": 133,
            "y": 94
          }
        ]
      },
      "landmarks": [
        {
          "type": "LEFT_EYE",
          "position": {
            "x": 177.06134033203125,
            "y": 45.783260345458984,
            "z": 0.0001788645749911666
          }
        },
        {
          "type": "RIGHT_EYE",
          "position": {
            "x": 182.4046173095703,
            "y": 49.51604461669922,
            "z": 25.894956588745117
          }
        },
        {
          "type": "LEFT_OF_LEFT_EYEBROW",
          "position": {
            "x": 171.5308837890625,
            "y": 38.96305847167969,
            "z": -7.3176727294921875
          }
        },
        {
          "type": "RIGHT_OF_LEFT_EYEBROW",
          "position": {
            "x": 182.1184844970703,
            "y": 39.41827392578125,
            "z": 6.730491638183594
          }
        },
        {
          "type": "LEFT_OF_RIGHT_EYEBROW",
          "position": {
            "x": 184.87814331054688,
            "y": 41.264923095703125,
            "z": 19.405147552490234
          }
        },
        {
          "type": "RIGHT_OF_RIGHT_EYEBROW",
          "position": {
            "x": 180.783447265625,
            "y": 45.21579360961914,
            "z": 36.24846649169922
          }
        },
        {
          "type": "MIDPOINT_BETWEEN_EYES",
          "position": {
            "x": 184.87939453125,
            "y": 46.903778076171875,
            "z": 11.879634857177734
          }
        },
        {
          "type": "NOSE_TIP",
          "position": {
            "x": 195.24769592285156,
            "y": 59.08090591430664,
            "z": 7.845789432525635
          }
        },
        {
          "type": "UPPER_LIP",
          "position": {
            "x": 190.55743408203125,
            "y": 69.15813446044922,
            "z": 7.333380222320557
          }
        },
        {
          "type": "LOWER_LIP",
          "position": {
            "x": 190.83131408691406,
            "y": 79.73460388183594,
            "z": 5.885127544403076
          }
        },
        {
          "type": "MOUTH_LEFT",
          "position": {
            "x": 180.5249786376953,
            "y": 72.24526977539062,
            "z": -2.901431083679199
          }
        },
        {
          "type": "MOUTH_RIGHT",
          "position": {
            "x": 186.8239288330078,
            "y": 76.59512329101562,
            "z": 18.14509391784668
          }
        },
        {
          "type": "MOUTH_CENTER",
          "position": {
            "x": 189.68394470214844,
            "y": 74.355224609375,
            "z": 6.850703716278076
          }
        },
        {
          "type": "NOSE_BOTTOM_RIGHT",
          "position": {
            "x": 187.2003173828125,
            "y": 64.12960815429688,
            "z": 16.500633239746094
          }
        },
        {
          "type": "NOSE_BOTTOM_LEFT",
          "position": {
            "x": 184.15252685546875,
            "y": 61.87303161621094,
            "z": 2.256056547164917
          }
        },
        {
          "type": "NOSE_BOTTOM_CENTER",
          "position": {
            "x": 189.9704132080078,
            "y": 64.27623748779297,
            "z": 8.22999095916748
          }
        },
        {
          "type": "LEFT_EYE_TOP_BOUNDARY",
          "position": {
            "x": 178.21270751953125,
            "y": 43.64232635498047,
            "z": -0.1876736432313919
          }
        },
        {
          "type": "LEFT_EYE_RIGHT_CORNER",
          "position": {
            "x": 178.30667114257812,
            "y": 46.53424835205078,
            "z": 5.106263637542725
          }
        },
        {
          "type": "LEFT_EYE_BOTTOM_BOUNDARY",
          "position": {
            "x": 177.34060668945312,
            "y": 47.53494644165039,
            "z": -0.5395415425300598
          }
        },
        {
          "type": "LEFT_EYE_LEFT_CORNER",
          "position": {
            "x": 173.29379272460938,
            "y": 45.686492919921875,
            "z": -4.957035541534424
          }
        },
        {
          "type": "LEFT_EYE_PUPIL",
          "position": {
            "x": 177.32623291015625,
            "y": 45.603050231933594,
            "z": -0.7149698734283447
          }
        },
        {
          "type": "RIGHT_EYE_TOP_BOUNDARY",
          "position": {
            "x": 183.83963012695312,
            "y": 47.38758087158203,
            "z": 25.91388702392578
          }
        },
        {
          "type": "RIGHT_EYE_RIGHT_CORNER",
          "position": {
            "x": 181.19140625,
            "y": 50.89543533325195,
            "z": 31.530366897583008
          }
        },
        {
          "type": "RIGHT_EYE_BOTTOM_BOUNDARY",
          "position": {
            "x": 182.9742889404297,
            "y": 51.25089645385742,
            "z": 25.538930892944336
          }
        },
        {
          "type": "RIGHT_EYE_LEFT_CORNER",
          "position": {
            "x": 181.2396240234375,
            "y": 49.027339935302734,
            "z": 20.670387268066406
          }
        },
        {
          "type": "RIGHT_EYE_PUPIL",
          "position": {
            "x": 183.1385955810547,
            "y": 49.4515380859375,
            "z": 26.05665397644043
          }
        },
        {
          "type": "LEFT_EYEBROW_UPPER_MIDPOINT",
          "position": {
            "x": 177.86041259765625,
            "y": 35.62371063232422,
            "z": -0.15361027419567108
          }
        },
        {
          "type": "RIGHT_EYEBROW_UPPER_MIDPOINT",
          "position": {
            "x": 183.97361755371094,
            "y": 39.69400405883789,
            "z": 28.16181182861328
          }
        },
        {
          "type": "LEFT_EAR_TRAGION",
          "position": {
            "x": 142.9161376953125,
            "y": 64.00364685058594,
            "z": -13.636944770812988
          }
        },
        {
          "type": "RIGHT_EAR_TRAGION",
          "position": {
            "x": 156.254150390625,
            "y": 71.74649047851562,
            "z": 46.12416076660156
          }
        },
        {
          "type": "FOREHEAD_GLABELLA",
          "position": {
            "x": 184.41050720214844,
            "y": 39.82427215576172,
            "z": 12.937397956848145
          }
        },
        {
          "type": "CHIN_GNATHION",
          "position": {
            "x": 190.57156372070312,
            "y": 93.35053253173828,
            "z": 4.196981430053711
          }
        },
        {
          "type": "CHIN_LEFT_GONION",
          "position": {
            "x": 157.67352294921875,
            "y": 78.2486572265625,
            "z": -15.445822715759277
          }
        },
        {
          "type": "CHIN_RIGHT_GONION",
          "position": {
            "x": 169.23074340820312,
            "y": 85.77539825439453,
            "z": 38.267757415771484
          }
        }
      ],
      "rollAngle": -10.461726188659668,
      "panAngle": 79.60523986816406,
      "tiltAngle": 10.2035551071167,
      "detectionConfidence": 0.7277970314025879,
      "landmarkingConfidence": 0.4725717604160309,
      "joyLikelihood": "UNLIKELY",
      "sorrowLikelihood": "VERY_UNLIKELY",
      "angerLikelihood": "VERY_UNLIKELY",
      "surpriseLikelihood": "VERY_UNLIKELY",
      "underExposedLikelihood": "VERY_UNLIKELY",
      "blurredLikelihood": "VERY_UNLIKELY",
      "headwearLikelihood": "VERY_UNLIKELY"
    }
  ]
}
