{
  "faceAnnotations": [
    {
      "boundingPoly": {
        "vertices": [
          {
            "x": 167,
            "y": 62
          },
          {
            "x": 227,
            "y": 62
          },
          {
            "x": 227,
            "y": 131
          },
          {
            "x": 167,
            "y": 131
          }
        ]
      },
      "fdBoundingPoly": {
        "vertices": [
          {
            "x": 175,
            "y": 76
          },
          {
            "x": 225,
            "y": 76
          },
          {
            "x": 225,
            "y": 126
          },
          {
            "x": 175,
            "y": 126
          }
        ]
      },
      "landmarks": [
        {
          "type": "LEFT_EYE",
          "position": {
            "x": 204.7915496826172,
            "y": 92.37068176269531,
            "z": 0.00010148020373890176
          }
        },
        {
          "type": "RIGHT_EYE",
          "position": {
            "x": 217.08348083496094,
            "y": 97.19133758544922,
            "z": 11.325730323791504
          }
        },
        {
          "type": "LEFT_OF_LEFT_EYEBROW",
          "position": {
            "x": 199.54945373535156,
            "y": 87.27446746826172,
            "z": -2.520514488220215
          }
        },
        {
          "type": "RIGHT_OF_LEFT_EYEBROW",
          "position": {
            "x": 210.642822265625,
            "y": 90.32230377197266,
            "z": 0.5554519295692444
          }
        },
        {
          "type": "LEFT_OF_RIGHT_EYEBROW",
          "position": {
            "x": 216.96524047851562,
            "y": 92.22527313232422,
            "z": 6.163344860076904
          }
        },
        {
          "type": "RIGHT_OF_RIGHT_EYEBROW",
          "position": {
            "x": 221.1205596923828,
            "y": 94.76862335205078,
            "z": 16.886869430541992
          }
        },
        {
          "type": "MIDPOINT_BETWEEN_EYES",
          "position": {
            "x": 213.15853881835938,
            "y": 94.72100067138672,
            "z": 2.6873135566711426
          }
        },
        {
          "type": "NOSE_TIP",
          "position": {
            "x": 214.1054229736328,
            "y": 104.96453094482422,
            "z": -2.546412706375122
          }
        },
        {
          "type": "UPPER_LIP",
          "position": {
            "x": 209.63348388671875,
            "y": 110.63642883300781,
            "z": -0.15369638800621033
          }
        },
        {
          "type": "LOWER_LIP",
          "position": {
            "x": 207.10301208496094,
            "y": 117.13493347167969,
            "z": 0.03978946432471275
          }
        },
        {
          "type": "MOUTH_LEFT",
          "position": {
            "x": 200.3728485107422,
            "y": 110.81854248046875,
            "z": -1.4064580202102661
          }
        },
        {
          "type": "MOUTH_RIGHT",
          "position": {
            "x": 210.84307861328125,
            "y": 114.7916259765625,
            "z": 7.7231926918029785
          }
        },
        {
          "type": "MOUTH_CENTER",
          "position": {
            "x": 207.455078125,
            "y": 113.58201599121094,
            "z": 0.5133768320083618
          }
        },
        {
          "type": "NOSE_BOTTOM_RIGHT",
          "position": {
            "x": 212.66806030273438,
            "y": 106.92071533203125,
            "z": 5.667452812194824
          }
        },
        {
          "type": "NOSE_BOTTOM_LEFT",
          "position": {
            "x": 205.8879852294922,
            "y": 103.98079681396484,
            "z": -0.6229085326194763
          }
        },
        {
          "type": "NOSE_BOTTOM_CENTER",
          "position": {
            "x": 210.59022521972656,
            "y": 107.04428100585938,
            "z": 0.247646301984787
          }
        },
        {
          "type": "LEFT_EYE_TOP_BOUNDARY",
          "position": {
            "x": 205.27508544921875,
            "y": 91.37759399414062,
            "z": -1.0871551036834717
          }
        },
        {
          "type": "LEFT_EYE_RIGHT_CORNER",
          "position": {
            "x": 207.1240692138672,
            "y": 93.50509643554688,
            "z": 2.114351511001587
          }
        },
        {
          "type": "LEFT_EYE_BOTTOM_BOUNDARY",
          "position": {
            "x": 204.22230529785156,
            "y": 93.34978485107422,
            "z": -0.5590982437133789
          }
        },
        {
          "type": "LEFT_EYE_LEFT_CORNER",
          "position": {
            "x": 200.5559844970703,
            "y": 91.4454116821289,
            "z": -1.4062066078186035
          }
        },
        {
          "type": "LEFT_EYE_PUPIL",
          "position": {
            "x": 204.256103515625,
            "y": 92.41387939453125,
            "z": -0.8378251791000366
          }
        },
        {
          "type": "RIGHT_EYE_TOP_BOUNDARY",
          "position": {
            "x": 217.99440002441406,
            "y": 96.18914794921875,
            "z": 10.485536575317383
          }
        },
        {
          "type": "RIGHT_EYE_RIGHT_CORNER",
          "position": {
            "x": 218.35012817382812,
            "y": 98.16090393066406,
            "z": 14.761421203613281
          }
        },
        {
          "type": "RIGHT_EYE_BOTTOM_BOUNDARY",
          "position": {
            "x": 216.78041076660156,
            "y": 98.3832778930664,
            "z": 10.975687980651855
          }
        },
        {
          "type": "RIGHT_EYE_LEFT_CORNER",
          "position": {
            "x": 214.33262634277344,
            "y": 96.43551635742188,
            "z": 8.963723182678223
          }
        },
        {
          "type": "RIGHT_EYE_PUPIL",
          "position": {
            "x": 217.31640625,
            "y": 97.36261749267578,
            "z": 11.021007537841797
          }
        },
        {
          "type": "LEFT_EYEBROW_UPPER_MIDPOINT",
          "position": {
            "x": 206.5738983154297,
            "y": 86.31831359863281,
            "z": -1.6209040880203247
          }
        },
        {
          "type": "RIGHT_EYEBROW_UPPER_MIDPOINT",
          "position": {
            "x": 220.38905334472656,
            "y": 91.51702117919922,
            "z": 10.943157196044922
          }
        },
        {
          "type": "LEFT_EAR_TRAGION",
          "position": {
            "x": 178.1304473876953,
            "y": 96.86067199707031,
            "z": 7.8543877601623535
          }
        },
        {
          "type": "RIGHT_EAR_TRAGION",
          "position": {
            "x": 208.31625366210938,
            "y": 107.14839172363281,
            "z": 34.18717575073242
          }
        },
        {
          "type": "FOREHEAD_GLABELLA",
          "position": {
            "x": 214.3563232421875,
            "y": 90.90674591064453,
            "z": 2.8701670169830322
          }
        },
        {
          "type": "CHIN_GNATHION",
          "position": {
            "x": 203.6085662841797,
            "y": 124.27975463867188,
            "z": 0.9295586943626404
          }
        },
        {
          "type": "CHIN_LEFT_GONION",
          "position": {
            "x": 182.6178741455078,
            "y": 108.30661010742188,
            "z": 2.2223241329193115
          }
        },
        {
          "type": "CHIN_RIGHT_GONION",
          "position": {
            "x": 208.82061767578125,
            "y": 118.12261962890625,
            "z": 26.054777145385742
          }
        }
      ],
      "rollAngle": 14.571504592895508,
      "panAngle": 40.755489349365234,
      "tiltAngle": 7.121857643127441,
      "detectionConfidence": 0.5383323431015015,
      "landmarkingConfidence": 0.3110875189304352,
      "joyLikelihood": "VERY_LIKELY",
      "sorrowLikelihood": "VERY_UNLIKELY",
      "angerLikelihood": "VERY_UNLIKELY",
      "surpriseLikelihood": "VERY_UNLIKELY",
      "underExposedLikelihood": "VERY_UNLIKELY",
      "blurredLikelihood": "VERY_UNLIKELY",
      "headwearLikelihood": "VERY_UNLIKELY"
    },
    {
      "boundingPoly": {
        "vertices": [
          {
            "x": 391,
            "y": 17
          },
          {
            "x": 467,
            "y": 17
          },
          {
            "x": 467,
            "y": 105
          },
          {
            "x": 391,
            "y": 105
          }
        ]
      },
      "fdBoundingPoly": {
        "vertices": [
          {
            "x": 391,
            "y": 39
          },
          {
            "x": 449,
            "y": 39
          },
          {
            "x": 449,
            "y": 97
          },
          {
            "x": 391,
            "y": 97
          }
        ]
      },
      "landmarks": [
        {
          "type": "LEFT_EYE",
          "position": {
            "x": 405.3406677246094,
            "y": 61.336360931396484,
            "z": -3.893681423505768e-05
          }
        },
        {
          "type": "RIGHT_EYE",
          "position": {
            "x": 408.50262451171875,
            "y": 60.779151916503906,
            "z": -22.135162353515625
          }
        },
        {
          "type": "LEFT_OF_LEFT_EYEBROW",
          "position": {
            "x": 405.5121154785156,
            "y": 55.9022216796875,
            "z": 7.695310592651367
          }
        },
        {
          "type": "RIGHT_OF_LEFT_EYEBROW",
          "position": {
            "x": 400.98309326171875,
            "y": 56.9308967590332,
            "z": -6.350447177886963
          }
        },
        {
          "type": "LEFT_OF_RIGHT_EYEBROW",
          "position": {
            "x": 402.5172424316406,
            "y": 57.51451110839844,
            "z": -17.076040267944336
          }
        },
        {
          "type": "RIGHT_OF_RIGHT_EYEBROW",
          "position": {
            "x": 410.6364440917969,
            "y": 55.86672592163086,
            "z": -29.3927059173584
          }
        },
        {
          "type": "MIDPOINT_BETWEEN_EYES",
          "position": {
            "x": 401.6849060058594,
            "y": 61.52703094482422,
            "z": -11.694089889526367
          }
        },
        {
          "type": "NOSE_TIP",
          "position": {
            "x": 397.12310791015625,
            "y": 75.60723876953125,
            "z": -12.315558433532715
          }
        },
        {
          "type": "UPPER_LIP",
          "position": {
            "x": 404.0317687988281,
            "y": 82.56070709228516,
            "z": -11.387993812561035
          }
        },
        {
          "type": "LOWER_LIP",
          "position": {
            "x": 407.4522705078125,
            "y": 89.77066040039062,
            "z": -10.972824096679688
          }
        },
        {
          "type": "MOUTH_LEFT",
          "position": {
            "x": 409.80780029296875,
            "y": 84.50929260253906,
            "z": -1.6853021383285522
          }
        },
        {
          "type": "MOUTH_RIGHT",
          "position": {
            "x": 413.9682922363281,
            "y": 83.67052459716797,
            "z": -19.839040756225586
          }
        },
        {
          "type": "MOUTH_CENTER",
          "position": {
            "x": 406.77239990234375,
            "y": 85.66224670410156,
            "z": -11.058667182922363
          }
        },
        {
          "type": "NOSE_BOTTOM_RIGHT",
          "position": {
            "x": 406.76959228515625,
            "y": 74.92564392089844,
            "z": -16.913618087768555
          }
        },
        {
          "type": "NOSE_BOTTOM_LEFT",
          "position": {
            "x": 405.84881591796875,
            "y": 75.40513610839844,
            "z": -4.945483207702637
          }
        },
        {
          "type": "NOSE_BOTTOM_CENTER",
          "position": {
            "x": 402.6385498046875,
            "y": 78.6016845703125,
            "z": -11.505390167236328
          }
        },
        {
          "type": "LEFT_EYE_TOP_BOUNDARY",
          "position": {
            "x": 403.64544677734375,
            "y": 60.13933563232422,
            "z": -0.18228773772716522
          }
        },
        {
          "type": "LEFT_EYE_RIGHT_CORNER",
          "position": {
            "x": 406.12701416015625,
            "y": 61.53337860107422,
            "z": -4.340038776397705
          }
        },
        {
          "type": "LEFT_EYE_BOTTOM_BOUNDARY",
          "position": {
            "x": 405.56927490234375,
            "y": 62.80267333984375,
            "z": 0.07163797318935394
          }
        },
        {
          "type": "LEFT_EYE_LEFT_CORNER",
          "position": {
            "x": 406.8059387207031,
            "y": 61.10979461669922,
            "z": 4.783025741577148
          }
        },
        {
          "type": "LEFT_EYE_PUPIL",
          "position": {
            "x": 404.81072998046875,
            "y": 61.49751281738281,
            "z": 0.33428552746772766
          }
        },
        {
          "type": "RIGHT_EYE_TOP_BOUNDARY",
          "position": {
            "x": 406.7301940917969,
            "y": 60.12025451660156,
            "z": -22.352811813354492
          }
        },
        {
          "type": "RIGHT_EYE_RIGHT_CORNER",
          "position": {
            "x": 411.3504333496094,
            "y": 60.96160125732422,
            "z": -26.334213256835938
          }
        },
        {
          "type": "RIGHT_EYE_BOTTOM_BOUNDARY",
          "position": {
            "x": 408.6820068359375,
            "y": 62.77063751220703,
            "z": -22.102920532226562
          }
        },
        {
          "type": "RIGHT_EYE_LEFT_CORNER",
          "position": {
            "x": 407.8941345214844,
            "y": 61.63407516479492,
            "z": -17.6300106048584
          }
        },
        {
          "type": "RIGHT_EYE_PUPIL",
          "position": {
            "x": 407.93719482421875,
            "y": 61.49153137207031,
            "z": -22.404521942138672
          }
        },
        {
          "type": "LEFT_EYEBROW_UPPER_MIDPOINT",
          "position": {
            "x": 401.2969970703125,
            "y": 54.0122184753418,
            "z": 0.4739879369735718
          }
        },
        {
          "type": "RIGHT_EYEBROW_UPPER_MIDPOINT",
          "position": {
            "x": 404.6349182128906,
            "y": 54.002906799316406,
            "z": -23.611286163330078
          }
        },
        {
          "type": "LEFT_EAR_TRAGION",
          "position": {
            "x": 432.5095520019531,
            "y": 67.30233001708984,
            "z": 18.370826721191406
          }
        },
        {
          "type": "RIGHT_EAR_TRAGION",
          "position": {
            "x": 441.7734069824219,
            "y": 67.53071594238281,
            "z": -33.33097839355469
          }
        },
        {
          "type": "FOREHEAD_GLABELLA",
          "position": {
            "x": 400.792724609375,
            "y": 56.82067108154297,
            "z": -11.876287460327148
          }
        },
        {
          "type": "CHIN_GNATHION",
          "position": {
            "x": 412.2001647949219,
            "y": 99.13895416259766,
            "z": -10.318710327148438
          }
        },
        {
          "type": "CHIN_LEFT_GONION",
          "position": {
            "x": 426.4247741699219,
            "y": 82.85826110839844,
            "z": 14.974509239196777
          }
        },
        {
          "type": "CHIN_RIGHT_GONION",
          "position": {
            "x": 432.7725830078125,
            "y": 83.02845001220703,
            "z": -30.7945613861084
          }
        }
      ],
      "rollAngle": -9.822968482971191,
      "panAngle": -82.17372131347656,
      "tiltAngle": -1.3219753503799438,
      "detectionConfidence": 0.7567172646522522,
      "landmarkingConfidence": 0.29474979639053345,
      "joyLikelihood": "VERY_LIKELY",
      "sorrowLikelihood": "VERY_UNLIKELY",
      "angerLikelihood": "VERY_UNLIKELY",
      "surpriseLikelihood": "VERY_UNLIKELY",
      "underExposedLikelihood": "VERY_UNLIKELY",
      "blurredLikelihood": "VERY_UNLIKELY",
      "headwearLikelihood": "VERY_UNLIKELY"
    }
  ]
}
