{
  "faceAnnotations": [
    {
      "boundingPoly": {
        "vertices": [
          {
            "x": 373,
            "y": 37
          },
          {
            "x": 434,
            "y": 37
          },
          {
            "x": 434,
            "y": 108
          },
          {
            "x": 373,
            "y": 108
          }
        ]
      },
      "fdBoundingPoly": {
        "vertices": [
          {
            "x": 376,
            "y": 47
          },
          {
            "x": 429,
            "y": 47
          },
          {
            "x": 429,
            "y": 101
          },
          {
            "x": 376,
            "y": 101
          }
        ]
      },
      "landmarks": [
        {
          "type": "LEFT_EYE",
          "position": {
            "x": 390.9176940917969,
            "y": 61.631229400634766,
            "z": -1.919375245051924e-05
          }
        },
        {
          "type": "RIGHT_EYE",
          "position": {
            "x": 398.9154968261719,
            "y": 65.66410827636719,
            "z": -16.36115074157715
          }
        },
        {
          "type": "LEFT_OF_LEFT_EYEBROW",
          "position": {
            "x": 391.66455078125,
            "y": 57.16567611694336,
            "z": 6.286785125732422
          }
        },
        {
          "type": "RIGHT_OF_LEFT_EYEBROW",
          "position": {
            "x": 392.2637634277344,
            "y": 57.13520812988281,
            "z": -5.858673572540283
          }
        },
        {
          "type": "LEFT_OF_RIGHT_EYEBROW",
          "position": {
            "x": 396.7337646484375,
            "y": 58.60064697265625,
            "z": -13.812841415405273
          }
        },
        {
          "type": "RIGHT_OF_RIGHT_EYEBROW",
          "position": {
            "x": 405.05108642578125,
            "y": 63.346885681152344,
            "z": -20.861995697021484
          }
        },
        {
          "type": "MIDPOINT_BETWEEN_EYES",
          "position": {
            "x": 392.217041015625,
            "y": 61.42205810546875,
            "z": -9.995552062988281
          }
        },
        {
          "type": "NOSE_TIP",
          "position": {
            "x": 382.92938232421875,
            "y": 68.44850158691406,
            "z": -12.803529739379883
          }
        },
        {
          "type": "UPPER_LIP",
          "position": {
            "x": 383.6050109863281,
            "y": 76.39730834960938,
            "z": -10.82056999206543
          }
        },
        {
          "type": "LOWER_LIP",
          "position": {
            "x": 381.76776123046875,
            "y": 82.73027038574219,
            "z": -10.28538703918457
          }
        },
        {
          "type": "MOUTH_LEFT",
          "position": {
            "x": 383.15484619140625,
            "y": 79.3823013305664,
            "z": -2.114924907684326
          }
        },
        {
          "type": "MOUTH_RIGHT",
          "position": {
            "x": 390.0201721191406,
            "y": 82.0489501953125,
            "z": -14.989851951599121
          }
        },
        {
          "type": "MOUTH_CENTER",
          "position": {
            "x": 383.3433532714844,
            "y": 79.65426635742188,
            "z": -10.20552921295166
          }
        },
        {
          "type": "NOSE_BOTTOM_RIGHT",
          "position": {
            "x": 390.2456970214844,
            "y": 73.06135559082031,
            "z": -13.713594436645508
          }
        },
        {
          "type": "NOSE_BOTTOM_LEFT",
          "position": {
            "x": 385.99847412109375,
            "y": 71.72826385498047,
            "z": -4.966856002807617
          }
        },
        {
          "type": "NOSE_BOTTOM_CENTER",
          "position": {
            "x": 385.16278076171875,
            "y": 72.50205993652344,
            "z": -10.800948143005371
          }
        },
        {
          "type": "LEFT_EYE_TOP_BOUNDARY",
          "position": {
            "x": 390.6180725097656,
            "y": 59.98904037475586,
            "z": -0.6173394322395325
          }
        },
        {
          "type": "LEFT_EYE_RIGHT_CORNER",
          "position": {
            "x": 392.600830078125,
            "y": 62.531959533691406,
            "z": -3.2695741653442383
          }
        },
        {
          "type": "LEFT_EYE_BOTTOM_BOUNDARY",
          "position": {
            "x": 390.3294677734375,
            "y": 62.67879104614258,
            "z": -0.1469593644142151
          }
        },
        {
          "type": "LEFT_EYE_LEFT_CORNER",
          "position": {
            "x": 390.7364501953125,
            "y": 61.633880615234375,
            "z": 3.9924354553222656
          }
        },
        {
          "type": "LEFT_EYE_PUPIL",
          "position": {
            "x": 390.54974365234375,
            "y": 61.3798828125,
            "z": -0.0037115919403731823
          }
        },
        {
          "type": "RIGHT_EYE_TOP_BOUNDARY",
          "position": {
            "x": 398.5878601074219,
            "y": 63.70218276977539,
            "z": -16.86679458618164
          }
        },
        {
          "type": "RIGHT_EYE_RIGHT_CORNER",
          "position": {
            "x": 401.8346862792969,
            "y": 67.00798797607422,
            "z": -18.73356056213379
          }
        },
        {
          "type": "RIGHT_EYE_BOTTOM_BOUNDARY",
          "position": {
            "x": 398.2220458984375,
            "y": 66.65087890625,
            "z": -16.386688232421875
          }
        },
        {
          "type": "RIGHT_EYE_LEFT_CORNER",
          "position": {
            "x": 397.2203369140625,
            "y": 65.09580993652344,
            "z": -12.99895191192627
          }
        },
        {
          "type": "RIGHT_EYE_PUPIL",
          "position": {
            "x": 398.7011413574219,
            "y": 65.19339752197266,
            "z": -16.684600830078125
          }
        },
        {
          "type": "LEFT_EYEBROW_UPPER_MIDPOINT",
          "position": {
            "x": 391.9931640625,
            "y": 54.62718200683594,
            "z": -0.27287518978118896
          }
        },
        {
          "type": "RIGHT_EYEBROW_UPPER_MIDPOINT",
          "position": {
            "x": 400.6559753417969,
            "y": 58.63474655151367,
            "z": -17.904165267944336
          }
        },
        {
          "type": "LEFT_EAR_TRAGION",
          "position": {
            "x": 399.7514953613281,
            "y": 76.54176330566406,
            "z": 20.995349884033203
          }
        },
        {
          "type": "RIGHT_EAR_TRAGION",
          "position": {
            "x": 417.897216796875,
            "y": 84.96231842041016,
            "z": -15.9459228515625
          }
        },
        {
          "type": "FOREHEAD_GLABELLA",
          "position": {
            "x": 393.7614440917969,
            "y": 57.5377082824707,
            "z": -10.133569717407227
          }
        },
        {
          "type": "CHIN_GNATHION",
          "position": {
            "x": 379.8486022949219,
            "y": 91.90386199951172,
            "z": -9.159595489501953
          }
        },
        {
          "type": "CHIN_LEFT_GONION",
          "position": {
            "x": 389.4584655761719,
            "y": 84.51634216308594,
            "z": 15.48906421661377
          }
        },
        {
          "type": "CHIN_RIGHT_GONION",
          "position": {
            "x": 405.92279052734375,
            "y": 92.1236572265625,
            "z": -17.986963272094727
          }
        }
      ],
      "rollAngle": 26.7578067779541,
      "panAngle": -61.601741790771484,
      "tiltAngle": 1.00686514377594,
      "detectionConfidence": 0.8891353607177734,
      "landmarkingConfidence": 0.2815207242965698,
      "joyLikelihood": "LIKELY",
      "sorrowLikelihood": "VERY_UNLIKELY",
      "angerLikelihood": "VERY_UNLIKELY",
      "surpriseLikelihood": "VERY_UNLIKELY",
      "underExposedLikelihood": "VERY_UNLIKELY",
      "blurredLikelihood": "VERY_UNLIKELY",
      "headwearLikelihood": "VERY_UNLIKELY"
    },
    {
      "boundingPoly": {
        "vertices": [
          {
            "x": 134
          },
          {
            "x": 213
          },
          {
            "x": 213,
            "y": 71
          },
          {
            "x": 134,
            "y": 71
          }
        ]
      },
      "fdBoundingPoly": {
        "vertices": [
          {
            "x": 156,
            "y": 8
          },
          {
            "x": 212,
            "y": 8
          },
          {
            "x": 212,
            "y": 64
          },
          {
            "x": 156,
            "y": 64
          }
        ]
      },
      "landmarks": [
        {
          "type": "LEFT_EYE",
          "position": {
            "x": 193.12109375,
            "y": 25.074275970458984,
            "z": 3.925153214368038e-05
          }
        },
        {
          "type": "RIGHT_EYE",
          "position": {
            "x": 196.8730926513672,
            "y": 19.393444061279297,
            "z": 22.93040657043457
          }
        },
        {
          "type": "LEFT_OF_LEFT_EYEBROW",
          "position": {
            "x": 189.2327423095703,
            "y": 20.627330780029297,
            "z": -8.495266914367676
          }
        },
        {
          "type": "RIGHT_OF_LEFT_EYEBROW",
          "position": {
            "x": 198.27859497070312,
            "y": 17.99553680419922,
            "z": 4.01277494430542
          }
        },
        {
          "type": "LEFT_OF_RIGHT_EYEBROW",
          "position": {
            "x": 200.20835876464844,
            "y": 15.266119003295898,
            "z": 15.118754386901855
          }
        },
        {
          "type": "RIGHT_OF_RIGHT_EYEBROW",
          "position": {
            "x": 195.80247497558594,
            "y": 12.62902545928955,
            "z": 29.95528221130371
          }
        },
        {
          "type": "MIDPOINT_BETWEEN_EYES",
          "position": {
            "x": 199.24542236328125,
            "y": 21.626663208007812,
            "z": 10.505871772766113
          }
        },
        {
          "type": "NOSE_TIP",
          "position": {
            "x": 207.08045959472656,
            "y": 34.951297760009766,
            "z": 11.963698387145996
          }
        },
        {
          "type": "UPPER_LIP",
          "position": {
            "x": 202.4910430908203,
            "y": 42.8508186340332,
            "z": 14.518166542053223
          }
        },
        {
          "type": "LOWER_LIP",
          "position": {
            "x": 201.53060913085938,
            "y": 51.44745635986328,
            "z": 16.494192123413086
          }
        },
        {
          "type": "MOUTH_LEFT",
          "position": {
            "x": 194.49851989746094,
            "y": 47.3536491394043,
            "z": 7.049817085266113
          }
        },
        {
          "type": "MOUTH_RIGHT",
          "position": {
            "x": 197.8003387451172,
            "y": 44.72089385986328,
            "z": 25.40772247314453
          }
        },
        {
          "type": "MOUTH_CENTER",
          "position": {
            "x": 201.09854125976562,
            "y": 46.940032958984375,
            "z": 15.618523597717285
          }
        },
        {
          "type": "NOSE_BOTTOM_RIGHT",
          "position": {
            "x": 199.5851593017578,
            "y": 35.14162063598633,
            "z": 20.162683486938477
          }
        },
        {
          "type": "NOSE_BOTTOM_LEFT",
          "position": {
            "x": 197.5431365966797,
            "y": 37.43413162231445,
            "z": 7.564552307128906
          }
        },
        {
          "type": "NOSE_BOTTOM_CENTER",
          "position": {
            "x": 202.2259521484375,
            "y": 38.86632537841797,
            "z": 13.644732475280762
          }
        },
        {
          "type": "LEFT_EYE_TOP_BOUNDARY",
          "position": {
            "x": 194.51785278320312,
            "y": 22.862016677856445,
            "z": -0.6613490581512451
          }
        },
        {
          "type": "LEFT_EYE_RIGHT_CORNER",
          "position": {
            "x": 194.10159301757812,
            "y": 24.048015594482422,
            "z": 4.686234474182129
          }
        },
        {
          "type": "LEFT_EYE_BOTTOM_BOUNDARY",
          "position": {
            "x": 193.31471252441406,
            "y": 26.025209426879883,
            "z": 0.2288907915353775
          }
        },
        {
          "type": "LEFT_EYE_LEFT_CORNER",
          "position": {
            "x": 190.01805114746094,
            "y": 25.46449851989746,
            "z": -4.262822151184082
          }
        },
        {
          "type": "LEFT_EYE_PUPIL",
          "position": {
            "x": 193.52838134765625,
            "y": 24.52779769897461,
            "z": -0.5220152139663696
          }
        },
        {
          "type": "RIGHT_EYE_TOP_BOUNDARY",
          "position": {
            "x": 198.4356689453125,
            "y": 18.05943489074707,
            "z": 22.349334716796875
          }
        },
        {
          "type": "RIGHT_EYE_RIGHT_CORNER",
          "position": {
            "x": 195.58338928222656,
            "y": 18.838212966918945,
            "z": 27.915225982666016
          }
        },
        {
          "type": "RIGHT_EYE_BOTTOM_BOUNDARY",
          "position": {
            "x": 197.1828155517578,
            "y": 20.959339141845703,
            "z": 23.196338653564453
          }
        },
        {
          "type": "RIGHT_EYE_LEFT_CORNER",
          "position": {
            "x": 196.0628662109375,
            "y": 20.795560836791992,
            "z": 18.400686264038086
          }
        },
        {
          "type": "RIGHT_EYE_PUPIL",
          "position": {
            "x": 197.58270263671875,
            "y": 19.614511489868164,
            "z": 23.079322814941406
          }
        },
        {
          "type": "LEFT_EYEBROW_UPPER_MIDPOINT",
          "position": {
            "x": 195.1660614013672,
            "y": 16.239337921142578,
            "z": -3.1983416080474854
          }
        },
        {
          "type": "RIGHT_EYEBROW_UPPER_MIDPOINT",
          "position": {
            "x": 199.42529296875,
            "y": 11.046761512756348,
            "z": 21.762508392333984
          }
        },
        {
          "type": "LEFT_EAR_TRAGION",
          "position": {
            "x": 160.99598693847656,
            "y": 38.43976593017578,
            "z": -7.987122535705566
          }
        },
        {
          "type": "RIGHT_EAR_TRAGION",
          "position": {
            "x": 170.91522216796875,
            "y": 28.493724822998047,
            "z": 45.02796173095703
          }
        },
        {
          "type": "FOREHEAD_GLABELLA",
          "position": {
            "x": 200.08462524414062,
            "y": 16.11516761779785,
            "z": 9.315901756286621
          }
        },
        {
          "type": "CHIN_GNATHION",
          "position": {
            "x": 199.02496337890625,
            "y": 62.993690490722656,
            "z": 19.236650466918945
          }
        },
        {
          "type": "CHIN_LEFT_GONION",
          "position": {
            "x": 172.7235565185547,
            "y": 53.79947280883789,
            "z": -3.57006573677063
          }
        },
        {
          "type": "CHIN_RIGHT_GONION",
          "position": {
            "x": 180.77853393554688,
            "y": 43.80084228515625,
            "z": 43.80470657348633
          }
        }
      ],
      "rollAngle": -3.0515317916870117,
      "panAngle": 79.89988708496094,
      "tiltAngle": -11.257104873657227,
      "detectionConfidence": 0.9489697217941284,
      "landmarkingConfidence": 0.49524247646331787,
      "joyLikelihood": "UNLIKELY",
      "sorrowLikelihood": "VERY_UNLIKELY",
      "angerLikelihood": "VERY_UNLIKELY",
      "surpriseLikelihood": "VERY_UNLIKELY",
      "underExposedLikelihood": "VERY_UNLIKELY",
      "blurredLikelihood": "VERY_UNLIKELY",
      "headwearLikelihood": "VERY_UNLIKELY"
    }
  ]
}
