{
  "faceAnnotations": [
    {
      "boundingPoly": {
        "vertices": [
          {
            "x": 96,
            "y": 92
          },
          {
            "x": 185,
            "y": 92
          },
          {
            "x": 185,
            "y": 197
          },
          {
            "x": 96,
            "y": 197
          }
        ]
      },
      "fdBoundingPoly": {
        "vertices": [
          {
            "x": 109,
            "y": 111
          },
          {
            "x": 182,
            "y": 111
          },
          {
            "x": 182,
            "y": 185
          },
          {
            "x": 109,
            "y": 185
          }
        ]
      },
      "landmarks": [
        {
          "type": "LEFT_EYE",
          "position": {
            "x": 142.72703552246094,
            "y": 135.78912353515625,
            "z": -0.00036044398439116776
          }
        },
        {
          "type": "RIGHT_EYE",
          "position": {
            "x": 167.89498901367188,
            "y": 143.58274841308594,
            "z": 11.665595054626465
          }
        },
        {
          "type": "LEFT_OF_LEFT_EYEBROW",
          "position": {
            "x": 134.45494079589844,
            "y": 128.25860595703125,
            "z": 0.32982686161994934
          }
        },
        {
          "type": "RIGHT_OF_LEFT_EYEBROW",
          "position": {
            "x": 154.9120635986328,
            "y": 132.0907745361328,
            "z": -0.29383736848831177
          }
        },
        {
          "type": "LEFT_OF_RIGHT_EYEBROW",
          "position": {
            "x": 165.12376403808594,
            "y": 135.36569213867188,
            "z": 5.032240867614746
          }
        },
        {
          "type": "RIGHT_OF_RIGHT_EYEBROW",
          "position": {
            "x": 175.33689880371094,
            "y": 140.06341552734375,
            "z": 18.46272850036621
          }
        },
        {
          "type": "MIDPOINT_BETWEEN_EYES",
          "position": {
            "x": 159.7996063232422,
            "y": 138.8699188232422,
            "z": 1.0895947217941284
          }
        },
        {
          "type": "NOSE_TIP",
          "position": {
            "x": 158.88650512695312,
            "y": 153.3328857421875,
            "z": -8.295409202575684
          }
        },
        {
          "type": "UPPER_LIP",
          "position": {
            "x": 154.31796264648438,
            "y": 162.32601928710938,
            "z": -4.277186393737793
          }
        },
        {
          "type": "LOWER_LIP",
          "position": {
            "x": 150.82186889648438,
            "y": 171.74746704101562,
            "z": -4.032877445220947
          }
        },
        {
          "type": "MOUTH_LEFT",
          "position": {
            "x": 137.3840789794922,
            "y": 161.69937133789062,
            "z": -2.258456230163574
          }
        },
        {
          "type": "MOUTH_RIGHT",
          "position": {
            "x": 159.8139190673828,
            "y": 167.95382690429688,
            "z": 6.36558198928833
          }
        },
        {
          "type": "MOUTH_CENTER",
          "position": {
            "x": 152.3727264404297,
            "y": 166.6543426513672,
            "z": -3.184986114501953
          }
        },
        {
          "type": "NOSE_BOTTOM_RIGHT",
          "position": {
            "x": 161.03402709960938,
            "y": 157.72598266601562,
            "z": 4.013248920440674
          }
        },
        {
          "type": "NOSE_BOTTOM_LEFT",
          "position": {
            "x": 148.317138671875,
            "y": 153.35397338867188,
            "z": -2.3571903705596924
          }
        },
        {
          "type": "NOSE_BOTTOM_CENTER",
          "position": {
            "x": 156.04652404785156,
            "y": 157.7191162109375,
            "z": -3.5358080863952637
          }
        },
        {
          "type": "LEFT_EYE_TOP_BOUNDARY",
          "position": {
            "x": 145.56300354003906,
            "y": 134.5484161376953,
            "z": -0.8099760413169861
          }
        },
        {
          "type": "LEFT_EYE_RIGHT_CORNER",
          "position": {
            "x": 148.60113525390625,
            "y": 138.02499389648438,
            "z": 2.7319252490997314
          }
        },
        {
          "type": "LEFT_EYE_BOTTOM_BOUNDARY",
          "position": {
            "x": 142.60479736328125,
            "y": 137.8349151611328,
            "z": -0.09248992800712585
          }
        },
        {
          "type": "LEFT_EYE_LEFT_CORNER",
          "position": {
            "x": 138.06781005859375,
            "y": 135.24526977539062,
            "z": 0.501545786857605
          }
        },
        {
          "type": "LEFT_EYE_PUPIL",
          "position": {
            "x": 144.3841552734375,
            "y": 136.23883056640625,
            "z": -0.29946374893188477
          }
        },
        {
          "type": "RIGHT_EYE_TOP_BOUNDARY",
          "position": {
            "x": 168.55911254882812,
            "y": 141.61868286132812,
            "z": 10.126211166381836
          }
        },
        {
          "type": "RIGHT_EYE_RIGHT_CORNER",
          "position": {
            "x": 170.8959503173828,
            "y": 145.09616088867188,
            "z": 15.877532005310059
          }
        },
        {
          "type": "RIGHT_EYE_BOTTOM_BOUNDARY",
          "position": {
            "x": 168.00790405273438,
            "y": 145.6334686279297,
            "z": 11.078692436218262
          }
        },
        {
          "type": "RIGHT_EYE_LEFT_CORNER",
          "position": {
            "x": 163.0340118408203,
            "y": 142.33352661132812,
            "z": 9.412397384643555
          }
        },
        {
          "type": "RIGHT_EYE_PUPIL",
          "position": {
            "x": 167.95059204101562,
            "y": 143.48341369628906,
            "z": 10.880561828613281
          }
        },
        {
          "type": "LEFT_EYEBROW_UPPER_MIDPOINT",
          "position": {
            "x": 146.87588500976562,
            "y": 126.81454467773438,
            "z": -1.260218620300293
          }
        },
        {
          "type": "RIGHT_EYEBROW_UPPER_MIDPOINT",
          "position": {
            "x": 171.79766845703125,
            "y": 134.50128173828125,
            "z": 10.572787284851074
          }
        },
        {
          "type": "LEFT_EAR_TRAGION",
          "position": {
            "x": 109.18338775634766,
            "y": 145.52633666992188,
            "z": 21.871204376220703
          }
        },
        {
          "type": "RIGHT_EAR_TRAGION",
          "position": {
            "x": 164.79566955566406,
            "y": 161.94810485839844,
            "z": 46.081268310546875
          }
        },
        {
          "type": "FOREHEAD_GLABELLA",
          "position": {
            "x": 160.1663818359375,
            "y": 133.2451629638672,
            "z": 1.46642005443573
          }
        },
        {
          "type": "CHIN_GNATHION",
          "position": {
            "x": 147.11074829101562,
            "y": 183.8522186279297,
            "z": -2.8951239585876465
          }
        },
        {
          "type": "CHIN_LEFT_GONION",
          "position": {
            "x": 115.62830352783203,
            "y": 162.50897216796875,
            "z": 9.846186637878418
          }
        },
        {
          "type": "CHIN_RIGHT_GONION",
          "position": {
            "x": 163.2508087158203,
            "y": 176.614501953125,
            "z": 32.65998077392578
          }
        }
      ],
      "rollAngle": 12.749348640441895,
      "panAngle": 24.858016967773438,
      "tiltAngle": 9.362247467041016,
      "detectionConfidence": 0.9140205383300781,
      "landmarkingConfidence": 0.6706950664520264,
      "joyLikelihood": "VERY_LIKELY",
      "sorrowLikelihood": "VERY_UNLIKELY",
      "angerLikelihood": "VERY_UNLIKELY",
      "surpriseLikelihood": "VERY_UNLIKELY",
      "underExposedLikelihood": "VERY_UNLIKELY",
      "blurredLikelihood": "VERY_UNLIKELY",
      "headwearLikelihood": "VERY_UNLIKELY"
    },
    {
      "boundingPoly": {
        "vertices": [
          {
            "x": 451,
            "y": 83
          },
          {
            "x": 541,
            "y": 83
          },
          {
            "x": 541,
            "y": 188
          },
          {
            "x": 451,
            "y": 188
          }
        ]
      },
      "fdBoundingPoly": {
        "vertices": [
          {
            "x": 455,
            "y": 103
          },
          {
            "x": 530,
            "y": 103
          },
          {
            "x": 530,
            "y": 178
          },
          {
            "x": 455,
            "y": 178
          }
        ]
      },
      "landmarks": [
        {
          "type": "LEFT_EYE",
          "position": {
            "x": 474.0951843261719,
            "y": 131.15504455566406,
            "z": 0.00019828644872177392
          }
        },
        {
          "type": "RIGHT_EYE",
          "position": {
            "x": 501.0029296875,
            "y": 127.37306213378906,
            "z": -8.393235206604004
          }
        },
        {
          "type": "LEFT_OF_LEFT_EYEBROW",
          "position": {
            "x": 465.9458923339844,
            "y": 126.4585189819336,
            "z": 5.634253025054932
          }
        },
        {
          "type": "RIGHT_OF_LEFT_EYEBROW",
          "position": {
            "x": 478.74432373046875,
            "y": 123.7901840209961,
            "z": -6.69012975692749
          }
        },
        {
          "type": "LEFT_OF_RIGHT_EYEBROW",
          "position": {
            "x": 491.4806213378906,
            "y": 122.05232238769531,
            "z": -10.616659164428711
          }
        },
        {
          "type": "RIGHT_OF_RIGHT_EYEBROW",
          "position": {
            "x": 510.0059509277344,
            "y": 121.53179168701172,
            "z": -7.829883098602295
          }
        },
        {
          "type": "MIDPOINT_BETWEEN_EYES",
          "position": {
            "x": 484.6932678222656,
            "y": 129.2532958984375,
            "z": -9.612306594848633
          }
        },
        {
          "type": "NOSE_TIP",
          "position": {
            "x": 484.4345703125,
            "y": 144.18862915039062,
            "z": -18.727434158325195
          }
        },
        {
          "type": "UPPER_LIP",
          "position": {
            "x": 487.58154296875,
            "y": 153.4759521484375,
            "z": -13.528456687927246
          }
        },
        {
          "type": "LOWER_LIP",
          "position": {
            "x": 489.1646423339844,
            "y": 162.97186279296875,
            "z": -12.525230407714844
          }
        },
        {
          "type": "MOUTH_LEFT",
          "position": {
            "x": 478.9353942871094,
            "y": 159.353759765625,
            "z": -3.285712242126465
          }
        },
        {
          "type": "MOUTH_RIGHT",
          "position": {
            "x": 503.47247314453125,
            "y": 155.0931396484375,
            "z": -9.522207260131836
          }
        },
        {
          "type": "MOUTH_CENTER",
          "position": {
            "x": 488.558837890625,
            "y": 157.7009735107422,
            "z": -12.003167152404785
          }
        },
        {
          "type": "NOSE_BOTTOM_RIGHT",
          "position": {
            "x": 495.6852722167969,
            "y": 143.98208618164062,
            "z": -10.978272438049316
          }
        },
        {
          "type": "NOSE_BOTTOM_LEFT",
          "position": {
            "x": 478.95806884765625,
            "y": 146.97706604003906,
            "z": -5.937833786010742
          }
        },
        {
          "type": "NOSE_BOTTOM_CENTER",
          "position": {
            "x": 486.4549255371094,
            "y": 148.03073120117188,
            "z": -13.116076469421387
          }
        },
        {
          "type": "LEFT_EYE_TOP_BOUNDARY",
          "position": {
            "x": 473.71337890625,
            "y": 129.40533447265625,
            "z": -1.7298680543899536
          }
        },
        {
          "type": "LEFT_EYE_RIGHT_CORNER",
          "position": {
            "x": 479.5853576660156,
            "y": 131.02536010742188,
            "z": -1.6862297058105469
          }
        },
        {
          "type": "LEFT_EYE_BOTTOM_BOUNDARY",
          "position": {
            "x": 474.4568786621094,
            "y": 133.1478729248047,
            "z": -0.5370691418647766
          }
        },
        {
          "type": "LEFT_EYE_LEFT_CORNER",
          "position": {
            "x": 470.107177734375,
            "y": 132.297119140625,
            "z": 3.868217706680298
          }
        },
        {
          "type": "LEFT_EYE_PUPIL",
          "position": {
            "x": 473.83917236328125,
            "y": 131.36741638183594,
            "z": -0.7508757710456848
          }
        },
        {
          "type": "RIGHT_EYE_TOP_BOUNDARY",
          "position": {
            "x": 499.3957214355469,
            "y": 125.92908477783203,
            "z": -9.846007347106934
          }
        },
        {
          "type": "RIGHT_EYE_RIGHT_CORNER",
          "position": {
            "x": 506.2984924316406,
            "y": 127.36724090576172,
            "z": -7.497984886169434
          }
        },
        {
          "type": "RIGHT_EYE_BOTTOM_BOUNDARY",
          "position": {
            "x": 501.3963317871094,
            "y": 129.31016540527344,
            "z": -8.703186988830566
          }
        },
        {
          "type": "RIGHT_EYE_LEFT_CORNER",
          "position": {
            "x": 495.3417663574219,
            "y": 128.80404663085938,
            "z": -6.582691192626953
          }
        },
        {
          "type": "RIGHT_EYE_PUPIL",
          "position": {
            "x": 500.17279052734375,
            "y": 127.78897857666016,
            "z": -9.11111831665039
          }
        },
        {
          "type": "LEFT_EYEBROW_UPPER_MIDPOINT",
          "position": {
            "x": 471.3679504394531,
            "y": 121.72183227539062,
            "z": -2.0024774074554443
          }
        },
        {
          "type": "RIGHT_EYEBROW_UPPER_MIDPOINT",
          "position": {
            "x": 499.2225036621094,
            "y": 117.96607208251953,
            "z": -10.803985595703125
          }
        },
        {
          "type": "LEFT_EAR_TRAGION",
          "position": {
            "x": 469.8837585449219,
            "y": 148.78448486328125,
            "z": 35.739566802978516
          }
        },
        {
          "type": "RIGHT_EAR_TRAGION",
          "position": {
            "x": 528.6112060546875,
            "y": 140.75857543945312,
            "z": 17.35944938659668
          }
        },
        {
          "type": "FOREHEAD_GLABELLA",
          "position": {
            "x": 484.5807800292969,
            "y": 122.53787231445312,
            "z": -9.64515209197998
          }
        },
        {
          "type": "CHIN_GNATHION",
          "position": {
            "x": 490.87005615234375,
            "y": 176.94088745117188,
            "z": -10.379096031188965
          }
        },
        {
          "type": "CHIN_LEFT_GONION",
          "position": {
            "x": 471.1446838378906,
            "y": 164.8063201904297,
            "z": 22.676828384399414
          }
        },
        {
          "type": "CHIN_RIGHT_GONION",
          "position": {
            "x": 523.8313598632812,
            "y": 157.76190185546875,
            "z": 5.990258693695068
          }
        }
      ],
      "rollAngle": -5.974864482879639,
      "panAngle": -17.47783660888672,
      "tiltAngle": 5.499264717102051,
      "detectionConfidence": 0.913443922996521,
      "landmarkingConfidence": 0.5195899605751038,
      "joyLikelihood": "VERY_LIKELY",
      "sorrowLikelihood": "VERY_UNLIKELY",
      "angerLikelihood": "VERY_UNLIKELY",
      "surpriseLikelihood": "VERY_UNLIKELY",
      "underExposedLikelihood": "VERY_UNLIKELY",
      "blurredLikelihood": "VERY_UNLIKELY",
      "headwearLikelihood": "VERY_UNLIKELY"
    }
  ]
}
