{
  "faceAnnotations": [
    {
      "boundingPoly": {
        "vertices": [
          {
            "x": 185,
            "y": 29
          },
          {
            "x": 323,
            "y": 29
          },
          {
            "x": 323,
            "y": 190
          },
          {
            "x": 185,
            "y": 190
          }
        ]
      },
      "fdBoundingPoly": {
        "vertices": [
          {
            "x": 216,
            "y": 70
          },
          {
            "x": 324,
            "y": 70
          },
          {
            "x": 324,
            "y": 178
          },
          {
            "x": 216,
            "y": 178
          }
        ]
      },
      "landmarks": [
        {
          "type": "LEFT_EYE",
          "position": {
            "x": 286.682861328125,
            "y": 106.64766693115234,
            "z": -0.00041450740536674857
          }
        },
        {
          "type": "RIGHT_EYE",
          "position": {
            "x": 299.4988098144531,
            "y": 103.66134643554688,
            "z": 38.540855407714844
          }
        },
        {
          "type": "LEFT_OF_LEFT_EYEBROW",
          "position": {
            "x": 277.55084228515625,
            "y": 97.46566009521484,
            "z": -13.783332824707031
          }
        },
        {
          "type": "RIGHT_OF_LEFT_EYEBROW",
          "position": {
            "x": 297.64801025390625,
            "y": 96.39848327636719,
            "z": 5.7207865715026855
          }
        },
        {
          "type": "LEFT_OF_RIGHT_EYEBROW",
          "position": {
            "x": 304.03717041015625,
            "y": 95.02420043945312,
            "z": 24.870412826538086
          }
        },
        {
          "type": "RIGHT_OF_RIGHT_EYEBROW",
          "position": {
            "x": 300.9136657714844,
            "y": 92.72088623046875,
            "z": 52.36246871948242
          }
        },
        {
          "type": "MIDPOINT_BETWEEN_EYES",
          "position": {
            "x": 300.8614501953125,
            "y": 104.81272888183594,
            "z": 15.862051010131836
          }
        },
        {
          "type": "NOSE_TIP",
          "position": {
            "x": 312.0223083496094,
            "y": 129.33270263671875,
            "z": 13.820782661437988
          }
        },
        {
          "type": "UPPER_LIP",
          "position": {
            "x": 300.96234130859375,
            "y": 143.66236877441406,
            "z": 18.448932647705078
          }
        },
        {
          "type": "LOWER_LIP",
          "position": {
            "x": 298.400146484375,
            "y": 157.4672393798828,
            "z": 20.60292625427246
          }
        },
        {
          "type": "MOUTH_LEFT",
          "position": {
            "x": 279.1021728515625,
            "y": 147.147705078125,
            "z": 5.195308208465576
          }
        },
        {
          "type": "MOUTH_RIGHT",
          "position": {
            "x": 296.1573791503906,
            "y": 147.8386993408203,
            "z": 38.252593994140625
          }
        },
        {
          "type": "MOUTH_CENTER",
          "position": {
            "x": 297.76190185546875,
            "y": 149.827392578125,
            "z": 20.030065536499023
          }
        },
        {
          "type": "NOSE_BOTTOM_RIGHT",
          "position": {
            "x": 299.9900817871094,
            "y": 130.43765258789062,
            "z": 30.324472427368164
          }
        },
        {
          "type": "NOSE_BOTTOM_LEFT",
          "position": {
            "x": 292.0240783691406,
            "y": 131.3810272216797,
            "z": 8.477898597717285
          }
        },
        {
          "type": "NOSE_BOTTOM_CENTER",
          "position": {
            "x": 302.3742980957031,
            "y": 135.64437866210938,
            "z": 17.612882614135742
          }
        },
        {
          "type": "LEFT_EYE_TOP_BOUNDARY",
          "position": {
            "x": 288.4192199707031,
            "y": 103.86265563964844,
            "z": -2.0928478240966797
          }
        },
        {
          "type": "LEFT_EYE_RIGHT_CORNER",
          "position": {
            "x": 288.9295349121094,
            "y": 106.92601013183594,
            "z": 7.273042678833008
          }
        },
        {
          "type": "LEFT_EYE_BOTTOM_BOUNDARY",
          "position": {
            "x": 286.3638916015625,
            "y": 108.88478088378906,
            "z": -0.7075110077857971
          }
        },
        {
          "type": "LEFT_EYE_LEFT_CORNER",
          "position": {
            "x": 279.291259765625,
            "y": 106.88896942138672,
            "z": -7.463296413421631
          }
        },
        {
          "type": "LEFT_EYE_PUPIL",
          "position": {
            "x": 286.34063720703125,
            "y": 106.61308288574219,
            "z": -1.8630354404449463
          }
        },
        {
          "type": "RIGHT_EYE_TOP_BOUNDARY",
          "position": {
            "x": 302.31011962890625,
            "y": 101.04072570800781,
            "z": 37.371639251708984
          }
        },
        {
          "type": "RIGHT_EYE_RIGHT_CORNER",
          "position": {
            "x": 298.6923522949219,
            "y": 103.03092956542969,
            "z": 47.72383117675781
          }
        },
        {
          "type": "RIGHT_EYE_BOTTOM_BOUNDARY",
          "position": {
            "x": 299.78265380859375,
            "y": 106.54301452636719,
            "z": 38.6677131652832
          }
        },
        {
          "type": "RIGHT_EYE_LEFT_CORNER",
          "position": {
            "x": 296.59912109375,
            "y": 104.60252380371094,
            "z": 30.75984764099121
          }
        },
        {
          "type": "RIGHT_EYE_PUPIL",
          "position": {
            "x": 300.65673828125,
            "y": 103.75575256347656,
            "z": 38.61044692993164
          }
        },
        {
          "type": "LEFT_EYEBROW_UPPER_MIDPOINT",
          "position": {
            "x": 290.2252502441406,
            "y": 91.9957275390625,
            "z": -5.527498722076416
          }
        },
        {
          "type": "RIGHT_EYEBROW_UPPER_MIDPOINT",
          "position": {
            "x": 305.3356628417969,
            "y": 88.96353912353516,
            "z": 37.31583023071289
          }
        },
        {
          "type": "LEFT_EAR_TRAGION",
          "position": {
            "x": 225.12457275390625,
            "y": 126.29771423339844,
            "z": -7.744278907775879
          }
        },
        {
          "type": "RIGHT_EAR_TRAGION",
          "position": {
            "x": 258.4126281738281,
            "y": 118.81239318847656,
            "z": 82.62935638427734
          }
        },
        {
          "type": "FOREHEAD_GLABELLA",
          "position": {
            "x": 302.1700439453125,
            "y": 95.28824615478516,
            "z": 14.683887481689453
          }
        },
        {
          "type": "CHIN_GNATHION",
          "position": {
            "x": 295.9841003417969,
            "y": 177.88162231445312,
            "z": 23.590373992919922
          }
        },
        {
          "type": "CHIN_LEFT_GONION",
          "position": {
            "x": 242.6842498779297,
            "y": 153.70236206054688,
            "z": -6.419125556945801
          }
        },
        {
          "type": "CHIN_RIGHT_GONION",
          "position": {
            "x": 271.62445068359375,
            "y": 146.9705810546875,
            "z": 75.22813415527344
          }
        }
      ],
      "rollAngle": 2.3273673057556152,
      "panAngle": 70.7718505859375,
      "tiltAngle": -4.915510177612305,
      "detectionConfidence": 0.667088508605957,
      "landmarkingConfidence": 0.5353548526763916,
      "joyLikelihood": "POSSIBLE",
      "sorrowLikelihood": "VERY_UNLIKELY",
      "angerLikelihood": "VERY_UNLIKELY",
      "surpriseLikelihood": "VERY_UNLIKELY",
      "underExposedLikelihood": "VERY_UNLIKELY",
      "blurredLikelihood": "VERY_UNLIKELY",
      "headwearLikelihood": "VERY_UNLIKELY"
    },
    {
      "boundingPoly": {
        "vertices": [
          {
            "x": 413
          },
          {
            "x": 555
          },
          {
            "x": 555,
            "y": 162
          },
          {
            "x": 413,
            "y": 162
          }
        ]
      },
      "fdBoundingPoly": {
        "vertices": [
          {
            "x": 420,
            "y": 55
          },
          {
            "x": 519,
            "y": 55
          },
          {
            "x": 519,
            "y": 155
          },
          {
            "x": 420,
            "y": 155
          }
        ]
      },
      "landmarks": [
        {
          "type": "LEFT_EYE",
          "position": {
            "x": 437.3663024902344,
            "y": 80.82295227050781,
            "z": 3.886641206918284e-05
          }
        },
        {
          "type": "RIGHT_EYE",
          "position": {
            "x": 452.2848815917969,
            "y": 92.52461242675781,
            "z": -39.751834869384766
          }
        },
        {
          "type": "LEFT_OF_LEFT_EYEBROW",
          "position": {
            "x": 433.0862731933594,
            "y": 66.04764556884766,
            "z": 10.470941543579102
          }
        },
        {
          "type": "RIGHT_OF_LEFT_EYEBROW",
          "position": {
            "x": 430.58721923828125,
            "y": 77.56804656982422,
            "z": -16.302352905273438
          }
        },
        {
          "type": "LEFT_OF_RIGHT_EYEBROW",
          "position": {
            "x": 438.091064453125,
            "y": 83.7236328125,
            "z": -35.61350631713867
          }
        },
        {
          "type": "RIGHT_OF_RIGHT_EYEBROW",
          "position": {
            "x": 458.9583740234375,
            "y": 86.68008422851562,
            "z": -56.173580169677734
          }
        },
        {
          "type": "MIDPOINT_BETWEEN_EYES",
          "position": {
            "x": 436.09344482421875,
            "y": 89.00665283203125,
            "z": -22.696727752685547
          }
        },
        {
          "type": "NOSE_TIP",
          "position": {
            "x": 430.6860656738281,
            "y": 117.01463317871094,
            "z": -16.337360382080078
          }
        },
        {
          "type": "UPPER_LIP",
          "position": {
            "x": 444.3608093261719,
            "y": 127.28382110595703,
            "z": -8.014382362365723
          }
        },
        {
          "type": "LOWER_LIP",
          "position": {
            "x": 451.345458984375,
            "y": 140.05679321289062,
            "z": -1.4870233535766602
          }
        },
        {
          "type": "MOUTH_LEFT",
          "position": {
            "x": 450.75433349609375,
            "y": 124.19850158691406,
            "z": 12.843722343444824
          }
        },
        {
          "type": "MOUTH_RIGHT",
          "position": {
            "x": 465.1409912109375,
            "y": 130.9793243408203,
            "z": -19.7603702545166
          }
        },
        {
          "type": "MOUTH_CENTER",
          "position": {
            "x": 450.4701843261719,
            "y": 132.560302734375,
            "z": -4.429807662963867
          }
        },
        {
          "type": "NOSE_BOTTOM_RIGHT",
          "position": {
            "x": 450.1752014160156,
            "y": 115.09809875488281,
            "z": -22.049652099609375
          }
        },
        {
          "type": "NOSE_BOTTOM_LEFT",
          "position": {
            "x": 442.86529541015625,
            "y": 110.15803527832031,
            "z": -0.3309641480445862
          }
        },
        {
          "type": "NOSE_BOTTOM_CENTER",
          "position": {
            "x": 443.1380920410156,
            "y": 119.36506652832031,
            "z": -11.268383979797363
          }
        },
        {
          "type": "LEFT_EYE_TOP_BOUNDARY",
          "position": {
            "x": 433.753173828125,
            "y": 79.20790100097656,
            "z": -1.8518012762069702
          }
        },
        {
          "type": "LEFT_EYE_RIGHT_CORNER",
          "position": {
            "x": 440.5349426269531,
            "y": 83.58773040771484,
            "z": -7.901150226593018
          }
        },
        {
          "type": "LEFT_EYE_BOTTOM_BOUNDARY",
          "position": {
            "x": 437.6556091308594,
            "y": 83.71446228027344,
            "z": 0.9442594647407532
          }
        },
        {
          "type": "LEFT_EYE_LEFT_CORNER",
          "position": {
            "x": 437.8937072753906,
            "y": 77.19284057617188,
            "z": 8.908989906311035
          }
        },
        {
          "type": "LEFT_EYE_PUPIL",
          "position": {
            "x": 435.9517517089844,
            "y": 81.11375427246094,
            "z": 0.326733261346817
          }
        },
        {
          "type": "RIGHT_EYE_TOP_BOUNDARY",
          "position": {
            "x": 449.07672119140625,
            "y": 91.26617431640625,
            "z": -41.77946853637695
          }
        },
        {
          "type": "RIGHT_EYE_RIGHT_CORNER",
          "position": {
            "x": 459.45123291015625,
            "y": 94.21986389160156,
            "z": -46.85926818847656
          }
        },
        {
          "type": "RIGHT_EYE_BOTTOM_BOUNDARY",
          "position": {
            "x": 452.877685546875,
            "y": 95.38665771484375,
            "z": -38.97294998168945
          }
        },
        {
          "type": "RIGHT_EYE_LEFT_CORNER",
          "position": {
            "x": 449.66650390625,
            "y": 90.97454833984375,
            "z": -31.735031127929688
          }
        },
        {
          "type": "RIGHT_EYE_PUPIL",
          "position": {
            "x": 451.6630554199219,
            "y": 93.50057983398438,
            "z": -40.66206741333008
          }
        },
        {
          "type": "LEFT_EYEBROW_UPPER_MIDPOINT",
          "position": {
            "x": 427.7595520019531,
            "y": 67.98440551757812,
            "z": -5.476408004760742
          }
        },
        {
          "type": "RIGHT_EYEBROW_UPPER_MIDPOINT",
          "position": {
            "x": 444.3987121582031,
            "y": 81.07378387451172,
            "z": -48.76242446899414
          }
        },
        {
          "type": "LEFT_EAR_TRAGION",
          "position": {
            "x": 482.2416076660156,
            "y": 74.15971374511719,
            "z": 46.04560852050781
          }
        },
        {
          "type": "RIGHT_EAR_TRAGION",
          "position": {
            "x": 511.9634704589844,
            "y": 102.87254333496094,
            "z": -41.863525390625
          }
        },
        {
          "type": "FOREHEAD_GLABELLA",
          "position": {
            "x": 432.66119384765625,
            "y": 80.60383605957031,
            "z": -26.57525062561035
          }
        },
        {
          "type": "CHIN_GNATHION",
          "position": {
            "x": 460.142333984375,
            "y": 158.04884338378906,
            "z": 7.420936107635498
          }
        },
        {
          "type": "CHIN_LEFT_GONION",
          "position": {
            "x": 474.578857421875,
            "y": 107.67178344726562,
            "z": 47.90355682373047
          }
        },
        {
          "type": "CHIN_RIGHT_GONION",
          "position": {
            "x": 505.7793884277344,
            "y": 132.05638122558594,
            "z": -33.28937911987305
          }
        }
      ],
      "rollAngle": -15.780374526977539,
      "panAngle": -75.04793548583984,
      "tiltAngle": -21.542739868164062,
      "detectionConfidence": 0.9805750250816345,
      "landmarkingConfidence": 0.32735586166381836,
      "joyLikelihood": "VERY_LIKELY",
      "sorrowLikelihood": "VERY_UNLIKELY",
      "angerLikelihood": "VERY_UNLIKELY",
      "surpriseLikelihood": "VERY_UNLIKELY",
      "underExposedLikelihood": "VERY_UNLIKELY",
      "blurredLikelihood": "VERY_UNLIKELY",
      "headwearLikelihood": "VERY_UNLIKELY"
    }
  ]
}
