{
  "faceAnnotations": [
    {
      "boundingPoly": {
        "vertices": [
          {
            "y": 36
          },
          {
            "x": 125,
            "y": 36
          },
          {
            "x": 125,
            "y": 202
          },
          {
            "y": 202
          }
        ]
      },
      "fdBoundingPoly": {
        "vertices": [
          {
            "x": 25,
            "y": 84
          },
          {
            "x": 128,
            "y": 84
          },
          {
            "x": 128,
            "y": 187
          },
          {
            "x": 25,
            "y": 187
          }
        ]
      },
      "landmarks": [
        {
          "type": "LEFT_EYE",
          "position": {
            "x": 98.06641387939453,
            "y": 117.1337661743164,
            "z": 0.0005701835034415126
          }
        },
        {
          "type": "RIGHT_EYE",
          "position": {
            "x": 97.43826293945312,
            "y": 118.5872802734375,
            "z": 42.14470291137695
          }
        },
        {
          "type": "LEFT_OF_LEFT_EYEBROW",
          "position": {
            "x": 93.03688049316406,
            "y": 108.02437591552734,
            "z": -14.911072731018066
          }
        },
        {
          "type": "RIGHT_OF_LEFT_EYEBROW",
          "position": {
            "x": 107.84473419189453,
            "y": 109.54205322265625,
            "z": 10.78661060333252
          }
        },
        {
          "type": "LEFT_OF_RIGHT_EYEBROW",
          "position": {
            "x": 106.8508071899414,
            "y": 109.82086181640625,
            "z": 31.359487533569336
          }
        },
        {
          "type": "RIGHT_OF_RIGHT_EYEBROW",
          "position": {
            "x": 94.88902282714844,
            "y": 108.46826934814453,
            "z": 56.72373962402344
          }
        },
        {
          "type": "MIDPOINT_BETWEEN_EYES",
          "position": {
            "x": 106.8319091796875,
            "y": 119.32546997070312,
            "z": 20.930112838745117
          }
        },
        {
          "type": "NOSE_TIP",
          "position": {
            "x": 115.43114471435547,
            "y": 146.69427490234375,
            "z": 20.559417724609375
          }
        },
        {
          "type": "UPPER_LIP",
          "position": {
            "x": 103.48135375976562,
            "y": 157.3385009765625,
            "z": 20.597408294677734
          }
        },
        {
          "type": "LOWER_LIP",
          "position": {
            "x": 98.44274139404297,
            "y": 172.46434020996094,
            "z": 20.499616622924805
          }
        },
        {
          "type": "MOUTH_LEFT",
          "position": {
            "x": 86.84419250488281,
            "y": 159.68026733398438,
            "z": 2.4924612045288086
          }
        },
        {
          "type": "MOUTH_RIGHT",
          "position": {
            "x": 90.61258697509766,
            "y": 162.5382080078125,
            "z": 37.55778121948242
          }
        },
        {
          "type": "MOUTH_CENTER",
          "position": {
            "x": 99.17137908935547,
            "y": 164.32427978515625,
            "z": 20.582683563232422
          }
        },
        {
          "type": "NOSE_BOTTOM_RIGHT",
          "position": {
            "x": 98.28227996826172,
            "y": 145.20401000976562,
            "z": 32.546226501464844
          }
        },
        {
          "type": "NOSE_BOTTOM_LEFT",
          "position": {
            "x": 98.34859466552734,
            "y": 145.47372436523438,
            "z": 9.173737525939941
          }
        },
        {
          "type": "NOSE_BOTTOM_CENTER",
          "position": {
            "x": 104.74594116210938,
            "y": 150.72186279296875,
            "z": 20.657896041870117
          }
        },
        {
          "type": "LEFT_EYE_TOP_BOUNDARY",
          "position": {
            "x": 100.2381591796875,
            "y": 115.78762817382812,
            "z": -0.1889277994632721
          }
        },
        {
          "type": "LEFT_EYE_RIGHT_CORNER",
          "position": {
            "x": 97.67000579833984,
            "y": 118.7872314453125,
            "z": 8.42748737335205
          }
        },
        {
          "type": "LEFT_EYE_BOTTOM_BOUNDARY",
          "position": {
            "x": 97.56082916259766,
            "y": 120.81559753417969,
            "z": -0.13244810700416565
          }
        },
        {
          "type": "LEFT_EYE_LEFT_CORNER",
          "position": {
            "x": 91.91268920898438,
            "y": 117.72903442382812,
            "z": -8.926393508911133
          }
        },
        {
          "type": "LEFT_EYE_PUPIL",
          "position": {
            "x": 97.8682632446289,
            "y": 118.39863586425781,
            "z": -0.8174591660499573
          }
        },
        {
          "type": "RIGHT_EYE_TOP_BOUNDARY",
          "position": {
            "x": 100.6207504272461,
            "y": 116.20870971679688,
            "z": 42.2274169921875
          }
        },
        {
          "type": "RIGHT_EYE_RIGHT_CORNER",
          "position": {
            "x": 93.52039337158203,
            "y": 118.31504821777344,
            "z": 50.80083084106445
          }
        },
        {
          "type": "RIGHT_EYE_BOTTOM_BOUNDARY",
          "position": {
            "x": 97.87383270263672,
            "y": 121.21833801269531,
            "z": 42.21185302734375
          }
        },
        {
          "type": "RIGHT_EYE_LEFT_CORNER",
          "position": {
            "x": 95.19005584716797,
            "y": 118.41329956054688,
            "z": 33.96882247924805
          }
        },
        {
          "type": "RIGHT_EYE_PUPIL",
          "position": {
            "x": 98.29222106933594,
            "y": 118.83787536621094,
            "z": 42.714725494384766
          }
        },
        {
          "type": "LEFT_EYEBROW_UPPER_MIDPOINT",
          "position": {
            "x": 104.00878143310547,
            "y": 104.00086212158203,
            "z": -1.9441391229629517
          }
        },
        {
          "type": "RIGHT_EYEBROW_UPPER_MIDPOINT",
          "position": {
            "x": 104.41847229003906,
            "y": 104.4722671508789,
            "z": 44.1569938659668
          }
        },
        {
          "type": "LEFT_EAR_TRAGION",
          "position": {
            "x": 36.11180877685547,
            "y": 130.28953552246094,
            "z": -29.969091415405273
          }
        },
        {
          "type": "RIGHT_EAR_TRAGION",
          "position": {
            "x": 41.95841979980469,
            "y": 131.48570251464844,
            "z": 70.14692687988281
          }
        },
        {
          "type": "FOREHEAD_GLABELLA",
          "position": {
            "x": 108.49866485595703,
            "y": 109.46070861816406,
            "z": 20.9782772064209
          }
        },
        {
          "type": "CHIN_GNATHION",
          "position": {
            "x": 91.14521789550781,
            "y": 190.26438903808594,
            "z": 20.40625
          }
        },
        {
          "type": "CHIN_LEFT_GONION",
          "position": {
            "x": 54.1323356628418,
            "y": 160.1815185546875,
            "z": -22.895278930664062
          }
        },
        {
          "type": "CHIN_RIGHT_GONION",
          "position": {
            "x": 54.973304748535156,
            "y": 160.50741577148438,
            "z": 64.91480255126953
          }
        }
      ],
      "rollAngle": 8.329319953918457,
      "panAngle": 89.3221206665039,
      "tiltAngle": 0.4671940505504608,
      "detectionConfidence": 0.9618961811065674,
      "landmarkingConfidence": 0.513882577419281,
      "joyLikelihood": "VERY_LIKELY",
      "sorrowLikelihood": "VERY_UNLIKELY",
      "angerLikelihood": "VERY_UNLIKELY",
      "surpriseLikelihood": "VERY_UNLIKELY",
      "underExposedLikelihood": "VERY_UNLIKELY",
      "blurredLikelihood": "VERY_UNLIKELY",
      "headwearLikelihood": "VERY_UNLIKELY"
    },
    {
      "boundingPoly": {
        "vertices": [
          {
            "x": 294,
            "y": 10
          },
          {
            "x": 442,
            "y": 10
          },
          {
            "x": 442,
            "y": 182
          },
          {
            "x": 294,
            "y": 182
          }
        ]
      },
      "fdBoundingPoly": {
        "vertices": [
          {
            "x": 291,
            "y": 62
          },
          {
            "x": 397,
            "y": 62
          },
          {
            "x": 397,
            "y": 168
          },
          {
            "x": 291,
            "y": 168
          }
        ]
      },
      "landmarks": [
        {
          "type": "LEFT_EYE",
          "position": {
            "x": 322.5408020019531,
            "y": 96.81489562988281,
            "z": -0.00023402622900903225
          }
        },
        {
          "type": "RIGHT_EYE",
          "position": {
            "x": 321.764892578125,
            "y": 97.88002014160156,
            "z": -43.75123596191406
          }
        },
        {
          "type": "LEFT_OF_LEFT_EYEBROW",
          "position": {
            "x": 324.8428039550781,
            "y": 84.4474105834961,
            "z": 14.44149112701416
          }
        },
        {
          "type": "RIGHT_OF_LEFT_EYEBROW",
          "position": {
            "x": 312.0701904296875,
            "y": 88.45601654052734,
            "z": -11.537879943847656
          }
        },
        {
          "type": "LEFT_OF_RIGHT_EYEBROW",
          "position": {
            "x": 311.8468933105469,
            "y": 89.45619201660156,
            "z": -32.98600387573242
          }
        },
        {
          "type": "RIGHT_OF_RIGHT_EYEBROW",
          "position": {
            "x": 324.3045349121094,
            "y": 88.7199478149414,
            "z": -59.51096725463867
          }
        },
        {
          "type": "MIDPOINT_BETWEEN_EYES",
          "position": {
            "x": 312.29266357421875,
            "y": 98.52833557128906,
            "z": -21.76239585876465
          }
        },
        {
          "type": "NOSE_TIP",
          "position": {
            "x": 304.2461853027344,
            "y": 125.28449249267578,
            "z": -20.164596557617188
          }
        },
        {
          "type": "UPPER_LIP",
          "position": {
            "x": 318.9264831542969,
            "y": 137.4761962890625,
            "z": -19.553695678710938
          }
        },
        {
          "type": "LOWER_LIP",
          "position": {
            "x": 325.8387451171875,
            "y": 153.83624267578125,
            "z": -18.72484016418457
          }
        },
        {
          "type": "MOUTH_LEFT",
          "position": {
            "x": 332.84002685546875,
            "y": 141.48550415039062,
            "z": -1.8669315576553345
          }
        },
        {
          "type": "MOUTH_RIGHT",
          "position": {
            "x": 336.03985595703125,
            "y": 140.29444885253906,
            "z": -38.508689880371094
          }
        },
        {
          "type": "MOUTH_CENTER",
          "position": {
            "x": 324.0362243652344,
            "y": 144.9085693359375,
            "z": -19.189922332763672
          }
        },
        {
          "type": "NOSE_BOTTOM_RIGHT",
          "position": {
            "x": 321.8650207519531,
            "y": 125.3504409790039,
            "z": -32.09752655029297
          }
        },
        {
          "type": "NOSE_BOTTOM_LEFT",
          "position": {
            "x": 323.3518371582031,
            "y": 124.28480529785156,
            "z": -8.156451225280762
          }
        },
        {
          "type": "NOSE_BOTTOM_CENTER",
          "position": {
            "x": 316.434814453125,
            "y": 129.77578735351562,
            "z": -19.99813461303711
          }
        },
        {
          "type": "LEFT_EYE_TOP_BOUNDARY",
          "position": {
            "x": 319.2063903808594,
            "y": 93.95097351074219,
            "z": 0.061952102929353714
          }
        },
        {
          "type": "LEFT_EYE_RIGHT_CORNER",
          "position": {
            "x": 323.24810791015625,
            "y": 97.17444610595703,
            "z": -8.550872802734375
          }
        },
        {
          "type": "LEFT_EYE_BOTTOM_BOUNDARY",
          "position": {
            "x": 323.5363464355469,
            "y": 99.9922866821289,
            "z": 0.3764241635799408
          }
        },
        {
          "type": "LEFT_EYE_LEFT_CORNER",
          "position": {
            "x": 326.8613586425781,
            "y": 95.04156494140625,
            "z": 8.937087059020996
          }
        },
        {
          "type": "LEFT_EYE_PUPIL",
          "position": {
            "x": 321.8177490234375,
            "y": 96.45223999023438,
            "z": 0.8738991022109985
          }
        },
        {
          "type": "RIGHT_EYE_TOP_BOUNDARY",
          "position": {
            "x": 318.7940979003906,
            "y": 96.44906616210938,
            "z": -44.028968811035156
          }
        },
        {
          "type": "RIGHT_EYE_RIGHT_CORNER",
          "position": {
            "x": 326.31195068359375,
            "y": 98.58332061767578,
            "z": -52.81639862060547
          }
        },
        {
          "type": "RIGHT_EYE_BOTTOM_BOUNDARY",
          "position": {
            "x": 322.5875244140625,
            "y": 101.72738647460938,
            "z": -43.725982666015625
          }
        },
        {
          "type": "RIGHT_EYE_LEFT_CORNER",
          "position": {
            "x": 321.1949462890625,
            "y": 98.65027618408203,
            "z": -34.997474670410156
          }
        },
        {
          "type": "RIGHT_EYE_PUPIL",
          "position": {
            "x": 321.3173828125,
            "y": 99.0233154296875,
            "z": -44.322715759277344
          }
        },
        {
          "type": "LEFT_EYEBROW_UPPER_MIDPOINT",
          "position": {
            "x": 314.4444274902344,
            "y": 81.84335327148438,
            "z": 1.338356614112854
          }
        },
        {
          "type": "RIGHT_EYEBROW_UPPER_MIDPOINT",
          "position": {
            "x": 313.9861755371094,
            "y": 84.57005310058594,
            "z": -46.56655502319336
          }
        },
        {
          "type": "LEFT_EAR_TRAGION",
          "position": {
            "x": 381.92803955078125,
            "y": 103.48210906982422,
            "z": 28.859508514404297
          }
        },
        {
          "type": "RIGHT_EAR_TRAGION",
          "position": {
            "x": 385.4795837402344,
            "y": 110.67341613769531,
            "z": -74.99137878417969
          }
        },
        {
          "type": "FOREHEAD_GLABELLA",
          "position": {
            "x": 310.1479187011719,
            "y": 88.92061614990234,
            "z": -22.282012939453125
          }
        },
        {
          "type": "CHIN_GNATHION",
          "position": {
            "x": 334.226318359375,
            "y": 173.95108032226562,
            "z": -17.725364685058594
          }
        },
        {
          "type": "CHIN_LEFT_GONION",
          "position": {
            "x": 372.59112548828125,
            "y": 134.89065551757812,
            "z": 26.80390167236328
          }
        },
        {
          "type": "CHIN_RIGHT_GONION",
          "position": {
            "x": 372.6578674316406,
            "y": 141.7808074951172,
            "z": -67.1495132446289
          }
        }
      ],
      "rollAngle": -12.32657241821289,
      "panAngle": -91.16404724121094,
      "tiltAngle": -3.075572967529297,
      "detectionConfidence": 0.8623467683792114,
      "landmarkingConfidence": 0.5537555813789368,
      "joyLikelihood": "VERY_LIKELY",
      "sorrowLikelihood": "VERY_UNLIKELY",
      "angerLikelihood": "VERY_UNLIKELY",
      "surpriseLikelihood": "VERY_UNLIKELY",
      "underExposedLikelihood": "VERY_UNLIKELY",
      "blurredLikelihood": "VERY_UNLIKELY",
      "headwearLikelihood": "VERY_UNLIKELY"
    }
  ]
}
