{
  "faceAnnotations": [
    {
      "boundingPoly": {
        "vertices": [
          {
            "x": 325,
            "y": 29
          },
          {
            "x": 389,
            "y": 29
          },
          {
            "x": 389,
            "y": 104
          },
          {
            "x": 325,
            "y": 104
          }
        ]
      },
      "fdBoundingPoly": {
        "vertices": [
          {
            "x": 320,
            "y": 46
          },
          {
            "x": 370,
            "y": 46
          },
          {
            "x": 370,
            "y": 96
          },
          {
            "x": 320,
            "y": 96
          }
        ]
      },
      "landmarks": [
        {
          "type": "LEFT_EYE",
          "position": {
            "x": 337.6107482910156,
            "y": 70.33002471923828,
            "z": -0.0002519210975151509
          }
        },
        {
          "type": "RIGHT_EYE",
          "position": {
            "x": 339.7141418457031,
            "y": 64.19967651367188,
            "z": -18.236661911010742
          }
        },
        {
          "type": "LEFT_OF_LEFT_EYEBROW",
          "position": {
            "x": 337.6296691894531,
            "y": 67.77040100097656,
            "z": 7.8467488288879395
          }
        },
        {
          "type": "RIGHT_OF_LEFT_EYEBROW",
          "position": {
            "x": 333.4715576171875,
            "y": 64.86982727050781,
            "z": -3.9328131675720215
          }
        },
        {
          "type": "LEFT_OF_RIGHT_EYEBROW",
          "position": {
            "x": 334.3885803222656,
            "y": 61.63029479980469,
            "z": -12.805888175964355
          }
        },
        {
          "type": "RIGHT_OF_RIGHT_EYEBROW",
          "position": {
            "x": 341.32318115234375,
            "y": 57.26317596435547,
            "z": -22.74337387084961
          }
        },
        {
          "type": "MIDPOINT_BETWEEN_EYES",
          "position": {
            "x": 334.6125793457031,
            "y": 67.25875854492188,
            "z": -9.657349586486816
          }
        },
        {
          "type": "NOSE_TIP",
          "position": {
            "x": 331.62579345703125,
            "y": 78.37071228027344,
            "z": -13.904594421386719
          }
        },
        {
          "type": "UPPER_LIP",
          "position": {
            "x": 337.30804443359375,
            "y": 84.57891845703125,
            "z": -15.286157608032227
          }
        },
        {
          "type": "LOWER_LIP",
          "position": {
            "x": 339.99322509765625,
            "y": 90.5290298461914,
            "z": -17.010351181030273
          }
        },
        {
          "type": "MOUTH_LEFT",
          "position": {
            "x": 342.0334167480469,
            "y": 88.78169250488281,
            "z": -8.042673110961914
          }
        },
        {
          "type": "MOUTH_RIGHT",
          "position": {
            "x": 342.8239440917969,
            "y": 85.09382629394531,
            "z": -22.115570068359375
          }
        },
        {
          "type": "MOUTH_CENTER",
          "position": {
            "x": 339.1002197265625,
            "y": 87.0346908569336,
            "z": -15.920623779296875
          }
        },
        {
          "type": "NOSE_BOTTOM_RIGHT",
          "position": {
            "x": 339.86480712890625,
            "y": 77.2662582397461,
            "z": -18.23527717590332
          }
        },
        {
          "type": "NOSE_BOTTOM_LEFT",
          "position": {
            "x": 338.3423156738281,
            "y": 80.50617980957031,
            "z": -8.088641166687012
          }
        },
        {
          "type": "NOSE_BOTTOM_CENTER",
          "position": {
            "x": 336.42059326171875,
            "y": 80.518798828125,
            "z": -14.052371978759766
          }
        },
        {
          "type": "LEFT_EYE_TOP_BOUNDARY",
          "position": {
            "x": 336.0299377441406,
            "y": 69.22853088378906,
            "z": 0.21622230112552643
          }
        },
        {
          "type": "LEFT_EYE_RIGHT_CORNER",
          "position": {
            "x": 338.14031982421875,
            "y": 69.13949584960938,
            "z": -3.669384002685547
          }
        },
        {
          "type": "LEFT_EYE_BOTTOM_BOUNDARY",
          "position": {
            "x": 337.7070007324219,
            "y": 71.5212631225586,
            "z": -0.38685521483421326
          }
        },
        {
          "type": "LEFT_EYE_LEFT_CORNER",
          "position": {
            "x": 338.9062194824219,
            "y": 71.29922485351562,
            "z": 3.964073657989502
          }
        },
        {
          "type": "LEFT_EYE_PUPIL",
          "position": {
            "x": 337.0909729003906,
            "y": 70.43451690673828,
            "z": 0.2598302364349365
          }
        },
        {
          "type": "RIGHT_EYE_TOP_BOUNDARY",
          "position": {
            "x": 338.2308044433594,
            "y": 62.937416076660156,
            "z": -18.107257843017578
          }
        },
        {
          "type": "RIGHT_EYE_RIGHT_CORNER",
          "position": {
            "x": 342.4625549316406,
            "y": 62.616188049316406,
            "z": -21.805442810058594
          }
        },
        {
          "type": "RIGHT_EYE_BOTTOM_BOUNDARY",
          "position": {
            "x": 339.8991394042969,
            "y": 65.18791198730469,
            "z": -18.687984466552734
          }
        },
        {
          "type": "RIGHT_EYE_LEFT_CORNER",
          "position": {
            "x": 339.4493713378906,
            "y": 65.37208557128906,
            "z": -14.639069557189941
          }
        },
        {
          "type": "RIGHT_EYE_PUPIL",
          "position": {
            "x": 339.3334045410156,
            "y": 63.99388122558594,
            "z": -18.55507469177246
          }
        },
        {
          "type": "LEFT_EYEBROW_UPPER_MIDPOINT",
          "position": {
            "x": 333.81011962890625,
            "y": 64.32041931152344,
            "z": 2.51521897315979
          }
        },
        {
          "type": "RIGHT_EYEBROW_UPPER_MIDPOINT",
          "position": {
            "x": 336.1972961425781,
            "y": 57.49541473388672,
            "z": -17.360748291015625
          }
        },
        {
          "type": "LEFT_EAR_TRAGION",
          "position": {
            "x": 361.490234375,
            "y": 79.34465026855469,
            "z": 12.968876838684082
          }
        },
        {
          "type": "RIGHT_EAR_TRAGION",
          "position": {
            "x": 365.7975158691406,
            "y": 64.32401275634766,
            "z": -28.167139053344727
          }
        },
        {
          "type": "FOREHEAD_GLABELLA",
          "position": {
            "x": 333.2585144042969,
            "y": 63.23050308227539,
            "z": -8.427024841308594
          }
        },
        {
          "type": "CHIN_GNATHION",
          "position": {
            "x": 344.465576171875,
            "y": 98.15327453613281,
            "z": -19.102529525756836
          }
        },
        {
          "type": "CHIN_LEFT_GONION",
          "position": {
            "x": 356.5895080566406,
            "y": 91.62590789794922,
            "z": 5.905645370483398
          }
        },
        {
          "type": "CHIN_RIGHT_GONION",
          "position": {
            "x": 361.1056823730469,
            "y": 78.67655181884766,
            "z": -31.677879333496094
          }
        }
      ],
      "rollAngle": -12.39590835571289,
      "panAngle": -79.66041564941406,
      "tiltAngle": 17.221513748168945,
      "detectionConfidence": 0.5137026309967041,
      "landmarkingConfidence": 0.2744481861591339,
      "joyLikelihood": "VERY_UNLIKELY",
      "sorrowLikelihood": "VERY_UNLIKELY",
      "angerLikelihood": "VERY_UNLIKELY",
      "surpriseLikelihood": "VERY_UNLIKELY",
      "underExposedLikelihood": "VERY_UNLIKELY",
      "blurredLikelihood": "VERY_UNLIKELY",
      "headwearLikelihood": "VERY_UNLIKELY"
    },
    {
      "boundingPoly": {
        "vertices": [
          {
            "x": 82,
            "y": 121
          },
          {
            "x": 148,
            "y": 121
          },
          {
            "x": 148,
            "y": 197
          },
          {
            "x": 82,
            "y": 197
          }
        ]
      },
      "fdBoundingPoly": {
        "vertices": [
          {
            "x": 97,
            "y": 134
          },
          {
            "x": 149,
            "y": 134
          },
          {
            "x": 149,
            "y": 186
          },
          {
            "x": 97,
            "y": 186
          }
        ]
      },
      "landmarks": [
        {
          "type": "LEFT_EYE",
          "position": {
            "x": 129.53697204589844,
            "y": 149.893310546875,
            "z": 0.0002005731948884204
          }
        },
        {
          "type": "RIGHT_EYE",
          "position": {
            "x": 133.55055236816406,
            "y": 153.7959442138672,
            "z": 19.2575740814209
          }
        },
        {
          "type": "LEFT_OF_LEFT_EYEBROW",
          "position": {
            "x": 125.5865707397461,
            "y": 145.0543212890625,
            "z": -5.208795547485352
          }
        },
        {
          "type": "RIGHT_OF_LEFT_EYEBROW",
          "position": {
            "x": 133.4706268310547,
            "y": 145.74365234375,
            "z": 5.338316440582275
          }
        },
        {
          "type": "LEFT_OF_RIGHT_EYEBROW",
          "position": {
            "x": 135.40281677246094,
            "y": 147.3986358642578,
            "z": 14.70892333984375
          }
        },
        {
          "type": "RIGHT_OF_RIGHT_EYEBROW",
          "position": {
            "x": 132.23284912109375,
            "y": 150.76296997070312,
            "z": 27.025300979614258
          }
        },
        {
          "type": "MIDPOINT_BETWEEN_EYES",
          "position": {
            "x": 135.48150634765625,
            "y": 150.59405517578125,
            "z": 9.091723442077637
          }
        },
        {
          "type": "NOSE_TIP",
          "position": {
            "x": 142.736572265625,
            "y": 160.35025024414062,
            "z": 5.80037260055542
          }
        },
        {
          "type": "UPPER_LIP",
          "position": {
            "x": 140.05885314941406,
            "y": 168.4950408935547,
            "z": 4.969518184661865
          }
        },
        {
          "type": "LOWER_LIP",
          "position": {
            "x": 139.94085693359375,
            "y": 175.07664489746094,
            "z": 3.8064122200012207
          }
        },
        {
          "type": "MOUTH_LEFT",
          "position": {
            "x": 134.54776000976562,
            "y": 171.47500610351562,
            "z": -2.1750338077545166
          }
        },
        {
          "type": "MOUTH_RIGHT",
          "position": {
            "x": 137.05572509765625,
            "y": 173.5338592529297,
            "z": 12.79642105102539
          }
        },
        {
          "type": "MOUTH_CENTER",
          "position": {
            "x": 139.1660614013672,
            "y": 171.5269012451172,
            "z": 4.5749688148498535
          }
        },
        {
          "type": "NOSE_BOTTOM_RIGHT",
          "position": {
            "x": 137.2211456298828,
            "y": 164.39950561523438,
            "z": 11.945575714111328
          }
        },
        {
          "type": "NOSE_BOTTOM_LEFT",
          "position": {
            "x": 135.45919799804688,
            "y": 163.08006286621094,
            "z": 1.4486173391342163
          }
        },
        {
          "type": "NOSE_BOTTOM_CENTER",
          "position": {
            "x": 139.47140502929688,
            "y": 164.47775268554688,
            "z": 5.823765754699707
          }
        },
        {
          "type": "LEFT_EYE_TOP_BOUNDARY",
          "position": {
            "x": 130.6243896484375,
            "y": 148.6943817138672,
            "z": 0.06448622792959213
          }
        },
        {
          "type": "LEFT_EYE_RIGHT_CORNER",
          "position": {
            "x": 130.3182373046875,
            "y": 151.15756225585938,
            "z": 3.8353891372680664
          }
        },
        {
          "type": "LEFT_EYE_BOTTOM_BOUNDARY",
          "position": {
            "x": 129.9880828857422,
            "y": 151.5408935546875,
            "z": -0.3076818883419037
          }
        },
        {
          "type": "LEFT_EYE_LEFT_CORNER",
          "position": {
            "x": 126.90735626220703,
            "y": 150.10435485839844,
            "z": -3.607248306274414
          }
        },
        {
          "type": "LEFT_EYE_PUPIL",
          "position": {
            "x": 129.98748779296875,
            "y": 150.16415405273438,
            "z": -0.3892025947570801
          }
        },
        {
          "type": "RIGHT_EYE_TOP_BOUNDARY",
          "position": {
            "x": 134.58802795410156,
            "y": 152.13876342773438,
            "z": 19.362104415893555
          }
        },
        {
          "type": "RIGHT_EYE_RIGHT_CORNER",
          "position": {
            "x": 132.57925415039062,
            "y": 154.90292358398438,
            "z": 23.391372680664062
          }
        },
        {
          "type": "RIGHT_EYE_BOTTOM_BOUNDARY",
          "position": {
            "x": 133.95291137695312,
            "y": 155.01405334472656,
            "z": 18.966123580932617
          }
        },
        {
          "type": "RIGHT_EYE_LEFT_CORNER",
          "position": {
            "x": 132.70730590820312,
            "y": 153.23976135253906,
            "z": 15.393953323364258
          }
        },
        {
          "type": "RIGHT_EYE_PUPIL",
          "position": {
            "x": 134.07489013671875,
            "y": 153.69151306152344,
            "z": 19.411439895629883
          }
        },
        {
          "type": "LEFT_EYEBROW_UPPER_MIDPOINT",
          "position": {
            "x": 130.35183715820312,
            "y": 142.7450714111328,
            "z": 0.30933046340942383
          }
        },
        {
          "type": "RIGHT_EYEBROW_UPPER_MIDPOINT",
          "position": {
            "x": 134.64649963378906,
            "y": 146.4725341796875,
            "z": 21.242568969726562
          }
        },
        {
          "type": "LEFT_EAR_TRAGION",
          "position": {
            "x": 105.02076721191406,
            "y": 162.72882080078125,
            "z": -10.387937545776367
          }
        },
        {
          "type": "RIGHT_EAR_TRAGION",
          "position": {
            "x": 114.1145248413086,
            "y": 170.78053283691406,
            "z": 33.431705474853516
          }
        },
        {
          "type": "FOREHEAD_GLABELLA",
          "position": {
            "x": 135.1118927001953,
            "y": 146.17901611328125,
            "z": 9.960209846496582
          }
        },
        {
          "type": "CHIN_GNATHION",
          "position": {
            "x": 138.8353729248047,
            "y": 184.0304718017578,
            "z": 2.417191743850708
          }
        },
        {
          "type": "CHIN_LEFT_GONION",
          "position": {
            "x": 115.74969482421875,
            "y": 173.9150390625,
            "z": -12.280760765075684
          }
        },
        {
          "type": "CHIN_RIGHT_GONION",
          "position": {
            "x": 123.87430572509766,
            "y": 180.95260620117188,
            "z": 27.357816696166992
          }
        }
      ],
      "rollAngle": -10.89348030090332,
      "panAngle": 80.6838150024414,
      "tiltAngle": 12.060295104980469,
      "detectionConfidence": 0.6350420713424683,
      "landmarkingConfidence": 0.28215959668159485,
      "joyLikelihood": "VERY_UNLIKELY",
      "sorrowLikelihood": "VERY_UNLIKELY",
      "angerLikelihood": "VERY_UNLIKELY",
      "surpriseLikelihood": "VERY_UNLIKELY",
      "underExposedLikelihood": "VERY_UNLIKELY",
      "blurredLikelihood": "VERY_UNLIKELY",
      "headwearLikelihood": "VERY_UNLIKELY"
    }
  ]
}
