{
  "faceAnnotations": [
    {
      "boundingPoly": {
        "vertices": [
          {
            "x": 22,
            "y": 12
          },
          {
            "x": 145,
            "y": 12
          },
          {
            "x": 145,
            "y": 155
          },
          {
            "x": 22,
            "y": 155
          }
        ]
      },
      "fdBoundingPoly": {
        "vertices": [
          {
            "x": 43,
            "y": 40
          },
          {
            "x": 144,
            "y": 40
          },
          {
            "x": 144,
            "y": 140
          },
          {
            "x": 43,
            "y": 140
          }
        ]
      },
      "landmarks": [
        {
          "type": "LEFT_EYE",
          "position": {
            "x": 111.638916015625,
            "y": 77.85872650146484,
            "z": -9.71892131929053e-06
          }
        },
        {
          "type": "RIGHT_EYE",
          "position": {
            "x": 124.82455444335938,
            "y": 83.53724670410156,
            "z": 33.1658935546875
          }
        },
        {
          "type": "LEFT_OF_LEFT_EYEBROW",
          "position": {
            "x": 104.13286590576172,
            "y": 69.32725524902344,
            "z": -9.897987365722656
          }
        },
        {
          "type": "RIGHT_OF_LEFT_EYEBROW",
          "position": {
            "x": 122.18026733398438,
            "y": 74.15557098388672,
            "z": 6.110271453857422
          }
        },
        {
          "type": "LEFT_OF_RIGHT_EYEBROW",
          "position": {
            "x": 129.15032958984375,
            "y": 74.79426574707031,
            "z": 22.40066146850586
          }
        },
        {
          "type": "RIGHT_OF_RIGHT_EYEBROW",
          "position": {
            "x": 127.66161346435547,
            "y": 76.35771179199219,
            "z": 46.497840881347656
          }
        },
        {
          "type": "MIDPOINT_BETWEEN_EYES",
          "position": {
            "x": 124.90516662597656,
            "y": 81.61726379394531,
            "z": 13.48387622833252
          }
        },
        {
          "type": "NOSE_TIP",
          "position": {
            "x": 132.79005432128906,
            "y": 102.66542053222656,
            "z": 7.793321132659912
          }
        },
        {
          "type": "UPPER_LIP",
          "position": {
            "x": 122.23975372314453,
            "y": 116.079833984375,
            "z": 10.263453483581543
          }
        },
        {
          "type": "LOWER_LIP",
          "position": {
            "x": 116.88938903808594,
            "y": 127.53424072265625,
            "z": 10.530227661132812
          }
        },
        {
          "type": "MOUTH_LEFT",
          "position": {
            "x": 106.28761291503906,
            "y": 118.20892333984375,
            "z": 0.5596349239349365
          }
        },
        {
          "type": "MOUTH_RIGHT",
          "position": {
            "x": 118.09295654296875,
            "y": 121.38815307617188,
            "z": 27.00495147705078
          }
        },
        {
          "type": "MOUTH_CENTER",
          "position": {
            "x": 118.20095825195312,
            "y": 121.20869445800781,
            "z": 10.991565704345703
          }
        },
        {
          "type": "NOSE_BOTTOM_RIGHT",
          "position": {
            "x": 122.28715515136719,
            "y": 105.56875610351562,
            "z": 22.421438217163086
          }
        },
        {
          "type": "NOSE_BOTTOM_LEFT",
          "position": {
            "x": 116.48992156982422,
            "y": 103.93682861328125,
            "z": 4.596665859222412
          }
        },
        {
          "type": "NOSE_BOTTOM_CENTER",
          "position": {
            "x": 124.20596313476562,
            "y": 107.68862915039062,
            "z": 10.735360145568848
          }
        },
        {
          "type": "LEFT_EYE_TOP_BOUNDARY",
          "position": {
            "x": 113.58792114257812,
            "y": 77.010009765625,
            "z": -1.2073378562927246
          }
        },
        {
          "type": "LEFT_EYE_RIGHT_CORNER",
          "position": {
            "x": 113.66678619384766,
            "y": 80.43775939941406,
            "z": 6.411606311798096
          }
        },
        {
          "type": "LEFT_EYE_BOTTOM_BOUNDARY",
          "position": {
            "x": 110.72689819335938,
            "y": 81.23367309570312,
            "z": -0.7050105333328247
          }
        },
        {
          "type": "LEFT_EYE_LEFT_CORNER",
          "position": {
            "x": 104.2020492553711,
            "y": 77.29209899902344,
            "z": -6.028938293457031
          }
        },
        {
          "type": "LEFT_EYE_PUPIL",
          "position": {
            "x": 111.52486419677734,
            "y": 79.27091979980469,
            "z": -1.2773821353912354
          }
        },
        {
          "type": "RIGHT_EYE_TOP_BOUNDARY",
          "position": {
            "x": 127.47853088378906,
            "y": 81.48178100585938,
            "z": 32.48823547363281
          }
        },
        {
          "type": "RIGHT_EYE_RIGHT_CORNER",
          "position": {
            "x": 124.49987030029297,
            "y": 84.30509185791016,
            "z": 41.29910659790039
          }
        },
        {
          "type": "RIGHT_EYE_BOTTOM_BOUNDARY",
          "position": {
            "x": 124.73648071289062,
            "y": 86.1261978149414,
            "z": 32.982051849365234
          }
        },
        {
          "type": "RIGHT_EYE_LEFT_CORNER",
          "position": {
            "x": 121.89057159423828,
            "y": 83.04637145996094,
            "z": 26.58544921875
          }
        },
        {
          "type": "RIGHT_EYE_PUPIL",
          "position": {
            "x": 125.80856323242188,
            "y": 83.88333129882812,
            "z": 33.27660369873047
          }
        },
        {
          "type": "LEFT_EYEBROW_UPPER_MIDPOINT",
          "position": {
            "x": 116.26504516601562,
            "y": 66.70669555664062,
            "z": -2.6488726139068604
          }
        },
        {
          "type": "RIGHT_EYEBROW_UPPER_MIDPOINT",
          "position": {
            "x": 131.3460693359375,
            "y": 71.4981460571289,
            "z": 33.93370819091797
          }
        },
        {
          "type": "LEFT_EAR_TRAGION",
          "position": {
            "x": 54.97704315185547,
            "y": 89.70453643798828,
            "z": -6.045907497406006
          }
        },
        {
          "type": "RIGHT_EAR_TRAGION",
          "position": {
            "x": 89.38512420654297,
            "y": 99.17264556884766,
            "z": 71.5143814086914
          }
        },
        {
          "type": "FOREHEAD_GLABELLA",
          "position": {
            "x": 127.09849548339844,
            "y": 73.47019958496094,
            "z": 13.7031831741333
          }
        },
        {
          "type": "CHIN_GNATHION",
          "position": {
            "x": 109.24331665039062,
            "y": 143.68202209472656,
            "z": 11.591096878051758
          }
        },
        {
          "type": "CHIN_LEFT_GONION",
          "position": {
            "x": 69.27192687988281,
            "y": 114.55062866210938,
            "z": -9.105015754699707
          }
        },
        {
          "type": "CHIN_RIGHT_GONION",
          "position": {
            "x": 97.8921127319336,
            "y": 123.4766616821289,
            "z": 60.37691879272461
          }
        }
      ],
      "rollAngle": 8.654033660888672,
      "panAngle": 66.89611053466797,
      "tiltAngle": 3.8978769779205322,
      "detectionConfidence": 0.9904401302337646,
      "landmarkingConfidence": 0.5767548680305481,
      "joyLikelihood": "VERY_UNLIKELY",
      "sorrowLikelihood": "VERY_UNLIKELY",
      "angerLikelihood": "VERY_UNLIKELY",
      "surpriseLikelihood": "VERY_UNLIKELY",
      "underExposedLikelihood": "VERY_UNLIKELY",
      "blurredLikelihood": "VERY_UNLIKELY",
      "headwearLikelihood": "VERY_UNLIKELY"
    },
    {
      "boundingPoly": {
        "vertices": [
          {
            "x": 475,
            "y": 6
          },
          {
            "x": 603,
            "y": 6
          },
          {
            "x": 603,
            "y": 155
          },
          {
            "x": 475,
            "y": 155
          }
        ]
      },
      "fdBoundingPoly": {
        "vertices": [
          {
            "x": 477,
            "y": 40
          },
          {
            "x": 574,
            "y": 40
          },
          {
            "x": 574,
            "y": 138
          },
          {
            "x": 477,
            "y": 138
          }
        ]
      },
      "landmarks": [
        {
          "type": "LEFT_EYE",
          "position": {
            "x": 498.61895751953125,
            "y": 78.63021850585938,
            "z": -6.2803846958559e-05
          }
        },
        {
          "type": "RIGHT_EYE",
          "position": {
            "x": 509.20416259765625,
            "y": 72.97760772705078,
            "z": -36.452735900878906
          }
        },
        {
          "type": "LEFT_OF_LEFT_EYEBROW",
          "position": {
            "x": 497.0452575683594,
            "y": 70.48637390136719,
            "z": 14.29488754272461
          }
        },
        {
          "type": "RIGHT_OF_LEFT_EYEBROW",
          "position": {
            "x": 493.297119140625,
            "y": 68.78082275390625,
            "z": -11.177651405334473
          }
        },
        {
          "type": "LEFT_OF_RIGHT_EYEBROW",
          "position": {
            "x": 499.00042724609375,
            "y": 66.89097595214844,
            "z": -29.225061416625977
          }
        },
        {
          "type": "RIGHT_OF_RIGHT_EYEBROW",
          "position": {
            "x": 516.8151245117188,
            "y": 64.4524917602539,
            "z": -47.94761276245117
          }
        },
        {
          "type": "MIDPOINT_BETWEEN_EYES",
          "position": {
            "x": 496.6328125,
            "y": 76.00553894042969,
            "z": -21.006013870239258
          }
        },
        {
          "type": "NOSE_TIP",
          "position": {
            "x": 489.7532043457031,
            "y": 99.62565612792969,
            "z": -26.156381607055664
          }
        },
        {
          "type": "UPPER_LIP",
          "position": {
            "x": 498.75750732421875,
            "y": 113.7113265991211,
            "z": -24.543006896972656
          }
        },
        {
          "type": "LOWER_LIP",
          "position": {
            "x": 501.9146423339844,
            "y": 123.81489562988281,
            "z": -24.608152389526367
          }
        },
        {
          "type": "MOUTH_LEFT",
          "position": {
            "x": 504.09613037109375,
            "y": 118.99057006835938,
            "z": -7.147792816162109
          }
        },
        {
          "type": "MOUTH_RIGHT",
          "position": {
            "x": 511.3144226074219,
            "y": 117.26763916015625,
            "z": -35.69585037231445
          }
        },
        {
          "type": "MOUTH_CENTER",
          "position": {
            "x": 501.80645751953125,
            "y": 118.36708068847656,
            "z": -24.10146141052246
          }
        },
        {
          "type": "NOSE_BOTTOM_RIGHT",
          "position": {
            "x": 507.260498046875,
            "y": 100.80500793457031,
            "z": -32.512603759765625
          }
        },
        {
          "type": "NOSE_BOTTOM_LEFT",
          "position": {
            "x": 499.4869689941406,
            "y": 102.23963928222656,
            "z": -11.660804748535156
          }
        },
        {
          "type": "NOSE_BOTTOM_CENTER",
          "position": {
            "x": 498.3654479980469,
            "y": 105.50037384033203,
            "z": -23.95568084716797
          }
        },
        {
          "type": "LEFT_EYE_TOP_BOUNDARY",
          "position": {
            "x": 495.7601013183594,
            "y": 76.07315063476562,
            "z": -0.5742578506469727
          }
        },
        {
          "type": "LEFT_EYE_RIGHT_CORNER",
          "position": {
            "x": 501.0887145996094,
            "y": 78.03302001953125,
            "z": -7.4112019538879395
          }
        },
        {
          "type": "LEFT_EYE_BOTTOM_BOUNDARY",
          "position": {
            "x": 498.5458984375,
            "y": 81.17779541015625,
            "z": -0.3011200726032257
          }
        },
        {
          "type": "LEFT_EYE_LEFT_CORNER",
          "position": {
            "x": 499.6358642578125,
            "y": 79.19952392578125,
            "z": 8.487632751464844
          }
        },
        {
          "type": "LEFT_EYE_PUPIL",
          "position": {
            "x": 497.5001220703125,
            "y": 78.70457458496094,
            "z": 0.3336986005306244
          }
        },
        {
          "type": "RIGHT_EYE_TOP_BOUNDARY",
          "position": {
            "x": 507.44097900390625,
            "y": 71.94297790527344,
            "z": -37.76213455200195
          }
        },
        {
          "type": "RIGHT_EYE_RIGHT_CORNER",
          "position": {
            "x": 516.0355834960938,
            "y": 72.99781799316406,
            "z": -43.4430046081543
          }
        },
        {
          "type": "RIGHT_EYE_BOTTOM_BOUNDARY",
          "position": {
            "x": 510.0303955078125,
            "y": 76.85682678222656,
            "z": -37.417877197265625
          }
        },
        {
          "type": "RIGHT_EYE_LEFT_CORNER",
          "position": {
            "x": 507.6258850097656,
            "y": 75.39131164550781,
            "z": -29.579919815063477
          }
        },
        {
          "type": "RIGHT_EYE_PUPIL",
          "position": {
            "x": 509.45391845703125,
            "y": 74.4688949584961,
            "z": -37.857330322265625
          }
        },
        {
          "type": "LEFT_EYEBROW_UPPER_MIDPOINT",
          "position": {
            "x": 492.2181091308594,
            "y": 65.12997436523438,
            "z": 1.2617446184158325
          }
        },
        {
          "type": "RIGHT_EYEBROW_UPPER_MIDPOINT",
          "position": {
            "x": 504.8954162597656,
            "y": 60.70159149169922,
            "z": -39.072471618652344
          }
        },
        {
          "type": "LEFT_EAR_TRAGION",
          "position": {
            "x": 539.064208984375,
            "y": 96.458740234375,
            "z": 37.07696533203125
          }
        },
        {
          "type": "RIGHT_EAR_TRAGION",
          "position": {
            "x": 565.2642822265625,
            "y": 86.42708587646484,
            "z": -47.250980377197266
          }
        },
        {
          "type": "FOREHEAD_GLABELLA",
          "position": {
            "x": 494.7684631347656,
            "y": 67.4607925415039,
            "z": -20.613346099853516
          }
        },
        {
          "type": "CHIN_GNATHION",
          "position": {
            "x": 508.0456237792969,
            "y": 143.359375,
            "z": -24.538311004638672
          }
        },
        {
          "type": "CHIN_LEFT_GONION",
          "position": {
            "x": 527.9259643554688,
            "y": 122.2872085571289,
            "z": 26.223957061767578
          }
        },
        {
          "type": "CHIN_RIGHT_GONION",
          "position": {
            "x": 551.97216796875,
            "y": 113.80521392822266,
            "z": -50.173160552978516
          }
        }
      ],
      "rollAngle": -6.159193515777588,
      "panAngle": -72.05904388427734,
      "tiltAngle": 4.370776653289795,
      "detectionConfidence": 0.9943990707397461,
      "landmarkingConfidence": 0.5394547581672668,
      "joyLikelihood": "VERY_UNLIKELY",
      "sorrowLikelihood": "VERY_UNLIKELY",
      "angerLikelihood": "VERY_UNLIKELY",
      "surpriseLikelihood": "VERY_UNLIKELY",
      "underExposedLikelihood": "VERY_UNLIKELY",
      "blurredLikelihood": "VERY_UNLIKELY",
      "headwearLikelihood": "VERY_UNLIKELY"
    }
  ]
}
