{
  "faceAnnotations": [
    {
      "boundingPoly": {
        "vertices": [
          {
            "x": 428,
            "y": 1
          },
          {
            "x": 533,
            "y": 1
          },
          {
            "x": 533,
            "y": 123
          },
          {
            "x": 428,
            "y": 123
          }
        ]
      },
      "fdBoundingPoly": {
        "vertices": [
          {
            "x": 429,
            "y": 31
          },
          {
            "x": 514,
            "y": 31
          },
          {
            "x": 514,
            "y": 116
          },
          {
            "x": 429,
            "y": 116
          }
        ]
      },
      "landmarks": [
        {
          "type": "LEFT_EYE",
          "position": {
            "x": 444.45538330078125,
            "y": 63.36878967285156,
            "z": 0.000416983530158177
          }
        },
        {
          "type": "RIGHT_EYE",
          "position": {
            "x": 455.9884338378906,
            "y": 61.13188552856445,
            "z": -27.707307815551758
          }
        },
        {
          "type": "LEFT_OF_LEFT_EYEBROW",
          "position": {
            "x": 441.82696533203125,
            "y": 56.42638397216797,
            "z": 10.634281158447266
          }
        },
        {
          "type": "RIGHT_OF_LEFT_EYEBROW",
          "position": {
            "x": 441.10577392578125,
            "y": 56.778953552246094,
            "z": -9.975242614746094
          }
        },
        {
          "type": "LEFT_OF_RIGHT_EYEBROW",
          "position": {
            "x": 447.2070007324219,
            "y": 56.554054260253906,
            "z": -23.736188888549805
          }
        },
        {
          "type": "RIGHT_OF_RIGHT_EYEBROW",
          "position": {
            "x": 463.8043212890625,
            "y": 54.47019958496094,
            "z": -37.38174819946289
          }
        },
        {
          "type": "MIDPOINT_BETWEEN_EYES",
          "position": {
            "x": 445.1534118652344,
            "y": 63.107460021972656,
            "z": -16.93985939025879
          }
        },
        {
          "type": "NOSE_TIP",
          "position": {
            "x": 438.6988525390625,
            "y": 82.55855560302734,
            "z": -20.462827682495117
          }
        },
        {
          "type": "UPPER_LIP",
          "position": {
            "x": 448.429443359375,
            "y": 91.39926147460938,
            "z": -17.148096084594727
          }
        },
        {
          "type": "LOWER_LIP",
          "position": {
            "x": 452.19818115234375,
            "y": 101.87164306640625,
            "z": -16.043798446655273
          }
        },
        {
          "type": "MOUTH_LEFT",
          "position": {
            "x": 451.78448486328125,
            "y": 95.2762451171875,
            "z": -2.3357667922973633
          }
        },
        {
          "type": "MOUTH_RIGHT",
          "position": {
            "x": 464.2294616699219,
            "y": 90.91398620605469,
            "z": -25.784006118774414
          }
        },
        {
          "type": "MOUTH_CENTER",
          "position": {
            "x": 451.4971618652344,
            "y": 96.11479949951172,
            "z": -16.104629516601562
          }
        },
        {
          "type": "NOSE_BOTTOM_RIGHT",
          "position": {
            "x": 453.95751953125,
            "y": 80.70637512207031,
            "z": -23.148117065429688
          }
        },
        {
          "type": "NOSE_BOTTOM_LEFT",
          "position": {
            "x": 447.5030212402344,
            "y": 82.46717834472656,
            "z": -7.520328521728516
          }
        },
        {
          "type": "NOSE_BOTTOM_CENTER",
          "position": {
            "x": 446.58953857421875,
            "y": 86.1129150390625,
            "z": -17.35390853881836
          }
        },
        {
          "type": "LEFT_EYE_TOP_BOUNDARY",
          "position": {
            "x": 442.36669921875,
            "y": 61.665679931640625,
            "z": -0.9774094223976135
          }
        },
        {
          "type": "LEFT_EYE_RIGHT_CORNER",
          "position": {
            "x": 447.24578857421875,
            "y": 63.27085494995117,
            "z": -5.676734447479248
          }
        },
        {
          "type": "LEFT_EYE_BOTTOM_BOUNDARY",
          "position": {
            "x": 444.6472473144531,
            "y": 65.48941802978516,
            "z": -0.14289720356464386
          }
        },
        {
          "type": "LEFT_EYE_LEFT_CORNER",
          "position": {
            "x": 444.71600341796875,
            "y": 63.36206817626953,
            "z": 6.790240287780762
          }
        },
        {
          "type": "LEFT_EYE_PUPIL",
          "position": {
            "x": 443.8025817871094,
            "y": 63.56612777709961,
            "z": 0.06524673849344254
          }
        },
        {
          "type": "RIGHT_EYE_TOP_BOUNDARY",
          "position": {
            "x": 454.8000793457031,
            "y": 59.96833801269531,
            "z": -29.424213409423828
          }
        },
        {
          "type": "RIGHT_EYE_RIGHT_CORNER",
          "position": {
            "x": 462.1714172363281,
            "y": 61.04357147216797,
            "z": -33.03628921508789
          }
        },
        {
          "type": "RIGHT_EYE_BOTTOM_BOUNDARY",
          "position": {
            "x": 456.8522033691406,
            "y": 63.130863189697266,
            "z": -28.551990509033203
          }
        },
        {
          "type": "RIGHT_EYE_LEFT_CORNER",
          "position": {
            "x": 454.1070861816406,
            "y": 62.272361755371094,
            "z": -22.619142532348633
          }
        },
        {
          "type": "RIGHT_EYE_PUPIL",
          "position": {
            "x": 456.5032043457031,
            "y": 61.81177520751953,
            "z": -29.129310607910156
          }
        },
        {
          "type": "LEFT_EYEBROW_UPPER_MIDPOINT",
          "position": {
            "x": 438.9070739746094,
            "y": 53.23889923095703,
            "z": -0.5600882172584534
          }
        },
        {
          "type": "RIGHT_EYEBROW_UPPER_MIDPOINT",
          "position": {
            "x": 452.4296875,
            "y": 51.4129638671875,
            "z": -31.46395492553711
          }
        },
        {
          "type": "LEFT_EAR_TRAGION",
          "position": {
            "x": 474.33636474609375,
            "y": 72.78387451171875,
            "z": 34.37800216674805
          }
        },
        {
          "type": "RIGHT_EAR_TRAGION",
          "position": {
            "x": 507.4104309082031,
            "y": 69.19696044921875,
            "z": -31.949665069580078
          }
        },
        {
          "type": "FOREHEAD_GLABELLA",
          "position": {
            "x": 443.0200500488281,
            "y": 56.19212341308594,
            "z": -17.407411575317383
          }
        },
        {
          "type": "CHIN_GNATHION",
          "position": {
            "x": 456.76129150390625,
            "y": 118.06475067138672,
            "z": -14.454998970031738
          }
        },
        {
          "type": "CHIN_LEFT_GONION",
          "position": {
            "x": 467.91339111328125,
            "y": 94.12418365478516,
            "z": 26.446165084838867
          }
        },
        {
          "type": "CHIN_RIGHT_GONION",
          "position": {
            "x": 493.7031555175781,
            "y": 91.00206756591797,
            "z": -32.5083122253418
          }
        }
      ],
      "rollAngle": -10.10846996307373,
      "panAngle": -66.15057373046875,
      "tiltAngle": -1.0533061027526855,
      "detectionConfidence": 0.8119668364524841,
      "landmarkingConfidence": 0.5799223184585571,
      "joyLikelihood": "LIKELY",
      "sorrowLikelihood": "VERY_UNLIKELY",
      "angerLikelihood": "VERY_UNLIKELY",
      "surpriseLikelihood": "VERY_UNLIKELY",
      "underExposedLikelihood": "VERY_UNLIKELY",
      "blurredLikelihood": "VERY_UNLIKELY",
      "headwearLikelihood": "VERY_UNLIKELY"
    },
    {
      "boundingPoly": {
        "vertices": [
          {
            "x": 168,
            "y": 9
          },
          {
            "x": 276,
            "y": 9
          },
          {
            "x": 276,
            "y": 135
          },
          {
            "x": 168,
            "y": 135
          }
        ]
      },
      "fdBoundingPoly": {
        "vertices": [
          {
            "x": 186,
            "y": 36
          },
          {
            "x": 276,
            "y": 36
          },
          {
            "x": 276,
            "y": 126
          },
          {
            "x": 186,
            "y": 126
          }
        ]
      },
      "landmarks": [
        {
          "type": "LEFT_EYE",
          "position": {
            "x": 247.428466796875,
            "y": 71.81546783447266,
            "z": 0.0005597086856141686
          }
        },
        {
          "type": "RIGHT_EYE",
          "position": {
            "x": 260.2603454589844,
            "y": 77.3343276977539,
            "z": 28.337175369262695
          }
        },
        {
          "type": "LEFT_OF_LEFT_EYEBROW",
          "position": {
            "x": 240.434814453125,
            "y": 64.07553100585938,
            "z": -9.167280197143555
          }
        },
        {
          "type": "RIGHT_OF_LEFT_EYEBROW",
          "position": {
            "x": 256.83319091796875,
            "y": 68.49992370605469,
            "z": 4.021815776824951
          }
        },
        {
          "type": "LEFT_OF_RIGHT_EYEBROW",
          "position": {
            "x": 264.1290283203125,
            "y": 70.15052032470703,
            "z": 18.088035583496094
          }
        },
        {
          "type": "RIGHT_OF_RIGHT_EYEBROW",
          "position": {
            "x": 264.25592041015625,
            "y": 70.89741516113281,
            "z": 39.631961822509766
          }
        },
        {
          "type": "MIDPOINT_BETWEEN_EYES",
          "position": {
            "x": 258.6228332519531,
            "y": 76.12237548828125,
            "z": 10.68988037109375
          }
        },
        {
          "type": "NOSE_TIP",
          "position": {
            "x": 263.0643310546875,
            "y": 96.69886779785156,
            "z": 5.7649993896484375
          }
        },
        {
          "type": "UPPER_LIP",
          "position": {
            "x": 252.6146240234375,
            "y": 105.19609069824219,
            "z": 9.082568168640137
          }
        },
        {
          "type": "LOWER_LIP",
          "position": {
            "x": 247.46514892578125,
            "y": 115.5496826171875,
            "z": 9.87740421295166
          }
        },
        {
          "type": "MOUTH_LEFT",
          "position": {
            "x": 235.25120544433594,
            "y": 102.79466247558594,
            "z": 0.6362342238426208
          }
        },
        {
          "type": "MOUTH_RIGHT",
          "position": {
            "x": 249.220458984375,
            "y": 109.550048828125,
            "z": 24.458730697631836
          }
        },
        {
          "type": "MOUTH_CENTER",
          "position": {
            "x": 249.0417022705078,
            "y": 109.05622863769531,
            "z": 10.061841011047363
          }
        },
        {
          "type": "NOSE_BOTTOM_RIGHT",
          "position": {
            "x": 254.79296875,
            "y": 96.40911865234375,
            "z": 19.55571937561035
          }
        },
        {
          "type": "NOSE_BOTTOM_LEFT",
          "position": {
            "x": 247.05886840820312,
            "y": 93.50332641601562,
            "z": 3.4964332580566406
          }
        },
        {
          "type": "NOSE_BOTTOM_CENTER",
          "position": {
            "x": 254.75572204589844,
            "y": 99.64114379882812,
            "z": 9.140677452087402
          }
        },
        {
          "type": "LEFT_EYE_TOP_BOUNDARY",
          "position": {
            "x": 248.76251220703125,
            "y": 70.90605926513672,
            "z": -1.7475358247756958
          }
        },
        {
          "type": "LEFT_EYE_RIGHT_CORNER",
          "position": {
            "x": 249.29998779296875,
            "y": 73.53662109375,
            "z": 5.156909465789795
          }
        },
        {
          "type": "LEFT_EYE_BOTTOM_BOUNDARY",
          "position": {
            "x": 246.49722290039062,
            "y": 74.15544891357422,
            "z": -0.9016990065574646
          }
        },
        {
          "type": "LEFT_EYE_LEFT_CORNER",
          "position": {
            "x": 240.7548828125,
            "y": 70.78820037841797,
            "z": -5.276666164398193
          }
        },
        {
          "type": "LEFT_EYE_PUPIL",
          "position": {
            "x": 246.69403076171875,
            "y": 72.6211929321289,
            "z": -1.6147385835647583
          }
        },
        {
          "type": "RIGHT_EYE_TOP_BOUNDARY",
          "position": {
            "x": 262.651611328125,
            "y": 75.62825012207031,
            "z": 27.29859161376953
          }
        },
        {
          "type": "RIGHT_EYE_RIGHT_CORNER",
          "position": {
            "x": 260.3308410644531,
            "y": 77.58467102050781,
            "z": 35.40217971801758
          }
        },
        {
          "type": "RIGHT_EYE_BOTTOM_BOUNDARY",
          "position": {
            "x": 260.07763671875,
            "y": 79.45851135253906,
            "z": 28.07859992980957
          }
        },
        {
          "type": "RIGHT_EYE_LEFT_CORNER",
          "position": {
            "x": 257.2075500488281,
            "y": 76.50090026855469,
            "z": 22.494705200195312
          }
        },
        {
          "type": "RIGHT_EYE_PUPIL",
          "position": {
            "x": 260.9775695800781,
            "y": 77.50794219970703,
            "z": 28.15743637084961
          }
        },
        {
          "type": "LEFT_EYEBROW_UPPER_MIDPOINT",
          "position": {
            "x": 252.07406616210938,
            "y": 62.15589141845703,
            "z": -3.5258138179779053
          }
        },
        {
          "type": "RIGHT_EYEBROW_UPPER_MIDPOINT",
          "position": {
            "x": 267.1712951660156,
            "y": 67.24505615234375,
            "z": 28.009172439575195
          }
        },
        {
          "type": "LEFT_EAR_TRAGION",
          "position": {
            "x": 195.40684509277344,
            "y": 74.968505859375,
            "z": -2.1003150939941406
          }
        },
        {
          "type": "RIGHT_EAR_TRAGION",
          "position": {
            "x": 229.70303344726562,
            "y": 86.0177001953125,
            "z": 64.81163787841797
          }
        },
        {
          "type": "FOREHEAD_GLABELLA",
          "position": {
            "x": 261.8753356933594,
            "y": 68.91217041015625,
            "z": 10.467788696289062
          }
        },
        {
          "type": "CHIN_GNATHION",
          "position": {
            "x": 241.1234588623047,
            "y": 131.85372924804688,
            "z": 11.028524398803711
          }
        },
        {
          "type": "CHIN_LEFT_GONION",
          "position": {
            "x": 204.96945190429688,
            "y": 99.18414306640625,
            "z": -4.885680198669434
          }
        },
        {
          "type": "CHIN_RIGHT_GONION",
          "position": {
            "x": 233.78709411621094,
            "y": 108.53743743896484,
            "z": 55.15734100341797
          }
        }
      ],
      "rollAngle": 15.914608001708984,
      "panAngle": 63.196022033691406,
      "tiltAngle": 1.380823016166687,
      "detectionConfidence": 0.5524418950080872,
      "landmarkingConfidence": 0.5761008262634277,
      "joyLikelihood": "UNLIKELY",
      "sorrowLikelihood": "VERY_UNLIKELY",
      "angerLikelihood": "VERY_UNLIKELY",
      "surpriseLikelihood": "VERY_UNLIKELY",
      "underExposedLikelihood": "VERY_UNLIKELY",
      "blurredLikelihood": "VERY_UNLIKELY",
      "headwearLikelihood": "VERY_UNLIKELY"
    }
  ]
}
