{
  "faceAnnotations": [
    {
      "boundingPoly": {
        "vertices": [
          {
            "x": 406,
            "y": 67
          },
          {
            "x": 656,
            "y": 67
          },
          {
            "x": 656,
            "y": 357
          },
          {
            "x": 406,
            "y": 357
          }
        ]
      },
      "fdBoundingPoly": {
        "vertices": [
          {
            "x": 437,
            "y": 179
          },
          {
            "x": 615,
            "y": 179
          },
          {
            "x": 615,
            "y": 357
          },
          {
            "x": 437,
            "y": 357
          }
        ]
      },
      "landmarks": [
        {
          "type": "LEFT_EYE",
          "position": {
            "x": 540.2003784179688,
            "y": 257.9445495605469,
            "z": -0.0002801400260068476
          }
        },
        {
          "type": "RIGHT_EYE",
          "position": {
            "x": 606.8306884765625,
            "y": 253.93746948242188,
            "z": 44.953861236572266
          }
        },
        {
          "type": "LEFT_OF_LEFT_EYEBROW",
          "position": {
            "x": 527.1705322265625,
            "y": 239.08627319335938,
            "z": -20.12209701538086
          }
        },
        {
          "type": "RIGHT_OF_LEFT_EYEBROW",
          "position": {
            "x": 574.1884155273438,
            "y": 249.25949096679688,
            "z": -8.162774085998535
          }
        },
        {
          "type": "LEFT_OF_RIGHT_EYEBROW",
          "position": {
            "x": 603.444580078125,
            "y": 249.84707641601562,
            "z": 13.708786964416504
          }
        },
        {
          "type": "RIGHT_OF_RIGHT_EYEBROW",
          "position": {
            "x": 630.0457153320312,
            "y": 233.48370361328125,
            "z": 52.310970306396484
          }
        },
        {
          "type": "MIDPOINT_BETWEEN_EYES",
          "position": {
            "x": 584.4299926757812,
            "y": 262.21417236328125,
            "z": 11.087797164916992
          }
        },
        {
          "type": "NOSE_TIP",
          "position": {
            "x": 578.2579345703125,
            "y": 310.1419677734375,
            "z": 23.287261962890625
          }
        },
        {
          "type": "UPPER_LIP",
          "position": {
            "x": 559.79541015625,
            "y": 318.26800537109375,
            "z": 49.26125717163086
          }
        },
        {
          "type": "LOWER_LIP",
          "position": {
            "x": 547.1298217773438,
            "y": 333.59002685546875,
            "z": 67.53987121582031
          }
        },
        {
          "type": "MOUTH_LEFT",
          "position": {
            "x": 519.6478881835938,
            "y": 306.979736328125,
            "z": 48.38374328613281
          }
        },
        {
          "type": "MOUTH_RIGHT",
          "position": {
            "x": 570.854248046875,
            "y": 311.3431701660156,
            "z": 84.49320983886719
          }
        },
        {
          "type": "MOUTH_CENTER",
          "position": {
            "x": 552.7310180664062,
            "y": 323.48492431640625,
            "z": 59.6014518737793
          }
        },
        {
          "type": "NOSE_BOTTOM_RIGHT",
          "position": {
            "x": 579.3935546875,
            "y": 293.720947265625,
            "z": 55.445526123046875
          }
        },
        {
          "type": "NOSE_BOTTOM_LEFT",
          "position": {
            "x": 548.447021484375,
            "y": 297.13287353515625,
            "z": 32.26777267456055
          }
        },
        {
          "type": "NOSE_BOTTOM_CENTER",
          "position": {
            "x": 565.371826171875,
            "y": 308.1923828125,
            "z": 40.56433868408203
          }
        },
        {
          "type": "LEFT_EYE_TOP_BOUNDARY",
          "position": {
            "x": 548.560546875,
            "y": 255.585205078125,
            "z": -5.434183120727539
          }
        },
        {
          "type": "LEFT_EYE_RIGHT_CORNER",
          "position": {
            "x": 555.3649291992188,
            "y": 256.3499755859375,
            "z": 9.837559700012207
          }
        },
        {
          "type": "LEFT_EYE_BOTTOM_BOUNDARY",
          "position": {
            "x": 541.534912109375,
            "y": 260.8602600097656,
            "z": 3.266920566558838
          }
        },
        {
          "type": "LEFT_EYE_LEFT_CORNER",
          "position": {
            "x": 527.6416015625,
            "y": 251.73712158203125,
            "z": -3.9557034969329834
          }
        },
        {
          "type": "LEFT_EYE_PUPIL",
          "position": {
            "x": 544.349365234375,
            "y": 257.1531982421875,
            "z": -1.2538524866104126
          }
        },
        {
          "type": "RIGHT_EYE_TOP_BOUNDARY",
          "position": {
            "x": 610.3192138671875,
            "y": 252.23907470703125,
            "z": 37.93012619018555
          }
        },
        {
          "type": "RIGHT_EYE_RIGHT_CORNER",
          "position": {
            "x": 615.2091674804688,
            "y": 247.40965270996094,
            "z": 56.74759292602539
          }
        },
        {
          "type": "RIGHT_EYE_BOTTOM_BOUNDARY",
          "position": {
            "x": 606.5137329101562,
            "y": 257.14825439453125,
            "z": 46.53419494628906
          }
        },
        {
          "type": "RIGHT_EYE_LEFT_CORNER",
          "position": {
            "x": 593.6785888671875,
            "y": 253.48556518554688,
            "z": 35.7382926940918
          }
        },
        {
          "type": "RIGHT_EYE_PUPIL",
          "position": {
            "x": 607.7159423828125,
            "y": 253.76663208007812,
            "z": 43.16425323486328
          }
        },
        {
          "type": "LEFT_EYEBROW_UPPER_MIDPOINT",
          "position": {
            "x": 555.7335815429688,
            "y": 241.730224609375,
            "z": -22.11560821533203
          }
        },
        {
          "type": "RIGHT_EYEBROW_UPPER_MIDPOINT",
          "position": {
            "x": 622.5826416015625,
            "y": 238.1727752685547,
            "z": 24.935741424560547
          }
        },
        {
          "type": "LEFT_EAR_TRAGION",
          "position": {
            "x": 450.30731201171875,
            "y": 222.6370086669922,
            "z": 48.69683837890625
          }
        },
        {
          "type": "RIGHT_EAR_TRAGION",
          "position": {
            "x": 590.0018310546875,
            "y": 214.89625549316406,
            "z": 147.17257690429688
          }
        },
        {
          "type": "FOREHEAD_GLABELLA",
          "position": {
            "x": 590.2105712890625,
            "y": 251.80149841308594,
            "z": 0.9150999784469604
          }
        },
        {
          "type": "CHIN_GNATHION",
          "position": {
            "x": 530.9041748046875,
            "y": 351.58184814453125,
            "z": 92.98888397216797
          }
        },
        {
          "type": "CHIN_LEFT_GONION",
          "position": {
            "x": 453.4688720703125,
            "y": 278.41522216796875,
            "z": 62.91475296020508
          }
        },
        {
          "type": "CHIN_RIGHT_GONION",
          "position": {
            "x": 579.5233764648438,
            "y": 271.7730712890625,
            "z": 151.80923461914062
          }
        }
      ],
      "rollAngle": 26.018447875976562,
      "panAngle": 44.36598587036133,
      "tiltAngle": -34.76473617553711,
      "detectionConfidence": 0.7335450053215027,
      "landmarkingConfidence": 0.3408093750476837,
      "joyLikelihood": "VERY_LIKELY",
      "sorrowLikelihood": "VERY_UNLIKELY",
      "angerLikelihood": "VERY_UNLIKELY",
      "surpriseLikelihood": "VERY_UNLIKELY",
      "underExposedLikelihood": "VERY_UNLIKELY",
      "blurredLikelihood": "VERY_UNLIKELY",
      "headwearLikelihood": "VERY_UNLIKELY"
    },
    {
      "boundingPoly": {
        "vertices": [
          {
            "x": 831,
            "y": 161
          },
          {
            "x": 1033,
            "y": 161
          },
          {
            "x": 1033,
            "y": 396
          },
          {
            "x": 831,
            "y": 396
          }
        ]
      },
      "fdBoundingPoly": {
        "vertices": [
          {
            "x": 825,
            "y": 220
          },
          {
            "x": 967,
            "y": 220
          },
          {
            "x": 967,
            "y": 362
          },
          {
            "x": 825,
            "y": 362
          }
        ]
      },
      "landmarks": [
        {
          "type": "LEFT_EYE",
          "position": {
            "x": 871.783203125,
            "y": 279.2652587890625,
            "z": 0.0006539063178934157
          }
        },
        {
          "type": "RIGHT_EYE",
          "position": {
            "x": 921.5548706054688,
            "y": 261.71533203125,
            "z": -30.803855895996094
          }
        },
        {
          "type": "LEFT_OF_LEFT_EYEBROW",
          "position": {
            "x": 854.1502075195312,
            "y": 270.31378173828125,
            "z": 17.16846466064453
          }
        },
        {
          "type": "RIGHT_OF_LEFT_EYEBROW",
          "position": {
            "x": 874.572509765625,
            "y": 260.39862060546875,
            "z": -16.18283462524414
          }
        },
        {
          "type": "LEFT_OF_RIGHT_EYEBROW",
          "position": {
            "x": 900.064453125,
            "y": 251.5887451171875,
            "z": -31.219804763793945
          }
        },
        {
          "type": "RIGHT_OF_RIGHT_EYEBROW",
          "position": {
            "x": 937.7869873046875,
            "y": 241.89561462402344,
            "z": -34.53517532348633
          }
        },
        {
          "type": "MIDPOINT_BETWEEN_EYES",
          "position": {
            "x": 889.41064453125,
            "y": 268.47021484375,
            "z": -26.093873977661133
          }
        },
        {
          "type": "NOSE_TIP",
          "position": {
            "x": 888.4645385742188,
            "y": 303.2804870605469,
            "z": -46.095462799072266
          }
        },
        {
          "type": "UPPER_LIP",
          "position": {
            "x": 901.70361328125,
            "y": 323.6012878417969,
            "z": -36.56770324707031
          }
        },
        {
          "type": "LOWER_LIP",
          "position": {
            "x": 909.59521484375,
            "y": 343.85748291015625,
            "z": -35.437782287597656
          }
        },
        {
          "type": "MOUTH_LEFT",
          "position": {
            "x": 891.7272338867188,
            "y": 339.42449951171875,
            "z": -11.127943992614746
          }
        },
        {
          "type": "MOUTH_RIGHT",
          "position": {
            "x": 935.7071533203125,
            "y": 323.1230163574219,
            "z": -35.45664978027344
          }
        },
        {
          "type": "MOUTH_CENTER",
          "position": {
            "x": 906.6716918945312,
            "y": 333.2997131347656,
            "z": -33.894832611083984
          }
        },
        {
          "type": "NOSE_BOTTOM_RIGHT",
          "position": {
            "x": 913.9718017578125,
            "y": 302.4170227050781,
            "z": -34.753021240234375
          }
        },
        {
          "type": "NOSE_BOTTOM_LEFT",
          "position": {
            "x": 888.4675903320312,
            "y": 311.38385009765625,
            "z": -17.935108184814453
          }
        },
        {
          "type": "NOSE_BOTTOM_CENTER",
          "position": {
            "x": 898.18896484375,
            "y": 312.98291015625,
            "z": -35.2371711730957
          }
        },
        {
          "type": "LEFT_EYE_TOP_BOUNDARY",
          "position": {
            "x": 868.3796997070312,
            "y": 274.7071838378906,
            "z": -2.8906455039978027
          }
        },
        {
          "type": "LEFT_EYE_RIGHT_CORNER",
          "position": {
            "x": 881.8200073242188,
            "y": 275.6865539550781,
            "z": -5.9556660652160645
          }
        },
        {
          "type": "LEFT_EYE_BOTTOM_BOUNDARY",
          "position": {
            "x": 872.362548828125,
            "y": 282.7273864746094,
            "z": -0.8895224928855896
          }
        },
        {
          "type": "LEFT_EYE_LEFT_CORNER",
          "position": {
            "x": 864.5866088867188,
            "y": 282.14776611328125,
            "z": 11.038023948669434
          }
        },
        {
          "type": "LEFT_EYE_PUPIL",
          "position": {
            "x": 869.967041015625,
            "y": 278.947509765625,
            "z": -0.6760987639427185
          }
        },
        {
          "type": "RIGHT_EYE_TOP_BOUNDARY",
          "position": {
            "x": 918.4603881835938,
            "y": 257.68560791015625,
            "z": -33.8358268737793
          }
        },
        {
          "type": "RIGHT_EYE_RIGHT_CORNER",
          "position": {
            "x": 934.557861328125,
            "y": 258.3457336425781,
            "z": -32.20586395263672
          }
        },
        {
          "type": "RIGHT_EYE_BOTTOM_BOUNDARY",
          "position": {
            "x": 922.318115234375,
            "y": 265.58843994140625,
            "z": -31.788558959960938
          }
        },
        {
          "type": "RIGHT_EYE_LEFT_CORNER",
          "position": {
            "x": 911.8154907226562,
            "y": 265.4383239746094,
            "z": -24.482746124267578
          }
        },
        {
          "type": "RIGHT_EYE_PUPIL",
          "position": {
            "x": 921.3270263671875,
            "y": 261.4818115234375,
            "z": -32.517738342285156
          }
        },
        {
          "type": "LEFT_EYEBROW_UPPER_MIDPOINT",
          "position": {
            "x": 860.2091674804688,
            "y": 258.3043518066406,
            "z": -1.9374357461929321
          }
        },
        {
          "type": "RIGHT_EYEBROW_UPPER_MIDPOINT",
          "position": {
            "x": 914.5677490234375,
            "y": 239.82797241210938,
            "z": -35.527530670166016
          }
        },
        {
          "type": "LEFT_EAR_TRAGION",
          "position": {
            "x": 886.60009765625,
            "y": 316.7272644042969,
            "z": 80.54493713378906
          }
        },
        {
          "type": "RIGHT_EAR_TRAGION",
          "position": {
            "x": 1000.3193969726562,
            "y": 277.97955322265625,
            "z": 10.250905990600586
          }
        },
        {
          "type": "FOREHEAD_GLABELLA",
          "position": {
            "x": 885.3232421875,
            "y": 255.5447540283203,
            "z": -25.603839874267578
          }
        },
        {
          "type": "CHIN_GNATHION",
          "position": {
            "x": 920.62939453125,
            "y": 370.324462890625,
            "z": -31.58690643310547
          }
        },
        {
          "type": "CHIN_LEFT_GONION",
          "position": {
            "x": 888.7598266601562,
            "y": 353.04559326171875,
            "z": 50.776065826416016
          }
        },
        {
          "type": "CHIN_RIGHT_GONION",
          "position": {
            "x": 991.4974975585938,
            "y": 318.1825256347656,
            "z": -12.726728439331055
          }
        }
      ],
      "rollAngle": -14.428451538085938,
      "panAngle": -30.604780197143555,
      "tiltAngle": 7.387780666351318,
      "detectionConfidence": 0.5070634484291077,
      "landmarkingConfidence": 0.18011511862277985,
      "joyLikelihood": "VERY_UNLIKELY",
      "sorrowLikelihood": "VERY_UNLIKELY",
      "angerLikelihood": "VERY_UNLIKELY",
      "surpriseLikelihood": "VERY_UNLIKELY",
      "underExposedLikelihood": "VERY_UNLIKELY",
      "blurredLikelihood": "VERY_UNLIKELY",
      "headwearLikelihood": "VERY_UNLIKELY"
    }
  ]
}
