{
  "faceAnnotations": [
    {
      "boundingPoly": {
        "vertices": [
          {
            "x": 1256,
            "y": 11
          },
          {
            "x": 1559,
            "y": 11
          },
          {
            "x": 1559,
            "y": 364
          },
          {
            "x": 1256,
            "y": 364
          }
        ]
      },
      "fdBoundingPoly": {
        "vertices": [
          {
            "x": 1255,
            "y": 117
          },
          {
            "x": 1475,
            "y": 117
          },
          {
            "x": 1475,
            "y": 337
          },
          {
            "x": 1255,
            "y": 337
          }
        ]
      },
      "landmarks": [
        {
          "type": "LEFT_EYE",
          "position": {
            "x": 1315.0550537109375,
            "y": 165.26925659179688,
            "z": -0.0004135118215344846
          }
        },
        {
          "type": "RIGHT_EYE",
          "position": {
            "x": 1340.3804931640625,
            "y": 187.19223022460938,
            "z": -85.80783081054688
          }
        },
        {
          "type": "LEFT_OF_LEFT_EYEBROW",
          "position": {
            "x": 1315.0640869140625,
            "y": 136.78030395507812,
            "z": 26.51810073852539
          }
        },
        {
          "type": "RIGHT_OF_LEFT_EYEBROW",
          "position": {
            "x": 1304.6080322265625,
            "y": 149.70669555664062,
            "z": -31.841459274291992
          }
        },
        {
          "type": "LEFT_OF_RIGHT_EYEBROW",
          "position": {
            "x": 1316.9041748046875,
            "y": 159.59249877929688,
            "z": -73.60421752929688
          }
        },
        {
          "type": "RIGHT_OF_RIGHT_EYEBROW",
          "position": {
            "x": 1357.7681884765625,
            "y": 171.4434814453125,
            "z": -117.42318725585938
          }
        },
        {
          "type": "MIDPOINT_BETWEEN_EYES",
          "position": {
            "x": 1309.086181640625,
            "y": 173.6427001953125,
            "z": -48.67475128173828
          }
        },
        {
          "type": "NOSE_TIP",
          "position": {
            "x": 1281.21044921875,
            "y": 221.72015380859375,
            "z": -44.6715087890625
          }
        },
        {
          "type": "UPPER_LIP",
          "position": {
            "x": 1302.3759765625,
            "y": 256.1278991699219,
            "z": -31.026403427124023
          }
        },
        {
          "type": "LOWER_LIP",
          "position": {
            "x": 1308.3514404296875,
            "y": 292.46820068359375,
            "z": -20.95912742614746
          }
        },
        {
          "type": "MOUTH_LEFT",
          "position": {
            "x": 1316.1397705078125,
            "y": 261.50933837890625,
            "z": 12.897929191589355
          }
        },
        {
          "type": "MOUTH_RIGHT",
          "position": {
            "x": 1344.937255859375,
            "y": 275.2446594238281,
            "z": -57.84490203857422
          }
        },
        {
          "type": "MOUTH_CENTER",
          "position": {
            "x": 1308.626220703125,
            "y": 272.6336364746094,
            "z": -25.413808822631836
          }
        },
        {
          "type": "NOSE_BOTTOM_RIGHT",
          "position": {
            "x": 1320.990234375,
            "y": 232.8553466796875,
            "z": -56.10063171386719
          }
        },
        {
          "type": "NOSE_BOTTOM_LEFT",
          "position": {
            "x": 1309.164794921875,
            "y": 225.27670288085938,
            "z": -9.517476081848145
          }
        },
        {
          "type": "NOSE_BOTTOM_CENTER",
          "position": {
            "x": 1301.5721435546875,
            "y": 237.42904663085938,
            "z": -35.40114974975586
          }
        },
        {
          "type": "LEFT_EYE_TOP_BOUNDARY",
          "position": {
            "x": 1309.1055908203125,
            "y": 159.29537963867188,
            "z": -2.963109254837036
          }
        },
        {
          "type": "LEFT_EYE_RIGHT_CORNER",
          "position": {
            "x": 1320.3536376953125,
            "y": 169.97216796875,
            "z": -16.8091983795166
          }
        },
        {
          "type": "LEFT_EYE_BOTTOM_BOUNDARY",
          "position": {
            "x": 1314.124755859375,
            "y": 171.2913055419922,
            "z": 1.304286241531372
          }
        },
        {
          "type": "LEFT_EYE_LEFT_CORNER",
          "position": {
            "x": 1318.030029296875,
            "y": 161.03309631347656,
            "z": 19.677345275878906
          }
        },
        {
          "type": "LEFT_EYE_PUPIL",
          "position": {
            "x": 1312.3646240234375,
            "y": 164.90907287597656,
            "z": 0.8659869432449341
          }
        },
        {
          "type": "RIGHT_EYE_TOP_BOUNDARY",
          "position": {
            "x": 1334.4345703125,
            "y": 179.73033142089844,
            "z": -88.97337341308594
          }
        },
        {
          "type": "RIGHT_EYE_RIGHT_CORNER",
          "position": {
            "x": 1354.3218994140625,
            "y": 190.2479248046875,
            "z": -100.84272003173828
          }
        },
        {
          "type": "RIGHT_EYE_BOTTOM_BOUNDARY",
          "position": {
            "x": 1340.1002197265625,
            "y": 192.48233032226562,
            "z": -84.64531707763672
          }
        },
        {
          "type": "RIGHT_EYE_LEFT_CORNER",
          "position": {
            "x": 1333.99169921875,
            "y": 183.95626831054688,
            "z": -67.9266128540039
          }
        },
        {
          "type": "RIGHT_EYE_PUPIL",
          "position": {
            "x": 1338.254638671875,
            "y": 185.93283081054688,
            "z": -87.37418365478516
          }
        },
        {
          "type": "LEFT_EYEBROW_UPPER_MIDPOINT",
          "position": {
            "x": 1304.0472412109375,
            "y": 132.51710510253906,
            "z": -6.610400199890137
          }
        },
        {
          "type": "RIGHT_EYEBROW_UPPER_MIDPOINT",
          "position": {
            "x": 1331.541748046875,
            "y": 154.63555908203125,
            "z": -99.95060729980469
          }
        },
        {
          "type": "LEFT_EAR_TRAGION",
          "position": {
            "x": 1407.35546875,
            "y": 190.90248107910156,
            "z": 95.89128875732422
          }
        },
        {
          "type": "RIGHT_EAR_TRAGION",
          "position": {
            "x": 1464.6900634765625,
            "y": 237.16928100585938,
            "z": -99.4907455444336
          }
        },
        {
          "type": "FOREHEAD_GLABELLA",
          "position": {
            "x": 1307.3648681640625,
            "y": 153.65304565429688,
            "z": -53.93938064575195
          }
        },
        {
          "type": "CHIN_GNATHION",
          "position": {
            "x": 1316.3284912109375,
            "y": 329.80853271484375,
            "z": -9.136025428771973
          }
        },
        {
          "type": "CHIN_LEFT_GONION",
          "position": {
            "x": 1373.0198974609375,
            "y": 252.11233520507812,
            "z": 89.43399810791016
          }
        },
        {
          "type": "CHIN_RIGHT_GONION",
          "position": {
            "x": 1424.9705810546875,
            "y": 293.94915771484375,
            "z": -87.00306701660156
          }
        }
      ],
      "rollAngle": 1.0479212999343872,
      "panAngle": -73.76113891601562,
      "tiltAngle": -13.03805160522461,
      "detectionConfidence": 0.6238127946853638,
      "landmarkingConfidence": 0.400898277759552,
      "joyLikelihood": "VERY_LIKELY",
      "sorrowLikelihood": "VERY_UNLIKELY",
      "angerLikelihood": "VERY_UNLIKELY",
      "surpriseLikelihood": "VERY_UNLIKELY",
      "underExposedLikelihood": "VERY_UNLIKELY",
      "blurredLikelihood": "VERY_UNLIKELY",
      "headwearLikelihood": "VERY_UNLIKELY"
    },
    {
      "boundingPoly": {
        "vertices": [
          {
            "x": 281
          },
          {
            "x": 630
          },
          {
            "x": 630,
            "y": 362
          },
          {
            "x": 281,
            "y": 362
          }
        ]
      },
      "fdBoundingPoly": {
        "vertices": [
          {
            "x": 411,
            "y": 95
          },
          {
            "x": 629,
            "y": 95
          },
          {
            "x": 629,
            "y": 314
          },
          {
            "x": 411,
            "y": 314
          }
        ]
      },
      "landmarks": [
        {
          "type": "LEFT_EYE",
          "position": {
            "x": 559.98779296875,
            "y": 150.32754516601562,
            "z": 0.002175109926611185
          }
        },
        {
          "type": "RIGHT_EYE",
          "position": {
            "x": 558.8455200195312,
            "y": 154.39791870117188,
            "z": 104.83885955810547
          }
        },
        {
          "type": "LEFT_OF_LEFT_EYEBROW",
          "position": {
            "x": 542.2161865234375,
            "y": 124.43579864501953,
            "z": -38.4506950378418
          }
        },
        {
          "type": "RIGHT_OF_LEFT_EYEBROW",
          "position": {
            "x": 582.4537353515625,
            "y": 128.684326171875,
            "z": 27.777530670166016
          }
        },
        {
          "type": "LEFT_OF_RIGHT_EYEBROW",
          "position": {
            "x": 581.4227294921875,
            "y": 131.27774047851562,
            "z": 78.91828918457031
          }
        },
        {
          "type": "RIGHT_OF_RIGHT_EYEBROW",
          "position": {
            "x": 551.3489379882812,
            "y": 131.6231689453125,
            "z": 141.92181396484375
          }
        },
        {
          "type": "MIDPOINT_BETWEEN_EYES",
          "position": {
            "x": 580.4072875976562,
            "y": 152.98715209960938,
            "z": 52.15562438964844
          }
        },
        {
          "type": "NOSE_TIP",
          "position": {
            "x": 604.58203125,
            "y": 217.19439697265625,
            "z": 48.76544952392578
          }
        },
        {
          "type": "UPPER_LIP",
          "position": {
            "x": 578.4020385742188,
            "y": 248.71591186523438,
            "z": 47.336273193359375
          }
        },
        {
          "type": "LOWER_LIP",
          "position": {
            "x": 563.4649658203125,
            "y": 291.2240905761719,
            "z": 45.36983871459961
          }
        },
        {
          "type": "MOUTH_LEFT",
          "position": {
            "x": 538.4137573242188,
            "y": 256.42437744140625,
            "z": 2.6147332191467285
          }
        },
        {
          "type": "MOUTH_RIGHT",
          "position": {
            "x": 546.1840209960938,
            "y": 265.2315673828125,
            "z": 88.4407730102539
          }
        },
        {
          "type": "MOUTH_CENTER",
          "position": {
            "x": 566.4913330078125,
            "y": 266.9733581542969,
            "z": 46.53511047363281
          }
        },
        {
          "type": "NOSE_BOTTOM_RIGHT",
          "position": {
            "x": 563.7804565429688,
            "y": 220.395751953125,
            "z": 77.9388198852539
          }
        },
        {
          "type": "NOSE_BOTTOM_LEFT",
          "position": {
            "x": 567.8004150390625,
            "y": 218.36151123046875,
            "z": 21.500839233398438
          }
        },
        {
          "type": "NOSE_BOTTOM_CENTER",
          "position": {
            "x": 581.218505859375,
            "y": 229.8328857421875,
            "z": 48.31853485107422
          }
        },
        {
          "type": "LEFT_EYE_TOP_BOUNDARY",
          "position": {
            "x": 565.66552734375,
            "y": 143.82760620117188,
            "z": -0.1691501885652542
          }
        },
        {
          "type": "LEFT_EYE_RIGHT_CORNER",
          "position": {
            "x": 560.44580078125,
            "y": 151.68234252929688,
            "z": 20.917692184448242
          }
        },
        {
          "type": "LEFT_EYE_BOTTOM_BOUNDARY",
          "position": {
            "x": 558.9136352539062,
            "y": 158.0771484375,
            "z": -0.6916849613189697
          }
        },
        {
          "type": "LEFT_EYE_LEFT_CORNER",
          "position": {
            "x": 545.5860595703125,
            "y": 150.19549560546875,
            "z": -22.05684471130371
          }
        },
        {
          "type": "LEFT_EYE_PUPIL",
          "position": {
            "x": 560.1052856445312,
            "y": 150.53555297851562,
            "z": -2.0672426223754883
          }
        },
        {
          "type": "RIGHT_EYE_TOP_BOUNDARY",
          "position": {
            "x": 566.3101806640625,
            "y": 149.06689453125,
            "z": 105.29446411132812
          }
        },
        {
          "type": "RIGHT_EYE_RIGHT_CORNER",
          "position": {
            "x": 548.8963623046875,
            "y": 155.92529296875,
            "z": 126.17609405517578
          }
        },
        {
          "type": "RIGHT_EYE_BOTTOM_BOUNDARY",
          "position": {
            "x": 558.0219116210938,
            "y": 161.51943969726562,
            "z": 104.69705963134766
          }
        },
        {
          "type": "RIGHT_EYE_LEFT_CORNER",
          "position": {
            "x": 554.8497924804688,
            "y": 155.19589233398438,
            "z": 84.14716339111328
          }
        },
        {
          "type": "RIGHT_EYE_PUPIL",
          "position": {
            "x": 560.9063720703125,
            "y": 155.874755859375,
            "z": 106.17454528808594
          }
        },
        {
          "type": "LEFT_EYEBROW_UPPER_MIDPOINT",
          "position": {
            "x": 573.8945922851562,
            "y": 113.70411682128906,
            "z": -3.263733148574829
          }
        },
        {
          "type": "RIGHT_EYEBROW_UPPER_MIDPOINT",
          "position": {
            "x": 574.75537109375,
            "y": 119.47697448730469,
            "z": 111.3410873413086
          }
        },
        {
          "type": "LEFT_EAR_TRAGION",
          "position": {
            "x": 420.83221435546875,
            "y": 179.41061401367188,
            "z": -69.11874389648438
          }
        },
        {
          "type": "RIGHT_EAR_TRAGION",
          "position": {
            "x": 423.089111328125,
            "y": 196.28163146972656,
            "z": 171.5087432861328
          }
        },
        {
          "type": "FOREHEAD_GLABELLA",
          "position": {
            "x": 585.3662109375,
            "y": 129.1479034423828,
            "z": 53.3092155456543
          }
        },
        {
          "type": "CHIN_GNATHION",
          "position": {
            "x": 545.6088256835938,
            "y": 332.40966796875,
            "z": 43.40602493286133
          }
        },
        {
          "type": "CHIN_LEFT_GONION",
          "position": {
            "x": 456.9060974121094,
            "y": 256.78521728515625,
            "z": -60.959266662597656
          }
        },
        {
          "type": "CHIN_RIGHT_GONION",
          "position": {
            "x": 458.4452209472656,
            "y": 267.25567626953125,
            "z": 155.905029296875
          }
        }
      ],
      "rollAngle": 6.1273884773254395,
      "panAngle": 89.26971435546875,
      "tiltAngle": 2.8111159801483154,
      "detectionConfidence": 0.9743179082870483,
      "landmarkingConfidence": 0.47522592544555664,
      "joyLikelihood": "VERY_LIKELY",
      "sorrowLikelihood": "VERY_UNLIKELY",
      "angerLikelihood": "VERY_UNLIKELY",
      "surpriseLikelihood": "VERY_UNLIKELY",
      "underExposedLikelihood": "VERY_UNLIKELY",
      "blurredLikelihood": "VERY_UNLIKELY",
      "headwearLikelihood": "VERY_UNLIKELY"
    }
  ]
}
