{
  "faceAnnotations": [
    {
      "boundingPoly": {
        "vertices": [
          {
            "x": 579,
            "y": 112
          },
          {
            "x": 846,
            "y": 112
          },
          {
            "x": 846,
            "y": 423
          },
          {
            "x": 579,
            "y": 423
          }
        ]
      },
      "fdBoundingPoly": {
        "vertices": [
          {
            "x": 595,
            "y": 226
          },
          {
            "x": 779,
            "y": 226
          },
          {
            "x": 779,
            "y": 410
          },
          {
            "x": 595,
            "y": 410
          }
        ]
      },
      "landmarks": [
        {
          "type": "LEFT_EYE",
          "position": {
            "x": 642.4707641601562,
            "y": 274.63702392578125,
            "z": -0.0016547091072425246
          }
        },
        {
          "type": "RIGHT_EYE",
          "position": {
            "x": 714.6763305664062,
            "y": 290.50531005859375,
            "z": -32.9638786315918
          }
        },
        {
          "type": "LEFT_OF_LEFT_EYEBROW",
          "position": {
            "x": 620.847412109375,
            "y": 252.32113647460938,
            "z": 10.624917030334473
          }
        },
        {
          "type": "RIGHT_OF_LEFT_EYEBROW",
          "position": {
            "x": 653.4193725585938,
            "y": 267.6888427734375,
            "z": -28.681074142456055
          }
        },
        {
          "type": "LEFT_OF_RIGHT_EYEBROW",
          "position": {
            "x": 688.5880126953125,
            "y": 273.1244201660156,
            "z": -45.36851501464844
          }
        },
        {
          "type": "RIGHT_OF_RIGHT_EYEBROW",
          "position": {
            "x": 745.4269409179688,
            "y": 274.775634765625,
            "z": -45.0209846496582
          }
        },
        {
          "type": "MIDPOINT_BETWEEN_EYES",
          "position": {
            "x": 671.15966796875,
            "y": 284.9175109863281,
            "z": -31.663259506225586
          }
        },
        {
          "type": "NOSE_TIP",
          "position": {
            "x": 661.6795654296875,
            "y": 337.8126220703125,
            "z": -32.39595413208008
          }
        },
        {
          "type": "UPPER_LIP",
          "position": {
            "x": 671.5413818359375,
            "y": 356.385009765625,
            "z": -5.749335765838623
          }
        },
        {
          "type": "LOWER_LIP",
          "position": {
            "x": 677.1888427734375,
            "y": 381.9652099609375,
            "z": 10.883888244628906
          }
        },
        {
          "type": "MOUTH_LEFT",
          "position": {
            "x": 652.8397827148438,
            "y": 356.5863037109375,
            "z": 30.315059661865234
          }
        },
        {
          "type": "MOUTH_RIGHT",
          "position": {
            "x": 713.1815185546875,
            "y": 362.2583312988281,
            "z": 3.289853811264038
          }
        },
        {
          "type": "MOUTH_CENTER",
          "position": {
            "x": 675.0259399414062,
            "y": 367.2662048339844,
            "z": 4.7147626876831055
          }
        },
        {
          "type": "NOSE_BOTTOM_RIGHT",
          "position": {
            "x": 694.0774536132812,
            "y": 336.40087890625,
            "z": -13.63715934753418
          }
        },
        {
          "type": "NOSE_BOTTOM_LEFT",
          "position": {
            "x": 655.7296142578125,
            "y": 328.7333984375,
            "z": 4.730502128601074
          }
        },
        {
          "type": "NOSE_BOTTOM_CENTER",
          "position": {
            "x": 670.250244140625,
            "y": 342.731689453125,
            "z": -12.199129104614258
          }
        },
        {
          "type": "LEFT_EYE_TOP_BOUNDARY",
          "position": {
            "x": 639.818115234375,
            "y": 273.4107666015625,
            "z": -6.1454243659973145
          }
        },
        {
          "type": "LEFT_EYE_RIGHT_CORNER",
          "position": {
            "x": 656.7760620117188,
            "y": 279.0675354003906,
            "z": -5.828430652618408
          }
        },
        {
          "type": "LEFT_EYE_BOTTOM_BOUNDARY",
          "position": {
            "x": 640.9449462890625,
            "y": 279.64324951171875,
            "z": 1.8099209070205688
          }
        },
        {
          "type": "LEFT_EYE_LEFT_CORNER",
          "position": {
            "x": 631.1639404296875,
            "y": 271.64532470703125,
            "z": 13.422076225280762
          }
        },
        {
          "type": "LEFT_EYE_PUPIL",
          "position": {
            "x": 640.294189453125,
            "y": 277.0234680175781,
            "z": -0.5820682644844055
          }
        },
        {
          "type": "RIGHT_EYE_TOP_BOUNDARY",
          "position": {
            "x": 712.026611328125,
            "y": 285.75860595703125,
            "z": -40.08614730834961
          }
        },
        {
          "type": "RIGHT_EYE_RIGHT_CORNER",
          "position": {
            "x": 732.7529296875,
            "y": 289.2480773925781,
            "z": -33.856712341308594
          }
        },
        {
          "type": "RIGHT_EYE_BOTTOM_BOUNDARY",
          "position": {
            "x": 713.299560546875,
            "y": 294.73565673828125,
            "z": -31.654273986816406
          }
        },
        {
          "type": "RIGHT_EYE_LEFT_CORNER",
          "position": {
            "x": 695.7987060546875,
            "y": 289.07391357421875,
            "z": -25.13690185546875
          }
        },
        {
          "type": "RIGHT_EYE_PUPIL",
          "position": {
            "x": 714.2675170898438,
            "y": 289.82232666015625,
            "z": -35.52488327026367
          }
        },
        {
          "type": "LEFT_EYEBROW_UPPER_MIDPOINT",
          "position": {
            "x": 634.3160400390625,
            "y": 252.8990478515625,
            "z": -17.332172393798828
          }
        },
        {
          "type": "RIGHT_EYEBROW_UPPER_MIDPOINT",
          "position": {
            "x": 712.7125244140625,
            "y": 266.1929931640625,
            "z": -54.15886306762695
          }
        },
        {
          "type": "LEFT_EAR_TRAGION",
          "position": {
            "x": 641.9854736328125,
            "y": 269.2978515625,
            "z": 119.20246124267578
          }
        },
        {
          "type": "RIGHT_EAR_TRAGION",
          "position": {
            "x": 805.7779541015625,
            "y": 297.0707092285156,
            "z": 42.11034393310547
          }
        },
        {
          "type": "FOREHEAD_GLABELLA",
          "position": {
            "x": 669.5807495117188,
            "y": 270.8448486328125,
            "z": -39.901344299316406
          }
        },
        {
          "type": "CHIN_GNATHION",
          "position": {
            "x": 677.2136840820312,
            "y": 414.24591064453125,
            "z": 33.453922271728516
          }
        },
        {
          "type": "CHIN_LEFT_GONION",
          "position": {
            "x": 636.7307739257812,
            "y": 330.0002746582031,
            "z": 108.90867614746094
          }
        },
        {
          "type": "CHIN_RIGHT_GONION",
          "position": {
            "x": 784.8466796875,
            "y": 355.10284423828125,
            "z": 39.317081451416016
          }
        }
      ],
      "rollAngle": -1.787624478340149,
      "panAngle": -27.183937072753906,
      "tiltAngle": -23.145736694335938,
      "detectionConfidence": 0.9816126823425293,
      "landmarkingConfidence": 0.4319405257701874,
      "joyLikelihood": "VERY_LIKELY",
      "sorrowLikelihood": "VERY_UNLIKELY",
      "angerLikelihood": "VERY_UNLIKELY",
      "surpriseLikelihood": "VERY_UNLIKELY",
      "underExposedLikelihood": "VERY_UNLIKELY",
      "blurredLikelihood": "VERY_UNLIKELY",
      "headwearLikelihood": "VERY_UNLIKELY"
    },
    {
      "boundingPoly": {
        "vertices": [
          {
            "x": 897,
            "y": 61
          },
          {
            "x": 1198,
            "y": 61
          },
          {
            "x": 1198,
            "y": 411
          },
          {
            "x": 897,
            "y": 411
          }
        ]
      },
      "fdBoundingPoly": {
        "vertices": [
          {
            "x": 914,
            "y": 189
          },
          {
            "x": 1110,
            "y": 189
          },
          {
            "x": 1110,
            "y": 385
          },
          {
            "x": 914,
            "y": 385
          }
        ]
      },
      "landmarks": [
        {
          "type": "LEFT_EYE",
          "position": {
            "x": 944.89892578125,
            "y": 249.60653686523438,
            "z": 0.0023184525780379772
          }
        },
        {
          "type": "RIGHT_EYE",
          "position": {
            "x": 984.0774536132812,
            "y": 267.3551025390625,
            "z": -79.40172576904297
          }
        },
        {
          "type": "LEFT_OF_LEFT_EYEBROW",
          "position": {
            "x": 931.9108276367188,
            "y": 221.1530303955078,
            "z": 22.91922950744629
          }
        },
        {
          "type": "RIGHT_OF_LEFT_EYEBROW",
          "position": {
            "x": 933.2837524414062,
            "y": 240.80392456054688,
            "z": -33.93422317504883
          }
        },
        {
          "type": "LEFT_OF_RIGHT_EYEBROW",
          "position": {
            "x": 952.478759765625,
            "y": 246.39195251464844,
            "z": -73.58728790283203
          }
        },
        {
          "type": "RIGHT_OF_RIGHT_EYEBROW",
          "position": {
            "x": 1001.313720703125,
            "y": 245.08197021484375,
            "z": -112.95156860351562
          }
        },
        {
          "type": "MIDPOINT_BETWEEN_EYES",
          "position": {
            "x": 948.279296875,
            "y": 261.1766052246094,
            "z": -47.85154342651367
          }
        },
        {
          "type": "NOSE_TIP",
          "position": {
            "x": 941.205322265625,
            "y": 320.5960693359375,
            "z": -39.817230224609375
          }
        },
        {
          "type": "UPPER_LIP",
          "position": {
            "x": 969.4891357421875,
            "y": 340.1812744140625,
            "z": -22.08877944946289
          }
        },
        {
          "type": "LOWER_LIP",
          "position": {
            "x": 986.8762817382812,
            "y": 368.349609375,
            "z": -8.719366073608398
          }
        },
        {
          "type": "MOUTH_LEFT",
          "position": {
            "x": 978.6885375976562,
            "y": 337.1514892578125,
            "z": 22.524587631225586
          }
        },
        {
          "type": "MOUTH_RIGHT",
          "position": {
            "x": 1013.9232788085938,
            "y": 346.6846008300781,
            "z": -42.35366439819336
          }
        },
        {
          "type": "MOUTH_CENTER",
          "position": {
            "x": 979.84521484375,
            "y": 351.829833984375,
            "z": -14.724968910217285
          }
        },
        {
          "type": "NOSE_BOTTOM_RIGHT",
          "position": {
            "x": 980.6246337890625,
            "y": 314.93994140625,
            "z": -47.23617935180664
          }
        },
        {
          "type": "NOSE_BOTTOM_LEFT",
          "position": {
            "x": 961.8674926757812,
            "y": 307.8717041015625,
            "z": -3.765578031539917
          }
        },
        {
          "type": "NOSE_BOTTOM_CENTER",
          "position": {
            "x": 963.7988891601562,
            "y": 324.3524169921875,
            "z": -28.07467269897461
          }
        },
        {
          "type": "LEFT_EYE_TOP_BOUNDARY",
          "position": {
            "x": 937.6446533203125,
            "y": 246.28857421875,
            "z": -4.111849308013916
          }
        },
        {
          "type": "LEFT_EYE_RIGHT_CORNER",
          "position": {
            "x": 953.2433471679688,
            "y": 253.07620239257812,
            "z": -15.785428047180176
          }
        },
        {
          "type": "LEFT_EYE_BOTTOM_BOUNDARY",
          "position": {
            "x": 946.0902709960938,
            "y": 255.6131591796875,
            "z": 1.744868516921997
          }
        },
        {
          "type": "LEFT_EYE_LEFT_CORNER",
          "position": {
            "x": 943.94677734375,
            "y": 243.16351318359375,
            "z": 18.983999252319336
          }
        },
        {
          "type": "LEFT_EYE_PUPIL",
          "position": {
            "x": 942.2987670898438,
            "y": 249.96115112304688,
            "z": 0.5733757615089417
          }
        },
        {
          "type": "RIGHT_EYE_TOP_BOUNDARY",
          "position": {
            "x": 977.586669921875,
            "y": 261.85101318359375,
            "z": -84.83197784423828
          }
        },
        {
          "type": "RIGHT_EYE_RIGHT_CORNER",
          "position": {
            "x": 999.5670166015625,
            "y": 264.8275146484375,
            "z": -93.6543197631836
          }
        },
        {
          "type": "RIGHT_EYE_BOTTOM_BOUNDARY",
          "position": {
            "x": 984.8678588867188,
            "y": 271.9881286621094,
            "z": -78.62506866455078
          }
        },
        {
          "type": "RIGHT_EYE_LEFT_CORNER",
          "position": {
            "x": 976.0829467773438,
            "y": 264.48809814453125,
            "z": -63.59206008911133
          }
        },
        {
          "type": "RIGHT_EYE_PUPIL",
          "position": {
            "x": 983.194580078125,
            "y": 265.9954833984375,
            "z": -82.29743194580078
          }
        },
        {
          "type": "LEFT_EYEBROW_UPPER_MIDPOINT",
          "position": {
            "x": 923.959228515625,
            "y": 223.36184692382812,
            "z": -10.887349128723145
          }
        },
        {
          "type": "RIGHT_EYEBROW_UPPER_MIDPOINT",
          "position": {
            "x": 967.3710327148438,
            "y": 240.06365966796875,
            "z": -98.50597381591797
          }
        },
        {
          "type": "LEFT_EAR_TRAGION",
          "position": {
            "x": 1028.48388671875,
            "y": 233.34707641601562,
            "z": 104.02531433105469
          }
        },
        {
          "type": "RIGHT_EAR_TRAGION",
          "position": {
            "x": 1117.8804931640625,
            "y": 269.8652648925781,
            "z": -78.34456634521484
          }
        },
        {
          "type": "FOREHEAD_GLABELLA",
          "position": {
            "x": 939.7935180664062,
            "y": 244.88209533691406,
            "z": -55.057464599609375
          }
        },
        {
          "type": "CHIN_GNATHION",
          "position": {
            "x": 1008.2736206054688,
            "y": 398.37481689453125,
            "z": 8.311033248901367
          }
        },
        {
          "type": "CHIN_LEFT_GONION",
          "position": {
            "x": 1019.2824096679688,
            "y": 302.88909912109375,
            "z": 101.47728729248047
          }
        },
        {
          "type": "CHIN_RIGHT_GONION",
          "position": {
            "x": 1101.1781005859375,
            "y": 334.3451232910156,
            "z": -64.03665161132812
          }
        }
      ],
      "rollAngle": -18.8575496673584,
      "panAngle": -68.93643951416016,
      "tiltAngle": -18.85481834411621,
      "detectionConfidence": 0.7815608978271484,
      "landmarkingConfidence": 0.37923601269721985,
      "joyLikelihood": "VERY_LIKELY",
      "sorrowLikelihood": "VERY_UNLIKELY",
      "angerLikelihood": "VERY_UNLIKELY",
      "surpriseLikelihood": "VERY_UNLIKELY",
      "underExposedLikelihood": "VERY_UNLIKELY",
      "blurredLikelihood": "VERY_UNLIKELY",
      "headwearLikelihood": "VERY_UNLIKELY"
    }
  ]
}
