{
  "faceAnnotations": [
    {
      "boundingPoly": {
        "vertices": [
          {
            "x": 757,
            "y": 225
          },
          {
            "x": 986,
            "y": 225
          },
          {
            "x": 986,
            "y": 492
          },
          {
            "x": 757,
            "y": 492
          }
        ]
      },
      "fdBoundingPoly": {
        "vertices": [
          {
            "x": 791,
            "y": 301
          },
          {
            "x": 963,
            "y": 301
          },
          {
            "x": 963,
            "y": 472
          },
          {
            "x": 791,
            "y": 472
          }
        ]
      },
      "landmarks": [
        {
          "type": "LEFT_EYE",
          "position": {
            "x": 856.3143920898438,
            "y": 358.2735595703125,
            "z": 0.0010880896588787436
          }
        },
        {
          "type": "RIGHT_EYE",
          "position": {
            "x": 923.7156982421875,
            "y": 359.5210266113281,
            "z": 17.31729507446289
          }
        },
        {
          "type": "LEFT_OF_LEFT_EYEBROW",
          "position": {
            "x": 830.781494140625,
            "y": 343.07342529296875,
            "z": -1.7772548198699951
          }
        },
        {
          "type": "RIGHT_OF_LEFT_EYEBROW",
          "position": {
            "x": 877.979248046875,
            "y": 345.03875732421875,
            "z": -11.411904335021973
          }
        },
        {
          "type": "LEFT_OF_RIGHT_EYEBROW",
          "position": {
            "x": 909.879150390625,
            "y": 344.91180419921875,
            "z": -3.153813600540161
          }
        },
        {
          "type": "RIGHT_OF_RIGHT_EYEBROW",
          "position": {
            "x": 944.7510375976562,
            "y": 341.7285461425781,
            "z": 26.048952102661133
          }
        },
        {
          "type": "MIDPOINT_BETWEEN_EYES",
          "position": {
            "x": 894.7404174804688,
            "y": 357.53961181640625,
            "z": -5.986155033111572
          }
        },
        {
          "type": "NOSE_TIP",
          "position": {
            "x": 897.2875366210938,
            "y": 401.69287109375,
            "z": -17.938411712646484
          }
        },
        {
          "type": "UPPER_LIP",
          "position": {
            "x": 890.3673095703125,
            "y": 422.9495849609375,
            "z": 1.966450572013855
          }
        },
        {
          "type": "LOWER_LIP",
          "position": {
            "x": 888.3919067382812,
            "y": 445.83831787109375,
            "z": 11.092047691345215
          }
        },
        {
          "type": "MOUTH_LEFT",
          "position": {
            "x": 858.1031494140625,
            "y": 429.4482421875,
            "z": 15.029059410095215
          }
        },
        {
          "type": "MOUTH_RIGHT",
          "position": {
            "x": 912.084716796875,
            "y": 429.90252685546875,
            "z": 28.24994468688965
          }
        },
        {
          "type": "MOUTH_CENTER",
          "position": {
            "x": 889.0211791992188,
            "y": 433.2734680175781,
            "z": 8.924335479736328
          }
        },
        {
          "type": "NOSE_BOTTOM_RIGHT",
          "position": {
            "x": 908.118408203125,
            "y": 402.65472412109375,
            "z": 13.304899215698242
          }
        },
        {
          "type": "NOSE_BOTTOM_LEFT",
          "position": {
            "x": 873.15380859375,
            "y": 403.0155029296875,
            "z": 3.671304702758789
          }
        },
        {
          "type": "NOSE_BOTTOM_CENTER",
          "position": {
            "x": 891.0476684570312,
            "y": 410.8587341308594,
            "z": -0.6343804597854614
          }
        },
        {
          "type": "LEFT_EYE_TOP_BOUNDARY",
          "position": {
            "x": 857.4700317382812,
            "y": 354.4030456542969,
            "z": -5.344793319702148
          }
        },
        {
          "type": "LEFT_EYE_RIGHT_CORNER",
          "position": {
            "x": 870.1200561523438,
            "y": 357.9531555175781,
            "z": 3.689166784286499
          }
        },
        {
          "type": "LEFT_EYE_BOTTOM_BOUNDARY",
          "position": {
            "x": 855.0941772460938,
            "y": 361.8775329589844,
            "z": 0.09155780076980591
          }
        },
        {
          "type": "LEFT_EYE_LEFT_CORNER",
          "position": {
            "x": 839.4782104492188,
            "y": 356.9175109863281,
            "z": 2.8512344360351562
          }
        },
        {
          "type": "LEFT_EYE_PUPIL",
          "position": {
            "x": 855.4832763671875,
            "y": 358.38580322265625,
            "z": -2.001361846923828
          }
        },
        {
          "type": "RIGHT_EYE_TOP_BOUNDARY",
          "position": {
            "x": 924.3314819335938,
            "y": 354.78057861328125,
            "z": 11.735937118530273
          }
        },
        {
          "type": "RIGHT_EYE_RIGHT_CORNER",
          "position": {
            "x": 934.746337890625,
            "y": 357.6606750488281,
            "z": 26.52942657470703
          }
        },
        {
          "type": "RIGHT_EYE_BOTTOM_BOUNDARY",
          "position": {
            "x": 923.804931640625,
            "y": 362.866455078125,
            "z": 17.33521270751953
          }
        },
        {
          "type": "RIGHT_EYE_LEFT_CORNER",
          "position": {
            "x": 909.883544921875,
            "y": 358.4756164550781,
            "z": 13.958528518676758
          }
        },
        {
          "type": "RIGHT_EYE_PUPIL",
          "position": {
            "x": 924.0684204101562,
            "y": 358.8238525390625,
            "z": 15.461187362670898
          }
        },
        {
          "type": "LEFT_EYEBROW_UPPER_MIDPOINT",
          "position": {
            "x": 856.4727783203125,
            "y": 335.44671630859375,
            "z": -12.996111869812012
          }
        },
        {
          "type": "RIGHT_EYEBROW_UPPER_MIDPOINT",
          "position": {
            "x": 928.9862670898438,
            "y": 335.8049621582031,
            "z": 5.500335216522217
          }
        },
        {
          "type": "LEFT_EAR_TRAGION",
          "position": {
            "x": 789.6083984375,
            "y": 375.0651550292969,
            "z": 77.09427642822266
          }
        },
        {
          "type": "RIGHT_EAR_TRAGION",
          "position": {
            "x": 943.1595458984375,
            "y": 376.1671142578125,
            "z": 115.26787567138672
          }
        },
        {
          "type": "FOREHEAD_GLABELLA",
          "position": {
            "x": 894.3828125,
            "y": 344.34686279296875,
            "z": -10.001097679138184
          }
        },
        {
          "type": "CHIN_GNATHION",
          "position": {
            "x": 884.4552001953125,
            "y": 474.4059753417969,
            "z": 25.85791015625
          }
        },
        {
          "type": "CHIN_LEFT_GONION",
          "position": {
            "x": 803.0352172851562,
            "y": 424.0235595703125,
            "z": 59.4708137512207
          }
        },
        {
          "type": "CHIN_RIGHT_GONION",
          "position": {
            "x": 940.3518676757812,
            "y": 424.615234375,
            "z": 94.58304595947266
          }
        }
      ],
      "rollAngle": 2.9437191486358643,
      "panAngle": 14.573725700378418,
      "tiltAngle": -10.297843933105469,
      "detectionConfidence": 0.9999140501022339,
      "landmarkingConfidence": 0.7027090191841125,
      "joyLikelihood": "VERY_UNLIKELY",
      "sorrowLikelihood": "VERY_UNLIKELY",
      "angerLikelihood": "VERY_UNLIKELY",
      "surpriseLikelihood": "VERY_UNLIKELY",
      "underExposedLikelihood": "VERY_UNLIKELY",
      "blurredLikelihood": "VERY_UNLIKELY",
      "headwearLikelihood": "VERY_UNLIKELY"
    },
    {
      "boundingPoly": {
        "vertices": [
          {
            "x": 142,
            "y": 144
          },
          {
            "x": 384,
            "y": 144
          },
          {
            "x": 384,
            "y": 426
          },
          {
            "x": 142,
            "y": 426
          }
        ]
      },
      "fdBoundingPoly": {
        "vertices": [
          {
            "x": 210,
            "y": 217
          },
          {
            "x": 386,
            "y": 217
          },
          {
            "x": 386,
            "y": 392
          },
          {
            "x": 210,
            "y": 392
          }
        ]
      },
      "landmarks": [
        {
          "type": "LEFT_EYE",
          "position": {
            "x": 338.10333251953125,
            "y": 277.7471923828125,
            "z": -0.0015129452804103494
          }
        },
        {
          "type": "RIGHT_EYE",
          "position": {
            "x": 337.26202392578125,
            "y": 297.6485290527344,
            "z": 70.80191040039062
          }
        },
        {
          "type": "LEFT_OF_LEFT_EYEBROW",
          "position": {
            "x": 334.5157775878906,
            "y": 256.6649169921875,
            "z": -19.474361419677734
          }
        },
        {
          "type": "RIGHT_OF_LEFT_EYEBROW",
          "position": {
            "x": 353.57000732421875,
            "y": 274.57293701171875,
            "z": 21.282148361206055
          }
        },
        {
          "type": "LEFT_OF_RIGHT_EYEBROW",
          "position": {
            "x": 355.06695556640625,
            "y": 280.29339599609375,
            "z": 55.9771728515625
          }
        },
        {
          "type": "RIGHT_OF_RIGHT_EYEBROW",
          "position": {
            "x": 334.3905334472656,
            "y": 286.43109130859375,
            "z": 99.18034362792969
          }
        },
        {
          "type": "MIDPOINT_BETWEEN_EYES",
          "position": {
            "x": 352.08544921875,
            "y": 290.7326965332031,
            "z": 35.0201530456543
          }
        },
        {
          "type": "NOSE_TIP",
          "position": {
            "x": 367.29827880859375,
            "y": 339.8777160644531,
            "z": 23.263338088989258
          }
        },
        {
          "type": "UPPER_LIP",
          "position": {
            "x": 341.9820251464844,
            "y": 354.45294189453125,
            "z": 18.88113784790039
          }
        },
        {
          "type": "LOWER_LIP",
          "position": {
            "x": 330.1301574707031,
            "y": 379.0125427246094,
            "z": 12.867353439331055
          }
        },
        {
          "type": "MOUTH_LEFT",
          "position": {
            "x": 316.4129333496094,
            "y": 352.3583679199219,
            "z": -11.804167747497559
          }
        },
        {
          "type": "MOUTH_RIGHT",
          "position": {
            "x": 319.44146728515625,
            "y": 368.9029235839844,
            "z": 45.133277893066406
          }
        },
        {
          "type": "MOUTH_CENTER",
          "position": {
            "x": 332.9058837890625,
            "y": 366.1542053222656,
            "z": 16.085691452026367
          }
        },
        {
          "type": "NOSE_BOTTOM_RIGHT",
          "position": {
            "x": 335.25238037109375,
            "y": 338.7923583984375,
            "z": 43.6587028503418
          }
        },
        {
          "type": "NOSE_BOTTOM_LEFT",
          "position": {
            "x": 336.58038330078125,
            "y": 331.1703186035156,
            "z": 5.210689544677734
          }
        },
        {
          "type": "NOSE_BOTTOM_CENTER",
          "position": {
            "x": 345.3642272949219,
            "y": 342.09588623046875,
            "z": 22.157257080078125
          }
        },
        {
          "type": "LEFT_EYE_TOP_BOUNDARY",
          "position": {
            "x": 343.1278381347656,
            "y": 276.5820007324219,
            "z": 0.8383499383926392
          }
        },
        {
          "type": "LEFT_EYE_RIGHT_CORNER",
          "position": {
            "x": 336.8695373535156,
            "y": 284.24212646484375,
            "z": 14.020675659179688
          }
        },
        {
          "type": "LEFT_EYE_BOTTOM_BOUNDARY",
          "position": {
            "x": 336.70782470703125,
            "y": 284.18927001953125,
            "z": -1.2048439979553223
          }
        },
        {
          "type": "LEFT_EYE_LEFT_CORNER",
          "position": {
            "x": 329.8819580078125,
            "y": 275.0567626953125,
            "z": -14.143946647644043
          }
        },
        {
          "type": "LEFT_EYE_PUPIL",
          "position": {
            "x": 338.87152099609375,
            "y": 280.416748046875,
            "z": -1.3020387887954712
          }
        },
        {
          "type": "RIGHT_EYE_TOP_BOUNDARY",
          "position": {
            "x": 343.0724792480469,
            "y": 294.4216003417969,
            "z": 71.8281021118164
          }
        },
        {
          "type": "RIGHT_EYE_RIGHT_CORNER",
          "position": {
            "x": 330.5107116699219,
            "y": 300.34820556640625,
            "z": 85.33689880371094
          }
        },
        {
          "type": "RIGHT_EYE_BOTTOM_BOUNDARY",
          "position": {
            "x": 336.7239685058594,
            "y": 302.3868713378906,
            "z": 69.69827270507812
          }
        },
        {
          "type": "RIGHT_EYE_LEFT_CORNER",
          "position": {
            "x": 336.73931884765625,
            "y": 294.943115234375,
            "z": 56.558433532714844
          }
        },
        {
          "type": "RIGHT_EYE_PUPIL",
          "position": {
            "x": 338.9180603027344,
            "y": 298.74468994140625,
            "z": 71.52191925048828
          }
        },
        {
          "type": "LEFT_EYEBROW_UPPER_MIDPOINT",
          "position": {
            "x": 351.5164794921875,
            "y": 256.87103271484375,
            "z": 2.6123697757720947
          }
        },
        {
          "type": "RIGHT_EYEBROW_UPPER_MIDPOINT",
          "position": {
            "x": 351.4651794433594,
            "y": 276.1523132324219,
            "z": 79.66322326660156
          }
        },
        {
          "type": "LEFT_EAR_TRAGION",
          "position": {
            "x": 239.27554321289062,
            "y": 282.6259460449219,
            "z": -49.76412582397461
          }
        },
        {
          "type": "RIGHT_EAR_TRAGION",
          "position": {
            "x": 240.63351440429688,
            "y": 323.4154357910156,
            "z": 112.587890625
          }
        },
        {
          "type": "FOREHEAD_GLABELLA",
          "position": {
            "x": 357.9209289550781,
            "y": 275.801025390625,
            "z": 38.80544662475586
          }
        },
        {
          "type": "CHIN_GNATHION",
          "position": {
            "x": 313.41015625,
            "y": 409.00164794921875,
            "z": 5.486392498016357
          }
        },
        {
          "type": "CHIN_LEFT_GONION",
          "position": {
            "x": 259.0629577636719,
            "y": 335.91119384765625,
            "z": -53.95585250854492
          }
        },
        {
          "type": "CHIN_RIGHT_GONION",
          "position": {
            "x": 258.9756164550781,
            "y": 372.32537841796875,
            "z": 92.05732727050781
          }
        }
      ],
      "rollAngle": 13.534950256347656,
      "panAngle": 86.76801300048828,
      "tiltAngle": 13.706619262695312,
      "detectionConfidence": 0.9370460510253906,
      "landmarkingConfidence": 0.44994714856147766,
      "joyLikelihood": "UNLIKELY",
      "sorrowLikelihood": "VERY_UNLIKELY",
      "angerLikelihood": "VERY_UNLIKELY",
      "surpriseLikelihood": "VERY_UNLIKELY",
      "underExposedLikelihood": "VERY_UNLIKELY",
      "blurredLikelihood": "VERY_UNLIKELY",
      "headwearLikelihood": "VERY_UNLIKELY"
    }
  ]
}
