{
  "faceAnnotations": [
    {
      "boundingPoly": {
        "vertices": [
          {
            "x": 145,
            "y": 72
          },
          {
            "x": 262,
            "y": 72
          },
          {
            "x": 262,
            "y": 208
          },
          {
            "x": 145,
            "y": 208
          }
        ]
      },
      "fdBoundingPoly": {
        "vertices": [
          {
            "x": 168,
            "y": 109
          },
          {
            "x": 250,
            "y": 109
          },
          {
            "x": 250,
            "y": 191
          },
          {
            "x": 168,
            "y": 191
          }
        ]
      },
      "landmarks": [
        {
          "type": "LEFT_EYE",
          "position": {
            "x": 201.03538513183594,
            "y": 134.48379516601562,
            "z": 0.0001962061651283875
          }
        },
        {
          "type": "RIGHT_EYE",
          "position": {
            "x": 228.10304260253906,
            "y": 128.9038848876953,
            "z": 12.742939949035645
          }
        },
        {
          "type": "LEFT_OF_LEFT_EYEBROW",
          "position": {
            "x": 184.8026885986328,
            "y": 129.27052307128906,
            "z": -3.234079599380493
          }
        },
        {
          "type": "RIGHT_OF_LEFT_EYEBROW",
          "position": {
            "x": 207.04483032226562,
            "y": 125.01470947265625,
            "z": -3.9760289192199707
          }
        },
        {
          "type": "LEFT_OF_RIGHT_EYEBROW",
          "position": {
            "x": 222.3790740966797,
            "y": 121.44053649902344,
            "z": 3.0263240337371826
          }
        },
        {
          "type": "RIGHT_OF_RIGHT_EYEBROW",
          "position": {
            "x": 237.44374084472656,
            "y": 118.1742935180664,
            "z": 20.960956573486328
          }
        },
        {
          "type": "MIDPOINT_BETWEEN_EYES",
          "position": {
            "x": 215.75628662109375,
            "y": 131.615234375,
            "z": -0.7297977805137634
          }
        },
        {
          "type": "NOSE_TIP",
          "position": {
            "x": 225.1199188232422,
            "y": 151.37266540527344,
            "z": -10.372822761535645
          }
        },
        {
          "type": "UPPER_LIP",
          "position": {
            "x": 223.17575073242188,
            "y": 162.2053985595703,
            "z": -2.3259973526000977
          }
        },
        {
          "type": "LOWER_LIP",
          "position": {
            "x": 225.61451721191406,
            "y": 176.98953247070312,
            "z": 0.37969908118247986
          }
        },
        {
          "type": "MOUTH_LEFT",
          "position": {
            "x": 204.59681701660156,
            "y": 170.54962158203125,
            "z": 1.34970223903656
          }
        },
        {
          "type": "MOUTH_RIGHT",
          "position": {
            "x": 232.36778259277344,
            "y": 164.48687744140625,
            "z": 12.249391555786133
          }
        },
        {
          "type": "MOUTH_CENTER",
          "position": {
            "x": 223.9759979248047,
            "y": 169.35939025878906,
            "z": 0.2644324004650116
          }
        },
        {
          "type": "NOSE_BOTTOM_RIGHT",
          "position": {
            "x": 228.8088836669922,
            "y": 151.76998901367188,
            "z": 6.421520233154297
          }
        },
        {
          "type": "NOSE_BOTTOM_LEFT",
          "position": {
            "x": 211.1839141845703,
            "y": 155.48056030273438,
            "z": -1.4677202701568604
          }
        },
        {
          "type": "NOSE_BOTTOM_CENTER",
          "position": {
            "x": 222.5367431640625,
            "y": 156.54220581054688,
            "z": -2.5518887042999268
          }
        },
        {
          "type": "LEFT_EYE_TOP_BOUNDARY",
          "position": {
            "x": 197.9493408203125,
            "y": 132.93963623046875,
            "z": -3.356703996658325
          }
        },
        {
          "type": "LEFT_EYE_RIGHT_CORNER",
          "position": {
            "x": 205.20223999023438,
            "y": 134.61636352539062,
            "z": 2.031237840652466
          }
        },
        {
          "type": "LEFT_EYE_BOTTOM_BOUNDARY",
          "position": {
            "x": 200.06405639648438,
            "y": 136.99913024902344,
            "z": -1.2292494773864746
          }
        },
        {
          "type": "LEFT_EYE_LEFT_CORNER",
          "position": {
            "x": 190.61309814453125,
            "y": 137.3358917236328,
            "z": -0.9915367960929871
          }
        },
        {
          "type": "LEFT_EYE_PUPIL",
          "position": {
            "x": 197.31625366210938,
            "y": 135.61692810058594,
            "z": -2.1591150760650635
          }
        },
        {
          "type": "RIGHT_EYE_TOP_BOUNDARY",
          "position": {
            "x": 230.09439086914062,
            "y": 126.00602722167969,
            "z": 11.041881561279297
          }
        },
        {
          "type": "RIGHT_EYE_RIGHT_CORNER",
          "position": {
            "x": 234.81036376953125,
            "y": 127.56829833984375,
            "z": 19.09294319152832
          }
        },
        {
          "type": "RIGHT_EYE_BOTTOM_BOUNDARY",
          "position": {
            "x": 229.39422607421875,
            "y": 131.00119018554688,
            "z": 12.8965425491333
          }
        },
        {
          "type": "RIGHT_EYE_LEFT_CORNER",
          "position": {
            "x": 222.6492156982422,
            "y": 131.08009338378906,
            "z": 10.348983764648438
          }
        },
        {
          "type": "RIGHT_EYE_PUPIL",
          "position": {
            "x": 230.36605834960938,
            "y": 128.49276733398438,
            "z": 12.624663352966309
          }
        },
        {
          "type": "LEFT_EYEBROW_UPPER_MIDPOINT",
          "position": {
            "x": 195.05311584472656,
            "y": 122.88278198242188,
            "z": -5.787479877471924
          }
        },
        {
          "type": "RIGHT_EYEBROW_UPPER_MIDPOINT",
          "position": {
            "x": 230.0151824951172,
            "y": 115.33722686767578,
            "z": 9.837800025939941
          }
        },
        {
          "type": "LEFT_EAR_TRAGION",
          "position": {
            "x": 163.14984130859375,
            "y": 160.42616271972656,
            "z": 30.600109100341797
          }
        },
        {
          "type": "RIGHT_EAR_TRAGION",
          "position": {
            "x": 236.22999572753906,
            "y": 144.6941375732422,
            "z": 63.193641662597656
          }
        },
        {
          "type": "FOREHEAD_GLABELLA",
          "position": {
            "x": 214.9318084716797,
            "y": 122.63433837890625,
            "z": -1.7033193111419678
          }
        },
        {
          "type": "CHIN_GNATHION",
          "position": {
            "x": 227.56832885742188,
            "y": 192.6458282470703,
            "z": 5.052585601806641
          }
        },
        {
          "type": "CHIN_LEFT_GONION",
          "position": {
            "x": 178.25169372558594,
            "y": 182.05096435546875,
            "z": 18.942907333374023
          }
        },
        {
          "type": "CHIN_RIGHT_GONION",
          "position": {
            "x": 243.2977294921875,
            "y": 167.04122924804688,
            "z": 48.21012496948242
          }
        }
      ],
      "rollAngle": -11.856267929077148,
      "panAngle": 23.586843490600586,
      "tiltAngle": -0.7523413300514221,
      "detectionConfidence": 0.9995377063751221,
      "landmarkingConfidence": 0.7114850282669067,
      "joyLikelihood": "VERY_LIKELY",
      "sorrowLikelihood": "VERY_UNLIKELY",
      "angerLikelihood": "VERY_UNLIKELY",
      "surpriseLikelihood": "VERY_UNLIKELY",
      "underExposedLikelihood": "VERY_UNLIKELY",
      "blurredLikelihood": "VERY_UNLIKELY",
      "headwearLikelihood": "VERY_UNLIKELY"
    },
    {
      "boundingPoly": {
        "vertices": [
          {
            "x": 338,
            "y": 61
          },
          {
            "x": 449,
            "y": 61
          },
          {
            "x": 449,
            "y": 190
          },
          {
            "x": 338,
            "y": 190
          }
        ]
      },
      "fdBoundingPoly": {
        "vertices": [
          {
            "x": 341,
            "y": 97
          },
          {
            "x": 416,
            "y": 97
          },
          {
            "x": 416,
            "y": 172
          },
          {
            "x": 341,
            "y": 172
          }
        ]
      },
      "landmarks": [
        {
          "type": "LEFT_EYE",
          "position": {
            "x": 360.57666015625,
            "y": 118.71334838867188,
            "z": 0.0006542878109030426
          }
        },
        {
          "type": "RIGHT_EYE",
          "position": {
            "x": 380.4559020996094,
            "y": 117.7671890258789,
            "z": -24.532333374023438
          }
        },
        {
          "type": "LEFT_OF_LEFT_EYEBROW",
          "position": {
            "x": 355.01275634765625,
            "y": 111.16657257080078,
            "z": 11.64471435546875
          }
        },
        {
          "type": "RIGHT_OF_LEFT_EYEBROW",
          "position": {
            "x": 360.6125183105469,
            "y": 109.8886489868164,
            "z": -10.049415588378906
          }
        },
        {
          "type": "LEFT_OF_RIGHT_EYEBROW",
          "position": {
            "x": 371.08465576171875,
            "y": 108.88230895996094,
            "z": -22.680381774902344
          }
        },
        {
          "type": "RIGHT_OF_RIGHT_EYEBROW",
          "position": {
            "x": 391.77337646484375,
            "y": 109.26548767089844,
            "z": -31.73261260986328
          }
        },
        {
          "type": "MIDPOINT_BETWEEN_EYES",
          "position": {
            "x": 366.26678466796875,
            "y": 116.5452880859375,
            "z": -17.00654411315918
          }
        },
        {
          "type": "NOSE_TIP",
          "position": {
            "x": 357.6135559082031,
            "y": 136.45709228515625,
            "z": -24.62558937072754
          }
        },
        {
          "type": "UPPER_LIP",
          "position": {
            "x": 363.824951171875,
            "y": 147.7371368408203,
            "z": -20.061338424682617
          }
        },
        {
          "type": "LOWER_LIP",
          "position": {
            "x": 364.9211120605469,
            "y": 161.4893341064453,
            "z": -19.161558151245117
          }
        },
        {
          "type": "MOUTH_LEFT",
          "position": {
            "x": 361.8737487792969,
            "y": 152.30902099609375,
            "z": -3.833806037902832
          }
        },
        {
          "type": "MOUTH_RIGHT",
          "position": {
            "x": 383.755126953125,
            "y": 150.58041381835938,
            "z": -25.15885353088379
          }
        },
        {
          "type": "MOUTH_CENTER",
          "position": {
            "x": 365.4501953125,
            "y": 153.95997619628906,
            "z": -18.752063751220703
          }
        },
        {
          "type": "NOSE_BOTTOM_RIGHT",
          "position": {
            "x": 372.9904479980469,
            "y": 138.51287841796875,
            "z": -23.25706672668457
          }
        },
        {
          "type": "NOSE_BOTTOM_LEFT",
          "position": {
            "x": 361.47662353515625,
            "y": 139.1727752685547,
            "z": -9.156388282775879
          }
        },
        {
          "type": "NOSE_BOTTOM_CENTER",
          "position": {
            "x": 363.3939208984375,
            "y": 142.00149536132812,
            "z": -19.832069396972656
          }
        },
        {
          "type": "LEFT_EYE_TOP_BOUNDARY",
          "position": {
            "x": 358.1858825683594,
            "y": 116.2116470336914,
            "z": -0.9119395017623901
          }
        },
        {
          "type": "LEFT_EYE_RIGHT_CORNER",
          "position": {
            "x": 363.86480712890625,
            "y": 119.42796325683594,
            "z": -4.5840373039245605
          }
        },
        {
          "type": "LEFT_EYE_BOTTOM_BOUNDARY",
          "position": {
            "x": 359.958740234375,
            "y": 121.13966369628906,
            "z": 0.06650061160326004
          }
        },
        {
          "type": "LEFT_EYE_LEFT_CORNER",
          "position": {
            "x": 357.8642272949219,
            "y": 119.15187072753906,
            "z": 7.598433971405029
          }
        },
        {
          "type": "LEFT_EYE_PUPIL",
          "position": {
            "x": 358.8942565917969,
            "y": 118.63845825195312,
            "z": 0.31036919355392456
          }
        },
        {
          "type": "RIGHT_EYE_TOP_BOUNDARY",
          "position": {
            "x": 380.1109924316406,
            "y": 115.10333251953125,
            "z": -26.850603103637695
          }
        },
        {
          "type": "RIGHT_EYE_RIGHT_CORNER",
          "position": {
            "x": 388.45550537109375,
            "y": 117.6830825805664,
            "z": -28.62255859375
          }
        },
        {
          "type": "RIGHT_EYE_BOTTOM_BOUNDARY",
          "position": {
            "x": 380.96490478515625,
            "y": 119.77822875976562,
            "z": -25.707305908203125
          }
        },
        {
          "type": "RIGHT_EYE_LEFT_CORNER",
          "position": {
            "x": 377.0445251464844,
            "y": 118.1771469116211,
            "z": -20.10718536376953
          }
        },
        {
          "type": "RIGHT_EYE_PUPIL",
          "position": {
            "x": 381.3739929199219,
            "y": 117.49235534667969,
            "z": -26.354734420776367
          }
        },
        {
          "type": "LEFT_EYEBROW_UPPER_MIDPOINT",
          "position": {
            "x": 356.0933837890625,
            "y": 106.26077270507812,
            "z": -0.3953017592430115
          }
        },
        {
          "type": "RIGHT_EYEBROW_UPPER_MIDPOINT",
          "position": {
            "x": 379.9272766113281,
            "y": 105.0409927368164,
            "z": -28.534025192260742
          }
        },
        {
          "type": "LEFT_EAR_TRAGION",
          "position": {
            "x": 377.7933044433594,
            "y": 138.05706787109375,
            "z": 43.056793212890625
          }
        },
        {
          "type": "RIGHT_EAR_TRAGION",
          "position": {
            "x": 427.3446960449219,
            "y": 135.42584228515625,
            "z": -15.845659255981445
          }
        },
        {
          "type": "FOREHEAD_GLABELLA",
          "position": {
            "x": 365.00048828125,
            "y": 109.11802673339844,
            "z": -17.167987823486328
          }
        },
        {
          "type": "CHIN_GNATHION",
          "position": {
            "x": 366.8677978515625,
            "y": 177.7899169921875,
            "z": -17.451173782348633
          }
        },
        {
          "type": "CHIN_LEFT_GONION",
          "position": {
            "x": 369.2712097167969,
            "y": 158.96710205078125,
            "z": 30.064775466918945
          }
        },
        {
          "type": "CHIN_RIGHT_GONION",
          "position": {
            "x": 414.3334045410156,
            "y": 156.69403076171875,
            "z": -23.13593864440918
          }
        }
      ],
      "rollAngle": 0.8574011325836182,
      "panAngle": -49.79815673828125,
      "tiltAngle": 3.1732726097106934,
      "detectionConfidence": 0.9899895191192627,
      "landmarkingConfidence": 0.7152230739593506,
      "joyLikelihood": "VERY_LIKELY",
      "sorrowLikelihood": "VERY_UNLIKELY",
      "angerLikelihood": "VERY_UNLIKELY",
      "surpriseLikelihood": "VERY_UNLIKELY",
      "underExposedLikelihood": "VERY_UNLIKELY",
      "blurredLikelihood": "VERY_UNLIKELY",
      "headwearLikelihood": "VERY_UNLIKELY"
    }
  ]
}
