{
  "faceAnnotations": [
    {
      "boundingPoly": {
        "vertices": [
          {
            "x": 153,
            "y": 39
          },
          {
            "x": 282,
            "y": 39
          },
          {
            "x": 282,
            "y": 189
          },
          {
            "x": 153,
            "y": 189
          }
        ]
      },
      "fdBoundingPoly": {
        "vertices": [
          {
            "x": 183,
            "y": 77
          },
          {
            "x": 276,
            "y": 77
          },
          {
            "x": 276,
            "y": 170
          },
          {
            "x": 183,
            "y": 170
          }
        ]
      },
      "landmarks": [
        {
          "type": "LEFT_EYE",
          "position": {
            "x": 222.87118530273438,
            "y": 107.26551055908203,
            "z": -0.0005916323279961944
          }
        },
        {
          "type": "RIGHT_EYE",
          "position": {
            "x": 252.4722442626953,
            "y": 106.13700103759766,
            "z": 20.374544143676758
          }
        },
        {
          "type": "LEFT_OF_LEFT_EYEBROW",
          "position": {
            "x": 207.3753204345703,
            "y": 100.29713439941406,
            "z": -5.240488529205322
          }
        },
        {
          "type": "RIGHT_OF_LEFT_EYEBROW",
          "position": {
            "x": 233.02085876464844,
            "y": 98.93975830078125,
            "z": -1.7059216499328613
          }
        },
        {
          "type": "LEFT_OF_RIGHT_EYEBROW",
          "position": {
            "x": 248.94989013671875,
            "y": 97.1395263671875,
            "z": 8.722009658813477
          }
        },
        {
          "type": "RIGHT_OF_RIGHT_EYEBROW",
          "position": {
            "x": 261.8469543457031,
            "y": 96.16891479492188,
            "z": 30.91230583190918
          }
        },
        {
          "type": "MIDPOINT_BETWEEN_EYES",
          "position": {
            "x": 242.49481201171875,
            "y": 105.16961669921875,
            "z": 3.113645553588867
          }
        },
        {
          "type": "NOSE_TIP",
          "position": {
            "x": 249.68841552734375,
            "y": 127.79362487792969,
            "z": -5.827513217926025
          }
        },
        {
          "type": "UPPER_LIP",
          "position": {
            "x": 244.2816619873047,
            "y": 141.73822021484375,
            "z": 2.2209577560424805
          }
        },
        {
          "type": "LOWER_LIP",
          "position": {
            "x": 243.94989013671875,
            "y": 157.97801208496094,
            "z": 5.104027271270752
          }
        },
        {
          "type": "MOUTH_LEFT",
          "position": {
            "x": 221.69271850585938,
            "y": 146.73272705078125,
            "z": 2.6234731674194336
          }
        },
        {
          "type": "MOUTH_RIGHT",
          "position": {
            "x": 252.4129180908203,
            "y": 145.6352996826172,
            "z": 20.03300666809082
          }
        },
        {
          "type": "MOUTH_CENTER",
          "position": {
            "x": 243.279541015625,
            "y": 149.50656127929688,
            "z": 4.861006736755371
          }
        },
        {
          "type": "NOSE_BOTTOM_RIGHT",
          "position": {
            "x": 250.16781616210938,
            "y": 130.4986114501953,
            "z": 12.860668182373047
          }
        },
        {
          "type": "NOSE_BOTTOM_LEFT",
          "position": {
            "x": 232.1956787109375,
            "y": 130.03048706054688,
            "z": 0.8739011287689209
          }
        },
        {
          "type": "NOSE_BOTTOM_CENTER",
          "position": {
            "x": 244.79600524902344,
            "y": 133.4730987548828,
            "z": 1.821610927581787
          }
        },
        {
          "type": "LEFT_EYE_TOP_BOUNDARY",
          "position": {
            "x": 222.5013885498047,
            "y": 105.25397491455078,
            "z": -3.042860269546509
          }
        },
        {
          "type": "LEFT_EYE_RIGHT_CORNER",
          "position": {
            "x": 228.36146545410156,
            "y": 108.34706115722656,
            "z": 3.824065685272217
          }
        },
        {
          "type": "LEFT_EYE_BOTTOM_BOUNDARY",
          "position": {
            "x": 221.89401245117188,
            "y": 110.11154174804688,
            "z": -0.954338014125824
          }
        },
        {
          "type": "LEFT_EYE_LEFT_CORNER",
          "position": {
            "x": 212.3909454345703,
            "y": 108.71034240722656,
            "z": -2.124075412750244
          }
        },
        {
          "type": "LEFT_EYE_PUPIL",
          "position": {
            "x": 221.19094848632812,
            "y": 107.97549438476562,
            "z": -1.9632517099380493
          }
        },
        {
          "type": "RIGHT_EYE_TOP_BOUNDARY",
          "position": {
            "x": 254.76914978027344,
            "y": 103.2503662109375,
            "z": 18.587112426757812
          }
        },
        {
          "type": "RIGHT_EYE_RIGHT_CORNER",
          "position": {
            "x": 257.90399169921875,
            "y": 105.70137786865234,
            "z": 28.125518798828125
          }
        },
        {
          "type": "RIGHT_EYE_BOTTOM_BOUNDARY",
          "position": {
            "x": 253.6334991455078,
            "y": 108.65535736083984,
            "z": 20.60203742980957
          }
        },
        {
          "type": "RIGHT_EYE_LEFT_CORNER",
          "position": {
            "x": 246.99818420410156,
            "y": 107.00753784179688,
            "z": 16.649065017700195
          }
        },
        {
          "type": "RIGHT_EYE_PUPIL",
          "position": {
            "x": 254.353515625,
            "y": 105.93922424316406,
            "z": 20.20624542236328
          }
        },
        {
          "type": "LEFT_EYEBROW_UPPER_MIDPOINT",
          "position": {
            "x": 221.64889526367188,
            "y": 94.09011840820312,
            "z": -5.911996364593506
          }
        },
        {
          "type": "RIGHT_EYEBROW_UPPER_MIDPOINT",
          "position": {
            "x": 256.7239990234375,
            "y": 91.8918685913086,
            "z": 17.563457489013672
          }
        },
        {
          "type": "LEFT_EAR_TRAGION",
          "position": {
            "x": 173.9829864501953,
            "y": 129.14883422851562,
            "z": 26.08687973022461
          }
        },
        {
          "type": "RIGHT_EAR_TRAGION",
          "position": {
            "x": 248.04750061035156,
            "y": 123.98152923583984,
            "z": 75.16857147216797
          }
        },
        {
          "type": "FOREHEAD_GLABELLA",
          "position": {
            "x": 241.92808532714844,
            "y": 97.12810516357422,
            "z": 2.1804709434509277
          }
        },
        {
          "type": "CHIN_GNATHION",
          "position": {
            "x": 241.4979705810547,
            "y": 173.19265747070312,
            "z": 9.881778717041016
          }
        },
        {
          "type": "CHIN_LEFT_GONION",
          "position": {
            "x": 188.1167755126953,
            "y": 153.14024353027344,
            "z": 15.765507698059082
          }
        },
        {
          "type": "CHIN_RIGHT_GONION",
          "position": {
            "x": 254.4546661376953,
            "y": 148.91845703125,
            "z": 60.209388732910156
          }
        }
      ],
      "rollAngle": -2.64353346824646,
      "panAngle": 33.76435089111328,
      "tiltAngle": -1.407677412033081,
      "detectionConfidence": 0.9758609533309937,
      "landmarkingConfidence": 0.7037429213523865,
      "joyLikelihood": "VERY_LIKELY",
      "sorrowLikelihood": "VERY_UNLIKELY",
      "angerLikelihood": "VERY_UNLIKELY",
      "surpriseLikelihood": "VERY_UNLIKELY",
      "underExposedLikelihood": "VERY_UNLIKELY",
      "blurredLikelihood": "VERY_UNLIKELY",
      "headwearLikelihood": "VERY_UNLIKELY"
    },
    {
      "boundingPoly": {
        "vertices": [
          {
            "x": 452,
            "y": 45
          },
          {
            "x": 562,
            "y": 45
          },
          {
            "x": 562,
            "y": 173
          },
          {
            "x": 452,
            "y": 173
          }
        ]
      },
      "fdBoundingPoly": {
        "vertices": [
          {
            "x": 453,
            "y": 74
          },
          {
            "x": 535,
            "y": 74
          },
          {
            "x": 535,
            "y": 156
          },
          {
            "x": 453,
            "y": 156
          }
        ]
      },
      "landmarks": [
        {
          "type": "LEFT_EYE",
          "position": {
            "x": 474.66864013671875,
            "y": 105.14096069335938,
            "z": -0.00047639617696404457
          }
        },
        {
          "type": "RIGHT_EYE",
          "position": {
            "x": 478.93695068359375,
            "y": 102.31353759765625,
            "z": -32.68057632446289
          }
        },
        {
          "type": "LEFT_OF_LEFT_EYEBROW",
          "position": {
            "x": 476.0989685058594,
            "y": 98.21067810058594,
            "z": 12.087667465209961
          }
        },
        {
          "type": "RIGHT_OF_LEFT_EYEBROW",
          "position": {
            "x": 469.15594482421875,
            "y": 96.55962371826172,
            "z": -8.565773963928223
          }
        },
        {
          "type": "LEFT_OF_RIGHT_EYEBROW",
          "position": {
            "x": 471.2305908203125,
            "y": 95.18557739257812,
            "z": -24.48587417602539
          }
        },
        {
          "type": "RIGHT_OF_RIGHT_EYEBROW",
          "position": {
            "x": 483.2325439453125,
            "y": 93.4695816040039,
            "z": -42.66093063354492
          }
        },
        {
          "type": "MIDPOINT_BETWEEN_EYES",
          "position": {
            "x": 469.9020080566406,
            "y": 102.87060546875,
            "z": -17.17351722717285
          }
        },
        {
          "type": "NOSE_TIP",
          "position": {
            "x": 459.85699462890625,
            "y": 122.11650085449219,
            "z": -20.07097625732422
          }
        },
        {
          "type": "UPPER_LIP",
          "position": {
            "x": 468.8267517089844,
            "y": 133.8069610595703,
            "z": -19.99710464477539
          }
        },
        {
          "type": "LOWER_LIP",
          "position": {
            "x": 471.5688781738281,
            "y": 145.2166748046875,
            "z": -20.62845230102539
          }
        },
        {
          "type": "MOUTH_LEFT",
          "position": {
            "x": 476.1690368652344,
            "y": 139.5848388671875,
            "z": -6.32261848449707
          }
        },
        {
          "type": "MOUTH_RIGHT",
          "position": {
            "x": 479.5226135253906,
            "y": 137.35153198242188,
            "z": -32.106040954589844
          }
        },
        {
          "type": "MOUTH_CENTER",
          "position": {
            "x": 471.4559020996094,
            "y": 139.10231018066406,
            "z": -20.11149024963379
          }
        },
        {
          "type": "NOSE_BOTTOM_RIGHT",
          "position": {
            "x": 474.70025634765625,
            "y": 123.42376708984375,
            "z": -27.521360397338867
          }
        },
        {
          "type": "NOSE_BOTTOM_LEFT",
          "position": {
            "x": 472.3642578125,
            "y": 124.97373962402344,
            "z": -9.560843467712402
          }
        },
        {
          "type": "NOSE_BOTTOM_CENTER",
          "position": {
            "x": 468.4878845214844,
            "y": 126.98774719238281,
            "z": -19.44658088684082
          }
        },
        {
          "type": "LEFT_EYE_TOP_BOUNDARY",
          "position": {
            "x": 472.4229431152344,
            "y": 102.86827087402344,
            "z": -0.055420052260160446
          }
        },
        {
          "type": "LEFT_EYE_RIGHT_CORNER",
          "position": {
            "x": 475.69561767578125,
            "y": 104.79383850097656,
            "z": -6.51421594619751
          }
        },
        {
          "type": "LEFT_EYE_BOTTOM_BOUNDARY",
          "position": {
            "x": 474.4925842285156,
            "y": 107.33370971679688,
            "z": -0.1840217262506485
          }
        },
        {
          "type": "LEFT_EYE_LEFT_CORNER",
          "position": {
            "x": 476.8802795410156,
            "y": 105.72285461425781,
            "z": 6.958725452423096
          }
        },
        {
          "type": "LEFT_EYE_PUPIL",
          "position": {
            "x": 473.8493957519531,
            "y": 105.15037536621094,
            "z": 0.46752381324768066
          }
        },
        {
          "type": "RIGHT_EYE_TOP_BOUNDARY",
          "position": {
            "x": 476.6974182128906,
            "y": 100.03398132324219,
            "z": -32.83150863647461
          }
        },
        {
          "type": "RIGHT_EYE_RIGHT_CORNER",
          "position": {
            "x": 482.8523254394531,
            "y": 101.76028442382812,
            "z": -38.84621047973633
          }
        },
        {
          "type": "RIGHT_EYE_BOTTOM_BOUNDARY",
          "position": {
            "x": 478.7590637207031,
            "y": 104.5028076171875,
            "z": -32.92705535888672
          }
        },
        {
          "type": "RIGHT_EYE_LEFT_CORNER",
          "position": {
            "x": 478.2547302246094,
            "y": 103.09503173828125,
            "z": -26.155576705932617
          }
        },
        {
          "type": "RIGHT_EYE_PUPIL",
          "position": {
            "x": 478.1889343261719,
            "y": 102.24967193603516,
            "z": -33.1721076965332
          }
        },
        {
          "type": "LEFT_EYEBROW_UPPER_MIDPOINT",
          "position": {
            "x": 470.3292541503906,
            "y": 93.39884948730469,
            "z": 1.924630045890808
          }
        },
        {
          "type": "RIGHT_EYEBROW_UPPER_MIDPOINT",
          "position": {
            "x": 474.96221923828125,
            "y": 90.32293701171875,
            "z": -33.64577865600586
          }
        },
        {
          "type": "LEFT_EAR_TRAGION",
          "position": {
            "x": 513.16796875,
            "y": 122.35791015625,
            "z": 25.01581382751465
          }
        },
        {
          "type": "RIGHT_EAR_TRAGION",
          "position": {
            "x": 523.9650268554688,
            "y": 115.96418762207031,
            "z": -50.11711502075195
          }
        },
        {
          "type": "FOREHEAD_GLABELLA",
          "position": {
            "x": 468.94134521484375,
            "y": 95.47865295410156,
            "z": -16.66063690185547
          }
        },
        {
          "type": "CHIN_GNATHION",
          "position": {
            "x": 476.6529541015625,
            "y": 159.9708709716797,
            "z": -21.244230270385742
          }
        },
        {
          "type": "CHIN_LEFT_GONION",
          "position": {
            "x": 500.85968017578125,
            "y": 143.41986083984375,
            "z": 17.900972366333008
          }
        },
        {
          "type": "CHIN_RIGHT_GONION",
          "position": {
            "x": 509.6386413574219,
            "y": 137.66824340820312,
            "z": -49.557411193847656
          }
        }
      ],
      "rollAngle": -1.5808950662612915,
      "panAngle": -82.45387268066406,
      "tiltAngle": 4.745876789093018,
      "detectionConfidence": 0.5892152190208435,
      "landmarkingConfidence": 0.1367420256137848,
      "joyLikelihood": "VERY_UNLIKELY",
      "sorrowLikelihood": "VERY_UNLIKELY",
      "angerLikelihood": "VERY_UNLIKELY",
      "surpriseLikelihood": "VERY_UNLIKELY",
      "underExposedLikelihood": "VERY_UNLIKELY",
      "blurredLikelihood": "VERY_UNLIKELY",
      "headwearLikelihood": "VERY_UNLIKELY"
    }
  ]
}
