{
  "faceAnnotations": [
    {
      "boundingPoly": {
        "vertices": [
          {
            "x": 3342,
            "y": 417
          },
          {
            "x": 4344,
            "y": 417
          },
          {
            "x": 4344,
            "y": 1583
          },
          {
            "x": 3342,
            "y": 1583
          }
        ]
      },
      "fdBoundingPoly": {
        "vertices": [
          {
            "x": 3561,
            "y": 685
          },
          {
            "x": 4353,
            "y": 685
          },
          {
            "x": 4353,
            "y": 1477
          },
          {
            "x": 3561,
            "y": 1477
          }
        ]
      },
      "landmarks": [
        {
          "type": "LEFT_EYE",
          "position": {
            "x": 3941.99462890625,
            "y": 924.153076171875,
            "z": 0.0009596270392648876
          }
        },
        {
          "type": "RIGHT_EYE",
          "position": {
            "x": 4159.03857421875,
            "y": 969.3805541992188,
            "z": 194.48043823242188
          }
        },
        {
          "type": "LEFT_OF_LEFT_EYEBROW",
          "position": {
            "x": 3851.7685546875,
            "y": 827.3004760742188,
            "z": -38.70467758178711
          }
        },
        {
          "type": "RIGHT_OF_LEFT_EYEBROW",
          "position": {
            "x": 4042.74462890625,
            "y": 856.384033203125,
            "z": 13.71522045135498
          }
        },
        {
          "type": "LEFT_OF_RIGHT_EYEBROW",
          "position": {
            "x": 4150.85498046875,
            "y": 883.0034790039062,
            "z": 109.62449645996094
          }
        },
        {
          "type": "RIGHT_OF_RIGHT_EYEBROW",
          "position": {
            "x": 4224.74658203125,
            "y": 918.506103515625,
            "z": 292.187255859375
          }
        },
        {
          "type": "MIDPOINT_BETWEEN_EYES",
          "position": {
            "x": 4092.603759765625,
            "y": 922.8707275390625,
            "z": 50.300350189208984
          }
        },
        {
          "type": "NOSE_TIP",
          "position": {
            "x": 4136.32421875,
            "y": 1094.76953125,
            "z": -39.56761169433594
          }
        },
        {
          "type": "UPPER_LIP",
          "position": {
            "x": 4069.280029296875,
            "y": 1209.128173828125,
            "z": -0.8156062364578247
          }
        },
        {
          "type": "LOWER_LIP",
          "position": {
            "x": 4040.544189453125,
            "y": 1322.35791015625,
            "z": 1.4057384729385376
          }
        },
        {
          "type": "MOUTH_LEFT",
          "position": {
            "x": 3869.8603515625,
            "y": 1220.020751953125,
            "z": -24.442930221557617
          }
        },
        {
          "type": "MOUTH_RIGHT",
          "position": {
            "x": 4096.51806640625,
            "y": 1276.5203857421875,
            "z": 132.49961853027344
          }
        },
        {
          "type": "MOUTH_CENTER",
          "position": {
            "x": 4046.105712890625,
            "y": 1257.648681640625,
            "z": 9.859668731689453
          }
        },
        {
          "type": "NOSE_BOTTOM_RIGHT",
          "position": {
            "x": 4110.53076171875,
            "y": 1139.8555908203125,
            "z": 99.30865478515625
          }
        },
        {
          "type": "NOSE_BOTTOM_LEFT",
          "position": {
            "x": 3990.4404296875,
            "y": 1106.0523681640625,
            "z": -8.8648042678833
          }
        },
        {
          "type": "NOSE_BOTTOM_CENTER",
          "position": {
            "x": 4089.80908203125,
            "y": 1143.2945556640625,
            "z": 5.992372035980225
          }
        },
        {
          "type": "LEFT_EYE_TOP_BOUNDARY",
          "position": {
            "x": 3953.415771484375,
            "y": 894.0577392578125,
            "z": -15.217036247253418
          }
        },
        {
          "type": "LEFT_EYE_RIGHT_CORNER",
          "position": {
            "x": 3978.408935546875,
            "y": 932.845947265625,
            "z": 37.01646041870117
          }
        },
        {
          "type": "LEFT_EYE_BOTTOM_BOUNDARY",
          "position": {
            "x": 3936.329833984375,
            "y": 935.337890625,
            "z": -7.1707940101623535
          }
        },
        {
          "type": "LEFT_EYE_LEFT_CORNER",
          "position": {
            "x": 3874.10888671875,
            "y": 905.5780639648438,
            "z": -21.377918243408203
          }
        },
        {
          "type": "LEFT_EYE_PUPIL",
          "position": {
            "x": 3938.5185546875,
            "y": 913.5321044921875,
            "z": -11.570338249206543
          }
        },
        {
          "type": "RIGHT_EYE_TOP_BOUNDARY",
          "position": {
            "x": 4175.982421875,
            "y": 948.7117919921875,
            "z": 182.43350219726562
          }
        },
        {
          "type": "RIGHT_EYE_RIGHT_CORNER",
          "position": {
            "x": 4185.56396484375,
            "y": 982.0232543945312,
            "z": 255.16151428222656
          }
        },
        {
          "type": "RIGHT_EYE_BOTTOM_BOUNDARY",
          "position": {
            "x": 4158.92919921875,
            "y": 989.5494384765625,
            "z": 190.3044891357422
          }
        },
        {
          "type": "RIGHT_EYE_LEFT_CORNER",
          "position": {
            "x": 4114.10205078125,
            "y": 960.869873046875,
            "z": 155.9161376953125
          }
        },
        {
          "type": "RIGHT_EYE_PUPIL",
          "position": {
            "x": 4167.31689453125,
            "y": 969.6621704101562,
            "z": 191.00772094726562
          }
        },
        {
          "type": "LEFT_EYEBROW_UPPER_MIDPOINT",
          "position": {
            "x": 3964.698974609375,
            "y": 804.4369506835938,
            "z": -23.44672203063965
          }
        },
        {
          "type": "RIGHT_EYEBROW_UPPER_MIDPOINT",
          "position": {
            "x": 4206.4736328125,
            "y": 863.9796142578125,
            "z": 190.96478271484375
          }
        },
        {
          "type": "LEFT_EAR_TRAGION",
          "position": {
            "x": 3527.85888671875,
            "y": 1031.7308349609375,
            "z": 130.67514038085938
          }
        },
        {
          "type": "RIGHT_EAR_TRAGION",
          "position": {
            "x": 4032.9853515625,
            "y": 1155.9686279296875,
            "z": 580.4689331054688
          }
        },
        {
          "type": "FOREHEAD_GLABELLA",
          "position": {
            "x": 4105.08349609375,
            "y": 865.4029541015625,
            "z": 53.30206298828125
          }
        },
        {
          "type": "CHIN_GNATHION",
          "position": {
            "x": 4009.6650390625,
            "y": 1456.90478515625,
            "z": 10.306163787841797
          }
        },
        {
          "type": "CHIN_LEFT_GONION",
          "position": {
            "x": 3610.1455078125,
            "y": 1226.2470703125,
            "z": 34.79972457885742
          }
        },
        {
          "type": "CHIN_RIGHT_GONION",
          "position": {
            "x": 4067.120849609375,
            "y": 1337.6865234375,
            "z": 440.50677490234375
          }
        }
      ],
      "rollAngle": 7.148497104644775,
      "panAngle": 41.20204162597656,
      "tiltAngle": 7.640739917755127,
      "detectionConfidence": 0.8947846293449402,
      "landmarkingConfidence": 0.3653723895549774,
      "joyLikelihood": "VERY_LIKELY",
      "sorrowLikelihood": "VERY_UNLIKELY",
      "angerLikelihood": "VERY_UNLIKELY",
      "surpriseLikelihood": "VERY_UNLIKELY",
      "underExposedLikelihood": "VERY_UNLIKELY",
      "blurredLikelihood": "VERY_UNLIKELY",
      "headwearLikelihood": "VERY_UNLIKELY"
    },
    {
      "boundingPoly": {
        "vertices": [
          {
            "x": 1234,
            "y": 464
          },
          {
            "x": 2271,
            "y": 464
          },
          {
            "x": 2271,
            "y": 1670
          },
          {
            "x": 1234,
            "y": 1670
          }
        ]
      },
      "fdBoundingPoly": {
        "vertices": [
          {
            "x": 1384,
            "y": 746
          },
          {
            "x": 2264,
            "y": 746
          },
          {
            "x": 2264,
            "y": 1626
          },
          {
            "x": 1384,
            "y": 1626
          }
        ]
      },
      "landmarks": [
        {
          "type": "LEFT_EYE",
          "position": {
            "x": 1956.6337890625,
            "y": 1040.5723876953125,
            "z": 0.002137991366907954
          }
        },
        {
          "type": "RIGHT_EYE",
          "position": {
            "x": 2097.448486328125,
            "y": 1047.4542236328125,
            "z": 288.7605895996094
          }
        },
        {
          "type": "LEFT_OF_LEFT_EYEBROW",
          "position": {
            "x": 1897.0145263671875,
            "y": 964.3840942382812,
            "z": -82.97049713134766
          }
        },
        {
          "type": "RIGHT_OF_LEFT_EYEBROW",
          "position": {
            "x": 2052.8935546875,
            "y": 981.65771484375,
            "z": 46.8675422668457
          }
        },
        {
          "type": "LEFT_OF_RIGHT_EYEBROW",
          "position": {
            "x": 2123.939453125,
            "y": 978.6088256835938,
            "z": 184.6237030029297
          }
        },
        {
          "type": "RIGHT_OF_RIGHT_EYEBROW",
          "position": {
            "x": 2122.39599609375,
            "y": 971.3006591796875,
            "z": 391.6871337890625
          }
        },
        {
          "type": "MIDPOINT_BETWEEN_EYES",
          "position": {
            "x": 2083.982421875,
            "y": 1039.0919189453125,
            "z": 116.35237884521484
          }
        },
        {
          "type": "NOSE_TIP",
          "position": {
            "x": 2160.5625,
            "y": 1237.306640625,
            "z": 82.85670471191406
          }
        },
        {
          "type": "UPPER_LIP",
          "position": {
            "x": 2072.829345703125,
            "y": 1340.78955078125,
            "z": 120.01384735107422
          }
        },
        {
          "type": "LOWER_LIP",
          "position": {
            "x": 2037.3056640625,
            "y": 1444.377197265625,
            "z": 134.35723876953125
          }
        },
        {
          "type": "MOUTH_LEFT",
          "position": {
            "x": 1930.214599609375,
            "y": 1359.5408935546875,
            "z": 43.96747589111328
          }
        },
        {
          "type": "MOUTH_RIGHT",
          "position": {
            "x": 2042.197998046875,
            "y": 1375.49560546875,
            "z": 269.9183349609375
          }
        },
        {
          "type": "MOUTH_CENTER",
          "position": {
            "x": 2043.5972900390625,
            "y": 1386.403564453125,
            "z": 132.30511474609375
          }
        },
        {
          "type": "NOSE_BOTTOM_RIGHT",
          "position": {
            "x": 2075.189453125,
            "y": 1244.3466796875,
            "z": 214.58236694335938
          }
        },
        {
          "type": "NOSE_BOTTOM_LEFT",
          "position": {
            "x": 2002.9449462890625,
            "y": 1243.382568359375,
            "z": 59.56911087036133
          }
        },
        {
          "type": "NOSE_BOTTOM_CENTER",
          "position": {
            "x": 2082.865966796875,
            "y": 1283.534423828125,
            "z": 116.99219512939453
          }
        },
        {
          "type": "LEFT_EYE_TOP_BOUNDARY",
          "position": {
            "x": 1981.2384033203125,
            "y": 1023.88916015625,
            "z": -7.2151665687561035
          }
        },
        {
          "type": "LEFT_EYE_RIGHT_CORNER",
          "position": {
            "x": 1985.169921875,
            "y": 1045.5313720703125,
            "z": 60.26653289794922
          }
        },
        {
          "type": "LEFT_EYE_BOTTOM_BOUNDARY",
          "position": {
            "x": 1959.689208984375,
            "y": 1064.216796875,
            "z": 2.5770318508148193
          }
        },
        {
          "type": "LEFT_EYE_LEFT_CORNER",
          "position": {
            "x": 1906.83154296875,
            "y": 1039.5411376953125,
            "z": -41.37116241455078
          }
        },
        {
          "type": "LEFT_EYE_PUPIL",
          "position": {
            "x": 1964.447265625,
            "y": 1043.65380859375,
            "z": -5.045342922210693
          }
        },
        {
          "type": "RIGHT_EYE_TOP_BOUNDARY",
          "position": {
            "x": 2116.4326171875,
            "y": 1028.1875,
            "z": 277.1839599609375
          }
        },
        {
          "type": "RIGHT_EYE_RIGHT_CORNER",
          "position": {
            "x": 2095.578125,
            "y": 1045.4305419921875,
            "z": 355.9853820800781
          }
        },
        {
          "type": "RIGHT_EYE_BOTTOM_BOUNDARY",
          "position": {
            "x": 2095.594482421875,
            "y": 1068.5830078125,
            "z": 286.72943115234375
          }
        },
        {
          "type": "RIGHT_EYE_LEFT_CORNER",
          "position": {
            "x": 2066.635498046875,
            "y": 1048.343994140625,
            "z": 230.69419860839844
          }
        },
        {
          "type": "RIGHT_EYE_PUPIL",
          "position": {
            "x": 2103.478759765625,
            "y": 1048.19482421875,
            "z": 286.5904846191406
          }
        },
        {
          "type": "LEFT_EYEBROW_UPPER_MIDPOINT",
          "position": {
            "x": 2000.173095703125,
            "y": 934.9081420898438,
            "z": -29.76701545715332
          }
        },
        {
          "type": "RIGHT_EYEBROW_UPPER_MIDPOINT",
          "position": {
            "x": 2146.820068359375,
            "y": 939.447021484375,
            "z": 278.82330322265625
          }
        },
        {
          "type": "LEFT_EAR_TRAGION",
          "position": {
            "x": 1507.9794921875,
            "y": 1146.943603515625,
            "z": -5.688442707061768
          }
        },
        {
          "type": "RIGHT_EAR_TRAGION",
          "position": {
            "x": 1814.5499267578125,
            "y": 1156.215576171875,
            "z": 640.068359375
          }
        },
        {
          "type": "FOREHEAD_GLABELLA",
          "position": {
            "x": 2102.001708984375,
            "y": 975.1220703125,
            "z": 110.38623809814453
          }
        },
        {
          "type": "CHIN_GNATHION",
          "position": {
            "x": 1969.76708984375,
            "y": 1577.207763671875,
            "z": 161.32977294921875
          }
        },
        {
          "type": "CHIN_LEFT_GONION",
          "position": {
            "x": 1613.2242431640625,
            "y": 1365.76611328125,
            "z": -21.53610610961914
          }
        },
        {
          "type": "CHIN_RIGHT_GONION",
          "position": {
            "x": 1891.1375732421875,
            "y": 1371.8447265625,
            "z": 562.6618041992188
          }
        }
      ],
      "rollAngle": 6.5659499168396,
      "panAngle": 64.67646026611328,
      "tiltAngle": -2.274871826171875,
      "detectionConfidence": 0.7224891185760498,
      "landmarkingConfidence": 0.29485535621643066,
      "joyLikelihood": "UNLIKELY",
      "sorrowLikelihood": "VERY_UNLIKELY",
      "angerLikelihood": "VERY_UNLIKELY",
      "surpriseLikelihood": "VERY_UNLIKELY",
      "underExposedLikelihood": "VERY_UNLIKELY",
      "blurredLikelihood": "VERY_UNLIKELY",
      "headwearLikelihood": "VERY_UNLIKELY"
    }
  ]
}
