{
  "faceAnnotations": [
    {
      "boundingPoly": {
        "vertices": [
          {
            "x": 134,
            "y": 82
          },
          {
            "x": 212,
            "y": 82
          },
          {
            "x": 212,
            "y": 172
          },
          {
            "x": 134,
            "y": 172
          }
        ]
      },
      "fdBoundingPoly": {
        "vertices": [
          {
            "x": 146,
            "y": 104
          },
          {
            "x": 205,
            "y": 104
          },
          {
            "x": 205,
            "y": 164
          },
          {
            "x": 146,
            "y": 164
          }
        ]
      },
      "landmarks": [
        {
          "type": "LEFT_EYE",
          "position": {
            "x": 168.58224487304688,
            "y": 125.33023834228516,
            "z": 0.0004673842922784388
          }
        },
        {
          "type": "RIGHT_EYE",
          "position": {
            "x": 188.97596740722656,
            "y": 119.65615844726562,
            "z": 8.07648754119873
          }
        },
        {
          "type": "LEFT_OF_LEFT_EYEBROW",
          "position": {
            "x": 157.49075317382812,
            "y": 122.34896850585938,
            "z": -0.9954588413238525
          }
        },
        {
          "type": "RIGHT_OF_LEFT_EYEBROW",
          "position": {
            "x": 172.75003051757812,
            "y": 118.00980377197266,
            "z": -2.605292797088623
          }
        },
        {
          "type": "LEFT_OF_RIGHT_EYEBROW",
          "position": {
            "x": 183.49090576171875,
            "y": 115.28553771972656,
            "z": 1.4420372247695923
          }
        },
        {
          "type": "RIGHT_OF_RIGHT_EYEBROW",
          "position": {
            "x": 193.69354248046875,
            "y": 112.30876159667969,
            "z": 12.709385871887207
          }
        },
        {
          "type": "MIDPOINT_BETWEEN_EYES",
          "position": {
            "x": 179.3408966064453,
            "y": 120.91817474365234,
            "z": -0.7864190340042114
          }
        },
        {
          "type": "NOSE_TIP",
          "position": {
            "x": 186.63800048828125,
            "y": 134.39244079589844,
            "z": -6.944540977478027
          }
        },
        {
          "type": "UPPER_LIP",
          "position": {
            "x": 185.75778198242188,
            "y": 142.17666625976562,
            "z": -1.43747079372406
          }
        },
        {
          "type": "LOWER_LIP",
          "position": {
            "x": 187.72238159179688,
            "y": 150.9827880859375,
            "z": 0.45459651947021484
          }
        },
        {
          "type": "MOUTH_LEFT",
          "position": {
            "x": 173.44053649902344,
            "y": 148.1157684326172,
            "z": 1.661144733428955
          }
        },
        {
          "type": "MOUTH_RIGHT",
          "position": {
            "x": 193.47268676757812,
            "y": 141.9733123779297,
            "z": 8.391359329223633
          }
        },
        {
          "type": "MOUTH_CENTER",
          "position": {
            "x": 186.44961547851562,
            "y": 146.390380859375,
            "z": 0.33154091238975525
          }
        },
        {
          "type": "NOSE_BOTTOM_RIGHT",
          "position": {
            "x": 189.2487030029297,
            "y": 134.7013702392578,
            "z": 4.1564717292785645
          }
        },
        {
          "type": "NOSE_BOTTOM_LEFT",
          "position": {
            "x": 177.55450439453125,
            "y": 138.43496704101562,
            "z": -0.5531275272369385
          }
        },
        {
          "type": "NOSE_BOTTOM_CENTER",
          "position": {
            "x": 185.15870666503906,
            "y": 138.1874542236328,
            "z": -1.6534981727600098
          }
        },
        {
          "type": "LEFT_EYE_TOP_BOUNDARY",
          "position": {
            "x": 167.8165283203125,
            "y": 123.80498504638672,
            "z": -1.8018505573272705
          }
        },
        {
          "type": "LEFT_EYE_RIGHT_CORNER",
          "position": {
            "x": 171.85610961914062,
            "y": 124.52973937988281,
            "z": 1.484290599822998
          }
        },
        {
          "type": "LEFT_EYE_BOTTOM_BOUNDARY",
          "position": {
            "x": 168.325439453125,
            "y": 127.11827087402344,
            "z": -0.39389753341674805
          }
        },
        {
          "type": "LEFT_EYE_LEFT_CORNER",
          "position": {
            "x": 162.68621826171875,
            "y": 126.91552734375,
            "z": 0.11460494995117188
          }
        },
        {
          "type": "LEFT_EYE_PUPIL",
          "position": {
            "x": 167.5447998046875,
            "y": 125.52687072753906,
            "z": -0.976731538772583
          }
        },
        {
          "type": "RIGHT_EYE_TOP_BOUNDARY",
          "position": {
            "x": 188.94068908691406,
            "y": 117.85304260253906,
            "z": 6.482962608337402
          }
        },
        {
          "type": "RIGHT_EYE_RIGHT_CORNER",
          "position": {
            "x": 192.30938720703125,
            "y": 118.56708526611328,
            "z": 11.703987121582031
          }
        },
        {
          "type": "RIGHT_EYE_BOTTOM_BOUNDARY",
          "position": {
            "x": 189.5297393798828,
            "y": 121.28717041015625,
            "z": 7.900219917297363
          }
        },
        {
          "type": "RIGHT_EYE_LEFT_CORNER",
          "position": {
            "x": 184.59056091308594,
            "y": 121.33580017089844,
            "z": 6.430751800537109
          }
        },
        {
          "type": "RIGHT_EYE_PUPIL",
          "position": {
            "x": 189.24984741210938,
            "y": 119.42164611816406,
            "z": 7.497462272644043
          }
        },
        {
          "type": "LEFT_EYEBROW_UPPER_MIDPOINT",
          "position": {
            "x": 165.48306274414062,
            "y": 117.34607696533203,
            "z": -3.4925448894500732
          }
        },
        {
          "type": "RIGHT_EYEBROW_UPPER_MIDPOINT",
          "position": {
            "x": 188.43699645996094,
            "y": 110.88650512695312,
            "z": 5.498453617095947
          }
        },
        {
          "type": "LEFT_EAR_TRAGION",
          "position": {
            "x": 146.9088134765625,
            "y": 142.327880859375,
            "z": 22.01715087890625
          }
        },
        {
          "type": "RIGHT_EAR_TRAGION",
          "position": {
            "x": 195.1170654296875,
            "y": 128.6929168701172,
            "z": 40.798030853271484
          }
        },
        {
          "type": "FOREHEAD_GLABELLA",
          "position": {
            "x": 178.56735229492188,
            "y": 116.36891174316406,
            "z": -1.4470332860946655
          }
        },
        {
          "type": "CHIN_GNATHION",
          "position": {
            "x": 189.21109008789062,
            "y": 160.94065856933594,
            "z": 3.72381591796875
          }
        },
        {
          "type": "CHIN_LEFT_GONION",
          "position": {
            "x": 156.64686584472656,
            "y": 155.47715759277344,
            "z": 14.362915992736816
          }
        },
        {
          "type": "CHIN_RIGHT_GONION",
          "position": {
            "x": 200.01394653320312,
            "y": 143.18777465820312,
            "z": 31.37358856201172
          }
        }
      ],
      "rollAngle": -15.156400680541992,
      "panAngle": 20.67300033569336,
      "tiltAngle": -1.608010172843933,
      "detectionConfidence": 0.989814281463623,
      "landmarkingConfidence": 0.5772051215171814,
      "joyLikelihood": "VERY_LIKELY",
      "sorrowLikelihood": "VERY_UNLIKELY",
      "angerLikelihood": "VERY_UNLIKELY",
      "surpriseLikelihood": "VERY_UNLIKELY",
      "underExposedLikelihood": "VERY_UNLIKELY",
      "blurredLikelihood": "VERY_UNLIKELY",
      "headwearLikelihood": "VERY_UNLIKELY"
    },
    {
      "boundingPoly": {
        "vertices": [
          {
            "x": 318,
            "y": 50
          },
          {
            "x": 412,
            "y": 50
          },
          {
            "x": 412,
            "y": 160
          },
          {
            "x": 318,
            "y": 160
          }
        ]
      },
      "fdBoundingPoly": {
        "vertices": [
          {
            "x": 316,
            "y": 78
          },
          {
            "x": 386,
            "y": 78
          },
          {
            "x": 386,
            "y": 148
          },
          {
            "x": 316,
            "y": 148
          }
        ]
      },
      "landmarks": [
        {
          "type": "LEFT_EYE",
          "position": {
            "x": 336.8500061035156,
            "y": 101.57135772705078,
            "z": -0.00030465880990959704
          }
        },
        {
          "type": "RIGHT_EYE",
          "position": {
            "x": 338.4147033691406,
            "y": 99.87095642089844,
            "z": -27.404523849487305
          }
        },
        {
          "type": "LEFT_OF_LEFT_EYEBROW",
          "position": {
            "x": 338.75634765625,
            "y": 95.81452178955078,
            "z": 10.058341979980469
          }
        },
        {
          "type": "RIGHT_OF_LEFT_EYEBROW",
          "position": {
            "x": 332.0027160644531,
            "y": 94.75694274902344,
            "z": -7.123498439788818
          }
        },
        {
          "type": "LEFT_OF_RIGHT_EYEBROW",
          "position": {
            "x": 333.01593017578125,
            "y": 94.34352111816406,
            "z": -20.5981502532959
          }
        },
        {
          "type": "RIGHT_OF_RIGHT_EYEBROW",
          "position": {
            "x": 345.07952880859375,
            "y": 92.86453247070312,
            "z": -37.58879852294922
          }
        },
        {
          "type": "MIDPOINT_BETWEEN_EYES",
          "position": {
            "x": 332.1400146484375,
            "y": 100.18116760253906,
            "z": -14.269145011901855
          }
        },
        {
          "type": "NOSE_TIP",
          "position": {
            "x": 323.5926513671875,
            "y": 117.14350891113281,
            "z": -15.964848518371582
          }
        },
        {
          "type": "UPPER_LIP",
          "position": {
            "x": 330.3226623535156,
            "y": 126.0399169921875,
            "z": -15.961735725402832
          }
        },
        {
          "type": "LOWER_LIP",
          "position": {
            "x": 333.0174255371094,
            "y": 135.82821655273438,
            "z": -16.370159149169922
          }
        },
        {
          "type": "MOUTH_LEFT",
          "position": {
            "x": 337.6341247558594,
            "y": 130.82635498046875,
            "z": -4.551768779754639
          }
        },
        {
          "type": "MOUTH_RIGHT",
          "position": {
            "x": 341.2902526855469,
            "y": 128.24832153320312,
            "z": -27.212398529052734
          }
        },
        {
          "type": "MOUTH_CENTER",
          "position": {
            "x": 332.9106140136719,
            "y": 130.70654296875,
            "z": -16.051542282104492
          }
        },
        {
          "type": "NOSE_BOTTOM_RIGHT",
          "position": {
            "x": 334.30426025390625,
            "y": 117.83412170410156,
            "z": -22.318334579467773
          }
        },
        {
          "type": "NOSE_BOTTOM_LEFT",
          "position": {
            "x": 334.345458984375,
            "y": 118.6074447631836,
            "z": -7.440835475921631
          }
        },
        {
          "type": "NOSE_BOTTOM_CENTER",
          "position": {
            "x": 329.36956787109375,
            "y": 121.17295837402344,
            "z": -15.65554428100586
          }
        },
        {
          "type": "LEFT_EYE_TOP_BOUNDARY",
          "position": {
            "x": 334.9915466308594,
            "y": 99.87626647949219,
            "z": 0.007436199113726616
          }
        },
        {
          "type": "LEFT_EYE_RIGHT_CORNER",
          "position": {
            "x": 337.774658203125,
            "y": 101.4798583984375,
            "z": -5.4448442459106445
          }
        },
        {
          "type": "LEFT_EYE_BOTTOM_BOUNDARY",
          "position": {
            "x": 336.68927001953125,
            "y": 103.59609985351562,
            "z": -0.06424695998430252
          }
        },
        {
          "type": "LEFT_EYE_LEFT_CORNER",
          "position": {
            "x": 339.01153564453125,
            "y": 102.18978118896484,
            "z": 5.834382057189941
          }
        },
        {
          "type": "LEFT_EYE_PUPIL",
          "position": {
            "x": 336.2740783691406,
            "y": 101.8163833618164,
            "z": 0.4621638357639313
          }
        },
        {
          "type": "RIGHT_EYE_TOP_BOUNDARY",
          "position": {
            "x": 337.2507629394531,
            "y": 98.19674682617188,
            "z": -27.772987365722656
          }
        },
        {
          "type": "RIGHT_EYE_RIGHT_CORNER",
          "position": {
            "x": 342.6596984863281,
            "y": 99.50529479980469,
            "z": -33.169620513916016
          }
        },
        {
          "type": "RIGHT_EYE_BOTTOM_BOUNDARY",
          "position": {
            "x": 338.62786865234375,
            "y": 102.13710021972656,
            "z": -27.812759399414062
          }
        },
        {
          "type": "RIGHT_EYE_LEFT_CORNER",
          "position": {
            "x": 338.3404235839844,
            "y": 100.71867370605469,
            "z": -22.081392288208008
          }
        },
        {
          "type": "RIGHT_EYE_PUPIL",
          "position": {
            "x": 338.534423828125,
            "y": 100.09014129638672,
            "z": -28.047775268554688
          }
        },
        {
          "type": "LEFT_EYEBROW_UPPER_MIDPOINT",
          "position": {
            "x": 333.4635314941406,
            "y": 91.9126968383789,
            "z": 1.6011227369308472
          }
        },
        {
          "type": "RIGHT_EYEBROW_UPPER_MIDPOINT",
          "position": {
            "x": 335.95703125,
            "y": 90.06451416015625,
            "z": -28.607282638549805
          }
        },
        {
          "type": "LEFT_EAR_TRAGION",
          "position": {
            "x": 370.4219055175781,
            "y": 116.14793395996094,
            "z": 20.092714309692383
          }
        },
        {
          "type": "RIGHT_EAR_TRAGION",
          "position": {
            "x": 378.3519592285156,
            "y": 112.4862060546875,
            "z": -44.946571350097656
          }
        },
        {
          "type": "FOREHEAD_GLABELLA",
          "position": {
            "x": 331.4754333496094,
            "y": 94.0107421875,
            "z": -13.96601676940918
          }
        },
        {
          "type": "CHIN_GNATHION",
          "position": {
            "x": 337.0702819824219,
            "y": 148.27279663085938,
            "z": -16.796478271484375
          }
        },
        {
          "type": "CHIN_LEFT_GONION",
          "position": {
            "x": 359.6632385253906,
            "y": 133.7113800048828,
            "z": 14.940288543701172
          }
        },
        {
          "type": "CHIN_RIGHT_GONION",
          "position": {
            "x": 364.3486633300781,
            "y": 130.49337768554688,
            "z": -42.50888442993164
          }
        }
      ],
      "rollAngle": -0.6623937487602234,
      "panAngle": -85.21038055419922,
      "tiltAngle": 3.418591260910034,
      "detectionConfidence": 0.8211861252784729,
      "landmarkingConfidence": 0.4311021864414215,
      "joyLikelihood": "VERY_LIKELY",
      "sorrowLikelihood": "VERY_UNLIKELY",
      "angerLikelihood": "VERY_UNLIKELY",
      "surpriseLikelihood": "VERY_UNLIKELY",
      "underExposedLikelihood": "VERY_UNLIKELY",
      "blurredLikelihood": "VERY_UNLIKELY",
      "headwearLikelihood": "VERY_UNLIKELY"
    }
  ]
}
