{
  "faceAnnotations": [
    {
      "boundingPoly": {
        "vertices": [
          {
            "x": 165,
            "y": 58
          },
          {
            "x": 344,
            "y": 58
          },
          {
            "x": 344,
            "y": 266
          },
          {
            "x": 165,
            "y": 266
          }
        ]
      },
      "fdBoundingPoly": {
        "vertices": [
          {
            "x": 183,
            "y": 111
          },
          {
            "x": 311,
            "y": 111
          },
          {
            "x": 311,
            "y": 240
          },
          {
            "x": 183,
            "y": 240
          }
        ]
      },
      "landmarks": [
        {
          "type": "LEFT_EYE",
          "position": {
            "x": 259.2796325683594,
            "y": 154.1433868408203,
            "z": -0.0004918893100693822
          }
        },
        {
          "type": "RIGHT_EYE",
          "position": {
            "x": 301.82977294921875,
            "y": 173.622314453125,
            "z": 18.503005981445312
          }
        },
        {
          "type": "LEFT_OF_LEFT_EYEBROW",
          "position": {
            "x": 244.64407348632812,
            "y": 133.67080688476562,
            "z": -3.238929271697998
          }
        },
        {
          "type": "RIGHT_OF_LEFT_EYEBROW",
          "position": {
            "x": 277.477294921875,
            "y": 148.9300537109375,
            "z": -6.301579475402832
          }
        },
        {
          "type": "LEFT_OF_RIGHT_EYEBROW",
          "position": {
            "x": 300.28411865234375,
            "y": 159.02696228027344,
            "z": 3.2990312576293945
          }
        },
        {
          "type": "RIGHT_OF_RIGHT_EYEBROW",
          "position": {
            "x": 323.1288146972656,
            "y": 168.49391174316406,
            "z": 29.68428611755371
          }
        },
        {
          "type": "MIDPOINT_BETWEEN_EYES",
          "position": {
            "x": 284.184814453125,
            "y": 164.22775268554688,
            "z": -1.6696479320526123
          }
        },
        {
          "type": "NOSE_TIP",
          "position": {
            "x": 275.3805236816406,
            "y": 197.88636779785156,
            "z": -15.357507705688477
          }
        },
        {
          "type": "UPPER_LIP",
          "position": {
            "x": 263.4461975097656,
            "y": 210.8800506591797,
            "z": -2.265768527984619
          }
        },
        {
          "type": "LOWER_LIP",
          "position": {
            "x": 254.4423065185547,
            "y": 228.39474487304688,
            "z": 2.420896291732788
          }
        },
        {
          "type": "MOUTH_LEFT",
          "position": {
            "x": 235.81552124023438,
            "y": 206.67001342773438,
            "z": 4.3942718505859375
          }
        },
        {
          "type": "MOUTH_RIGHT",
          "position": {
            "x": 273.951416015625,
            "y": 224.5240936279297,
            "z": 19.646310806274414
          }
        },
        {
          "type": "MOUTH_CENTER",
          "position": {
            "x": 258.82861328125,
            "y": 218.45765686035156,
            "z": 2.0094802379608154
          }
        },
        {
          "type": "NOSE_BOTTOM_RIGHT",
          "position": {
            "x": 280.36407470703125,
            "y": 202.15167236328125,
            "z": 10.081109046936035
          }
        },
        {
          "type": "NOSE_BOTTOM_LEFT",
          "position": {
            "x": 256.3822021484375,
            "y": 191.12744140625,
            "z": -0.7541998028755188
          }
        },
        {
          "type": "NOSE_BOTTOM_CENTER",
          "position": {
            "x": 266.9097900390625,
            "y": 203.3394317626953,
            "z": -2.879829168319702
          }
        },
        {
          "type": "LEFT_EYE_TOP_BOUNDARY",
          "position": {
            "x": 259.3123474121094,
            "y": 150.79795837402344,
            "z": -4.329110622406006
          }
        },
        {
          "type": "LEFT_EYE_RIGHT_CORNER",
          "position": {
            "x": 265.7721862792969,
            "y": 157.4732666015625,
            "z": 3.4222142696380615
          }
        },
        {
          "type": "LEFT_EYE_BOTTOM_BOUNDARY",
          "position": {
            "x": 256.3630065917969,
            "y": 156.6780548095703,
            "z": -0.9269091486930847
          }
        },
        {
          "type": "LEFT_EYE_LEFT_CORNER",
          "position": {
            "x": 246.1173095703125,
            "y": 149.2469482421875,
            "z": 0.0094583285972476
          }
        },
        {
          "type": "LEFT_EYE_PUPIL",
          "position": {
            "x": 256.2080383300781,
            "y": 153.43136596679688,
            "z": -2.2727041244506836
          }
        },
        {
          "type": "RIGHT_EYE_TOP_BOUNDARY",
          "position": {
            "x": 306.1968994140625,
            "y": 171.53717041015625,
            "z": 15.425732612609863
          }
        },
        {
          "type": "RIGHT_EYE_RIGHT_CORNER",
          "position": {
            "x": 311.1493835449219,
            "y": 177.59014892578125,
            "z": 27.621578216552734
          }
        },
        {
          "type": "RIGHT_EYE_BOTTOM_BOUNDARY",
          "position": {
            "x": 301.3045959472656,
            "y": 177.5079345703125,
            "z": 18.682994842529297
          }
        },
        {
          "type": "RIGHT_EYE_LEFT_CORNER",
          "position": {
            "x": 292.7742919921875,
            "y": 170.3881072998047,
            "z": 15.097487449645996
          }
        },
        {
          "type": "RIGHT_EYE_PUPIL",
          "position": {
            "x": 304.385986328125,
            "y": 174.77923583984375,
            "z": 17.953227996826172
          }
        },
        {
          "type": "LEFT_EYEBROW_UPPER_MIDPOINT",
          "position": {
            "x": 264.8514404296875,
            "y": 135.94232177734375,
            "z": -8.56086254119873
          }
        },
        {
          "type": "RIGHT_EYEBROW_UPPER_MIDPOINT",
          "position": {
            "x": 315.79339599609375,
            "y": 158.45819091796875,
            "z": 12.88234806060791
          }
        },
        {
          "type": "LEFT_EAR_TRAGION",
          "position": {
            "x": 197.1829833984375,
            "y": 153.160400390625,
            "z": 49.975013732910156
          }
        },
        {
          "type": "RIGHT_EAR_TRAGION",
          "position": {
            "x": 300.875244140625,
            "y": 199.08718872070312,
            "z": 95.73310852050781
          }
        },
        {
          "type": "FOREHEAD_GLABELLA",
          "position": {
            "x": 289.7772216796875,
            "y": 153.77633666992188,
            "z": -3.456941604614258
          }
        },
        {
          "type": "CHIN_GNATHION",
          "position": {
            "x": 241.52493286132812,
            "y": 250.7264862060547,
            "z": 10.798648834228516
          }
        },
        {
          "type": "CHIN_LEFT_GONION",
          "position": {
            "x": 191.81101989746094,
            "y": 190.60025024414062,
            "z": 33.923946380615234
          }
        },
        {
          "type": "CHIN_RIGHT_GONION",
          "position": {
            "x": 287.7985534667969,
            "y": 233.25717163085938,
            "z": 74.29410552978516
          }
        }
      ],
      "rollAngle": 24.879453659057617,
      "panAngle": 21.077430725097656,
      "tiltAngle": -2.6959991455078125,
      "detectionConfidence": 0.9534533023834229,
      "landmarkingConfidence": 0.6168451309204102,
      "joyLikelihood": "UNLIKELY",
      "sorrowLikelihood": "VERY_UNLIKELY",
      "angerLikelihood": "VERY_UNLIKELY",
      "surpriseLikelihood": "VERY_UNLIKELY",
      "underExposedLikelihood": "VERY_UNLIKELY",
      "blurredLikelihood": "VERY_UNLIKELY",
      "headwearLikelihood": "LIKELY"
    },
    {
      "boundingPoly": {
        "vertices": [
          {
            "x": 256
          },
          {
            "x": 436
          },
          {
            "x": 436,
            "y": 195
          },
          {
            "x": 256,
            "y": 195
          }
        ]
      },
      "fdBoundingPoly": {
        "vertices": [
          {
            "x": 265,
            "y": 38
          },
          {
            "x": 414,
            "y": 38
          },
          {
            "x": 414,
            "y": 186
          },
          {
            "x": 265,
            "y": 186
          }
        ]
      },
      "landmarks": [
        {
          "type": "LEFT_EYE",
          "position": {
            "x": 290.4210510253906,
            "y": 105.54714965820312,
            "z": 0.0007929218700155616
          }
        },
        {
          "type": "RIGHT_EYE",
          "position": {
            "x": 330.9564514160156,
            "y": 99.54705810546875,
            "z": -34.45464324951172
          }
        },
        {
          "type": "LEFT_OF_LEFT_EYEBROW",
          "position": {
            "x": 274.255615234375,
            "y": 93.70794677734375,
            "z": 13.952343940734863
          }
        },
        {
          "type": "RIGHT_OF_LEFT_EYEBROW",
          "position": {
            "x": 288.9794006347656,
            "y": 93.36901092529297,
            "z": -18.561115264892578
          }
        },
        {
          "type": "LEFT_OF_RIGHT_EYEBROW",
          "position": {
            "x": 306.63238525390625,
            "y": 86.34722900390625,
            "z": -36.1561279296875
          }
        },
        {
          "type": "RIGHT_OF_RIGHT_EYEBROW",
          "position": {
            "x": 344.80181884765625,
            "y": 74.605712890625,
            "z": -45.13694381713867
          }
        },
        {
          "type": "MIDPOINT_BETWEEN_EYES",
          "position": {
            "x": 300.0387878417969,
            "y": 98.85950469970703,
            "z": -26.491792678833008
          }
        },
        {
          "type": "NOSE_TIP",
          "position": {
            "x": 303.7308349609375,
            "y": 136.98565673828125,
            "z": -33.0452766418457
          }
        },
        {
          "type": "UPPER_LIP",
          "position": {
            "x": 317.7890319824219,
            "y": 149.09255981445312,
            "z": -20.671550750732422
          }
        },
        {
          "type": "LOWER_LIP",
          "position": {
            "x": 325.18890380859375,
            "y": 165.90830993652344,
            "z": -15.001344680786133
          }
        },
        {
          "type": "MOUTH_LEFT",
          "position": {
            "x": 313.108642578125,
            "y": 156.07211303710938,
            "z": 5.294844627380371
          }
        },
        {
          "type": "MOUTH_RIGHT",
          "position": {
            "x": 344.60955810546875,
            "y": 146.82989501953125,
            "z": -22.57157325744629
          }
        },
        {
          "type": "MOUTH_CENTER",
          "position": {
            "x": 322.45281982421875,
            "y": 156.04751586914062,
            "z": -16.344715118408203
          }
        },
        {
          "type": "NOSE_BOTTOM_RIGHT",
          "position": {
            "x": 326.42364501953125,
            "y": 131.38739013671875,
            "z": -26.207765579223633
          }
        },
        {
          "type": "NOSE_BOTTOM_LEFT",
          "position": {
            "x": 306.00799560546875,
            "y": 135.62994384765625,
            "z": -7.141756057739258
          }
        },
        {
          "type": "NOSE_BOTTOM_CENTER",
          "position": {
            "x": 314.14703369140625,
            "y": 141.2421417236328,
            "z": -22.31193733215332
          }
        },
        {
          "type": "LEFT_EYE_TOP_BOUNDARY",
          "position": {
            "x": 285.9259948730469,
            "y": 102.2718505859375,
            "z": -2.996788501739502
          }
        },
        {
          "type": "LEFT_EYE_RIGHT_CORNER",
          "position": {
            "x": 297.27386474609375,
            "y": 103.18511199951172,
            "z": -6.386922359466553
          }
        },
        {
          "type": "LEFT_EYE_BOTTOM_BOUNDARY",
          "position": {
            "x": 290.74322509765625,
            "y": 108.3102035522461,
            "z": 0.5156728625297546
          }
        },
        {
          "type": "LEFT_EYE_LEFT_CORNER",
          "position": {
            "x": 284.2281799316406,
            "y": 104.85711669921875,
            "z": 11.088275909423828
          }
        },
        {
          "type": "LEFT_EYE_PUPIL",
          "position": {
            "x": 287.8450927734375,
            "y": 104.96061706542969,
            "z": -0.12422910332679749
          }
        },
        {
          "type": "RIGHT_EYE_TOP_BOUNDARY",
          "position": {
            "x": 326.0809020996094,
            "y": 93.2860107421875,
            "z": -38.14679718017578
          }
        },
        {
          "type": "RIGHT_EYE_RIGHT_CORNER",
          "position": {
            "x": 341.2427062988281,
            "y": 92.63774108886719,
            "z": -38.06595993041992
          }
        },
        {
          "type": "RIGHT_EYE_BOTTOM_BOUNDARY",
          "position": {
            "x": 331.549072265625,
            "y": 101.658447265625,
            "z": -34.38547134399414
          }
        },
        {
          "type": "RIGHT_EYE_LEFT_CORNER",
          "position": {
            "x": 321.140869140625,
            "y": 98.78072357177734,
            "z": -27.282358169555664
          }
        },
        {
          "type": "RIGHT_EYE_PUPIL",
          "position": {
            "x": 329.00152587890625,
            "y": 95.81889343261719,
            "z": -36.236305236816406
          }
        },
        {
          "type": "LEFT_EYEBROW_UPPER_MIDPOINT",
          "position": {
            "x": 277.0724792480469,
            "y": 88.54814147949219,
            "z": -6.007365703582764
          }
        },
        {
          "type": "RIGHT_EYEBROW_UPPER_MIDPOINT",
          "position": {
            "x": 320.6595458984375,
            "y": 78.51802062988281,
            "z": -44.14787673950195
          }
        },
        {
          "type": "LEFT_EAR_TRAGION",
          "position": {
            "x": 311.1466369628906,
            "y": 111.80787658691406,
            "z": 76.77847290039062
          }
        },
        {
          "type": "RIGHT_EAR_TRAGION",
          "position": {
            "x": 403.4403076171875,
            "y": 89.43238830566406,
            "z": -3.343498945236206
          }
        },
        {
          "type": "FOREHEAD_GLABELLA",
          "position": {
            "x": 297.1759338378906,
            "y": 91.08386993408203,
            "z": -28.81232452392578
          }
        },
        {
          "type": "CHIN_GNATHION",
          "position": {
            "x": 339.5762634277344,
            "y": 185.93551635742188,
            "z": -5.330799579620361
          }
        },
        {
          "type": "CHIN_LEFT_GONION",
          "position": {
            "x": 314.7794189453125,
            "y": 150.1573028564453,
            "z": 61.77916717529297
          }
        },
        {
          "type": "CHIN_RIGHT_GONION",
          "position": {
            "x": 397.30389404296875,
            "y": 131.18983459472656,
            "z": -10.631797790527344
          }
        }
      ],
      "rollAngle": -20.309465408325195,
      "panAngle": -41.05854415893555,
      "tiltAngle": -8.782000541687012,
      "detectionConfidence": 0.9760628938674927,
      "landmarkingConfidence": 0.6158825755119324,
      "joyLikelihood": "LIKELY",
      "sorrowLikelihood": "VERY_UNLIKELY",
      "angerLikelihood": "VERY_UNLIKELY",
      "surpriseLikelihood": "VERY_UNLIKELY",
      "underExposedLikelihood": "VERY_UNLIKELY",
      "blurredLikelihood": "VERY_UNLIKELY",
      "headwearLikelihood": "VERY_UNLIKELY"
    }
  ]
}
