{
  "faceAnnotations": [
    {
      "boundingPoly": {
        "vertices": [
          {
            "x": 338,
            "y": 82
          },
          {
            "x": 394,
            "y": 82
          },
          {
            "x": 394,
            "y": 147
          },
          {
            "x": 338,
            "y": 147
          }
        ]
      },
      "fdBoundingPoly": {
        "vertices": [
          {
            "x": 342,
            "y": 96
          },
          {
            "x": 393,
            "y": 96
          },
          {
            "x": 393,
            "y": 146
          },
          {
            "x": 342,
            "y": 146
          }
        ]
      },
      "landmarks": [
        {
          "type": "LEFT_EYE",
          "position": {
            "x": 359.1249694824219,
            "y": 114.01174926757812,
            "z": -0.00035693825338967144
          }
        },
        {
          "type": "RIGHT_EYE",
          "position": {
            "x": 375.06085205078125,
            "y": 109.48406219482422,
            "z": 2.5669991970062256
          }
        },
        {
          "type": "LEFT_OF_LEFT_EYEBROW",
          "position": {
            "x": 352.1518859863281,
            "y": 111.5064468383789,
            "z": 0.5957044363021851
          }
        },
        {
          "type": "RIGHT_OF_LEFT_EYEBROW",
          "position": {
            "x": 362.4655456542969,
            "y": 108.7105712890625,
            "z": -2.7049601078033447
          }
        },
        {
          "type": "LEFT_OF_RIGHT_EYEBROW",
          "position": {
            "x": 370.3141784667969,
            "y": 106.5595703125,
            "z": -1.4464620351791382
          }
        },
        {
          "type": "RIGHT_OF_RIGHT_EYEBROW",
          "position": {
            "x": 379.1842346191406,
            "y": 104.1628189086914,
            "z": 4.9127373695373535
          }
        },
        {
          "type": "MIDPOINT_BETWEEN_EYES",
          "position": {
            "x": 366.9328918457031,
            "y": 110.49561309814453,
            "z": -2.300353765487671
          }
        },
        {
          "type": "NOSE_TIP",
          "position": {
            "x": 370.8744812011719,
            "y": 120.43594360351562,
            "z": -7.050418853759766
          }
        },
        {
          "type": "UPPER_LIP",
          "position": {
            "x": 371.58453369140625,
            "y": 125.7370376586914,
            "z": -3.031153917312622
          }
        },
        {
          "type": "LOWER_LIP",
          "position": {
            "x": 373.3700256347656,
            "y": 133.9400634765625,
            "z": -1.492281198501587
          }
        },
        {
          "type": "MOUTH_LEFT",
          "position": {
            "x": 363.3325500488281,
            "y": 130.64186096191406,
            "z": 0.9483321309089661
          }
        },
        {
          "type": "MOUTH_RIGHT",
          "position": {
            "x": 378.35009765625,
            "y": 125.61846923828125,
            "z": 2.960216760635376
          }
        },
        {
          "type": "MOUTH_CENTER",
          "position": {
            "x": 372.21337890625,
            "y": 129.08627319335938,
            "z": -1.6768789291381836
          }
        },
        {
          "type": "NOSE_BOTTOM_RIGHT",
          "position": {
            "x": 374.2416076660156,
            "y": 120.28360748291016,
            "z": 0.14031298458576202
          }
        },
        {
          "type": "NOSE_BOTTOM_LEFT",
          "position": {
            "x": 365.57269287109375,
            "y": 122.77664184570312,
            "z": -1.2573192119598389
          }
        },
        {
          "type": "NOSE_BOTTOM_CENTER",
          "position": {
            "x": 370.8884582519531,
            "y": 122.90794372558594,
            "z": -3.1234989166259766
          }
        },
        {
          "type": "LEFT_EYE_TOP_BOUNDARY",
          "position": {
            "x": 358.7373352050781,
            "y": 112.71105194091797,
            "z": -1.1860370635986328
          }
        },
        {
          "type": "LEFT_EYE_RIGHT_CORNER",
          "position": {
            "x": 362.7201843261719,
            "y": 113.79369354248047,
            "z": 0.5748190879821777
          }
        },
        {
          "type": "LEFT_EYE_BOTTOM_BOUNDARY",
          "position": {
            "x": 359.25531005859375,
            "y": 115.0531005859375,
            "z": -0.14819620549678802
          }
        },
        {
          "type": "LEFT_EYE_LEFT_CORNER",
          "position": {
            "x": 355.427490234375,
            "y": 114.84669494628906,
            "z": 1.0008370876312256
          }
        },
        {
          "type": "LEFT_EYE_PUPIL",
          "position": {
            "x": 358.67083740234375,
            "y": 113.93643951416016,
            "z": -0.5048274397850037
          }
        },
        {
          "type": "RIGHT_EYE_TOP_BOUNDARY",
          "position": {
            "x": 374.9088439941406,
            "y": 108.3132553100586,
            "z": 1.4027400016784668
          }
        },
        {
          "type": "RIGHT_EYE_RIGHT_CORNER",
          "position": {
            "x": 378.0430908203125,
            "y": 108.687744140625,
            "z": 4.612321376800537
          }
        },
        {
          "type": "RIGHT_EYE_BOTTOM_BOUNDARY",
          "position": {
            "x": 375.3702392578125,
            "y": 110.55829620361328,
            "z": 2.4340739250183105
          }
        },
        {
          "type": "RIGHT_EYE_LEFT_CORNER",
          "position": {
            "x": 371.8128662109375,
            "y": 110.50634002685547,
            "z": 2.103024959564209
          }
        },
        {
          "type": "RIGHT_EYE_PUPIL",
          "position": {
            "x": 375.2799377441406,
            "y": 109.4084701538086,
            "z": 2.1403143405914307
          }
        },
        {
          "type": "LEFT_EYEBROW_UPPER_MIDPOINT",
          "position": {
            "x": 356.877197265625,
            "y": 108.08161163330078,
            "z": -2.22729229927063
          }
        },
        {
          "type": "RIGHT_EYEBROW_UPPER_MIDPOINT",
          "position": {
            "x": 374.4322814941406,
            "y": 103.31410217285156,
            "z": 0.5808960795402527
          }
        },
        {
          "type": "LEFT_EAR_TRAGION",
          "position": {
            "x": 347.5584411621094,
            "y": 125.17713928222656,
            "z": 19.18463134765625
          }
        },
        {
          "type": "RIGHT_EAR_TRAGION",
          "position": {
            "x": 384.2856140136719,
            "y": 115.18260192871094,
            "z": 25.06217384338379
          }
        },
        {
          "type": "FOREHEAD_GLABELLA",
          "position": {
            "x": 366.41729736328125,
            "y": 107.40972900390625,
            "z": -2.7286300659179688
          }
        },
        {
          "type": "CHIN_GNATHION",
          "position": {
            "x": 374.59783935546875,
            "y": 139.56399536132812,
            "z": 0.8251885175704956
          }
        },
        {
          "type": "CHIN_LEFT_GONION",
          "position": {
            "x": 353.1942138671875,
            "y": 135.02146911621094,
            "z": 12.82591438293457
          }
        },
        {
          "type": "CHIN_RIGHT_GONION",
          "position": {
            "x": 386.39202880859375,
            "y": 125.98954772949219,
            "z": 18.13639259338379
          }
        }
      ],
      "rollAngle": -15.060912132263184,
      "panAngle": 8.776761054992676,
      "tiltAngle": -0.9285278916358948,
      "detectionConfidence": 0.7566033601760864,
      "landmarkingConfidence": 0.45924806594848633,
      "joyLikelihood": "VERY_LIKELY",
      "sorrowLikelihood": "VERY_UNLIKELY",
      "angerLikelihood": "VERY_UNLIKELY",
      "surpriseLikelihood": "VERY_UNLIKELY",
      "underExposedLikelihood": "VERY_UNLIKELY",
      "blurredLikelihood": "VERY_UNLIKELY",
      "headwearLikelihood": "VERY_UNLIKELY"
    },
    {
      "boundingPoly": {
        "vertices": [
          {
            "x": 404,
            "y": 96
          },
          {
            "x": 451,
            "y": 96
          },
          {
            "x": 451,
            "y": 152
          },
          {
            "x": 404,
            "y": 152
          }
        ]
      },
      "fdBoundingPoly": {
        "vertices": [
          {
            "x": 401,
            "y": 103
          },
          {
            "x": 451,
            "y": 103
          },
          {
            "x": 451,
            "y": 153
          },
          {
            "x": 401,
            "y": 153
          }
        ]
      },
      "landmarks": [
        {
          "type": "LEFT_EYE",
          "position": {
            "x": 414.32855224609375,
            "y": 119.54430389404297,
            "z": -0.00026474896003492177
          }
        },
        {
          "type": "RIGHT_EYE",
          "position": {
            "x": 422.2892761230469,
            "y": 122.6820068359375,
            "z": -11.838699340820312
          }
        },
        {
          "type": "LEFT_OF_LEFT_EYEBROW",
          "position": {
            "x": 413.4544677734375,
            "y": 115.35694885253906,
            "z": 4.277680397033691
          }
        },
        {
          "type": "RIGHT_OF_LEFT_EYEBROW",
          "position": {
            "x": 414.6943359375,
            "y": 116.72190856933594,
            "z": -5.044177532196045
          }
        },
        {
          "type": "LEFT_OF_RIGHT_EYEBROW",
          "position": {
            "x": 418.4918518066406,
            "y": 118.17585754394531,
            "z": -10.747675895690918
          }
        },
        {
          "type": "RIGHT_OF_RIGHT_EYEBROW",
          "position": {
            "x": 426.5226135253906,
            "y": 120.36461639404297,
            "z": -15.342133522033691
          }
        },
        {
          "type": "MIDPOINT_BETWEEN_EYES",
          "position": {
            "x": 415.70819091796875,
            "y": 120.20319366455078,
            "z": -7.664747714996338
          }
        },
        {
          "type": "NOSE_TIP",
          "position": {
            "x": 410.8044128417969,
            "y": 128.10870361328125,
            "z": -9.021912574768066
          }
        },
        {
          "type": "UPPER_LIP",
          "position": {
            "x": 412.6259460449219,
            "y": 133.48037719726562,
            "z": -6.454270362854004
          }
        },
        {
          "type": "LOWER_LIP",
          "position": {
            "x": 412.5601501464844,
            "y": 138.48135375976562,
            "z": -5.226285457611084
          }
        },
        {
          "type": "MOUTH_LEFT",
          "position": {
            "x": 412.31402587890625,
            "y": 134.77780151367188,
            "z": 0.6141790747642517
          }
        },
        {
          "type": "MOUTH_RIGHT",
          "position": {
            "x": 418.5749206542969,
            "y": 136.7568359375,
            "z": -8.628958702087402
          }
        },
        {
          "type": "MOUTH_CENTER",
          "position": {
            "x": 413.1093444824219,
            "y": 135.7609100341797,
            "z": -5.550885200500488
          }
        },
        {
          "type": "NOSE_BOTTOM_RIGHT",
          "position": {
            "x": 417.2469177246094,
            "y": 130.03916931152344,
            "z": -8.924234390258789
          }
        },
        {
          "type": "NOSE_BOTTOM_LEFT",
          "position": {
            "x": 413.04876708984375,
            "y": 128.76524353027344,
            "z": -2.51943039894104
          }
        },
        {
          "type": "NOSE_BOTTOM_CENTER",
          "position": {
            "x": 413.06292724609375,
            "y": 130.32846069335938,
            "z": -6.876466751098633
          }
        },
        {
          "type": "LEFT_EYE_TOP_BOUNDARY",
          "position": {
            "x": 413.73468017578125,
            "y": 118.51651000976562,
            "z": -0.670478880405426
          }
        },
        {
          "type": "LEFT_EYE_RIGHT_CORNER",
          "position": {
            "x": 415.931884765625,
            "y": 120.2789077758789,
            "z": -2.2987518310546875
          }
        },
        {
          "type": "LEFT_EYE_BOTTOM_BOUNDARY",
          "position": {
            "x": 414.06231689453125,
            "y": 120.50306701660156,
            "z": 0.05369192361831665
          }
        },
        {
          "type": "LEFT_EYE_LEFT_CORNER",
          "position": {
            "x": 413.867919921875,
            "y": 119.12882995605469,
            "z": 3.1009786128997803
          }
        },
        {
          "type": "LEFT_EYE_PUPIL",
          "position": {
            "x": 413.9358215332031,
            "y": 119.48674774169922,
            "z": -0.00848968606442213
          }
        },
        {
          "type": "RIGHT_EYE_TOP_BOUNDARY",
          "position": {
            "x": 421.5653991699219,
            "y": 121.5186767578125,
            "z": -12.417304039001465
          }
        },
        {
          "type": "RIGHT_EYE_RIGHT_CORNER",
          "position": {
            "x": 424.8105773925781,
            "y": 123.32884216308594,
            "z": -13.318754196166992
          }
        },
        {
          "type": "RIGHT_EYE_BOTTOM_BOUNDARY",
          "position": {
            "x": 422.08770751953125,
            "y": 123.76307678222656,
            "z": -11.706539154052734
          }
        },
        {
          "type": "RIGHT_EYE_LEFT_CORNER",
          "position": {
            "x": 420.4393615722656,
            "y": 122.22018432617188,
            "z": -9.288407325744629
          }
        },
        {
          "type": "RIGHT_EYE_PUPIL",
          "position": {
            "x": 421.9497375488281,
            "y": 122.57139587402344,
            "z": -12.069502830505371
          }
        },
        {
          "type": "LEFT_EYEBROW_UPPER_MIDPOINT",
          "position": {
            "x": 413.59075927734375,
            "y": 114.23332977294922,
            "z": -1.1016340255737305
          }
        },
        {
          "type": "RIGHT_EYEBROW_UPPER_MIDPOINT",
          "position": {
            "x": 422.0832824707031,
            "y": 117.48219299316406,
            "z": -13.846394538879395
          }
        },
        {
          "type": "LEFT_EAR_TRAGION",
          "position": {
            "x": 422.65948486328125,
            "y": 126.04734802246094,
            "z": 18.501375198364258
          }
        },
        {
          "type": "RIGHT_EAR_TRAGION",
          "position": {
            "x": 440.8737487792969,
            "y": 133.0975799560547,
            "z": -8.246899604797363
          }
        },
        {
          "type": "FOREHEAD_GLABELLA",
          "position": {
            "x": 416.1705017089844,
            "y": 117.22377014160156,
            "z": -8.229880332946777
          }
        },
        {
          "type": "CHIN_GNATHION",
          "position": {
            "x": 412.97674560546875,
            "y": 145.4033203125,
            "z": -3.219672679901123
          }
        },
        {
          "type": "CHIN_LEFT_GONION",
          "position": {
            "x": 416.98626708984375,
            "y": 134.872802734375,
            "z": 15.02669906616211
          }
        },
        {
          "type": "CHIN_RIGHT_GONION",
          "position": {
            "x": 433.0653991699219,
            "y": 141.0632781982422,
            "z": -9.127228736877441
          }
        }
      ],
      "rollAngle": 10.884181022644043,
      "panAngle": -55.11762237548828,
      "tiltAngle": -7.09749698638916,
      "detectionConfidence": 0.5540841221809387,
      "landmarkingConfidence": 0.11119712889194489,
      "joyLikelihood": "LIKELY",
      "sorrowLikelihood": "VERY_UNLIKELY",
      "angerLikelihood": "VERY_UNLIKELY",
      "surpriseLikelihood": "VERY_UNLIKELY",
      "underExposedLikelihood": "VERY_UNLIKELY",
      "blurredLikelihood": "VERY_UNLIKELY",
      "headwearLikelihood": "UNLIKELY"
    }
  ]
}
