{
  "faceAnnotations": [
    {
      "boundingPoly": {
        "vertices": [
          {
            "x": 220,
            "y": 68
          },
          {
            "x": 431,
            "y": 68
          },
          {
            "x": 431,
            "y": 313
          },
          {
            "x": 220,
            "y": 313
          }
        ]
      },
      "fdBoundingPoly": {
        "vertices": [
          {
            "x": 259,
            "y": 130
          },
          {
            "x": 417,
            "y": 130
          },
          {
            "x": 417,
            "y": 289
          },
          {
            "x": 259,
            "y": 289
          }
        ]
      },
      "landmarks": [
        {
          "type": "LEFT_EYE",
          "position": {
            "x": 322.4128723144531,
            "y": 180.55801391601562,
            "z": -0.002376056741923094
          }
        },
        {
          "type": "RIGHT_EYE",
          "position": {
            "x": 379.4850158691406,
            "y": 182.4600067138672,
            "z": 28.33182716369629
          }
        },
        {
          "type": "LEFT_OF_LEFT_EYEBROW",
          "position": {
            "x": 302.8939514160156,
            "y": 166.05697631835938,
            "z": -4.299253940582275
          }
        },
        {
          "type": "RIGHT_OF_LEFT_EYEBROW",
          "position": {
            "x": 345.27703857421875,
            "y": 168.54623413085938,
            "z": -3.8171393871307373
          }
        },
        {
          "type": "LEFT_OF_RIGHT_EYEBROW",
          "position": {
            "x": 372.6124572753906,
            "y": 168.19680786132812,
            "z": 9.846871376037598
          }
        },
        {
          "type": "RIGHT_OF_RIGHT_EYEBROW",
          "position": {
            "x": 398.22698974609375,
            "y": 168.05479431152344,
            "z": 43.02649688720703
          }
        },
        {
          "type": "MIDPOINT_BETWEEN_EYES",
          "position": {
            "x": 359.19500732421875,
            "y": 179.49697875976562,
            "z": 2.5850582122802734
          }
        },
        {
          "type": "NOSE_TIP",
          "position": {
            "x": 365.34161376953125,
            "y": 218.34890747070312,
            "z": -12.294568061828613
          }
        },
        {
          "type": "UPPER_LIP",
          "position": {
            "x": 356.7906494140625,
            "y": 242.68576049804688,
            "z": 2.2479915618896484
          }
        },
        {
          "type": "LOWER_LIP",
          "position": {
            "x": 354.9061279296875,
            "y": 261.93646240234375,
            "z": 7.176433563232422
          }
        },
        {
          "type": "MOUTH_LEFT",
          "position": {
            "x": 330.306640625,
            "y": 250.268798828125,
            "z": 6.520066738128662
          }
        },
        {
          "type": "MOUTH_RIGHT",
          "position": {
            "x": 372.4913635253906,
            "y": 250.5177001953125,
            "z": 29.062833786010742
          }
        },
        {
          "type": "MOUTH_CENTER",
          "position": {
            "x": 355.0101623535156,
            "y": 250.9056396484375,
            "z": 6.837357521057129
          }
        },
        {
          "type": "NOSE_BOTTOM_RIGHT",
          "position": {
            "x": 369.9361572265625,
            "y": 223.0475616455078,
            "z": 17.67510223388672
          }
        },
        {
          "type": "NOSE_BOTTOM_LEFT",
          "position": {
            "x": 339.7537841796875,
            "y": 222.045654296875,
            "z": 2.1429948806762695
          }
        },
        {
          "type": "NOSE_BOTTOM_CENTER",
          "position": {
            "x": 358.646240234375,
            "y": 227.9984588623047,
            "z": 1.2555501461029053
          }
        },
        {
          "type": "LEFT_EYE_TOP_BOUNDARY",
          "position": {
            "x": 326.0605773925781,
            "y": 177.65087890625,
            "z": -3.402888536453247
          }
        },
        {
          "type": "LEFT_EYE_RIGHT_CORNER",
          "position": {
            "x": 335.2139587402344,
            "y": 182.81729125976562,
            "z": 6.55403995513916
          }
        },
        {
          "type": "LEFT_EYE_BOTTOM_BOUNDARY",
          "position": {
            "x": 322.2227783203125,
            "y": 185.91488647460938,
            "z": 0.22700096666812897
          }
        },
        {
          "type": "LEFT_EYE_LEFT_CORNER",
          "position": {
            "x": 310.3899230957031,
            "y": 181.30685424804688,
            "z": 0.2092430591583252
          }
        },
        {
          "type": "LEFT_EYE_PUPIL",
          "position": {
            "x": 323.7945556640625,
            "y": 181.90463256835938,
            "z": -1.1801499128341675
          }
        },
        {
          "type": "RIGHT_EYE_TOP_BOUNDARY",
          "position": {
            "x": 383.1347961425781,
            "y": 178.90371704101562,
            "z": 24.96811294555664
          }
        },
        {
          "type": "RIGHT_EYE_RIGHT_CORNER",
          "position": {
            "x": 389.73309326171875,
            "y": 183.14642333984375,
            "z": 39.86518096923828
          }
        },
        {
          "type": "RIGHT_EYE_BOTTOM_BOUNDARY",
          "position": {
            "x": 380.88043212890625,
            "y": 187.68896484375,
            "z": 28.70443344116211
          }
        },
        {
          "type": "RIGHT_EYE_LEFT_CORNER",
          "position": {
            "x": 369.0413818359375,
            "y": 183.871826171875,
            "z": 23.48151969909668
          }
        },
        {
          "type": "RIGHT_EYE_PUPIL",
          "position": {
            "x": 382.3935852050781,
            "y": 183.22413635253906,
            "z": 27.85723114013672
          }
        },
        {
          "type": "LEFT_EYEBROW_UPPER_MIDPOINT",
          "position": {
            "x": 326.0312194824219,
            "y": 159.37570190429688,
            "z": -8.293822288513184
          }
        },
        {
          "type": "RIGHT_EYEBROW_UPPER_MIDPOINT",
          "position": {
            "x": 387.8986511230469,
            "y": 160.69692993164062,
            "z": 22.493730545043945
          }
        },
        {
          "type": "LEFT_EAR_TRAGION",
          "position": {
            "x": 251.76568603515625,
            "y": 207.20602416992188,
            "z": 54.2575569152832
          }
        },
        {
          "type": "RIGHT_EAR_TRAGION",
          "position": {
            "x": 381.1155090332031,
            "y": 210.2957763671875,
            "z": 118.70659637451172
          }
        },
        {
          "type": "FOREHEAD_GLABELLA",
          "position": {
            "x": 359.94903564453125,
            "y": 167.3137969970703,
            "z": 0.8179471492767334
          }
        },
        {
          "type": "CHIN_GNATHION",
          "position": {
            "x": 349.33319091796875,
            "y": 290.948974609375,
            "z": 16.752567291259766
          }
        },
        {
          "type": "CHIN_LEFT_GONION",
          "position": {
            "x": 267.6610107421875,
            "y": 249.7178955078125,
            "z": 36.0001220703125
          }
        },
        {
          "type": "CHIN_RIGHT_GONION",
          "position": {
            "x": 384.65203857421875,
            "y": 252.52955627441406,
            "z": 94.2231674194336
          }
        }
      ],
      "rollAngle": 2.527151346206665,
      "panAngle": 26.478750228881836,
      "tiltAngle": -2.5830163955688477,
      "detectionConfidence": 0.9853617548942566,
      "landmarkingConfidence": 0.7644444108009338,
      "joyLikelihood": "VERY_UNLIKELY",
      "sorrowLikelihood": "VERY_UNLIKELY",
      "angerLikelihood": "VERY_UNLIKELY",
      "surpriseLikelihood": "VERY_UNLIKELY",
      "underExposedLikelihood": "VERY_UNLIKELY",
      "blurredLikelihood": "VERY_UNLIKELY",
      "headwearLikelihood": "UNLIKELY"
    },
    {
      "boundingPoly": {
        "vertices": [
          {
            "x": 793,
            "y": 87
          },
          {
            "x": 994,
            "y": 87
          },
          {
            "x": 994,
            "y": 320
          },
          {
            "x": 793,
            "y": 320
          }
        ]
      },
      "fdBoundingPoly": {
        "vertices": [
          {
            "x": 817,
            "y": 147
          },
          {
            "x": 962,
            "y": 147
          },
          {
            "x": 962,
            "y": 291
          },
          {
            "x": 817,
            "y": 291
          }
        ]
      },
      "landmarks": [
        {
          "type": "LEFT_EYE",
          "position": {
            "x": 859.3308715820312,
            "y": 192.62574768066406,
            "z": 0.0007303876918740571
          }
        },
        {
          "type": "RIGHT_EYE",
          "position": {
            "x": 919.0677490234375,
            "y": 194.00909423828125,
            "z": -6.7050371170043945
          }
        },
        {
          "type": "LEFT_OF_LEFT_EYEBROW",
          "position": {
            "x": 838.1767578125,
            "y": 181.2503204345703,
            "z": 7.799172878265381
          }
        },
        {
          "type": "RIGHT_OF_LEFT_EYEBROW",
          "position": {
            "x": 872.93994140625,
            "y": 181.62496948242188,
            "z": -13.960443496704102
          }
        },
        {
          "type": "LEFT_OF_RIGHT_EYEBROW",
          "position": {
            "x": 901.8600463867188,
            "y": 181.4502716064453,
            "z": -17.314409255981445
          }
        },
        {
          "type": "RIGHT_OF_RIGHT_EYEBROW",
          "position": {
            "x": 940.8621215820312,
            "y": 184.01217651367188,
            "z": -3.4104602336883545
          }
        },
        {
          "type": "MIDPOINT_BETWEEN_EYES",
          "position": {
            "x": 886.9598999023438,
            "y": 193.3368377685547,
            "z": -16.01772117614746
          }
        },
        {
          "type": "NOSE_TIP",
          "position": {
            "x": 885.227783203125,
            "y": 228.99891662597656,
            "z": -32.11524963378906
          }
        },
        {
          "type": "UPPER_LIP",
          "position": {
            "x": 885.6281127929688,
            "y": 254.0404052734375,
            "z": -16.872905731201172
          }
        },
        {
          "type": "LOWER_LIP",
          "position": {
            "x": 885.4153442382812,
            "y": 268.81353759765625,
            "z": -12.039043426513672
          }
        },
        {
          "type": "MOUTH_LEFT",
          "position": {
            "x": 863.1119995117188,
            "y": 258.6546630859375,
            "z": 2.3572068214416504
          }
        },
        {
          "type": "MOUTH_RIGHT",
          "position": {
            "x": 912.28271484375,
            "y": 261.06011962890625,
            "z": -2.9536666870117188
          }
        },
        {
          "type": "MOUTH_CENTER",
          "position": {
            "x": 885.7833251953125,
            "y": 259.949462890625,
            "z": -12.173468589782715
          }
        },
        {
          "type": "NOSE_BOTTOM_RIGHT",
          "position": {
            "x": 903.5401611328125,
            "y": 233.89471435546875,
            "z": -10.539143562316895
          }
        },
        {
          "type": "NOSE_BOTTOM_LEFT",
          "position": {
            "x": 869.8511352539062,
            "y": 233.667236328125,
            "z": -6.6628336906433105
          }
        },
        {
          "type": "NOSE_BOTTOM_CENTER",
          "position": {
            "x": 885.897705078125,
            "y": 239.003173828125,
            "z": -17.83763313293457
          }
        },
        {
          "type": "LEFT_EYE_TOP_BOUNDARY",
          "position": {
            "x": 857.9607543945312,
            "y": 190.2384033203125,
            "z": -4.086944103240967
          }
        },
        {
          "type": "LEFT_EYE_RIGHT_CORNER",
          "position": {
            "x": 870.5303344726562,
            "y": 193.826416015625,
            "z": -1.0100080966949463
          }
        },
        {
          "type": "LEFT_EYE_BOTTOM_BOUNDARY",
          "position": {
            "x": 858.5930786132812,
            "y": 197.01046752929688,
            "z": -0.2727282643318176
          }
        },
        {
          "type": "LEFT_EYE_LEFT_CORNER",
          "position": {
            "x": 846.96142578125,
            "y": 193.95750427246094,
            "z": 7.013721466064453
          }
        },
        {
          "type": "LEFT_EYE_PUPIL",
          "position": {
            "x": 857.1951904296875,
            "y": 194.2730712890625,
            "z": -1.253721833229065
          }
        },
        {
          "type": "RIGHT_EYE_TOP_BOUNDARY",
          "position": {
            "x": 918.12255859375,
            "y": 191.44114685058594,
            "z": -10.857192993164062
          }
        },
        {
          "type": "RIGHT_EYE_RIGHT_CORNER",
          "position": {
            "x": 931.1322021484375,
            "y": 195.51585388183594,
            "z": -2.4377105236053467
          }
        },
        {
          "type": "RIGHT_EYE_BOTTOM_BOUNDARY",
          "position": {
            "x": 918.6010131835938,
            "y": 198.3826904296875,
            "z": -7.007781505584717
          }
        },
        {
          "type": "RIGHT_EYE_LEFT_CORNER",
          "position": {
            "x": 905.19140625,
            "y": 194.6759490966797,
            "z": -5.063203811645508
          }
        },
        {
          "type": "RIGHT_EYE_PUPIL",
          "position": {
            "x": 918.9144287109375,
            "y": 195.52255249023438,
            "z": -8.298905372619629
          }
        },
        {
          "type": "LEFT_EYEBROW_UPPER_MIDPOINT",
          "position": {
            "x": 855.2733764648438,
            "y": 173.08029174804688,
            "z": -7.668483257293701
          }
        },
        {
          "type": "RIGHT_EYEBROW_UPPER_MIDPOINT",
          "position": {
            "x": 920.5811157226562,
            "y": 174.38433837890625,
            "z": -15.027637481689453
          }
        },
        {
          "type": "LEFT_EAR_TRAGION",
          "position": {
            "x": 828.0245971679688,
            "y": 220.30868530273438,
            "z": 79.97748565673828
          }
        },
        {
          "type": "RIGHT_EAR_TRAGION",
          "position": {
            "x": 964.81640625,
            "y": 223.06106567382812,
            "z": 64.65911865234375
          }
        },
        {
          "type": "FOREHEAD_GLABELLA",
          "position": {
            "x": 887.03515625,
            "y": 180.45677185058594,
            "z": -17.984458923339844
          }
        },
        {
          "type": "CHIN_GNATHION",
          "position": {
            "x": 886.4608154296875,
            "y": 298.2197265625,
            "z": -2.1493911743164062
          }
        },
        {
          "type": "CHIN_LEFT_GONION",
          "position": {
            "x": 831.22900390625,
            "y": 260.2568359375,
            "z": 56.45361328125
          }
        },
        {
          "type": "CHIN_RIGHT_GONION",
          "position": {
            "x": 954.8055419921875,
            "y": 262.75567626953125,
            "z": 42.53474807739258
          }
        }
      ],
      "rollAngle": 0.8574008941650391,
      "panAngle": -6.42471170425415,
      "tiltAngle": -2.450443983078003,
      "detectionConfidence": 0.9946401119232178,
      "landmarkingConfidence": 0.6936597228050232,
      "joyLikelihood": "VERY_UNLIKELY",
      "sorrowLikelihood": "VERY_UNLIKELY",
      "angerLikelihood": "VERY_UNLIKELY",
      "surpriseLikelihood": "VERY_UNLIKELY",
      "underExposedLikelihood": "VERY_UNLIKELY",
      "blurredLikelihood": "VERY_UNLIKELY",
      "headwearLikelihood": "VERY_UNLIKELY"
    }
  ]
}
