{
  "faceAnnotations": [
    {
      "boundingPoly": {
        "vertices": [
          {
            "x": 750,
            "y": 103
          },
          {
            "x": 1220,
            "y": 103
          },
          {
            "x": 1220,
            "y": 648
          },
          {
            "x": 750,
            "y": 648
          }
        ]
      },
      "fdBoundingPoly": {
        "vertices": [
          {
            "x": 835,
            "y": 298
          },
          {
            "x": 1201,
            "y": 298
          },
          {
            "x": 1201,
            "y": 665
          },
          {
            "x": 835,
            "y": 665
          }
        ]
      },
      "landmarks": [
        {
          "type": "LEFT_EYE",
          "position": {
            "x": 999.5176391601562,
            "y": 431.50390625,
            "z": -0.00043612034642137587
          }
        },
        {
          "type": "RIGHT_EYE",
          "position": {
            "x": 1124.9991455078125,
            "y": 439.1719970703125,
            "z": 79.5418472290039
          }
        },
        {
          "type": "LEFT_OF_LEFT_EYEBROW",
          "position": {
            "x": 970.03369140625,
            "y": 391.2603759765625,
            "z": -29.766069412231445
          }
        },
        {
          "type": "RIGHT_OF_LEFT_EYEBROW",
          "position": {
            "x": 1059.59619140625,
            "y": 418.1824645996094,
            "z": -13.673157691955566
          }
        },
        {
          "type": "LEFT_OF_RIGHT_EYEBROW",
          "position": {
            "x": 1116.397216796875,
            "y": 423.7669677734375,
            "z": 24.181861877441406
          }
        },
        {
          "type": "RIGHT_OF_RIGHT_EYEBROW",
          "position": {
            "x": 1168.3045654296875,
            "y": 407.3166809082031,
            "z": 99.446044921875
          }
        },
        {
          "type": "MIDPOINT_BETWEEN_EYES",
          "position": {
            "x": 1083.415771484375,
            "y": 446.3332824707031,
            "z": 15.627902030944824
          }
        },
        {
          "type": "NOSE_TIP",
          "position": {
            "x": 1073.47802734375,
            "y": 538.571044921875,
            "z": 21.5777530670166
          }
        },
        {
          "type": "UPPER_LIP",
          "position": {
            "x": 1034.83203125,
            "y": 560.38720703125,
            "z": 68.14653015136719
          }
        },
        {
          "type": "LOWER_LIP",
          "position": {
            "x": 1012.86962890625,
            "y": 597.6080322265625,
            "z": 97.6396713256836
          }
        },
        {
          "type": "MOUTH_LEFT",
          "position": {
            "x": 955.3211669921875,
            "y": 539.9609375,
            "z": 71.38581848144531
          }
        },
        {
          "type": "MOUTH_RIGHT",
          "position": {
            "x": 1057.61767578125,
            "y": 559.676513671875,
            "z": 134.86541748046875
          }
        },
        {
          "type": "MOUTH_CENTER",
          "position": {
            "x": 1023.0719604492188,
            "y": 575.05078125,
            "z": 85.85739135742188
          }
        },
        {
          "type": "NOSE_BOTTOM_RIGHT",
          "position": {
            "x": 1072.2581787109375,
            "y": 517.694580078125,
            "z": 87.1197509765625
          }
        },
        {
          "type": "NOSE_BOTTOM_LEFT",
          "position": {
            "x": 1009.68310546875,
            "y": 511.29296875,
            "z": 44.258975982666016
          }
        },
        {
          "type": "NOSE_BOTTOM_CENTER",
          "position": {
            "x": 1045.287353515625,
            "y": 537.4888916015625,
            "z": 55.33686828613281
          }
        },
        {
          "type": "LEFT_EYE_TOP_BOUNDARY",
          "position": {
            "x": 1012.8300170898438,
            "y": 426.3417663574219,
            "z": -10.070943832397461
          }
        },
        {
          "type": "LEFT_EYE_RIGHT_CORNER",
          "position": {
            "x": 1026.1878662109375,
            "y": 431.83013916015625,
            "z": 17.24311637878418
          }
        },
        {
          "type": "LEFT_EYE_BOTTOM_BOUNDARY",
          "position": {
            "x": 998.1578369140625,
            "y": 437.59722900390625,
            "z": 4.238828182220459
          }
        },
        {
          "type": "LEFT_EYE_LEFT_CORNER",
          "position": {
            "x": 976.1914672851562,
            "y": 420.227783203125,
            "z": -5.017861366271973
          }
        },
        {
          "type": "LEFT_EYE_PUPIL",
          "position": {
            "x": 1004.9306030273438,
            "y": 430.6783447265625,
            "z": -2.833369255065918
          }
        },
        {
          "type": "RIGHT_EYE_TOP_BOUNDARY",
          "position": {
            "x": 1130.2242431640625,
            "y": 436.1575927734375,
            "z": 67.44735717773438
          }
        },
        {
          "type": "RIGHT_EYE_RIGHT_CORNER",
          "position": {
            "x": 1140.3121337890625,
            "y": 433.86895751953125,
            "z": 103.43376922607422
          }
        },
        {
          "type": "RIGHT_EYE_BOTTOM_BOUNDARY",
          "position": {
            "x": 1119.71923828125,
            "y": 447.39178466796875,
            "z": 81.77403259277344
          }
        },
        {
          "type": "RIGHT_EYE_LEFT_CORNER",
          "position": {
            "x": 1098.736328125,
            "y": 437.59307861328125,
            "z": 63.916282653808594
          }
        },
        {
          "type": "RIGHT_EYE_PUPIL",
          "position": {
            "x": 1125.4447021484375,
            "y": 440.9120178222656,
            "z": 76.55541229248047
          }
        },
        {
          "type": "LEFT_EYEBROW_UPPER_MIDPOINT",
          "position": {
            "x": 1025.6328125,
            "y": 395.8258972167969,
            "z": -36.33869934082031
          }
        },
        {
          "type": "RIGHT_EYEBROW_UPPER_MIDPOINT",
          "position": {
            "x": 1152.9486083984375,
            "y": 406.5958557128906,
            "z": 47.745269775390625
          }
        },
        {
          "type": "LEFT_EAR_TRAGION",
          "position": {
            "x": 832.4654541015625,
            "y": 382.23394775390625,
            "z": 105.56807708740234
          }
        },
        {
          "type": "RIGHT_EAR_TRAGION",
          "position": {
            "x": 1098.569580078125,
            "y": 404.58013916015625,
            "z": 282.009521484375
          }
        },
        {
          "type": "FOREHEAD_GLABELLA",
          "position": {
            "x": 1091.092041015625,
            "y": 422.89202880859375,
            "z": 0.5874541401863098
          }
        },
        {
          "type": "CHIN_GNATHION",
          "position": {
            "x": 981.8534545898438,
            "y": 636.41455078125,
            "z": 138.50331115722656
          }
        },
        {
          "type": "CHIN_LEFT_GONION",
          "position": {
            "x": 837.4320068359375,
            "y": 490.2146301269531,
            "z": 112.60763549804688
          }
        },
        {
          "type": "CHIN_RIGHT_GONION",
          "position": {
            "x": 1077.97900390625,
            "y": 510.2652587890625,
            "z": 271.5308837890625
          }
        }
      ],
      "rollAngle": 23.33026695251465,
      "panAngle": 37.64479446411133,
      "tiltAngle": -25.788860321044922,
      "detectionConfidence": 0.7222672700881958,
      "landmarkingConfidence": 0.4158855974674225,
      "joyLikelihood": "VERY_LIKELY",
      "sorrowLikelihood": "VERY_UNLIKELY",
      "angerLikelihood": "VERY_UNLIKELY",
      "surpriseLikelihood": "VERY_UNLIKELY",
      "underExposedLikelihood": "VERY_UNLIKELY",
      "blurredLikelihood": "VERY_UNLIKELY",
      "headwearLikelihood": "VERY_UNLIKELY"
    },
    {
      "boundingPoly": {
        "vertices": [
          {},
          {
            "x": 572
          },
          {
            "x": 572,
            "y": 585
          },
          {
            "y": 585
          }
        ]
      },
      "fdBoundingPoly": {
        "vertices": [
          {},
          {
            "x": 522
          },
          {
            "x": 522,
            "y": 564
          },
          {
            "y": 564
          }
        ]
      },
      "landmarks": [
        {
          "type": "LEFT_EYE",
          "position": {
            "x": 350.0852355957031,
            "y": 243.36122131347656,
            "z": 0.0019414391135796905
          }
        },
        {
          "type": "RIGHT_EYE",
          "position": {
            "x": 447.26171875,
            "y": 291.59393310546875,
            "z": 191.6782989501953
          }
        },
        {
          "type": "LEFT_OF_LEFT_EYEBROW",
          "position": {
            "x": 326.917236328125,
            "y": 163.02377319335938,
            "z": -65.97244262695312
          }
        },
        {
          "type": "RIGHT_OF_LEFT_EYEBROW",
          "position": {
            "x": 440.53070068359375,
            "y": 237.8983154296875,
            "z": 20.863618850708008
          }
        },
        {
          "type": "LEFT_OF_RIGHT_EYEBROW",
          "position": {
            "x": 484.64453125,
            "y": 264.2449951171875,
            "z": 115.1955795288086
          }
        },
        {
          "type": "RIGHT_OF_RIGHT_EYEBROW",
          "position": {
            "x": 500.5480041503906,
            "y": 256.50390625,
            "z": 260.875
          }
        },
        {
          "type": "MIDPOINT_BETWEEN_EYES",
          "position": {
            "x": 433.19482421875,
            "y": 289.17620849609375,
            "z": 72.16820526123047
          }
        },
        {
          "type": "NOSE_TIP",
          "position": {
            "x": 401.2300109863281,
            "y": 424.9066162109375,
            "z": 54.974674224853516
          }
        },
        {
          "type": "UPPER_LIP",
          "position": {
            "x": 307.38421630859375,
            "y": 453.884765625,
            "z": 90.2215576171875
          }
        },
        {
          "type": "LOWER_LIP",
          "position": {
            "x": 243.45416259765625,
            "y": 504.30224609375,
            "z": 107.69905090332031
          }
        },
        {
          "type": "MOUTH_LEFT",
          "position": {
            "x": 204.39907836914062,
            "y": 414.19818115234375,
            "z": 44.65467071533203
          }
        },
        {
          "type": "MOUTH_RIGHT",
          "position": {
            "x": 285.830810546875,
            "y": 462.3885498046875,
            "z": 198.94287109375
          }
        },
        {
          "type": "MOUTH_CENTER",
          "position": {
            "x": 272.99188232421875,
            "y": 471.1097412109375,
            "z": 102.59400939941406
          }
        },
        {
          "type": "NOSE_BOTTOM_RIGHT",
          "position": {
            "x": 354.1045227050781,
            "y": 399.17449951171875,
            "z": 151.7626953125
          }
        },
        {
          "type": "NOSE_BOTTOM_LEFT",
          "position": {
            "x": 310.6941223144531,
            "y": 371.86651611328125,
            "z": 47.86717987060547
          }
        },
        {
          "type": "NOSE_BOTTOM_CENTER",
          "position": {
            "x": 342.8411865234375,
            "y": 419.17669677734375,
            "z": 84.00061798095703
          }
        },
        {
          "type": "LEFT_EYE_TOP_BOUNDARY",
          "position": {
            "x": 370.6522216796875,
            "y": 236.91636657714844,
            "z": -10.62124252319336
          }
        },
        {
          "type": "LEFT_EYE_RIGHT_CORNER",
          "position": {
            "x": 366.38458251953125,
            "y": 251.4109649658203,
            "z": 37.57758331298828
          }
        },
        {
          "type": "LEFT_EYE_BOTTOM_BOUNDARY",
          "position": {
            "x": 341.6949462890625,
            "y": 252.02560424804688,
            "z": -0.7071121335029602
          }
        },
        {
          "type": "LEFT_EYE_LEFT_CORNER",
          "position": {
            "x": 318.031494140625,
            "y": 217.3564910888672,
            "z": -30.285194396972656
          }
        },
        {
          "type": "LEFT_EYE_PUPIL",
          "position": {
            "x": 353.2965087890625,
            "y": 241.6696014404297,
            "z": -7.292844772338867
          }
        },
        {
          "type": "RIGHT_EYE_TOP_BOUNDARY",
          "position": {
            "x": 466.8125915527344,
            "y": 289.0191650390625,
            "z": 182.9752655029297
          }
        },
        {
          "type": "RIGHT_EYE_RIGHT_CORNER",
          "position": {
            "x": 453.2694091796875,
            "y": 289.7884521484375,
            "z": 240.42636108398438
          }
        },
        {
          "type": "RIGHT_EYE_BOTTOM_BOUNDARY",
          "position": {
            "x": 438.86846923828125,
            "y": 303.92535400390625,
            "z": 192.74667358398438
          }
        },
        {
          "type": "RIGHT_EYE_LEFT_CORNER",
          "position": {
            "x": 426.812255859375,
            "y": 282.34185791015625,
            "z": 153.92007446289062
          }
        },
        {
          "type": "RIGHT_EYE_PUPIL",
          "position": {
            "x": 452.1013488769531,
            "y": 295.3344421386719,
            "z": 191.23626708984375
          }
        },
        {
          "type": "LEFT_EYEBROW_UPPER_MIDPOINT",
          "position": {
            "x": 415.40850830078125,
            "y": 192.34066772460938,
            "z": -31.97039222717285
          }
        },
        {
          "type": "RIGHT_EYEBROW_UPPER_MIDPOINT",
          "position": {
            "x": 519.8519897460938,
            "y": 249.17221069335938,
            "z": 178.25318908691406
          }
        },
        {
          "type": "LEFT_EAR_TRAGION",
          "position": {
            "x": 45.738739013671875,
            "y": 120.086181640625,
            "z": 19.18775749206543
          }
        },
        {
          "type": "RIGHT_EAR_TRAGION",
          "position": {
            "x": 265.450439453125,
            "y": 238.25335693359375,
            "z": 459.30731201171875
          }
        },
        {
          "type": "FOREHEAD_GLABELLA",
          "position": {
            "x": 468.5997009277344,
            "y": 254.629150390625,
            "z": 63.684715270996094
          }
        },
        {
          "type": "CHIN_GNATHION",
          "position": {
            "x": 161.87588500976562,
            "y": 561.3397827148438,
            "z": 133.6904754638672
          }
        },
        {
          "type": "CHIN_LEFT_GONION",
          "position": {
            "x": 22.4644775390625,
            "y": 288.41986083984375,
            "z": 13.85633659362793
          }
        },
        {
          "type": "CHIN_RIGHT_GONION",
          "position": {
            "x": 220.09393310546875,
            "y": 395.30401611328125,
            "z": 411.33660888671875
          }
        }
      ],
      "rollAngle": 40.51605224609375,
      "panAngle": 61.22977828979492,
      "tiltAngle": -6.733465671539307,
      "detectionConfidence": 0.7822329998016357,
      "landmarkingConfidence": 0.40809062123298645,
      "joyLikelihood": "POSSIBLE",
      "sorrowLikelihood": "VERY_UNLIKELY",
      "angerLikelihood": "VERY_UNLIKELY",
      "surpriseLikelihood": "VERY_UNLIKELY",
      "underExposedLikelihood": "VERY_UNLIKELY",
      "blurredLikelihood": "VERY_UNLIKELY",
      "headwearLikelihood": "VERY_UNLIKELY"
    }
  ]
}
