{
  "faceAnnotations": [
    {
      "boundingPoly": {
        "vertices": [
          {
            "x": 123
          },
          {
            "x": 1197
          },
          {
            "x": 1197,
            "y": 761
          },
          {
            "x": 123,
            "y": 761
          }
        ]
      },
      "fdBoundingPoly": {
        "vertices": [
          {
            "x": 332
          },
          {
            "x": 1120
          },
          {
            "x": 1120,
            "y": 706
          },
          {
            "x": 332,
            "y": 706
          }
        ]
      },
      "landmarks": [
        {
          "type": "LEFT_EYE",
          "position": {
            "x": 865.9384765625,
            "y": 254.1527099609375,
            "z": -0.0065292054787278175
          }
        },
        {
          "type": "RIGHT_EYE",
          "position": {
            "x": 1015.2738647460938,
            "y": 350.20806884765625,
            "z": 254.89747619628906
          }
        },
        {
          "type": "LEFT_OF_LEFT_EYEBROW",
          "position": {
            "x": 812.6845703125,
            "y": 142.0530242919922,
            "z": -88.96516418457031
          }
        },
        {
          "type": "RIGHT_OF_LEFT_EYEBROW",
          "position": {
            "x": 975.6101684570312,
            "y": 260.27655029296875,
            "z": 16.035524368286133
          }
        },
        {
          "type": "LEFT_OF_RIGHT_EYEBROW",
          "position": {
            "x": 1056.8272705078125,
            "y": 303.45452880859375,
            "z": 141.16453552246094
          }
        },
        {
          "type": "RIGHT_OF_RIGHT_EYEBROW",
          "position": {
            "x": 1098.236572265625,
            "y": 304.3348388671875,
            "z": 347.3155517578125
          }
        },
        {
          "type": "MIDPOINT_BETWEEN_EYES",
          "position": {
            "x": 979.6437377929688,
            "y": 333.959228515625,
            "z": 84.48882293701172
          }
        },
        {
          "type": "NOSE_TIP",
          "position": {
            "x": 919.4366455078125,
            "y": 525.552001953125,
            "z": 55.554561614990234
          }
        },
        {
          "type": "UPPER_LIP",
          "position": {
            "x": 797.86865234375,
            "y": 562.1929931640625,
            "z": 113.53264617919922
          }
        },
        {
          "type": "LOWER_LIP",
          "position": {
            "x": 700.7410888671875,
            "y": 633.435546875,
            "z": 143.20164489746094
          }
        },
        {
          "type": "MOUTH_LEFT",
          "position": {
            "x": 629.666015625,
            "y": 476.5574951171875,
            "z": 59.30567169189453
          }
        },
        {
          "type": "MOUTH_RIGHT",
          "position": {
            "x": 777.5911865234375,
            "y": 584.3423461914062,
            "z": 271.3265380859375
          }
        },
        {
          "type": "MOUTH_CENTER",
          "position": {
            "x": 746.031494140625,
            "y": 590.2301025390625,
            "z": 134.72134399414062
          }
        },
        {
          "type": "NOSE_BOTTOM_RIGHT",
          "position": {
            "x": 871.4705200195312,
            "y": 493.70782470703125,
            "z": 200.1085205078125
          }
        },
        {
          "type": "NOSE_BOTTOM_LEFT",
          "position": {
            "x": 798.7139892578125,
            "y": 448.38818359375,
            "z": 61.37665557861328
          }
        },
        {
          "type": "NOSE_BOTTOM_CENTER",
          "position": {
            "x": 845.0408935546875,
            "y": 522.2649536132812,
            "z": 103.88925170898438
          }
        },
        {
          "type": "LEFT_EYE_TOP_BOUNDARY",
          "position": {
            "x": 881.0313110351562,
            "y": 250.29971313476562,
            "z": -21.257705688476562
          }
        },
        {
          "type": "LEFT_EYE_RIGHT_CORNER",
          "position": {
            "x": 888.5802001953125,
            "y": 276.4854736328125,
            "z": 48.1708869934082
          }
        },
        {
          "type": "LEFT_EYE_BOTTOM_BOUNDARY",
          "position": {
            "x": 848.366943359375,
            "y": 273.2244873046875,
            "z": -3.8438658714294434
          }
        },
        {
          "type": "LEFT_EYE_LEFT_CORNER",
          "position": {
            "x": 805.833984375,
            "y": 218.16714477539062,
            "z": -40.787296295166016
          }
        },
        {
          "type": "LEFT_EYE_PUPIL",
          "position": {
            "x": 856.5189208984375,
            "y": 256.65838623046875,
            "z": -14.2672119140625
          }
        },
        {
          "type": "RIGHT_EYE_TOP_BOUNDARY",
          "position": {
            "x": 1039.8304443359375,
            "y": 343.315185546875,
            "z": 237.5459747314453
          }
        },
        {
          "type": "RIGHT_EYE_RIGHT_CORNER",
          "position": {
            "x": 1028.1361083984375,
            "y": 348.47650146484375,
            "z": 321.2268981933594
          }
        },
        {
          "type": "RIGHT_EYE_BOTTOM_BOUNDARY",
          "position": {
            "x": 1002.0269165039062,
            "y": 367.105712890625,
            "z": 254.35775756835938
          }
        },
        {
          "type": "RIGHT_EYE_LEFT_CORNER",
          "position": {
            "x": 982.6559448242188,
            "y": 330.0078125,
            "z": 202.7522430419922
          }
        },
        {
          "type": "RIGHT_EYE_PUPIL",
          "position": {
            "x": 1019.3757934570312,
            "y": 352.33056640625,
            "z": 250.98507690429688
          }
        },
        {
          "type": "LEFT_EYEBROW_UPPER_MIDPOINT",
          "position": {
            "x": 942.3953247070312,
            "y": 186.95999145507812,
            "z": -53.98278045654297
          }
        },
        {
          "type": "RIGHT_EYEBROW_UPPER_MIDPOINT",
          "position": {
            "x": 1115.2257080078125,
            "y": 288.23431396484375,
            "z": 227.2401885986328
          }
        },
        {
          "type": "LEFT_EAR_TRAGION",
          "position": {
            "x": 396.16778564453125,
            "y": 57.508087158203125,
            "z": 70.32909393310547
          }
        },
        {
          "type": "RIGHT_EAR_TRAGION",
          "position": {
            "x": 789.524658203125,
            "y": 283.0129699707031,
            "z": 664.2753295898438
          }
        },
        {
          "type": "FOREHEAD_GLABELLA",
          "position": {
            "x": 1027.6448974609375,
            "y": 285.2705993652344,
            "z": 70.5354995727539
          }
        },
        {
          "type": "CHIN_GNATHION",
          "position": {
            "x": 590.7388305664062,
            "y": 712.2181396484375,
            "z": 185.9639434814453
          }
        },
        {
          "type": "CHIN_LEFT_GONION",
          "position": {
            "x": 369.13067626953125,
            "y": 315.65081787109375,
            "z": 55.6549072265625
          }
        },
        {
          "type": "CHIN_RIGHT_GONION",
          "position": {
            "x": 710.49560546875,
            "y": 498.9927673339844,
            "z": 593.79638671875
          }
        }
      ],
      "rollAngle": 41.299434661865234,
      "panAngle": 55.28430938720703,
      "tiltAngle": -7.738565921783447,
      "detectionConfidence": 0.964077889919281,
      "landmarkingConfidence": 0.6184747815132141,
      "joyLikelihood": "UNLIKELY",
      "sorrowLikelihood": "VERY_UNLIKELY",
      "angerLikelihood": "VERY_UNLIKELY",
      "surpriseLikelihood": "VERY_UNLIKELY",
      "underExposedLikelihood": "VERY_UNLIKELY",
      "blurredLikelihood": "VERY_UNLIKELY",
      "headwearLikelihood": "VERY_UNLIKELY"
    },
    {
      "boundingPoly": {
        "vertices": [
          {
            "x": 892
          },
          {
            "x": 1810
          },
          {
            "x": 1810,
            "y": 774
          },
          {
            "x": 892,
            "y": 774
          }
        ]
      },
      "fdBoundingPoly": {
        "vertices": [
          {
            "x": 921,
            "y": 108
          },
          {
            "x": 1573,
            "y": 108
          },
          {
            "x": 1573,
            "y": 760
          },
          {
            "x": 921,
            "y": 760
          }
        ]
      },
      "landmarks": [
        {
          "type": "LEFT_EYE",
          "position": {
            "x": 1093.3072509765625,
            "y": 209.0137939453125,
            "z": 0.0018511076923459768
          }
        },
        {
          "type": "RIGHT_EYE",
          "position": {
            "x": 1214.4434814453125,
            "y": 274.30126953125,
            "z": -238.24807739257812
          }
        },
        {
          "type": "LEFT_OF_LEFT_EYEBROW",
          "position": {
            "x": 1087.44384765625,
            "y": 125.46392822265625,
            "z": 82.46659088134766
          }
        },
        {
          "type": "RIGHT_OF_LEFT_EYEBROW",
          "position": {
            "x": 1090.973388671875,
            "y": 155.10275268554688,
            "z": -98.28953552246094
          }
        },
        {
          "type": "LEFT_OF_RIGHT_EYEBROW",
          "position": {
            "x": 1153.0831298828125,
            "y": 186.5034637451172,
            "z": -215.34222412109375
          }
        },
        {
          "type": "RIGHT_OF_RIGHT_EYEBROW",
          "position": {
            "x": 1297.802490234375,
            "y": 234.2303466796875,
            "z": -320.17340087890625
          }
        },
        {
          "type": "MIDPOINT_BETWEEN_EYES",
          "position": {
            "x": 1105.7991943359375,
            "y": 227.8326416015625,
            "z": -149.05368041992188
          }
        },
        {
          "type": "NOSE_TIP",
          "position": {
            "x": 1002.6279296875,
            "y": 374.07720947265625,
            "z": -162.42820739746094
          }
        },
        {
          "type": "UPPER_LIP",
          "position": {
            "x": 1039.7288818359375,
            "y": 477.5475769042969,
            "z": -115.29421997070312
          }
        },
        {
          "type": "LOWER_LIP",
          "position": {
            "x": 1038.583740234375,
            "y": 573.2379760742188,
            "z": -90.00054931640625
          }
        },
        {
          "type": "MOUTH_LEFT",
          "position": {
            "x": 1048.7994384765625,
            "y": 498.97705078125,
            "z": 21.501747131347656
          }
        },
        {
          "type": "MOUTH_RIGHT",
          "position": {
            "x": 1151.037109375,
            "y": 551.2359619140625,
            "z": -168.556640625
          }
        },
        {
          "type": "MOUTH_CENTER",
          "position": {
            "x": 1049.0670166015625,
            "y": 523.6207275390625,
            "z": -98.00675964355469
          }
        },
        {
          "type": "NOSE_BOTTOM_RIGHT",
          "position": {
            "x": 1119.1009521484375,
            "y": 418.5350036621094,
            "z": -171.8743133544922
          }
        },
        {
          "type": "NOSE_BOTTOM_LEFT",
          "position": {
            "x": 1058.3255615234375,
            "y": 386.350341796875,
            "z": -42.471473693847656
          }
        },
        {
          "type": "NOSE_BOTTOM_CENTER",
          "position": {
            "x": 1050.1966552734375,
            "y": 422.0189208984375,
            "z": -124.9618148803711
          }
        },
        {
          "type": "LEFT_EYE_TOP_BOUNDARY",
          "position": {
            "x": 1080.7574462890625,
            "y": 188.08767700195312,
            "z": -11.80703353881836
          }
        },
        {
          "type": "LEFT_EYE_RIGHT_CORNER",
          "position": {
            "x": 1118.5474853515625,
            "y": 223.81956481933594,
            "z": -47.171810150146484
          }
        },
        {
          "type": "LEFT_EYE_BOTTOM_BOUNDARY",
          "position": {
            "x": 1087.6258544921875,
            "y": 226.45751953125,
            "z": 1.9481194019317627
          }
        },
        {
          "type": "LEFT_EYE_LEFT_CORNER",
          "position": {
            "x": 1090.8421630859375,
            "y": 198.92840576171875,
            "z": 60.27383041381836
          }
        },
        {
          "type": "LEFT_EYE_PUPIL",
          "position": {
            "x": 1085.544677734375,
            "y": 206.6607666015625,
            "z": 0.7933881878852844
          }
        },
        {
          "type": "RIGHT_EYE_TOP_BOUNDARY",
          "position": {
            "x": 1204.43994140625,
            "y": 253.45736694335938,
            "z": -252.3873748779297
          }
        },
        {
          "type": "RIGHT_EYE_RIGHT_CORNER",
          "position": {
            "x": 1263.5496826171875,
            "y": 290.5069580078125,
            "z": -275.74285888671875
          }
        },
        {
          "type": "RIGHT_EYE_BOTTOM_BOUNDARY",
          "position": {
            "x": 1211.1781005859375,
            "y": 292.7366638183594,
            "z": -238.30731201171875
          }
        },
        {
          "type": "RIGHT_EYE_LEFT_CORNER",
          "position": {
            "x": 1192.3443603515625,
            "y": 263.1872253417969,
            "z": -191.15721130371094
          }
        },
        {
          "type": "RIGHT_EYE_PUPIL",
          "position": {
            "x": 1212.1708984375,
            "y": 273.8050537109375,
            "z": -246.24081420898438
          }
        },
        {
          "type": "LEFT_EYEBROW_UPPER_MIDPOINT",
          "position": {
            "x": 1079.4713134765625,
            "y": 105.36485290527344,
            "z": -21.28124237060547
          }
        },
        {
          "type": "RIGHT_EYEBROW_UPPER_MIDPOINT",
          "position": {
            "x": 1213.7872314453125,
            "y": 176.223388671875,
            "z": -282.33612060546875
          }
        },
        {
          "type": "LEFT_EAR_TRAGION",
          "position": {
            "x": 1287.78173828125,
            "y": 333.52947998046875,
            "z": 338.6600646972656
          }
        },
        {
          "type": "RIGHT_EAR_TRAGION",
          "position": {
            "x": 1568.4375,
            "y": 481.45947265625,
            "z": -207.68106079101562
          }
        },
        {
          "type": "FOREHEAD_GLABELLA",
          "position": {
            "x": 1112.5860595703125,
            "y": 166.57147216796875,
            "z": -162.24107360839844
          }
        },
        {
          "type": "CHIN_GNATHION",
          "position": {
            "x": 1048.3367919921875,
            "y": 697.8733520507812,
            "z": -51.155242919921875
          }
        },
        {
          "type": "CHIN_LEFT_GONION",
          "position": {
            "x": 1166.8826904296875,
            "y": 501.843017578125,
            "z": 286.8437194824219
          }
        },
        {
          "type": "CHIN_RIGHT_GONION",
          "position": {
            "x": 1420.6796875,
            "y": 635.8724365234375,
            "z": -206.75782775878906
          }
        }
      ],
      "rollAngle": 11.61341381072998,
      "panAngle": -61.132484436035156,
      "tiltAngle": -9.218476295471191,
      "detectionConfidence": 0.7582641839981079,
      "landmarkingConfidence": 0.14454002678394318,
      "joyLikelihood": "VERY_LIKELY",
      "sorrowLikelihood": "VERY_UNLIKELY",
      "angerLikelihood": "VERY_UNLIKELY",
      "surpriseLikelihood": "VERY_UNLIKELY",
      "underExposedLikelihood": "VERY_UNLIKELY",
      "blurredLikelihood": "VERY_UNLIKELY",
      "headwearLikelihood": "VERY_UNLIKELY"
    }
  ]
}
