{
  "faceAnnotations": [
    {
      "boundingPoly": {
        "vertices": [
          {
            "x": 295,
            "y": 170
          },
          {
            "x": 389,
            "y": 170
          },
          {
            "x": 389,
            "y": 279
          },
          {
            "x": 295,
            "y": 279
          }
        ]
      },
      "fdBoundingPoly": {
        "vertices": [
          {
            "x": 296,
            "y": 193
          },
          {
            "x": 381,
            "y": 193
          },
          {
            "x": 381,
            "y": 278
          },
          {
            "x": 296,
            "y": 278
          }
        ]
      },
      "landmarks": [
        {
          "type": "LEFT_EYE",
          "position": {
            "x": 326.8757629394531,
            "y": 221.84982299804688,
            "z": -0.00027719346689991653
          }
        },
        {
          "type": "RIGHT_EYE",
          "position": {
            "x": 355.1316223144531,
            "y": 219.54220581054688,
            "z": -0.6058913469314575
          }
        },
        {
          "type": "LEFT_OF_LEFT_EYEBROW",
          "position": {
            "x": 316.8460693359375,
            "y": 215.72535705566406,
            "z": 2.647857427597046
          }
        },
        {
          "type": "RIGHT_OF_LEFT_EYEBROW",
          "position": {
            "x": 333.480712890625,
            "y": 214.63204956054688,
            "z": -5.907111167907715
          }
        },
        {
          "type": "LEFT_OF_RIGHT_EYEBROW",
          "position": {
            "x": 347.27301025390625,
            "y": 213.67283630371094,
            "z": -6.194169998168945
          }
        },
        {
          "type": "RIGHT_OF_RIGHT_EYEBROW",
          "position": {
            "x": 364.2543029785156,
            "y": 212.43040466308594,
            "z": 1.6266535520553589
          }
        },
        {
          "type": "MIDPOINT_BETWEEN_EYES",
          "position": {
            "x": 340.82330322265625,
            "y": 220.23764038085938,
            "z": -6.285582065582275
          }
        },
        {
          "type": "NOSE_TIP",
          "position": {
            "x": 341.80908203125,
            "y": 236.7081298828125,
            "z": -14.202876091003418
          }
        },
        {
          "type": "UPPER_LIP",
          "position": {
            "x": 342.4788818359375,
            "y": 246.9542236328125,
            "z": -7.23617696762085
          }
        },
        {
          "type": "LOWER_LIP",
          "position": {
            "x": 343.53631591796875,
            "y": 257.808349609375,
            "z": -4.753880500793457
          }
        },
        {
          "type": "MOUTH_LEFT",
          "position": {
            "x": 329.78424072265625,
            "y": 250.70208740234375,
            "z": 1.3836044073104858
          }
        },
        {
          "type": "MOUTH_RIGHT",
          "position": {
            "x": 354.7826843261719,
            "y": 248.2882537841797,
            "z": 0.5559210777282715
          }
        },
        {
          "type": "MOUTH_CENTER",
          "position": {
            "x": 343.037841796875,
            "y": 251.35125732421875,
            "z": -4.969625473022461
          }
        },
        {
          "type": "NOSE_BOTTOM_RIGHT",
          "position": {
            "x": 349.9566650390625,
            "y": 237.881591796875,
            "z": -3.3473000526428223
          }
        },
        {
          "type": "NOSE_BOTTOM_LEFT",
          "position": {
            "x": 335.7663269042969,
            "y": 238.9268341064453,
            "z": -3.290099859237671
          }
        },
        {
          "type": "NOSE_BOTTOM_CENTER",
          "position": {
            "x": 342.2584533691406,
            "y": 240.8469696044922,
            "z": -7.51897668838501
          }
        },
        {
          "type": "LEFT_EYE_TOP_BOUNDARY",
          "position": {
            "x": 326.59033203125,
            "y": 219.8740692138672,
            "z": -1.9734660387039185
          }
        },
        {
          "type": "LEFT_EYE_RIGHT_CORNER",
          "position": {
            "x": 332.52911376953125,
            "y": 221.63587951660156,
            "z": 0.0015298278303816915
          }
        },
        {
          "type": "LEFT_EYE_BOTTOM_BOUNDARY",
          "position": {
            "x": 326.9509582519531,
            "y": 223.73085021972656,
            "z": -0.1865621954202652
          }
        },
        {
          "type": "LEFT_EYE_LEFT_CORNER",
          "position": {
            "x": 321.2082824707031,
            "y": 222.19566345214844,
            "z": 2.7392642498016357
          }
        },
        {
          "type": "LEFT_EYE_PUPIL",
          "position": {
            "x": 326.3159484863281,
            "y": 221.82264709472656,
            "z": -0.69916832447052
          }
        },
        {
          "type": "RIGHT_EYE_TOP_BOUNDARY",
          "position": {
            "x": 354.9788818359375,
            "y": 217.86448669433594,
            "z": -2.582340717315674
          }
        },
        {
          "type": "RIGHT_EYE_RIGHT_CORNER",
          "position": {
            "x": 360.8662414550781,
            "y": 219.388671875,
            "z": 1.879823088645935
          }
        },
        {
          "type": "RIGHT_EYE_BOTTOM_BOUNDARY",
          "position": {
            "x": 355.4042053222656,
            "y": 221.64297485351562,
            "z": -0.790918231010437
          }
        },
        {
          "type": "RIGHT_EYE_LEFT_CORNER",
          "position": {
            "x": 349.5147705078125,
            "y": 220.43402099609375,
            "z": -0.3716419041156769
          }
        },
        {
          "type": "RIGHT_EYE_PUPIL",
          "position": {
            "x": 355.4659729003906,
            "y": 219.7645263671875,
            "z": -1.3406915664672852
          }
        },
        {
          "type": "LEFT_EYEBROW_UPPER_MIDPOINT",
          "position": {
            "x": 324.75775146484375,
            "y": 211.74508666992188,
            "z": -3.6219308376312256
          }
        },
        {
          "type": "RIGHT_EYEBROW_UPPER_MIDPOINT",
          "position": {
            "x": 355.562255859375,
            "y": 209.5694580078125,
            "z": -4.283713340759277
          }
        },
        {
          "type": "LEFT_EAR_TRAGION",
          "position": {
            "x": 310.4489440917969,
            "y": 236.06605529785156,
            "z": 35.897586822509766
          }
        },
        {
          "type": "RIGHT_EAR_TRAGION",
          "position": {
            "x": 374.8590393066406,
            "y": 231.53131103515625,
            "z": 34.51853561401367
          }
        },
        {
          "type": "FOREHEAD_GLABELLA",
          "position": {
            "x": 340.3252868652344,
            "y": 213.80517578125,
            "z": -7.15394926071167
          }
        },
        {
          "type": "CHIN_GNATHION",
          "position": {
            "x": 344.38116455078125,
            "y": 269.3750915527344,
            "z": -0.4855135381221771
          }
        },
        {
          "type": "CHIN_LEFT_GONION",
          "position": {
            "x": 314.5888366699219,
            "y": 254.307861328125,
            "z": 24.765119552612305
          }
        },
        {
          "type": "CHIN_RIGHT_GONION",
          "position": {
            "x": 372.837158203125,
            "y": 250.1840057373047,
            "z": 23.513383865356445
          }
        }
      ],
      "rollAngle": -4.090544700622559,
      "panAngle": -1.2266905307769775,
      "tiltAngle": -1.563545823097229,
      "detectionConfidence": 0.7512469291687012,
      "landmarkingConfidence": 0.3401665687561035,
      "joyLikelihood": "VERY_LIKELY",
      "sorrowLikelihood": "VERY_UNLIKELY",
      "angerLikelihood": "VERY_UNLIKELY",
      "surpriseLikelihood": "VERY_UNLIKELY",
      "underExposedLikelihood": "VERY_UNLIKELY",
      "blurredLikelihood": "VERY_UNLIKELY",
      "headwearLikelihood": "POSSIBLE"
    },
    {
      "boundingPoly": {
        "vertices": [
          {
            "x": 66,
            "y": 158
          },
          {
            "x": 168,
            "y": 158
          },
          {
            "x": 168,
            "y": 277
          },
          {
            "x": 66,
            "y": 277
          }
        ]
      },
      "fdBoundingPoly": {
        "vertices": [
          {
            "x": 70,
            "y": 186
          },
          {
            "x": 167,
            "y": 186
          },
          {
            "x": 167,
            "y": 283
          },
          {
            "x": 70,
            "y": 283
          }
        ]
      },
      "landmarks": [
        {
          "type": "LEFT_EYE",
          "position": {
            "x": 104.15513610839844,
            "y": 220.9429473876953,
            "z": 0.000399502256186679
          }
        },
        {
          "type": "RIGHT_EYE",
          "position": {
            "x": 137.68740844726562,
            "y": 220.26687622070312,
            "z": 3.417668581008911
          }
        },
        {
          "type": "LEFT_OF_LEFT_EYEBROW",
          "position": {
            "x": 94.2773208618164,
            "y": 213.37213134765625,
            "z": -0.20994435250759125
          }
        },
        {
          "type": "RIGHT_OF_LEFT_EYEBROW",
          "position": {
            "x": 113.57512664794922,
            "y": 215.13400268554688,
            "z": -6.962204456329346
          }
        },
        {
          "type": "LEFT_OF_RIGHT_EYEBROW",
          "position": {
            "x": 128.5967254638672,
            "y": 214.67529296875,
            "z": -5.441878795623779
          }
        },
        {
          "type": "RIGHT_OF_RIGHT_EYEBROW",
          "position": {
            "x": 145.97471618652344,
            "y": 211.83445739746094,
            "z": 5.024193286895752
          }
        },
        {
          "type": "MIDPOINT_BETWEEN_EYES",
          "position": {
            "x": 121.12808990478516,
            "y": 221.37637329101562,
            "z": -4.857479095458984
          }
        },
        {
          "type": "NOSE_TIP",
          "position": {
            "x": 122.1600341796875,
            "y": 241.07269287109375,
            "z": -8.826642990112305
          }
        },
        {
          "type": "UPPER_LIP",
          "position": {
            "x": 121.38019561767578,
            "y": 249.79635620117188,
            "z": 1.1510542631149292
          }
        },
        {
          "type": "LOWER_LIP",
          "position": {
            "x": 121.11206817626953,
            "y": 259.6435546875,
            "z": 6.240297794342041
          }
        },
        {
          "type": "MOUTH_LEFT",
          "position": {
            "x": 108.14801788330078,
            "y": 252.10568237304688,
            "z": 9.197426795959473
          }
        },
        {
          "type": "MOUTH_RIGHT",
          "position": {
            "x": 133.76373291015625,
            "y": 249.80670166015625,
            "z": 11.89885425567627
          }
        },
        {
          "type": "MOUTH_CENTER",
          "position": {
            "x": 120.79731750488281,
            "y": 253.3508758544922,
            "z": 4.640447616577148
          }
        },
        {
          "type": "NOSE_BOTTOM_RIGHT",
          "position": {
            "x": 129.05697631835938,
            "y": 239.27175903320312,
            "z": 3.9944775104522705
          }
        },
        {
          "type": "NOSE_BOTTOM_LEFT",
          "position": {
            "x": 112.39969635009766,
            "y": 240.19158935546875,
            "z": 2.395876407623291
          }
        },
        {
          "type": "NOSE_BOTTOM_CENTER",
          "position": {
            "x": 121.38014221191406,
            "y": 243.69171142578125,
            "z": -0.6811254620552063
          }
        },
        {
          "type": "LEFT_EYE_TOP_BOUNDARY",
          "position": {
            "x": 105.21041870117188,
            "y": 219.44293212890625,
            "z": -2.552372455596924
          }
        },
        {
          "type": "LEFT_EYE_RIGHT_CORNER",
          "position": {
            "x": 111.14198303222656,
            "y": 220.95706176757812,
            "z": 0.8637906312942505
          }
        },
        {
          "type": "LEFT_EYE_BOTTOM_BOUNDARY",
          "position": {
            "x": 104.58131408691406,
            "y": 223.4191436767578,
            "z": 0.417113721370697
          }
        },
        {
          "type": "LEFT_EYE_LEFT_CORNER",
          "position": {
            "x": 98.52200317382812,
            "y": 220.4581756591797,
            "z": 2.188943862915039
          }
        },
        {
          "type": "LEFT_EYE_PUPIL",
          "position": {
            "x": 104.5724868774414,
            "y": 221.1497802734375,
            "z": -0.7407450079917908
          }
        },
        {
          "type": "RIGHT_EYE_TOP_BOUNDARY",
          "position": {
            "x": 136.1654815673828,
            "y": 218.51434326171875,
            "z": 0.5956643223762512
          }
        },
        {
          "type": "RIGHT_EYE_RIGHT_CORNER",
          "position": {
            "x": 141.7852783203125,
            "y": 219.14218139648438,
            "z": 6.587613105773926
          }
        },
        {
          "type": "RIGHT_EYE_BOTTOM_BOUNDARY",
          "position": {
            "x": 136.40682983398438,
            "y": 222.4356689453125,
            "z": 3.574779510498047
          }
        },
        {
          "type": "RIGHT_EYE_LEFT_CORNER",
          "position": {
            "x": 129.7174835205078,
            "y": 220.39627075195312,
            "z": 2.745657205581665
          }
        },
        {
          "type": "RIGHT_EYE_PUPIL",
          "position": {
            "x": 136.3248748779297,
            "y": 220.2008819580078,
            "z": 2.4427247047424316
          }
        },
        {
          "type": "LEFT_EYEBROW_UPPER_MIDPOINT",
          "position": {
            "x": 104.05577087402344,
            "y": 211.1652069091797,
            "z": -6.613353729248047
          }
        },
        {
          "type": "RIGHT_EYEBROW_UPPER_MIDPOINT",
          "position": {
            "x": 137.5981903076172,
            "y": 210.14695739746094,
            "z": -3.1972618103027344
          }
        },
        {
          "type": "LEFT_EAR_TRAGION",
          "position": {
            "x": 81.27784729003906,
            "y": 225.93429565429688,
            "z": 38.966041564941406
          }
        },
        {
          "type": "RIGHT_EAR_TRAGION",
          "position": {
            "x": 151.54566955566406,
            "y": 223.75357055664062,
            "z": 46.04251480102539
          }
        },
        {
          "type": "FOREHEAD_GLABELLA",
          "position": {
            "x": 121.20496368408203,
            "y": 214.83197021484375,
            "z": -7.446434497833252
          }
        },
        {
          "type": "CHIN_GNATHION",
          "position": {
            "x": 120.90911865234375,
            "y": 274.2885437011719,
            "z": 14.41149616241455
          }
        },
        {
          "type": "CHIN_LEFT_GONION",
          "position": {
            "x": 86.09175109863281,
            "y": 248.47647094726562,
            "z": 32.50803756713867
          }
        },
        {
          "type": "CHIN_RIGHT_GONION",
          "position": {
            "x": 149.54788208007812,
            "y": 246.55392456054688,
            "z": 38.95559310913086
          }
        }
      ],
      "rollAngle": -0.11549699306488037,
      "panAngle": 6.025664806365967,
      "tiltAngle": -15.529973030090332,
      "detectionConfidence": 0.7152178287506104,
      "landmarkingConfidence": 0.20666952431201935,
      "joyLikelihood": "VERY_LIKELY",
      "sorrowLikelihood": "VERY_UNLIKELY",
      "angerLikelihood": "VERY_UNLIKELY",
      "surpriseLikelihood": "VERY_UNLIKELY",
      "underExposedLikelihood": "VERY_UNLIKELY",
      "blurredLikelihood": "VERY_UNLIKELY",
      "headwearLikelihood": "UNLIKELY"
    }
  ]
}
