{
  "faceAnnotations": [
    {
      "boundingPoly": {
        "vertices": [
          {
            "x": 8,
            "y": 36
          },
          {
            "x": 157,
            "y": 36
          },
          {
            "x": 157,
            "y": 210
          },
          {
            "x": 8,
            "y": 210
          }
        ]
      },
      "fdBoundingPoly": {
        "vertices": [
          {
            "x": 40,
            "y": 81
          },
          {
            "x": 152,
            "y": 81
          },
          {
            "x": 152,
            "y": 194
          },
          {
            "x": 40,
            "y": 194
          }
        ]
      },
      "landmarks": [
        {
          "type": "LEFT_EYE",
          "position": {
            "x": 86.079345703125,
            "y": 112.19119262695312,
            "z": 0.0010333465179428458
          }
        },
        {
          "type": "RIGHT_EYE",
          "position": {
            "x": 125.11044311523438,
            "y": 122.78671264648438,
            "z": 18.702680587768555
          }
        },
        {
          "type": "LEFT_OF_LEFT_EYEBROW",
          "position": {
            "x": 68.97378540039062,
            "y": 99.17237854003906,
            "z": -2.3296797275543213
          }
        },
        {
          "type": "RIGHT_OF_LEFT_EYEBROW",
          "position": {
            "x": 100.54553985595703,
            "y": 107.79551696777344,
            "z": -3.244502544403076
          }
        },
        {
          "type": "LEFT_OF_RIGHT_EYEBROW",
          "position": {
            "x": 120.02014923095703,
            "y": 110.80848693847656,
            "z": 5.831244945526123
          }
        },
        {
          "type": "RIGHT_OF_RIGHT_EYEBROW",
          "position": {
            "x": 138.20709228515625,
            "y": 115.614990234375,
            "z": 28.895851135253906
          }
        },
        {
          "type": "MIDPOINT_BETWEEN_EYES",
          "position": {
            "x": 108.77604675292969,
            "y": 117.93932342529297,
            "z": 0.37912076711654663
          }
        },
        {
          "type": "NOSE_TIP",
          "position": {
            "x": 108.47061157226562,
            "y": 143.85260009765625,
            "z": -12.321002006530762
          }
        },
        {
          "type": "UPPER_LIP",
          "position": {
            "x": 100.53472900390625,
            "y": 159.7339324951172,
            "z": -3.180722951889038
          }
        },
        {
          "type": "LOWER_LIP",
          "position": {
            "x": 96.15534973144531,
            "y": 174.26715087890625,
            "z": -0.6154459118843079
          }
        },
        {
          "type": "MOUTH_LEFT",
          "position": {
            "x": 76.74758911132812,
            "y": 161.31300354003906,
            "z": 0.3870704770088196
          }
        },
        {
          "type": "MOUTH_RIGHT",
          "position": {
            "x": 110.81119537353516,
            "y": 167.61962890625,
            "z": 15.528098106384277
          }
        },
        {
          "type": "MOUTH_CENTER",
          "position": {
            "x": 98.18905639648438,
            "y": 165.63409423828125,
            "z": -0.35501912236213684
          }
        },
        {
          "type": "NOSE_BOTTOM_RIGHT",
          "position": {
            "x": 111.26216888427734,
            "y": 148.79183959960938,
            "z": 8.513930320739746
          }
        },
        {
          "type": "NOSE_BOTTOM_LEFT",
          "position": {
            "x": 89.88041687011719,
            "y": 143.43441772460938,
            "z": -1.8055088520050049
          }
        },
        {
          "type": "NOSE_BOTTOM_CENTER",
          "position": {
            "x": 102.44441223144531,
            "y": 150.8939208984375,
            "z": -3.0888724327087402
          }
        },
        {
          "type": "LEFT_EYE_TOP_BOUNDARY",
          "position": {
            "x": 86.40686798095703,
            "y": 110.9040756225586,
            "z": -3.1658272743225098
          }
        },
        {
          "type": "LEFT_EYE_RIGHT_CORNER",
          "position": {
            "x": 92.51905822753906,
            "y": 116.657470703125,
            "z": 3.487227439880371
          }
        },
        {
          "type": "LEFT_EYE_BOTTOM_BOUNDARY",
          "position": {
            "x": 84.31046295166016,
            "y": 115.63701629638672,
            "z": -0.90187668800354
          }
        },
        {
          "type": "LEFT_EYE_LEFT_CORNER",
          "position": {
            "x": 73.98837280273438,
            "y": 111.12153625488281,
            "z": -0.441350519657135
          }
        },
        {
          "type": "LEFT_EYE_PUPIL",
          "position": {
            "x": 84.24479675292969,
            "y": 113.69683837890625,
            "z": -1.8321468830108643
          }
        },
        {
          "type": "RIGHT_EYE_TOP_BOUNDARY",
          "position": {
            "x": 126.24469757080078,
            "y": 120.25784301757812,
            "z": 15.73084545135498
          }
        },
        {
          "type": "RIGHT_EYE_RIGHT_CORNER",
          "position": {
            "x": 130.49530029296875,
            "y": 124.83265686035156,
            "z": 25.952436447143555
          }
        },
        {
          "type": "RIGHT_EYE_BOTTOM_BOUNDARY",
          "position": {
            "x": 124.38445281982422,
            "y": 126.10358428955078,
            "z": 18.041826248168945
          }
        },
        {
          "type": "RIGHT_EYE_LEFT_CORNER",
          "position": {
            "x": 115.39241027832031,
            "y": 122.65130615234375,
            "z": 14.63801097869873
          }
        },
        {
          "type": "RIGHT_EYE_PUPIL",
          "position": {
            "x": 125.15795135498047,
            "y": 123.34027099609375,
            "z": 17.475439071655273
          }
        },
        {
          "type": "LEFT_EYEBROW_UPPER_MIDPOINT",
          "position": {
            "x": 88.35107421875,
            "y": 97.97942352294922,
            "z": -5.738478660583496
          }
        },
        {
          "type": "RIGHT_EYEBROW_UPPER_MIDPOINT",
          "position": {
            "x": 131.62747192382812,
            "y": 108.09590911865234,
            "z": 14.756470680236816
          }
        },
        {
          "type": "LEFT_EAR_TRAGION",
          "position": {
            "x": 31.187074661254883,
            "y": 125.86941528320312,
            "z": 37.40959167480469
          }
        },
        {
          "type": "RIGHT_EAR_TRAGION",
          "position": {
            "x": 121.74360656738281,
            "y": 147.01889038085938,
            "z": 80.38134002685547
          }
        },
        {
          "type": "FOREHEAD_GLABELLA",
          "position": {
            "x": 111.1355209350586,
            "y": 108.1507568359375,
            "z": -0.3352857232093811
          }
        },
        {
          "type": "CHIN_GNATHION",
          "position": {
            "x": 89.23820495605469,
            "y": 193.99154663085938,
            "z": 4.381418704986572
          }
        },
        {
          "type": "CHIN_LEFT_GONION",
          "position": {
            "x": 36.939754486083984,
            "y": 156.2723846435547,
            "z": 22.05450439453125
          }
        },
        {
          "type": "CHIN_RIGHT_GONION",
          "position": {
            "x": 118.75958251953125,
            "y": 175.32095336914062,
            "z": 60.86298370361328
          }
        }
      ],
      "rollAngle": 12.400653839111328,
      "panAngle": 24.795618057250977,
      "tiltAngle": 1.6037589311599731,
      "detectionConfidence": 0.9760735034942627,
      "landmarkingConfidence": 0.7325038909912109,
      "joyLikelihood": "VERY_LIKELY",
      "sorrowLikelihood": "VERY_UNLIKELY",
      "angerLikelihood": "VERY_UNLIKELY",
      "surpriseLikelihood": "VERY_UNLIKELY",
      "underExposedLikelihood": "VERY_UNLIKELY",
      "blurredLikelihood": "VERY_UNLIKELY",
      "headwearLikelihood": "VERY_UNLIKELY"
    },
    {
      "boundingPoly": {
        "vertices": [
          {
            "x": 99,
            "y": 41
          },
          {
            "x": 239,
            "y": 41
          },
          {
            "x": 239,
            "y": 203
          },
          {
            "x": 99,
            "y": 203
          }
        ]
      },
      "fdBoundingPoly": {
        "vertices": [
          {
            "x": 128,
            "y": 108
          },
          {
            "x": 211,
            "y": 108
          },
          {
            "x": 211,
            "y": 191
          },
          {
            "x": 128,
            "y": 191
          }
        ]
      },
      "landmarks": [
        {
          "type": "LEFT_EYE",
          "position": {
            "x": 146.05909729003906,
            "y": 126.22752380371094,
            "z": 0.0004775770357809961
          }
        },
        {
          "type": "RIGHT_EYE",
          "position": {
            "x": 186.48257446289062,
            "y": 133.70999145507812,
            "z": -3.7747702598571777
          }
        },
        {
          "type": "LEFT_OF_LEFT_EYEBROW",
          "position": {
            "x": 133.97705078125,
            "y": 112.81352233886719,
            "z": 0.9461497068405151
          }
        },
        {
          "type": "RIGHT_OF_LEFT_EYEBROW",
          "position": {
            "x": 156.53062438964844,
            "y": 122.1950912475586,
            "z": -12.367097854614258
          }
        },
        {
          "type": "LEFT_OF_RIGHT_EYEBROW",
          "position": {
            "x": 176.83480834960938,
            "y": 125.85549926757812,
            "z": -14.237541198730469
          }
        },
        {
          "type": "RIGHT_OF_RIGHT_EYEBROW",
          "position": {
            "x": 202.38978576660156,
            "y": 126.69598388671875,
            "z": -5.2557172775268555
          }
        },
        {
          "type": "MIDPOINT_BETWEEN_EYES",
          "position": {
            "x": 165.19256591796875,
            "y": 132.28280639648438,
            "z": -10.411882400512695
          }
        },
        {
          "type": "NOSE_TIP",
          "position": {
            "x": 159.71719360351562,
            "y": 159.0360107421875,
            "z": -12.367741584777832
          }
        },
        {
          "type": "UPPER_LIP",
          "position": {
            "x": 158.73683166503906,
            "y": 168.73452758789062,
            "z": 2.470594644546509
          }
        },
        {
          "type": "LOWER_LIP",
          "position": {
            "x": 157.03416442871094,
            "y": 181.60145568847656,
            "z": 11.200369834899902
          }
        },
        {
          "type": "MOUTH_LEFT",
          "position": {
            "x": 143.5840606689453,
            "y": 167.3422393798828,
            "z": 16.81648826599121
          }
        },
        {
          "type": "MOUTH_RIGHT",
          "position": {
            "x": 176.83859252929688,
            "y": 172.62794494628906,
            "z": 13.936083793640137
          }
        },
        {
          "type": "MOUTH_CENTER",
          "position": {
            "x": 158.2813720703125,
            "y": 174.2039794921875,
            "z": 8.137948036193848
          }
        },
        {
          "type": "NOSE_BOTTOM_RIGHT",
          "position": {
            "x": 172.8983154296875,
            "y": 158.1265869140625,
            "z": 2.723316192626953
          }
        },
        {
          "type": "NOSE_BOTTOM_LEFT",
          "position": {
            "x": 150.3953857421875,
            "y": 153.57601928710938,
            "z": 4.733066558837891
          }
        },
        {
          "type": "NOSE_BOTTOM_CENTER",
          "position": {
            "x": 159.9404754638672,
            "y": 162.3301239013672,
            "z": -0.7428383231163025
          }
        },
        {
          "type": "LEFT_EYE_TOP_BOUNDARY",
          "position": {
            "x": 145.68145751953125,
            "y": 124.44987487792969,
            "z": -3.7217345237731934
          }
        },
        {
          "type": "LEFT_EYE_RIGHT_CORNER",
          "position": {
            "x": 153.95669555664062,
            "y": 127.98969268798828,
            "z": -0.445900022983551
          }
        },
        {
          "type": "LEFT_EYE_BOTTOM_BOUNDARY",
          "position": {
            "x": 145.247314453125,
            "y": 128.76425170898438,
            "z": 0.7767190337181091
          }
        },
        {
          "type": "LEFT_EYE_LEFT_CORNER",
          "position": {
            "x": 138.09320068359375,
            "y": 123.12956237792969,
            "z": 4.341733455657959
          }
        },
        {
          "type": "LEFT_EYE_PUPIL",
          "position": {
            "x": 144.8797607421875,
            "y": 126.30342102050781,
            "z": -0.876731812953949
          }
        },
        {
          "type": "RIGHT_EYE_TOP_BOUNDARY",
          "position": {
            "x": 186.85092163085938,
            "y": 132.6639404296875,
            "z": -7.3908796310424805
          }
        },
        {
          "type": "RIGHT_EYE_RIGHT_CORNER",
          "position": {
            "x": 195.6171112060547,
            "y": 134.61749267578125,
            "z": -0.7965644001960754
          }
        },
        {
          "type": "RIGHT_EYE_BOTTOM_BOUNDARY",
          "position": {
            "x": 186.49124145507812,
            "y": 136.72390747070312,
            "z": -2.9397499561309814
          }
        },
        {
          "type": "RIGHT_EYE_LEFT_CORNER",
          "position": {
            "x": 178.41400146484375,
            "y": 132.96588134765625,
            "z": -2.6284706592559814
          }
        },
        {
          "type": "RIGHT_EYE_PUPIL",
          "position": {
            "x": 187.12937927246094,
            "y": 134.75848388671875,
            "z": -4.696125507354736
          }
        },
        {
          "type": "LEFT_EYEBROW_UPPER_MIDPOINT",
          "position": {
            "x": 145.41238403320312,
            "y": 113.7309341430664,
            "z": -10.264841079711914
          }
        },
        {
          "type": "RIGHT_EYEBROW_UPPER_MIDPOINT",
          "position": {
            "x": 190.0805206298828,
            "y": 122.65231323242188,
            "z": -14.251899719238281
          }
        },
        {
          "type": "LEFT_EAR_TRAGION",
          "position": {
            "x": 124.58997344970703,
            "y": 120.73485565185547,
            "z": 58.090614318847656
          }
        },
        {
          "type": "RIGHT_EAR_TRAGION",
          "position": {
            "x": 218.04061889648438,
            "y": 139.44679260253906,
            "z": 49.785919189453125
          }
        },
        {
          "type": "FOREHEAD_GLABELLA",
          "position": {
            "x": 166.3317108154297,
            "y": 124.09825897216797,
            "z": -14.964299201965332
          }
        },
        {
          "type": "CHIN_GNATHION",
          "position": {
            "x": 155.3450469970703,
            "y": 196.16949462890625,
            "z": 23.877809524536133
          }
        },
        {
          "type": "CHIN_LEFT_GONION",
          "position": {
            "x": 122.46662902832031,
            "y": 152.52005004882812,
            "z": 52.387428283691406
          }
        },
        {
          "type": "CHIN_RIGHT_GONION",
          "position": {
            "x": 206.85975646972656,
            "y": 169.40640258789062,
            "z": 44.8658332824707
          }
        }
      ],
      "rollAngle": 9.182511329650879,
      "panAngle": -5.422765731811523,
      "tiltAngle": -22.756027221679688,
      "detectionConfidence": 0.5516126751899719,
      "landmarkingConfidence": 0.20743197202682495,
      "joyLikelihood": "VERY_LIKELY",
      "sorrowLikelihood": "VERY_UNLIKELY",
      "angerLikelihood": "VERY_UNLIKELY",
      "surpriseLikelihood": "VERY_UNLIKELY",
      "underExposedLikelihood": "VERY_UNLIKELY",
      "blurredLikelihood": "VERY_UNLIKELY",
      "headwearLikelihood": "POSSIBLE"
    }
  ]
}
