{
  "faceAnnotations": [
    {
      "boundingPoly": {
        "vertices": [
          {
            "x": 154
          },
          {
            "x": 277
          },
          {
            "x": 277,
            "y": 139
          },
          {
            "x": 154,
            "y": 139
          }
        ]
      },
      "fdBoundingPoly": {
        "vertices": [
          {
            "x": 172,
            "y": 28
          },
          {
            "x": 274,
            "y": 28
          },
          {
            "x": 274,
            "y": 131
          },
          {
            "x": 172,
            "y": 131
          }
        ]
      },
      "landmarks": [
        {
          "type": "LEFT_EYE",
          "position": {
            "x": 202.6809539794922,
            "y": 62.513587951660156,
            "z": 0.00023835166939534247
          }
        },
        {
          "type": "RIGHT_EYE",
          "position": {
            "x": 238.79367065429688,
            "y": 59.661251068115234,
            "z": 6.777493476867676
          }
        },
        {
          "type": "LEFT_OF_LEFT_EYEBROW",
          "position": {
            "x": 189.37181091308594,
            "y": 54.76795196533203,
            "z": 1.0032262802124023
          }
        },
        {
          "type": "RIGHT_OF_LEFT_EYEBROW",
          "position": {
            "x": 212.8419647216797,
            "y": 52.92415237426758,
            "z": -5.451997756958008
          }
        },
        {
          "type": "LEFT_OF_RIGHT_EYEBROW",
          "position": {
            "x": 230.4927215576172,
            "y": 51.553680419921875,
            "z": -2.1382713317871094
          }
        },
        {
          "type": "RIGHT_OF_RIGHT_EYEBROW",
          "position": {
            "x": 250.0660400390625,
            "y": 50.06398010253906,
            "z": 12.398090362548828
          }
        },
        {
          "type": "MIDPOINT_BETWEEN_EYES",
          "position": {
            "x": 222.4596405029297,
            "y": 60.01536560058594,
            "z": -4.233433246612549
          }
        },
        {
          "type": "NOSE_TIP",
          "position": {
            "x": 225.7422637939453,
            "y": 81.21435546875,
            "z": -14.68108081817627
          }
        },
        {
          "type": "UPPER_LIP",
          "position": {
            "x": 225.34786987304688,
            "y": 95.09950256347656,
            "z": -5.988154888153076
          }
        },
        {
          "type": "LOWER_LIP",
          "position": {
            "x": 225.95201110839844,
            "y": 107.55032348632812,
            "z": -3.1850340366363525
          }
        },
        {
          "type": "MOUTH_LEFT",
          "position": {
            "x": 209.30734252929688,
            "y": 100.60411071777344,
            "z": 1.292078971862793
          }
        },
        {
          "type": "MOUTH_RIGHT",
          "position": {
            "x": 238.2332305908203,
            "y": 98.98390197753906,
            "z": 6.548908710479736
          }
        },
        {
          "type": "MOUTH_CENTER",
          "position": {
            "x": 225.4640350341797,
            "y": 100.53844451904297,
            "z": -3.210548162460327
          }
        },
        {
          "type": "NOSE_BOTTOM_RIGHT",
          "position": {
            "x": 234.107421875,
            "y": 83.50809478759766,
            "z": 1.4034336805343628
          }
        },
        {
          "type": "NOSE_BOTTOM_LEFT",
          "position": {
            "x": 213.5900421142578,
            "y": 84.77216339111328,
            "z": -2.4838240146636963
          }
        },
        {
          "type": "NOSE_BOTTOM_CENTER",
          "position": {
            "x": 224.9125518798828,
            "y": 87.05397033691406,
            "z": -6.235838413238525
          }
        },
        {
          "type": "LEFT_EYE_TOP_BOUNDARY",
          "position": {
            "x": 203.08555603027344,
            "y": 60.00885009765625,
            "z": -2.462357997894287
          }
        },
        {
          "type": "LEFT_EYE_RIGHT_CORNER",
          "position": {
            "x": 209.65939331054688,
            "y": 62.6201286315918,
            "z": 1.5234299898147583
          }
        },
        {
          "type": "LEFT_EYE_BOTTOM_BOUNDARY",
          "position": {
            "x": 203.0953826904297,
            "y": 65.04869079589844,
            "z": -0.2539576590061188
          }
        },
        {
          "type": "LEFT_EYE_LEFT_CORNER",
          "position": {
            "x": 194.99217224121094,
            "y": 63.25456619262695,
            "z": 2.0177724361419678
          }
        },
        {
          "type": "LEFT_EYE_PUPIL",
          "position": {
            "x": 202.42955017089844,
            "y": 62.59452819824219,
            "z": -0.9867968559265137
          }
        },
        {
          "type": "RIGHT_EYE_TOP_BOUNDARY",
          "position": {
            "x": 239.4377899169922,
            "y": 57.16202163696289,
            "z": 4.356635570526123
          }
        },
        {
          "type": "RIGHT_EYE_RIGHT_CORNER",
          "position": {
            "x": 245.78184509277344,
            "y": 59.28387451171875,
            "z": 11.544875144958496
          }
        },
        {
          "type": "RIGHT_EYE_BOTTOM_BOUNDARY",
          "position": {
            "x": 239.410888671875,
            "y": 62.219764709472656,
            "z": 6.556558132171631
          }
        },
        {
          "type": "RIGHT_EYE_LEFT_CORNER",
          "position": {
            "x": 232.15769958496094,
            "y": 60.38261795043945,
            "z": 5.647945404052734
          }
        },
        {
          "type": "RIGHT_EYE_PUPIL",
          "position": {
            "x": 239.74513244628906,
            "y": 59.684906005859375,
            "z": 5.972492218017578
          }
        },
        {
          "type": "LEFT_EYEBROW_UPPER_MIDPOINT",
          "position": {
            "x": 201.07513427734375,
            "y": 49.34318542480469,
            "z": -4.707433223724365
          }
        },
        {
          "type": "RIGHT_EYEBROW_UPPER_MIDPOINT",
          "position": {
            "x": 240.5112762451172,
            "y": 46.26714324951172,
            "z": 2.689831495285034
          }
        },
        {
          "type": "LEFT_EAR_TRAGION",
          "position": {
            "x": 172.65716552734375,
            "y": 82.63455963134766,
            "z": 40.91305160522461
          }
        },
        {
          "type": "RIGHT_EAR_TRAGION",
          "position": {
            "x": 255.2230224609375,
            "y": 76.23513793945312,
            "z": 56.38439178466797
          }
        },
        {
          "type": "FOREHEAD_GLABELLA",
          "position": {
            "x": 221.89170837402344,
            "y": 51.7754020690918,
            "z": -5.1707611083984375
          }
        },
        {
          "type": "CHIN_GNATHION",
          "position": {
            "x": 226.18931579589844,
            "y": 124.14923858642578,
            "z": 2.1645753383636475
          }
        },
        {
          "type": "CHIN_LEFT_GONION",
          "position": {
            "x": 181.2320556640625,
            "y": 106.031494140625,
            "z": 27.065690994262695
          }
        },
        {
          "type": "CHIN_RIGHT_GONION",
          "position": {
            "x": 255.8632049560547,
            "y": 100.19129943847656,
            "z": 41.07044219970703
          }
        }
      ],
      "rollAngle": -4.370420932769775,
      "panAngle": 10.59706974029541,
      "tiltAngle": -0.6070637106895447,
      "detectionConfidence": 0.5510162115097046,
      "landmarkingConfidence": 0.1206582710146904,
      "joyLikelihood": "VERY_LIKELY",
      "sorrowLikelihood": "VERY_UNLIKELY",
      "angerLikelihood": "VERY_UNLIKELY",
      "surpriseLikelihood": "VERY_UNLIKELY",
      "underExposedLikelihood": "VERY_UNLIKELY",
      "blurredLikelihood": "VERY_UNLIKELY",
      "headwearLikelihood": "VERY_LIKELY"
    },
    {
      "boundingPoly": {
        "vertices": [
          {
            "x": 2,
            "y": 11
          },
          {
            "x": 131,
            "y": 11
          },
          {
            "x": 131,
            "y": 161
          },
          {
            "x": 2,
            "y": 161
          }
        ]
      },
      "fdBoundingPoly": {
        "vertices": [
          {
            "x": 7,
            "y": 19
          },
          {
            "x": 124,
            "y": 19
          },
          {
            "x": 124,
            "y": 137
          },
          {
            "x": 7,
            "y": 137
          }
        ]
      },
      "landmarks": [
        {
          "type": "LEFT_EYE",
          "position": {
            "x": 51.802642822265625,
            "y": 66.31609344482422,
            "z": -4.1356102883582935e-05
          }
        },
        {
          "type": "RIGHT_EYE",
          "position": {
            "x": 93.12042236328125,
            "y": 68.23159790039062,
            "z": 6.201638698577881
          }
        },
        {
          "type": "LEFT_OF_LEFT_EYEBROW",
          "position": {
            "x": 39.68832778930664,
            "y": 58.61315155029297,
            "z": 5.037198543548584
          }
        },
        {
          "type": "RIGHT_OF_LEFT_EYEBROW",
          "position": {
            "x": 64.05072021484375,
            "y": 55.13782501220703,
            "z": -1.5328426361083984
          }
        },
        {
          "type": "LEFT_OF_RIGHT_EYEBROW",
          "position": {
            "x": 82.68611907958984,
            "y": 55.907283782958984,
            "z": 1.3450433015823364
          }
        },
        {
          "type": "RIGHT_OF_RIGHT_EYEBROW",
          "position": {
            "x": 103.57445526123047,
            "y": 61.161720275878906,
            "z": 14.92103385925293
          }
        },
        {
          "type": "MIDPOINT_BETWEEN_EYES",
          "position": {
            "x": 73.68470001220703,
            "y": 62.899993896484375,
            "z": -3.762836456298828
          }
        },
        {
          "type": "NOSE_TIP",
          "position": {
            "x": 75.57172393798828,
            "y": 79.22855377197266,
            "z": -22.717824935913086
          }
        },
        {
          "type": "UPPER_LIP",
          "position": {
            "x": 74.8355941772461,
            "y": 95.57933044433594,
            "z": -19.887134552001953
          }
        },
        {
          "type": "LOWER_LIP",
          "position": {
            "x": 74.47758483886719,
            "y": 109.64018249511719,
            "z": -22.59049415588379
          }
        },
        {
          "type": "MOUTH_LEFT",
          "position": {
            "x": 58.704891204833984,
            "y": 105.54344177246094,
            "z": -15.226948738098145
          }
        },
        {
          "type": "MOUTH_RIGHT",
          "position": {
            "x": 86.03333282470703,
            "y": 105.60762786865234,
            "z": -11.068254470825195
          }
        },
        {
          "type": "MOUTH_CENTER",
          "position": {
            "x": 74.49784088134766,
            "y": 102.66117858886719,
            "z": -19.64642333984375
          }
        },
        {
          "type": "NOSE_BOTTOM_RIGHT",
          "position": {
            "x": 83.2339859008789,
            "y": 86.23970031738281,
            "z": -8.611270904541016
          }
        },
        {
          "type": "NOSE_BOTTOM_LEFT",
          "position": {
            "x": 66.0411605834961,
            "y": 85.06426239013672,
            "z": -11.832460403442383
          }
        },
        {
          "type": "NOSE_BOTTOM_CENTER",
          "position": {
            "x": 75.44957733154297,
            "y": 87.42272186279297,
            "z": -16.813167572021484
          }
        },
        {
          "type": "LEFT_EYE_TOP_BOUNDARY",
          "position": {
            "x": 53.57206344604492,
            "y": 62.81117248535156,
            "z": -1.1349743604660034
          }
        },
        {
          "type": "LEFT_EYE_RIGHT_CORNER",
          "position": {
            "x": 60.61344909667969,
            "y": 66.70417785644531,
            "z": 1.475295066833496
          }
        },
        {
          "type": "LEFT_EYE_BOTTOM_BOUNDARY",
          "position": {
            "x": 52.110511779785156,
            "y": 68.9021224975586,
            "z": -1.1412943601608276
          }
        },
        {
          "type": "LEFT_EYE_LEFT_CORNER",
          "position": {
            "x": 45.075382232666016,
            "y": 67.43534851074219,
            "z": 2.252659559249878
          }
        },
        {
          "type": "LEFT_EYE_PUPIL",
          "position": {
            "x": 52.79732894897461,
            "y": 65.89388275146484,
            "z": -0.6754679679870605
          }
        },
        {
          "type": "RIGHT_EYE_TOP_BOUNDARY",
          "position": {
            "x": 91.9455795288086,
            "y": 64.37794494628906,
            "z": 4.793601036071777
          }
        },
        {
          "type": "RIGHT_EYE_RIGHT_CORNER",
          "position": {
            "x": 98.64962005615234,
            "y": 69.60755157470703,
            "z": 10.53818416595459
          }
        },
        {
          "type": "RIGHT_EYE_BOTTOM_BOUNDARY",
          "position": {
            "x": 93.03765869140625,
            "y": 70.82876586914062,
            "z": 4.820216655731201
          }
        },
        {
          "type": "RIGHT_EYE_LEFT_CORNER",
          "position": {
            "x": 83.95755004882812,
            "y": 67.83885192871094,
            "z": 4.997373580932617
          }
        },
        {
          "type": "RIGHT_EYE_PUPIL",
          "position": {
            "x": 92.13257598876953,
            "y": 67.49928283691406,
            "z": 5.371496200561523
          }
        },
        {
          "type": "LEFT_EYEBROW_UPPER_MIDPOINT",
          "position": {
            "x": 52.016517639160156,
            "y": 51.5766716003418,
            "z": 1.2521123886108398
          }
        },
        {
          "type": "RIGHT_EYEBROW_UPPER_MIDPOINT",
          "position": {
            "x": 93.56588745117188,
            "y": 53.263916015625,
            "z": 7.676449775695801
          }
        },
        {
          "type": "LEFT_EAR_TRAGION",
          "position": {
            "x": 21.90908432006836,
            "y": 101.14633178710938,
            "z": 32.640872955322266
          }
        },
        {
          "type": "RIGHT_EAR_TRAGION",
          "position": {
            "x": 108.79524230957031,
            "y": 104.64081573486328,
            "z": 46.12854766845703
          }
        },
        {
          "type": "FOREHEAD_GLABELLA",
          "position": {
            "x": 73.604736328125,
            "y": 54.54273986816406,
            "z": -1.2297927141189575
          }
        },
        {
          "type": "CHIN_GNATHION",
          "position": {
            "x": 74.19696044921875,
            "y": 127.280029296875,
            "z": -24.085371017456055
          }
        },
        {
          "type": "CHIN_LEFT_GONION",
          "position": {
            "x": 29.074722290039062,
            "y": 118.23435974121094,
            "z": 9.314598083496094
          }
        },
        {
          "type": "CHIN_RIGHT_GONION",
          "position": {
            "x": 107.63031768798828,
            "y": 121.42110443115234,
            "z": 21.49173355102539
          }
        }
      ],
      "rollAngle": -1.3990637063980103,
      "panAngle": 9.55469036102295,
      "tiltAngle": 22.70900535583496,
      "detectionConfidence": 0.5913920402526855,
      "landmarkingConfidence": 0.31352683901786804,
      "joyLikelihood": "VERY_UNLIKELY",
      "sorrowLikelihood": "VERY_UNLIKELY",
      "angerLikelihood": "VERY_UNLIKELY",
      "surpriseLikelihood": "VERY_UNLIKELY",
      "underExposedLikelihood": "VERY_UNLIKELY",
      "blurredLikelihood": "VERY_UNLIKELY",
      "headwearLikelihood": "VERY_UNLIKELY"
    }
  ]
}
