{
  "faceAnnotations": [
    {
      "boundingPoly": {
        "vertices": [
          {
            "x": 38,
            "y": 67
          },
          {
            "x": 110,
            "y": 67
          },
          {
            "x": 110,
            "y": 150
          },
          {
            "x": 38,
            "y": 150
          }
        ]
      },
      "fdBoundingPoly": {
        "vertices": [
          {
            "x": 50,
            "y": 86
          },
          {
            "x": 108,
            "y": 86
          },
          {
            "x": 108,
            "y": 145
          },
          {
            "x": 50,
            "y": 145
          }
        ]
      },
      "landmarks": [
        {
          "type": "LEFT_EYE",
          "position": {
            "x": 81.25231170654297,
            "y": 106.31578063964844,
            "z": 0.00026245423941873014
          }
        },
        {
          "type": "RIGHT_EYE",
          "position": {
            "x": 95.94630432128906,
            "y": 103.71893310546875,
            "z": 15.018331527709961
          }
        },
        {
          "type": "LEFT_OF_LEFT_EYEBROW",
          "position": {
            "x": 74.20423126220703,
            "y": 101.84132385253906,
            "z": -4.240183353424072
          }
        },
        {
          "type": "RIGHT_OF_LEFT_EYEBROW",
          "position": {
            "x": 87.48487854003906,
            "y": 100.37413787841797,
            "z": 0.42018923163414
          }
        },
        {
          "type": "LEFT_OF_RIGHT_EYEBROW",
          "position": {
            "x": 94.7088623046875,
            "y": 99.26510620117188,
            "z": 7.785806179046631
          }
        },
        {
          "type": "RIGHT_OF_RIGHT_EYEBROW",
          "position": {
            "x": 99.14241027832031,
            "y": 97.96246337890625,
            "z": 21.136404037475586
          }
        },
        {
          "type": "MIDPOINT_BETWEEN_EYES",
          "position": {
            "x": 91.84162139892578,
            "y": 103.93883514404297,
            "z": 4.204820156097412
          }
        },
        {
          "type": "NOSE_TIP",
          "position": {
            "x": 97.86839294433594,
            "y": 117.06314849853516,
            "z": 0.6976826786994934
          }
        },
        {
          "type": "UPPER_LIP",
          "position": {
            "x": 94.0574722290039,
            "y": 124.03224182128906,
            "z": 4.947114944458008
          }
        },
        {
          "type": "LOWER_LIP",
          "position": {
            "x": 93.44764709472656,
            "y": 131.65353393554688,
            "z": 6.665542125701904
          }
        },
        {
          "type": "MOUTH_LEFT",
          "position": {
            "x": 81.33500671386719,
            "y": 126.52950286865234,
            "z": 2.9641363620758057
          }
        },
        {
          "type": "MOUTH_RIGHT",
          "position": {
            "x": 95.91764068603516,
            "y": 126.25468444824219,
            "z": 15.264723777770996
          }
        },
        {
          "type": "MOUTH_CENTER",
          "position": {
            "x": 93.31249237060547,
            "y": 127.62411499023438,
            "z": 6.3635640144348145
          }
        },
        {
          "type": "NOSE_BOTTOM_RIGHT",
          "position": {
            "x": 95.33169555664062,
            "y": 117.36502075195312,
            "z": 10.934004783630371
          }
        },
        {
          "type": "NOSE_BOTTOM_LEFT",
          "position": {
            "x": 87.08641052246094,
            "y": 117.83120727539062,
            "z": 2.554281234741211
          }
        },
        {
          "type": "NOSE_BOTTOM_CENTER",
          "position": {
            "x": 94.10994720458984,
            "y": 120.27790069580078,
            "z": 4.552175998687744
          }
        },
        {
          "type": "LEFT_EYE_TOP_BOUNDARY",
          "position": {
            "x": 81.9444351196289,
            "y": 104.57548522949219,
            "z": -1.276957392692566
          }
        },
        {
          "type": "LEFT_EYE_RIGHT_CORNER",
          "position": {
            "x": 84.10074615478516,
            "y": 105.72171020507812,
            "z": 3.0073647499084473
          }
        },
        {
          "type": "LEFT_EYE_BOTTOM_BOUNDARY",
          "position": {
            "x": 81.04371643066406,
            "y": 107.68666076660156,
            "z": -0.16620461642742157
          }
        },
        {
          "type": "LEFT_EYE_LEFT_CORNER",
          "position": {
            "x": 76.67662048339844,
            "y": 106.64009094238281,
            "z": -1.7710083723068237
          }
        },
        {
          "type": "LEFT_EYE_PUPIL",
          "position": {
            "x": 81.15512084960938,
            "y": 106.04899597167969,
            "z": -0.7546243071556091
          }
        },
        {
          "type": "RIGHT_EYE_TOP_BOUNDARY",
          "position": {
            "x": 96.8467025756836,
            "y": 102.28073120117188,
            "z": 13.885294914245605
          }
        },
        {
          "type": "RIGHT_EYE_RIGHT_CORNER",
          "position": {
            "x": 97.49974060058594,
            "y": 103.3344955444336,
            "z": 19.442699432373047
          }
        },
        {
          "type": "RIGHT_EYE_BOTTOM_BOUNDARY",
          "position": {
            "x": 96.15193939208984,
            "y": 105.16429138183594,
            "z": 15.00611400604248
          }
        },
        {
          "type": "RIGHT_EYE_LEFT_CORNER",
          "position": {
            "x": 93.06734466552734,
            "y": 104.27692413330078,
            "z": 12.108738899230957
          }
        },
        {
          "type": "RIGHT_EYE_PUPIL",
          "position": {
            "x": 96.4653549194336,
            "y": 103.70448303222656,
            "z": 14.781986236572266
          }
        },
        {
          "type": "LEFT_EYEBROW_UPPER_MIDPOINT",
          "position": {
            "x": 81.61498260498047,
            "y": 98.4822006225586,
            "z": -3.1872634887695312
          }
        },
        {
          "type": "RIGHT_EYEBROW_UPPER_MIDPOINT",
          "position": {
            "x": 97.80577087402344,
            "y": 96.01576232910156,
            "z": 13.26602840423584
          }
        },
        {
          "type": "LEFT_EAR_TRAGION",
          "position": {
            "x": 51.90398406982422,
            "y": 118.07852172851562,
            "z": 9.678322792053223
          }
        },
        {
          "type": "RIGHT_EAR_TRAGION",
          "position": {
            "x": 87.20130920410156,
            "y": 112.47053527832031,
            "z": 44.22099304199219
          }
        },
        {
          "type": "FOREHEAD_GLABELLA",
          "position": {
            "x": 91.6593246459961,
            "y": 99.53717041015625,
            "z": 3.4884679317474365
          }
        },
        {
          "type": "CHIN_GNATHION",
          "position": {
            "x": 92.0408935546875,
            "y": 141.14447021484375,
            "z": 9.478256225585938
          }
        },
        {
          "type": "CHIN_LEFT_GONION",
          "position": {
            "x": 61.88137435913086,
            "y": 131.53602600097656,
            "z": 6.291528224945068
          }
        },
        {
          "type": "CHIN_RIGHT_GONION",
          "position": {
            "x": 92.68648529052734,
            "y": 126.33226013183594,
            "z": 37.64143371582031
          }
        }
      ],
      "rollAngle": -4.13574743270874,
      "panAngle": 45.33380126953125,
      "tiltAngle": -4.578675746917725,
      "detectionConfidence": 0.8598977327346802,
      "landmarkingConfidence": 0.4417048692703247,
      "joyLikelihood": "VERY_LIKELY",
      "sorrowLikelihood": "VERY_UNLIKELY",
      "angerLikelihood": "VERY_UNLIKELY",
      "surpriseLikelihood": "VERY_UNLIKELY",
      "underExposedLikelihood": "VERY_UNLIKELY",
      "blurredLikelihood": "VERY_UNLIKELY",
      "headwearLikelihood": "UNLIKELY"
    },
    {
      "boundingPoly": {
        "vertices": [
          {
            "x": 184,
            "y": 84
          },
          {
            "x": 264,
            "y": 84
          },
          {
            "x": 264,
            "y": 178
          },
          {
            "x": 184,
            "y": 178
          }
        ]
      },
      "fdBoundingPoly": {
        "vertices": [
          {
            "x": 185,
            "y": 117
          },
          {
            "x": 236,
            "y": 117
          },
          {
            "x": 236,
            "y": 168
          },
          {
            "x": 185,
            "y": 168
          }
        ]
      },
      "landmarks": [
        {
          "type": "LEFT_EYE",
          "position": {
            "x": 202.70709228515625,
            "y": 122.62602233886719,
            "z": 0.00043891509994864464
          }
        },
        {
          "type": "RIGHT_EYE",
          "position": {
            "x": 201.3372802734375,
            "y": 131.2490692138672,
            "z": -22.705907821655273
          }
        },
        {
          "type": "LEFT_OF_LEFT_EYEBROW",
          "position": {
            "x": 205.5034942626953,
            "y": 114.48607635498047,
            "z": 5.586976051330566
          }
        },
        {
          "type": "RIGHT_OF_LEFT_EYEBROW",
          "position": {
            "x": 197.84091186523438,
            "y": 119.08161926269531,
            "z": -7.6620635986328125
          }
        },
        {
          "type": "LEFT_OF_RIGHT_EYEBROW",
          "position": {
            "x": 197.2593231201172,
            "y": 123.13106536865234,
            "z": -18.700136184692383
          }
        },
        {
          "type": "RIGHT_OF_RIGHT_EYEBROW",
          "position": {
            "x": 203.5523223876953,
            "y": 127.89818572998047,
            "z": -32.494693756103516
          }
        },
        {
          "type": "MIDPOINT_BETWEEN_EYES",
          "position": {
            "x": 197.12078857421875,
            "y": 125.67655944824219,
            "z": -11.446176528930664
          }
        },
        {
          "type": "NOSE_TIP",
          "position": {
            "x": 189.68003845214844,
            "y": 138.2633514404297,
            "z": -6.405496597290039
          }
        },
        {
          "type": "UPPER_LIP",
          "position": {
            "x": 195.4101104736328,
            "y": 146.710693359375,
            "z": -3.620706081390381
          }
        },
        {
          "type": "LOWER_LIP",
          "position": {
            "x": 196.87362670898438,
            "y": 155.1079864501953,
            "z": -0.6873213648796082
          }
        },
        {
          "type": "MOUTH_LEFT",
          "position": {
            "x": 202.11630249023438,
            "y": 147.42642211914062,
            "z": 6.400600433349609
          }
        },
        {
          "type": "MOUTH_RIGHT",
          "position": {
            "x": 201.54562377929688,
            "y": 153.80291748046875,
            "z": -11.666645050048828
          }
        },
        {
          "type": "MOUTH_CENTER",
          "position": {
            "x": 197.29830932617188,
            "y": 151.08578491210938,
            "z": -2.205235004425049
          }
        },
        {
          "type": "NOSE_BOTTOM_RIGHT",
          "position": {
            "x": 198.1088104248047,
            "y": 142.39254760742188,
            "z": -12.183952331542969
          }
        },
        {
          "type": "NOSE_BOTTOM_LEFT",
          "position": {
            "x": 199.25857543945312,
            "y": 138.39715576171875,
            "z": 0.13393418490886688
          }
        },
        {
          "type": "NOSE_BOTTOM_CENTER",
          "position": {
            "x": 195.52349853515625,
            "y": 142.23260498046875,
            "z": -5.28515100479126
          }
        },
        {
          "type": "LEFT_EYE_TOP_BOUNDARY",
          "position": {
            "x": 201.1349639892578,
            "y": 120.97277069091797,
            "z": -0.489298015832901
          }
        },
        {
          "type": "LEFT_EYE_RIGHT_CORNER",
          "position": {
            "x": 202.288330078125,
            "y": 124.78064727783203,
            "z": -4.487555980682373
          }
        },
        {
          "type": "LEFT_EYE_BOTTOM_BOUNDARY",
          "position": {
            "x": 202.46670532226562,
            "y": 124.13822937011719,
            "z": 0.5819045901298523
          }
        },
        {
          "type": "LEFT_EYE_LEFT_CORNER",
          "position": {
            "x": 205.17660522460938,
            "y": 121.09571838378906,
            "z": 4.485198020935059
          }
        },
        {
          "type": "LEFT_EYE_PUPIL",
          "position": {
            "x": 202.17626953125,
            "y": 122.43551635742188,
            "z": 0.40072494745254517
          }
        },
        {
          "type": "RIGHT_EYE_TOP_BOUNDARY",
          "position": {
            "x": 199.93751525878906,
            "y": 129.31671142578125,
            "z": -23.24095344543457
          }
        },
        {
          "type": "RIGHT_EYE_RIGHT_CORNER",
          "position": {
            "x": 203.50245666503906,
            "y": 132.7305450439453,
            "z": -27.302661895751953
          }
        },
        {
          "type": "RIGHT_EYE_BOTTOM_BOUNDARY",
          "position": {
            "x": 201.23062133789062,
            "y": 132.5045623779297,
            "z": -22.133729934692383
          }
        },
        {
          "type": "RIGHT_EYE_LEFT_CORNER",
          "position": {
            "x": 201.61328125,
            "y": 129.73849487304688,
            "z": -18.07864761352539
          }
        },
        {
          "type": "RIGHT_EYE_PUPIL",
          "position": {
            "x": 200.918701171875,
            "y": 130.995361328125,
            "z": -22.93450927734375
          }
        },
        {
          "type": "LEFT_EYEBROW_UPPER_MIDPOINT",
          "position": {
            "x": 200.15765380859375,
            "y": 113.91411590576172,
            "z": -1.9159703254699707
          }
        },
        {
          "type": "RIGHT_EYEBROW_UPPER_MIDPOINT",
          "position": {
            "x": 198.86471557617188,
            "y": 122.94908142089844,
            "z": -26.601282119750977
          }
        },
        {
          "type": "LEFT_EAR_TRAGION",
          "position": {
            "x": 233.2910919189453,
            "y": 129.47537231445312,
            "z": 17.474016189575195
          }
        },
        {
          "type": "RIGHT_EAR_TRAGION",
          "position": {
            "x": 231.51486206054688,
            "y": 149.39707946777344,
            "z": -34.71481704711914
          }
        },
        {
          "type": "FOREHEAD_GLABELLA",
          "position": {
            "x": 196.65843200683594,
            "y": 120.78762817382812,
            "z": -13.249889373779297
          }
        },
        {
          "type": "CHIN_GNATHION",
          "position": {
            "x": 198.88746643066406,
            "y": 166.18948364257812,
            "z": 3.1066396236419678
          }
        },
        {
          "type": "CHIN_LEFT_GONION",
          "position": {
            "x": 222.99436950683594,
            "y": 144.58277893066406,
            "z": 20.70623779296875
          }
        },
        {
          "type": "CHIN_RIGHT_GONION",
          "position": {
            "x": 220.51870727539062,
            "y": 161.794677734375,
            "z": -26.11421012878418
          }
        }
      ],
      "rollAngle": 1.3032467365264893,
      "panAngle": -92.3573226928711,
      "tiltAngle": -20.17325210571289,
      "detectionConfidence": 0.700488805770874,
      "landmarkingConfidence": 0.3091399371623993,
      "joyLikelihood": "VERY_UNLIKELY",
      "sorrowLikelihood": "VERY_UNLIKELY",
      "angerLikelihood": "VERY_UNLIKELY",
      "surpriseLikelihood": "VERY_UNLIKELY",
      "underExposedLikelihood": "VERY_UNLIKELY",
      "blurredLikelihood": "VERY_UNLIKELY",
      "headwearLikelihood": "VERY_UNLIKELY"
    }
  ]
}
