{
  "faceAnnotations": [
    {
      "boundingPoly": {
        "vertices": [
          {
            "x": 215,
            "y": 85
          },
          {
            "x": 356,
            "y": 85
          },
          {
            "x": 356,
            "y": 250
          },
          {
            "x": 215,
            "y": 250
          }
        ]
      },
      "fdBoundingPoly": {
        "vertices": [
          {
            "x": 258,
            "y": 144
          },
          {
            "x": 353,
            "y": 144
          },
          {
            "x": 353,
            "y": 238
          },
          {
            "x": 258,
            "y": 238
          }
        ]
      },
      "landmarks": [
        {
          "type": "LEFT_EYE",
          "position": {
            "x": 304.530517578125,
            "y": 174.31146240234375,
            "z": -0.0005163534660823643
          }
        },
        {
          "type": "RIGHT_EYE",
          "position": {
            "x": 331.6295166015625,
            "y": 166.722412109375,
            "z": 33.4808464050293
          }
        },
        {
          "type": "LEFT_OF_LEFT_EYEBROW",
          "position": {
            "x": 293.9983825683594,
            "y": 165.66650390625,
            "z": -11.092293739318848
          }
        },
        {
          "type": "RIGHT_OF_LEFT_EYEBROW",
          "position": {
            "x": 319.1496887207031,
            "y": 164.24407958984375,
            "z": 1.445121169090271
          }
        },
        {
          "type": "LEFT_OF_RIGHT_EYEBROW",
          "position": {
            "x": 332.3079528808594,
            "y": 160.5703887939453,
            "z": 17.427967071533203
          }
        },
        {
          "type": "RIGHT_OF_RIGHT_EYEBROW",
          "position": {
            "x": 338.1238708496094,
            "y": 153.64105224609375,
            "z": 44.17079544067383
          }
        },
        {
          "type": "MIDPOINT_BETWEEN_EYES",
          "position": {
            "x": 325.68426513671875,
            "y": 169.40533447265625,
            "z": 11.217207908630371
          }
        },
        {
          "type": "NOSE_TIP",
          "position": {
            "x": 335.30621337890625,
            "y": 197.32208251953125,
            "z": 10.796586990356445
          }
        },
        {
          "type": "UPPER_LIP",
          "position": {
            "x": 324.8359375,
            "y": 208.82745361328125,
            "z": 20.752300262451172
          }
        },
        {
          "type": "LOWER_LIP",
          "position": {
            "x": 321.0079650878906,
            "y": 223.58114624023438,
            "z": 26.881481170654297
          }
        },
        {
          "type": "MOUTH_LEFT",
          "position": {
            "x": 299.6600036621094,
            "y": 214.302734375,
            "z": 15.312559127807617
          }
        },
        {
          "type": "MOUTH_RIGHT",
          "position": {
            "x": 325.1302490234375,
            "y": 210.44589233398438,
            "z": 42.36336135864258
          }
        },
        {
          "type": "MOUTH_CENTER",
          "position": {
            "x": 321.92254638671875,
            "y": 216.87991333007812,
            "z": 24.876283645629883
          }
        },
        {
          "type": "NOSE_BOTTOM_RIGHT",
          "position": {
            "x": 327.5439147949219,
            "y": 194.65728759765625,
            "z": 30.417842864990234
          }
        },
        {
          "type": "NOSE_BOTTOM_LEFT",
          "position": {
            "x": 313.84881591796875,
            "y": 197.53111267089844,
            "z": 12.281331062316895
          }
        },
        {
          "type": "NOSE_BOTTOM_CENTER",
          "position": {
            "x": 326.42913818359375,
            "y": 201.93751525878906,
            "z": 18.471267700195312
          }
        },
        {
          "type": "LEFT_EYE_TOP_BOUNDARY",
          "position": {
            "x": 307.9105529785156,
            "y": 171.66969299316406,
            "z": -1.9500658512115479
          }
        },
        {
          "type": "LEFT_EYE_RIGHT_CORNER",
          "position": {
            "x": 310.0682678222656,
            "y": 173.78065490722656,
            "z": 7.347182273864746
          }
        },
        {
          "type": "LEFT_EYE_BOTTOM_BOUNDARY",
          "position": {
            "x": 304.3708190917969,
            "y": 176.7919464111328,
            "z": 0.988903820514679
          }
        },
        {
          "type": "LEFT_EYE_LEFT_CORNER",
          "position": {
            "x": 296.8209228515625,
            "y": 174.6940460205078,
            "z": -3.7902517318725586
          }
        },
        {
          "type": "LEFT_EYE_PUPIL",
          "position": {
            "x": 305.8297119140625,
            "y": 174.18368530273438,
            "z": -0.6220537424087524
          }
        },
        {
          "type": "RIGHT_EYE_TOP_BOUNDARY",
          "position": {
            "x": 334.1622314453125,
            "y": 164.48899841308594,
            "z": 31.0621337890625
          }
        },
        {
          "type": "RIGHT_EYE_RIGHT_CORNER",
          "position": {
            "x": 333.74383544921875,
            "y": 164.43841552734375,
            "z": 42.437320709228516
          }
        },
        {
          "type": "RIGHT_EYE_BOTTOM_BOUNDARY",
          "position": {
            "x": 332.0486755371094,
            "y": 169.41932678222656,
            "z": 34.13896560668945
          }
        },
        {
          "type": "RIGHT_EYE_LEFT_CORNER",
          "position": {
            "x": 326.7118835449219,
            "y": 168.36740112304688,
            "z": 27.210952758789062
          }
        },
        {
          "type": "RIGHT_EYE_PUPIL",
          "position": {
            "x": 332.80718994140625,
            "y": 166.82444763183594,
            "z": 33.21108627319336
          }
        },
        {
          "type": "LEFT_EYEBROW_UPPER_MIDPOINT",
          "position": {
            "x": 309.54345703125,
            "y": 160.51490783691406,
            "z": -8.018452644348145
          }
        },
        {
          "type": "RIGHT_EYEBROW_UPPER_MIDPOINT",
          "position": {
            "x": 338.0045166015625,
            "y": 152.7437744140625,
            "z": 27.81005859375
          }
        },
        {
          "type": "LEFT_EAR_TRAGION",
          "position": {
            "x": 245.5782928466797,
            "y": 186.20947265625,
            "z": 15.523503303527832
          }
        },
        {
          "type": "RIGHT_EAR_TRAGION",
          "position": {
            "x": 304.995361328125,
            "y": 169.8787078857422,
            "z": 90.572265625
          }
        },
        {
          "type": "FOREHEAD_GLABELLA",
          "position": {
            "x": 327.3003234863281,
            "y": 162.1462860107422,
            "z": 8.317334175109863
          }
        },
        {
          "type": "CHIN_GNATHION",
          "position": {
            "x": 314.88714599609375,
            "y": 240.84091186523438,
            "z": 35.48421859741211
          }
        },
        {
          "type": "CHIN_LEFT_GONION",
          "position": {
            "x": 259.8763732910156,
            "y": 215.66839599609375,
            "z": 16.655088424682617
          }
        },
        {
          "type": "CHIN_RIGHT_GONION",
          "position": {
            "x": 313.6044616699219,
            "y": 200.94703674316406,
            "z": 84.31416320800781
          }
        }
      ],
      "rollAngle": 4.86483907699585,
      "panAngle": 53.36510467529297,
      "tiltAngle": -15.869014739990234,
      "detectionConfidence": 0.998440146446228,
      "landmarkingConfidence": 0.5541605949401855,
      "joyLikelihood": "VERY_LIKELY",
      "sorrowLikelihood": "VERY_UNLIKELY",
      "angerLikelihood": "VERY_UNLIKELY",
      "surpriseLikelihood": "VERY_UNLIKELY",
      "underExposedLikelihood": "VERY_UNLIKELY",
      "blurredLikelihood": "VERY_UNLIKELY",
      "headwearLikelihood": "VERY_UNLIKELY"
    },
    {
      "boundingPoly": {
        "vertices": [
          {
            "x": 582,
            "y": 66
          },
          {
            "x": 728,
            "y": 66
          },
          {
            "x": 728,
            "y": 236
          },
          {
            "x": 582,
            "y": 236
          }
        ]
      },
      "fdBoundingPoly": {
        "vertices": [
          {
            "x": 588,
            "y": 121
          },
          {
            "x": 691,
            "y": 121
          },
          {
            "x": 691,
            "y": 224
          },
          {
            "x": 588,
            "y": 224
          }
        ]
      },
      "landmarks": [
        {
          "type": "LEFT_EYE",
          "position": {
            "x": 608.6569213867188,
            "y": 145.91696166992188,
            "z": 0.0007694250089116395
          }
        },
        {
          "type": "RIGHT_EYE",
          "position": {
            "x": 628.2235717773438,
            "y": 148.50514221191406,
            "z": -38.99760818481445
          }
        },
        {
          "type": "LEFT_OF_LEFT_EYEBROW",
          "position": {
            "x": 604.7095336914062,
            "y": 134.29281616210938,
            "z": 14.21035099029541
          }
        },
        {
          "type": "RIGHT_OF_LEFT_EYEBROW",
          "position": {
            "x": 605.3136596679688,
            "y": 136.81773376464844,
            "z": -14.899002075195312
          }
        },
        {
          "type": "LEFT_OF_RIGHT_EYEBROW",
          "position": {
            "x": 615.2042236328125,
            "y": 138.10598754882812,
            "z": -34.04703140258789
          }
        },
        {
          "type": "RIGHT_OF_RIGHT_EYEBROW",
          "position": {
            "x": 638.29150390625,
            "y": 138.29449462890625,
            "z": -51.73612976074219
          }
        },
        {
          "type": "MIDPOINT_BETWEEN_EYES",
          "position": {
            "x": 611.0972290039062,
            "y": 146.81668090820312,
            "z": -23.81842613220215
          }
        },
        {
          "type": "NOSE_TIP",
          "position": {
            "x": 600.3233032226562,
            "y": 173.10806274414062,
            "z": -27.320127487182617
          }
        },
        {
          "type": "UPPER_LIP",
          "position": {
            "x": 611.50390625,
            "y": 187.2415771484375,
            "z": -21.17144203186035
          }
        },
        {
          "type": "LOWER_LIP",
          "position": {
            "x": 614.680419921875,
            "y": 203.35513305664062,
            "z": -18.2554988861084
          }
        },
        {
          "type": "MOUTH_LEFT",
          "position": {
            "x": 613.7857055664062,
            "y": 192.61322021484375,
            "z": 0.2890585958957672
          }
        },
        {
          "type": "MOUTH_RIGHT",
          "position": {
            "x": 630.7528076171875,
            "y": 194.57797241210938,
            "z": -30.95223617553711
          }
        },
        {
          "type": "MOUTH_CENTER",
          "position": {
            "x": 614.1099853515625,
            "y": 195.12274169921875,
            "z": -18.99945068359375
          }
        },
        {
          "type": "NOSE_BOTTOM_RIGHT",
          "position": {
            "x": 620.0446166992188,
            "y": 174.67135620117188,
            "z": -29.884626388549805
          }
        },
        {
          "type": "NOSE_BOTTOM_LEFT",
          "position": {
            "x": 610.1566772460938,
            "y": 174.21299743652344,
            "z": -8.614738464355469
          }
        },
        {
          "type": "NOSE_BOTTOM_CENTER",
          "position": {
            "x": 609.7405395507812,
            "y": 179.4718017578125,
            "z": -22.100608825683594
          }
        },
        {
          "type": "LEFT_EYE_TOP_BOUNDARY",
          "position": {
            "x": 605.6722412109375,
            "y": 143.19119262695312,
            "z": -1.498490333557129
          }
        },
        {
          "type": "LEFT_EYE_RIGHT_CORNER",
          "position": {
            "x": 612.689697265625,
            "y": 146.79733276367188,
            "z": -7.681795120239258
          }
        },
        {
          "type": "LEFT_EYE_BOTTOM_BOUNDARY",
          "position": {
            "x": 608.3831176757812,
            "y": 148.94064331054688,
            "z": 0.20669065415859222
          }
        },
        {
          "type": "LEFT_EYE_LEFT_CORNER",
          "position": {
            "x": 608.1259765625,
            "y": 145.18109130859375,
            "z": 9.789836883544922
          }
        },
        {
          "type": "LEFT_EYE_PUPIL",
          "position": {
            "x": 607.2440185546875,
            "y": 145.97918701171875,
            "z": 0.2660829424858093
          }
        },
        {
          "type": "RIGHT_EYE_TOP_BOUNDARY",
          "position": {
            "x": 625.760498046875,
            "y": 145.5941619873047,
            "z": -40.973358154296875
          }
        },
        {
          "type": "RIGHT_EYE_RIGHT_CORNER",
          "position": {
            "x": 636.2167358398438,
            "y": 148.52769470214844,
            "z": -45.351322174072266
          }
        },
        {
          "type": "RIGHT_EYE_BOTTOM_BOUNDARY",
          "position": {
            "x": 628.2666625976562,
            "y": 151.2382354736328,
            "z": -39.193687438964844
          }
        },
        {
          "type": "RIGHT_EYE_LEFT_CORNER",
          "position": {
            "x": 624.2837524414062,
            "y": 148.64797973632812,
            "z": -31.182662963867188
          }
        },
        {
          "type": "RIGHT_EYE_PUPIL",
          "position": {
            "x": 627.8084106445312,
            "y": 148.46035766601562,
            "z": -40.2618293762207
          }
        },
        {
          "type": "LEFT_EYEBROW_UPPER_MIDPOINT",
          "position": {
            "x": 602.0036010742188,
            "y": 130.4624481201172,
            "z": -2.031191825866699
          }
        },
        {
          "type": "RIGHT_EYEBROW_UPPER_MIDPOINT",
          "position": {
            "x": 623.8021850585938,
            "y": 133.06539916992188,
            "z": -44.84891891479492
          }
        },
        {
          "type": "LEFT_EAR_TRAGION",
          "position": {
            "x": 645.8713989257812,
            "y": 160.52716064453125,
            "z": 51.70299530029297
          }
        },
        {
          "type": "RIGHT_EAR_TRAGION",
          "position": {
            "x": 691.508544921875,
            "y": 165.9610595703125,
            "z": -37.942901611328125
          }
        },
        {
          "type": "FOREHEAD_GLABELLA",
          "position": {
            "x": 608.71875,
            "y": 137.0218048095703,
            "z": -25.25681495666504
          }
        },
        {
          "type": "CHIN_GNATHION",
          "position": {
            "x": 619.7852172851562,
            "y": 223.4512939453125,
            "z": -13.900177955627441
          }
        },
        {
          "type": "CHIN_LEFT_GONION",
          "position": {
            "x": 633.8690185546875,
            "y": 190.88818359375,
            "z": 41.980926513671875
          }
        },
        {
          "type": "CHIN_RIGHT_GONION",
          "position": {
            "x": 675.1111450195312,
            "y": 195.80728149414062,
            "z": -39.03105926513672
          }
        }
      ],
      "rollAngle": -3.768099546432495,
      "panAngle": -63.345211029052734,
      "tiltAngle": -5.360829830169678,
      "detectionConfidence": 0.644709587097168,
      "landmarkingConfidence": 0.29146885871887207,
      "joyLikelihood": "POSSIBLE",
      "sorrowLikelihood": "VERY_UNLIKELY",
      "angerLikelihood": "VERY_UNLIKELY",
      "surpriseLikelihood": "VERY_UNLIKELY",
      "underExposedLikelihood": "VERY_UNLIKELY",
      "blurredLikelihood": "VERY_UNLIKELY",
      "headwearLikelihood": "VERY_UNLIKELY"
    }
  ]
}
