{
  "faceAnnotations": [
    {
      "boundingPoly": {
        "vertices": [
          {
            "x": 75
          },
          {
            "x": 571
          },
          {
            "x": 571,
            "y": 569
          },
          {
            "x": 75,
            "y": 569
          }
        ]
      },
      "fdBoundingPoly": {
        "vertices": [
          {
            "x": 228,
            "y": 147
          },
          {
            "x": 574,
            "y": 147
          },
          {
            "x": 574,
            "y": 494
          },
          {
            "x": 228,
            "y": 494
          }
        ]
      },
      "landmarks": [
        {
          "type": "LEFT_EYE",
          "position": {
            "x": 329.9245910644531,
            "y": 275.5172119140625,
            "z": 0.00034329236950725317
          }
        },
        {
          "type": "RIGHT_EYE",
          "position": {
            "x": 447.264404296875,
            "y": 235.359619140625,
            "z": 92.29039764404297
          }
        },
        {
          "type": "LEFT_OF_LEFT_EYEBROW",
          "position": {
            "x": 278.12451171875,
            "y": 258.46490478515625,
            "z": -21.152263641357422
          }
        },
        {
          "type": "RIGHT_OF_LEFT_EYEBROW",
          "position": {
            "x": 374.9726257324219,
            "y": 227.99977111816406,
            "z": -2.4235105514526367
          }
        },
        {
          "type": "LEFT_OF_RIGHT_EYEBROW",
          "position": {
            "x": 431.3201599121094,
            "y": 209.9066162109375,
            "z": 41.83913803100586
          }
        },
        {
          "type": "RIGHT_OF_RIGHT_EYEBROW",
          "position": {
            "x": 470.99884033203125,
            "y": 185.9617919921875,
            "z": 129.37539672851562
          }
        },
        {
          "type": "MIDPOINT_BETWEEN_EYES",
          "position": {
            "x": 416.40484619140625,
            "y": 246.86428833007812,
            "z": 22.773977279663086
          }
        },
        {
          "type": "NOSE_TIP",
          "position": {
            "x": 464.01666259765625,
            "y": 335.2299499511719,
            "z": 2.7578964233398438
          }
        },
        {
          "type": "UPPER_LIP",
          "position": {
            "x": 451.3338928222656,
            "y": 383.9161376953125,
            "z": 39.39588928222656
          }
        },
        {
          "type": "LOWER_LIP",
          "position": {
            "x": 455.48358154296875,
            "y": 433.8441162109375,
            "z": 56.5931396484375
          }
        },
        {
          "type": "MOUTH_LEFT",
          "position": {
            "x": 371.40411376953125,
            "y": 416.94915771484375,
            "z": 38.342628479003906
          }
        },
        {
          "type": "MOUTH_RIGHT",
          "position": {
            "x": 477.0951843261719,
            "y": 384.095947265625,
            "z": 111.85834503173828
          }
        },
        {
          "type": "MOUTH_CENTER",
          "position": {
            "x": 448.852294921875,
            "y": 407.3523864746094,
            "z": 52.38218307495117
          }
        },
        {
          "type": "NOSE_BOTTOM_RIGHT",
          "position": {
            "x": 457.4820251464844,
            "y": 332.1969909667969,
            "z": 75.25979614257812
          }
        },
        {
          "type": "NOSE_BOTTOM_LEFT",
          "position": {
            "x": 397.3921203613281,
            "y": 355.691650390625,
            "z": 25.894943237304688
          }
        },
        {
          "type": "NOSE_BOTTOM_CENTER",
          "position": {
            "x": 446.9437561035156,
            "y": 360.6411437988281,
            "z": 34.542938232421875
          }
        },
        {
          "type": "LEFT_EYE_TOP_BOUNDARY",
          "position": {
            "x": 341.6165771484375,
            "y": 266.45611572265625,
            "z": -5.779956340789795
          }
        },
        {
          "type": "LEFT_EYE_RIGHT_CORNER",
          "position": {
            "x": 364.0465393066406,
            "y": 271.3194885253906,
            "z": 23.466569900512695
          }
        },
        {
          "type": "LEFT_EYE_BOTTOM_BOUNDARY",
          "position": {
            "x": 335.1657409667969,
            "y": 287.85601806640625,
            "z": 3.949216365814209
          }
        },
        {
          "type": "LEFT_EYE_LEFT_CORNER",
          "position": {
            "x": 305.947021484375,
            "y": 286.38665771484375,
            "z": -3.240222215652466
          }
        },
        {
          "type": "LEFT_EYE_PUPIL",
          "position": {
            "x": 338.68109130859375,
            "y": 277.2138977050781,
            "z": -0.6140546798706055
          }
        },
        {
          "type": "RIGHT_EYE_TOP_BOUNDARY",
          "position": {
            "x": 454.0437316894531,
            "y": 223.94857788085938,
            "z": 84.19340515136719
          }
        },
        {
          "type": "RIGHT_EYE_RIGHT_CORNER",
          "position": {
            "x": 464.0812683105469,
            "y": 226.311279296875,
            "z": 122.84202575683594
          }
        },
        {
          "type": "RIGHT_EYE_BOTTOM_BOUNDARY",
          "position": {
            "x": 453.70880126953125,
            "y": 244.9940643310547,
            "z": 94.6913833618164
          }
        },
        {
          "type": "RIGHT_EYE_LEFT_CORNER",
          "position": {
            "x": 432.88555908203125,
            "y": 243.6131134033203,
            "z": 77.86477661132812
          }
        },
        {
          "type": "RIGHT_EYE_PUPIL",
          "position": {
            "x": 454.0379333496094,
            "y": 233.6729278564453,
            "z": 91.63836669921875
          }
        },
        {
          "type": "LEFT_EYEBROW_UPPER_MIDPOINT",
          "position": {
            "x": 331.7846984863281,
            "y": 226.1063232421875,
            "z": -22.957277297973633
          }
        },
        {
          "type": "RIGHT_EYEBROW_UPPER_MIDPOINT",
          "position": {
            "x": 453.7412414550781,
            "y": 180.09954833984375,
            "z": 74.70658111572266
          }
        },
        {
          "type": "LEFT_EAR_TRAGION",
          "position": {
            "x": 168.51100158691406,
            "y": 376.6607666015625,
            "z": 103.83380889892578
          }
        },
        {
          "type": "RIGHT_EAR_TRAGION",
          "position": {
            "x": 423.3298034667969,
            "y": 280.2027893066406,
            "z": 308.48406982421875
          }
        },
        {
          "type": "FOREHEAD_GLABELLA",
          "position": {
            "x": 407.5559387207031,
            "y": 218.20285034179688,
            "z": 14.914241790771484
          }
        },
        {
          "type": "CHIN_GNATHION",
          "position": {
            "x": 460.5657653808594,
            "y": 501.12603759765625,
            "z": 83.80447387695312
          }
        },
        {
          "type": "CHIN_LEFT_GONION",
          "position": {
            "x": 241.01470947265625,
            "y": 463.14471435546875,
            "z": 81.80236053466797
          }
        },
        {
          "type": "CHIN_RIGHT_GONION",
          "position": {
            "x": 471.1858215332031,
            "y": 375.8396911621094,
            "z": 266.327880859375
          }
        }
      ],
      "rollAngle": -13.58388900756836,
      "panAngle": 37.4422607421875,
      "tiltAngle": -9.469161033630371,
      "detectionConfidence": 0.7591429948806763,
      "landmarkingConfidence": 0.584686815738678,
      "joyLikelihood": "VERY_LIKELY",
      "sorrowLikelihood": "VERY_UNLIKELY",
      "angerLikelihood": "VERY_UNLIKELY",
      "surpriseLikelihood": "VERY_UNLIKELY",
      "underExposedLikelihood": "VERY_UNLIKELY",
      "blurredLikelihood": "VERY_UNLIKELY",
      "headwearLikelihood": "VERY_UNLIKELY"
    },
    {
      "boundingPoly": {
        "vertices": [
          {
            "x": 528,
            "y": 316
          },
          {
            "x": 779,
            "y": 316
          },
          {
            "x": 779,
            "y": 608
          },
          {
            "x": 528,
            "y": 608
          }
        ]
      },
      "fdBoundingPoly": {
        "vertices": [
          {
            "x": 543,
            "y": 394
          },
          {
            "x": 711,
            "y": 394
          },
          {
            "x": 711,
            "y": 562
          },
          {
            "x": 543,
            "y": 562
          }
        ]
      },
      "landmarks": [
        {
          "type": "LEFT_EYE",
          "position": {
            "x": 572.2024536132812,
            "y": 467.9330139160156,
            "z": -0.0005289133987389505
          }
        },
        {
          "type": "RIGHT_EYE",
          "position": {
            "x": 624.3104248046875,
            "y": 437.62286376953125,
            "z": -43.91428756713867
          }
        },
        {
          "type": "LEFT_OF_LEFT_EYEBROW",
          "position": {
            "x": 552.837646484375,
            "y": 461.3576965332031,
            "z": 24.624549865722656
          }
        },
        {
          "type": "RIGHT_OF_LEFT_EYEBROW",
          "position": {
            "x": 570.48828125,
            "y": 443.7386169433594,
            "z": -18.520801544189453
          }
        },
        {
          "type": "LEFT_OF_RIGHT_EYEBROW",
          "position": {
            "x": 596.58740234375,
            "y": 429.14093017578125,
            "z": -40.1783447265625
          }
        },
        {
          "type": "RIGHT_OF_RIGHT_EYEBROW",
          "position": {
            "x": 641.7767333984375,
            "y": 410.6336364746094,
            "z": -49.74161911010742
          }
        },
        {
          "type": "MIDPOINT_BETWEEN_EYES",
          "position": {
            "x": 588.0389404296875,
            "y": 451.09808349609375,
            "z": -33.943763732910156
          }
        },
        {
          "type": "NOSE_TIP",
          "position": {
            "x": 588.3673095703125,
            "y": 489.5435485839844,
            "z": -60.92265701293945
          }
        },
        {
          "type": "UPPER_LIP",
          "position": {
            "x": 606.955078125,
            "y": 515.9447631835938,
            "z": -54.100528717041016
          }
        },
        {
          "type": "LOWER_LIP",
          "position": {
            "x": 620.6071166992188,
            "y": 540.1276245117188,
            "z": -55.86850357055664
          }
        },
        {
          "type": "MOUTH_LEFT",
          "position": {
            "x": 604.0319213867188,
            "y": 537.7882080078125,
            "z": -23.375459671020508
          }
        },
        {
          "type": "MOUTH_RIGHT",
          "position": {
            "x": 647.4125366210938,
            "y": 517.7108764648438,
            "z": -58.68677520751953
          }
        },
        {
          "type": "MOUTH_CENTER",
          "position": {
            "x": 617.3885498046875,
            "y": 527.0728759765625,
            "z": -52.4348030090332
          }
        },
        {
          "type": "NOSE_BOTTOM_RIGHT",
          "position": {
            "x": 618.1448364257812,
            "y": 487.21258544921875,
            "z": -51.52180099487305
          }
        },
        {
          "type": "NOSE_BOTTOM_LEFT",
          "position": {
            "x": 593.6734008789062,
            "y": 503.94647216796875,
            "z": -27.968936920166016
          }
        },
        {
          "type": "NOSE_BOTTOM_CENTER",
          "position": {
            "x": 602.4854125976562,
            "y": 501.06793212890625,
            "z": -50.513389587402344
          }
        },
        {
          "type": "LEFT_EYE_TOP_BOUNDARY",
          "position": {
            "x": 567.1766967773438,
            "y": 463.21038818359375,
            "z": -2.591505765914917
          }
        },
        {
          "type": "LEFT_EYE_RIGHT_CORNER",
          "position": {
            "x": 583.1384887695312,
            "y": 462.2703857421875,
            "z": -8.74608325958252
          }
        },
        {
          "type": "LEFT_EYE_BOTTOM_BOUNDARY",
          "position": {
            "x": 573.4107055664062,
            "y": 472.49615478515625,
            "z": -1.593795657157898
          }
        },
        {
          "type": "LEFT_EYE_LEFT_CORNER",
          "position": {
            "x": 566.0220336914062,
            "y": 473.8945007324219,
            "z": 14.281700134277344
          }
        },
        {
          "type": "LEFT_EYE_PUPIL",
          "position": {
            "x": 570.1212158203125,
            "y": 468.3694152832031,
            "z": -0.5421944856643677
          }
        },
        {
          "type": "RIGHT_EYE_TOP_BOUNDARY",
          "position": {
            "x": 620.4374389648438,
            "y": 432.8324279785156,
            "z": -47.16440200805664
          }
        },
        {
          "type": "RIGHT_EYE_RIGHT_CORNER",
          "position": {
            "x": 640.4039306640625,
            "y": 431.48248291015625,
            "z": -47.948402404785156
          }
        },
        {
          "type": "RIGHT_EYE_BOTTOM_BOUNDARY",
          "position": {
            "x": 626.5604248046875,
            "y": 442.03759765625,
            "z": -46.08474349975586
          }
        },
        {
          "type": "RIGHT_EYE_LEFT_CORNER",
          "position": {
            "x": 616.5587158203125,
            "y": 444.63623046875,
            "z": -35.71698760986328
          }
        },
        {
          "type": "RIGHT_EYE_PUPIL",
          "position": {
            "x": 624.7465209960938,
            "y": 437.2431335449219,
            "z": -46.36335754394531
          }
        },
        {
          "type": "LEFT_EYEBROW_UPPER_MIDPOINT",
          "position": {
            "x": 555.3079833984375,
            "y": 444.38623046875,
            "z": 1.5668550729751587
          }
        },
        {
          "type": "RIGHT_EYEBROW_UPPER_MIDPOINT",
          "position": {
            "x": 613.10302734375,
            "y": 411.4374084472656,
            "z": -46.80801773071289
          }
        },
        {
          "type": "LEFT_EAR_TRAGION",
          "position": {
            "x": 609.597412109375,
            "y": 518.6416015625,
            "z": 92.15860748291016
          }
        },
        {
          "type": "RIGHT_EAR_TRAGION",
          "position": {
            "x": 730.5621337890625,
            "y": 449.5549011230469,
            "z": -8.988519668579102
          }
        },
        {
          "type": "FOREHEAD_GLABELLA",
          "position": {
            "x": 581.3281860351562,
            "y": 435.63226318359375,
            "z": -31.30821990966797
          }
        },
        {
          "type": "CHIN_GNATHION",
          "position": {
            "x": 638.3973388671875,
            "y": 570.612060546875,
            "z": -55.35910415649414
          }
        },
        {
          "type": "CHIN_LEFT_GONION",
          "position": {
            "x": 611.7217407226562,
            "y": 560.5828857421875,
            "z": 52.01687240600586
          }
        },
        {
          "type": "CHIN_RIGHT_GONION",
          "position": {
            "x": 720.995361328125,
            "y": 498.23919677734375,
            "z": -39.44161605834961
          }
        }
      ],
      "rollAngle": -19.624326705932617,
      "panAngle": -37.21035385131836,
      "tiltAngle": 13.557061195373535,
      "detectionConfidence": 0.5871026515960693,
      "landmarkingConfidence": 0.32051074504852295,
      "joyLikelihood": "VERY_UNLIKELY",
      "sorrowLikelihood": "VERY_UNLIKELY",
      "angerLikelihood": "VERY_UNLIKELY",
      "surpriseLikelihood": "VERY_UNLIKELY",
      "underExposedLikelihood": "VERY_UNLIKELY",
      "blurredLikelihood": "VERY_UNLIKELY",
      "headwearLikelihood": "VERY_LIKELY"
    }
  ]
}
