{
  "faceAnnotations": [
    {
      "boundingPoly": {
        "vertices": [
          {
            "x": 92,
            "y": 73
          },
          {
            "x": 228,
            "y": 73
          },
          {
            "x": 228,
            "y": 231
          },
          {
            "x": 92,
            "y": 231
          }
        ]
      },
      "fdBoundingPoly": {
        "vertices": [
          {
            "x": 108,
            "y": 115
          },
          {
            "x": 214,
            "y": 115
          },
          {
            "x": 214,
            "y": 221
          },
          {
            "x": 108,
            "y": 221
          }
        ]
      },
      "landmarks": [
        {
          "type": "LEFT_EYE",
          "position": {
            "x": 145.5730438232422,
            "y": 149.74537658691406,
            "z": 1.0414109056000598e-05
          }
        },
        {
          "type": "RIGHT_EYE",
          "position": {
            "x": 187.4112091064453,
            "y": 147.26712036132812,
            "z": 6.721848487854004
          }
        },
        {
          "type": "LEFT_OF_LEFT_EYEBROW",
          "position": {
            "x": 129.9413299560547,
            "y": 143.08163452148438,
            "z": 1.3732259273529053
          }
        },
        {
          "type": "RIGHT_OF_LEFT_EYEBROW",
          "position": {
            "x": 157.94386291503906,
            "y": 141.56378173828125,
            "z": -7.0954437255859375
          }
        },
        {
          "type": "LEFT_OF_RIGHT_EYEBROW",
          "position": {
            "x": 176.6947479248047,
            "y": 140.6821746826172,
            "z": -3.8852410316467285
          }
        },
        {
          "type": "RIGHT_OF_RIGHT_EYEBROW",
          "position": {
            "x": 199.05398559570312,
            "y": 137.34295654296875,
            "z": 11.645332336425781
          }
        },
        {
          "type": "MIDPOINT_BETWEEN_EYES",
          "position": {
            "x": 167.83389282226562,
            "y": 148.6262969970703,
            "z": -5.2624945640563965
          }
        },
        {
          "type": "NOSE_TIP",
          "position": {
            "x": 171.04788208007812,
            "y": 173.44012451171875,
            "z": -14.29491138458252
          }
        },
        {
          "type": "UPPER_LIP",
          "position": {
            "x": 170.38597106933594,
            "y": 185.798095703125,
            "z": -3.505955934524536
          }
        },
        {
          "type": "LOWER_LIP",
          "position": {
            "x": 170.09097290039062,
            "y": 201.750244140625,
            "z": 1.297393560409546
          }
        },
        {
          "type": "MOUTH_LEFT",
          "position": {
            "x": 148.08091735839844,
            "y": 190.83985900878906,
            "z": 6.425704002380371
          }
        },
        {
          "type": "MOUTH_RIGHT",
          "position": {
            "x": 187.41355895996094,
            "y": 187.67088317871094,
            "z": 11.684591293334961
          }
        },
        {
          "type": "MOUTH_CENTER",
          "position": {
            "x": 169.9333038330078,
            "y": 193.59388732910156,
            "z": 0.37078264355659485
          }
        },
        {
          "type": "NOSE_BOTTOM_RIGHT",
          "position": {
            "x": 181.9235076904297,
            "y": 173.6212158203125,
            "z": 3.884183168411255
          }
        },
        {
          "type": "NOSE_BOTTOM_LEFT",
          "position": {
            "x": 157.01812744140625,
            "y": 175.70175170898438,
            "z": -0.21510472893714905
          }
        },
        {
          "type": "NOSE_BOTTOM_CENTER",
          "position": {
            "x": 170.05740356445312,
            "y": 179.62359619140625,
            "z": -4.401869297027588
          }
        },
        {
          "type": "LEFT_EYE_TOP_BOUNDARY",
          "position": {
            "x": 146.75131225585938,
            "y": 148.16009521484375,
            "z": -2.9306623935699463
          }
        },
        {
          "type": "LEFT_EYE_RIGHT_CORNER",
          "position": {
            "x": 154.12738037109375,
            "y": 151.22850036621094,
            "z": 1.6177953481674194
          }
        },
        {
          "type": "LEFT_EYE_BOTTOM_BOUNDARY",
          "position": {
            "x": 145.75035095214844,
            "y": 152.33787536621094,
            "z": -0.037857238203287125
          }
        },
        {
          "type": "LEFT_EYE_LEFT_CORNER",
          "position": {
            "x": 137.7363739013672,
            "y": 150.99496459960938,
            "z": 2.5253801345825195
          }
        },
        {
          "type": "LEFT_EYE_PUPIL",
          "position": {
            "x": 146.0819854736328,
            "y": 150.8031005859375,
            "z": -1.1625419855117798
          }
        },
        {
          "type": "RIGHT_EYE_TOP_BOUNDARY",
          "position": {
            "x": 186.74403381347656,
            "y": 145.39019775390625,
            "z": 3.532529830932617
          }
        },
        {
          "type": "RIGHT_EYE_RIGHT_CORNER",
          "position": {
            "x": 193.90003967285156,
            "y": 147.0690155029297,
            "z": 11.56649398803711
          }
        },
        {
          "type": "RIGHT_EYE_BOTTOM_BOUNDARY",
          "position": {
            "x": 188.00057983398438,
            "y": 149.71563720703125,
            "z": 6.556528568267822
          }
        },
        {
          "type": "RIGHT_EYE_LEFT_CORNER",
          "position": {
            "x": 180.60223388671875,
            "y": 149.3019561767578,
            "z": 5.703815937042236
          }
        },
        {
          "type": "RIGHT_EYE_PUPIL",
          "position": {
            "x": 187.0937042236328,
            "y": 147.98324584960938,
            "z": 5.454007625579834
          }
        },
        {
          "type": "LEFT_EYEBROW_UPPER_MIDPOINT",
          "position": {
            "x": 144.7753448486328,
            "y": 136.91087341308594,
            "z": -6.596145153045654
          }
        },
        {
          "type": "RIGHT_EYEBROW_UPPER_MIDPOINT",
          "position": {
            "x": 188.1302490234375,
            "y": 133.91925048828125,
            "z": 0.41111257672309875
          }
        },
        {
          "type": "LEFT_EAR_TRAGION",
          "position": {
            "x": 110.73240661621094,
            "y": 167.97592163085938,
            "z": 49.422035217285156
          }
        },
        {
          "type": "RIGHT_EAR_TRAGION",
          "position": {
            "x": 204.72950744628906,
            "y": 160.6096649169922,
            "z": 62.503265380859375
          }
        },
        {
          "type": "FOREHEAD_GLABELLA",
          "position": {
            "x": 167.49490356445312,
            "y": 140.20712280273438,
            "z": -7.18198299407959
          }
        },
        {
          "type": "CHIN_GNATHION",
          "position": {
            "x": 170.3740692138672,
            "y": 217.94464111328125,
            "z": 8.481739044189453
          }
        },
        {
          "type": "CHIN_LEFT_GONION",
          "position": {
            "x": 121.99740600585938,
            "y": 194.11090087890625,
            "z": 35.203704833984375
          }
        },
        {
          "type": "CHIN_RIGHT_GONION",
          "position": {
            "x": 204.27597045898438,
            "y": 188.20208740234375,
            "z": 48.55582046508789
          }
        }
      ],
      "rollAngle": -2.9713432788848877,
      "panAngle": 9.220291137695312,
      "tiltAngle": -6.327274322509766,
      "detectionConfidence": 0.9991511106491089,
      "landmarkingConfidence": 0.7671623229980469,
      "joyLikelihood": "VERY_LIKELY",
      "sorrowLikelihood": "VERY_UNLIKELY",
      "angerLikelihood": "VERY_UNLIKELY",
      "surpriseLikelihood": "VERY_UNLIKELY",
      "underExposedLikelihood": "VERY_UNLIKELY",
      "blurredLikelihood": "VERY_UNLIKELY",
      "headwearLikelihood": "VERY_LIKELY"
    },
    {
      "boundingPoly": {
        "vertices": [
          {
            "x": 275,
            "y": 58
          },
          {
            "x": 409,
            "y": 58
          },
          {
            "x": 409,
            "y": 213
          },
          {
            "x": 275,
            "y": 213
          }
        ]
      },
      "fdBoundingPoly": {
        "vertices": [
          {
            "x": 282,
            "y": 104
          },
          {
            "x": 373,
            "y": 104
          },
          {
            "x": 373,
            "y": 196
          },
          {
            "x": 282,
            "y": 196
          }
        ]
      },
      "landmarks": [
        {
          "type": "LEFT_EYE",
          "position": {
            "x": 297.33245849609375,
            "y": 140.0456085205078,
            "z": -0.0003297016373835504
          }
        },
        {
          "type": "RIGHT_EYE",
          "position": {
            "x": 318.89361572265625,
            "y": 131.41799926757812,
            "z": -29.841236114501953
          }
        },
        {
          "type": "LEFT_OF_LEFT_EYEBROW",
          "position": {
            "x": 289.129638671875,
            "y": 132.60012817382812,
            "z": 13.918745994567871
          }
        },
        {
          "type": "RIGHT_OF_LEFT_EYEBROW",
          "position": {
            "x": 294.5108337402344,
            "y": 129.2010040283203,
            "z": -12.23727798461914
          }
        },
        {
          "type": "LEFT_OF_RIGHT_EYEBROW",
          "position": {
            "x": 306.92840576171875,
            "y": 125.38725280761719,
            "z": -27.592744827270508
          }
        },
        {
          "type": "RIGHT_OF_RIGHT_EYEBROW",
          "position": {
            "x": 329.5788879394531,
            "y": 118.31304931640625,
            "z": -39.020809173583984
          }
        },
        {
          "type": "MIDPOINT_BETWEEN_EYES",
          "position": {
            "x": 302.2441101074219,
            "y": 134.628662109375,
            "z": -20.818925857543945
          }
        },
        {
          "type": "NOSE_TIP",
          "position": {
            "x": 298.1758117675781,
            "y": 160.69650268554688,
            "z": -30.071434020996094
          }
        },
        {
          "type": "UPPER_LIP",
          "position": {
            "x": 309.9016418457031,
            "y": 170.6356201171875,
            "z": -24.752939224243164
          }
        },
        {
          "type": "LOWER_LIP",
          "position": {
            "x": 316.19720458984375,
            "y": 187.49337768554688,
            "z": -23.883668899536133
          }
        },
        {
          "type": "MOUTH_LEFT",
          "position": {
            "x": 310.4262390136719,
            "y": 179.9054718017578,
            "z": -5.798532485961914
          }
        },
        {
          "type": "MOUTH_RIGHT",
          "position": {
            "x": 334.8392028808594,
            "y": 168.56588745117188,
            "z": -31.462078094482422
          }
        },
        {
          "type": "MOUTH_CENTER",
          "position": {
            "x": 314.2233581542969,
            "y": 178.3826904296875,
            "z": -23.310304641723633
          }
        },
        {
          "type": "NOSE_BOTTOM_RIGHT",
          "position": {
            "x": 317.63623046875,
            "y": 157.64752197265625,
            "z": -28.73358917236328
          }
        },
        {
          "type": "NOSE_BOTTOM_LEFT",
          "position": {
            "x": 304.991943359375,
            "y": 162.678466796875,
            "z": -11.496888160705566
          }
        },
        {
          "type": "NOSE_BOTTOM_CENTER",
          "position": {
            "x": 308.1398010253906,
            "y": 164.56582641601562,
            "z": -24.37149429321289
          }
        },
        {
          "type": "LEFT_EYE_TOP_BOUNDARY",
          "position": {
            "x": 294.031982421875,
            "y": 137.2982177734375,
            "z": -1.2967814207077026
          }
        },
        {
          "type": "LEFT_EYE_RIGHT_CORNER",
          "position": {
            "x": 301.3670959472656,
            "y": 137.7683868408203,
            "z": -5.906046390533447
          }
        },
        {
          "type": "LEFT_EYE_BOTTOM_BOUNDARY",
          "position": {
            "x": 297.4470520019531,
            "y": 142.26174926757812,
            "z": -0.19534172117710114
          }
        },
        {
          "type": "LEFT_EYE_LEFT_CORNER",
          "position": {
            "x": 294.8876647949219,
            "y": 140.82058715820312,
            "z": 8.888633728027344
          }
        },
        {
          "type": "LEFT_EYE_PUPIL",
          "position": {
            "x": 295.7076416015625,
            "y": 139.83035278320312,
            "z": 0.11025014519691467
          }
        },
        {
          "type": "RIGHT_EYE_TOP_BOUNDARY",
          "position": {
            "x": 318.1823425292969,
            "y": 128.76846313476562,
            "z": -32.93185806274414
          }
        },
        {
          "type": "RIGHT_EYE_RIGHT_CORNER",
          "position": {
            "x": 328.8408508300781,
            "y": 129.54425048828125,
            "z": -35.360923767089844
          }
        },
        {
          "type": "RIGHT_EYE_BOTTOM_BOUNDARY",
          "position": {
            "x": 320.95416259765625,
            "y": 134.35009765625,
            "z": -31.687095642089844
          }
        },
        {
          "type": "RIGHT_EYE_LEFT_CORNER",
          "position": {
            "x": 316.3860778808594,
            "y": 133.3025665283203,
            "z": -24.950063705444336
          }
        },
        {
          "type": "RIGHT_EYE_PUPIL",
          "position": {
            "x": 320.4873046875,
            "y": 131.11563110351562,
            "z": -32.397579193115234
          }
        },
        {
          "type": "LEFT_EYEBROW_UPPER_MIDPOINT",
          "position": {
            "x": 288.4386291503906,
            "y": 126.54161071777344,
            "z": -0.49223414063453674
          }
        },
        {
          "type": "RIGHT_EYEBROW_UPPER_MIDPOINT",
          "position": {
            "x": 314.6922607421875,
            "y": 117.25027465820312,
            "z": -34.825828552246094
          }
        },
        {
          "type": "LEFT_EAR_TRAGION",
          "position": {
            "x": 325.1073303222656,
            "y": 156.19847106933594,
            "z": 50.632511138916016
          }
        },
        {
          "type": "RIGHT_EAR_TRAGION",
          "position": {
            "x": 379.9739685058594,
            "y": 136.7075958251953,
            "z": -21.291580200195312
          }
        },
        {
          "type": "FOREHEAD_GLABELLA",
          "position": {
            "x": 299.1080017089844,
            "y": 126.85610961914062,
            "z": -20.875703811645508
          }
        },
        {
          "type": "CHIN_GNATHION",
          "position": {
            "x": 323.1208190917969,
            "y": 204.42262268066406,
            "z": -22.18889617919922
          }
        },
        {
          "type": "CHIN_LEFT_GONION",
          "position": {
            "x": 321.72900390625,
            "y": 182.99887084960938,
            "z": 35.00018310546875
          }
        },
        {
          "type": "CHIN_RIGHT_GONION",
          "position": {
            "x": 371.38482666015625,
            "y": 165.49072265625,
            "z": -29.914358139038086
          }
        }
      ],
      "rollAngle": -14.863996505737305,
      "panAngle": -51.085426330566406,
      "tiltAngle": 3.7446470260620117,
      "detectionConfidence": 0.9930261373519897,
      "landmarkingConfidence": 0.7139115333557129,
      "joyLikelihood": "VERY_LIKELY",
      "sorrowLikelihood": "VERY_UNLIKELY",
      "angerLikelihood": "VERY_UNLIKELY",
      "surpriseLikelihood": "VERY_UNLIKELY",
      "underExposedLikelihood": "VERY_UNLIKELY",
      "blurredLikelihood": "VERY_UNLIKELY",
      "headwearLikelihood": "VERY_UNLIKELY"
    }
  ]
}
