{
  "faceAnnotations": [
    {
      "boundingPoly": {
        "vertices": [
          {
            "x": 517,
            "y": 159
          },
          {
            "x": 828,
            "y": 159
          },
          {
            "x": 828,
            "y": 521
          },
          {
            "x": 517,
            "y": 521
          }
        ]
      },
      "fdBoundingPoly": {
        "vertices": [
          {
            "x": 590,
            "y": 263
          },
          {
            "x": 795,
            "y": 263
          },
          {
            "x": 795,
            "y": 469
          },
          {
            "x": 590,
            "y": 469
          }
        ]
      },
      "landmarks": [
        {
          "type": "LEFT_EYE",
          "position": {
            "x": 637.2783813476562,
            "y": 338.3809814453125,
            "z": -0.0016603334806859493
          }
        },
        {
          "type": "RIGHT_EYE",
          "position": {
            "x": 731.024169921875,
            "y": 325.3817443847656,
            "z": 15.920738220214844
          }
        },
        {
          "type": "LEFT_OF_LEFT_EYEBROW",
          "position": {
            "x": 603.7806396484375,
            "y": 316.83319091796875,
            "z": 0.9152788519859314
          }
        },
        {
          "type": "RIGHT_OF_LEFT_EYEBROW",
          "position": {
            "x": 663.126220703125,
            "y": 312.5484313964844,
            "z": -16.27201271057129
          }
        },
        {
          "type": "LEFT_OF_RIGHT_EYEBROW",
          "position": {
            "x": 707.9089965820312,
            "y": 307.3432922363281,
            "z": -8.603801727294922
          }
        },
        {
          "type": "RIGHT_OF_RIGHT_EYEBROW",
          "position": {
            "x": 757.6323852539062,
            "y": 299.1786804199219,
            "z": 27.315767288208008
          }
        },
        {
          "type": "MIDPOINT_BETWEEN_EYES",
          "position": {
            "x": 688.3486938476562,
            "y": 327.7076416015625,
            "z": -11.927787780761719
          }
        },
        {
          "type": "NOSE_TIP",
          "position": {
            "x": 698.594970703125,
            "y": 385.0606994628906,
            "z": -33.17222213745117
          }
        },
        {
          "type": "UPPER_LIP",
          "position": {
            "x": 697.131103515625,
            "y": 417.7834777832031,
            "z": -7.9476213455200195
          }
        },
        {
          "type": "LOWER_LIP",
          "position": {
            "x": 698.8075561523438,
            "y": 448.47637939453125,
            "z": 2.1005489826202393
          }
        },
        {
          "type": "MOUTH_LEFT",
          "position": {
            "x": 657.783447265625,
            "y": 432.90484619140625,
            "z": 12.080570220947266
          }
        },
        {
          "type": "MOUTH_RIGHT",
          "position": {
            "x": 730.0133056640625,
            "y": 423.9771423339844,
            "z": 24.557292938232422
          }
        },
        {
          "type": "MOUTH_CENTER",
          "position": {
            "x": 696.9666748046875,
            "y": 431.91253662109375,
            "z": 0.5515990257263184
          }
        },
        {
          "type": "NOSE_BOTTOM_RIGHT",
          "position": {
            "x": 717.740966796875,
            "y": 387.526611328125,
            "z": 7.63160514831543
          }
        },
        {
          "type": "NOSE_BOTTOM_LEFT",
          "position": {
            "x": 666.8009033203125,
            "y": 392.2137451171875,
            "z": -1.1959806680679321
          }
        },
        {
          "type": "NOSE_BOTTOM_CENTER",
          "position": {
            "x": 695.8107299804688,
            "y": 398.8697814941406,
            "z": -10.32266902923584
          }
        },
        {
          "type": "LEFT_EYE_TOP_BOUNDARY",
          "position": {
            "x": 638.813232421875,
            "y": 330.059814453125,
            "z": -6.90345573425293
          }
        },
        {
          "type": "LEFT_EYE_RIGHT_CORNER",
          "position": {
            "x": 656.1646118164062,
            "y": 333.6588134765625,
            "z": 3.573772668838501
          }
        },
        {
          "type": "LEFT_EYE_BOTTOM_BOUNDARY",
          "position": {
            "x": 637.6072998046875,
            "y": 343.6805419921875,
            "z": -0.03496353328227997
          }
        },
        {
          "type": "LEFT_EYE_LEFT_CORNER",
          "position": {
            "x": 618.4384765625,
            "y": 337.8194885253906,
            "z": 5.3992486000061035
          }
        },
        {
          "type": "LEFT_EYE_PUPIL",
          "position": {
            "x": 637.2616577148438,
            "y": 336.1571044921875,
            "z": -2.505195140838623
          }
        },
        {
          "type": "RIGHT_EYE_TOP_BOUNDARY",
          "position": {
            "x": 731.0585327148438,
            "y": 319.409423828125,
            "z": 8.957298278808594
          }
        },
        {
          "type": "RIGHT_EYE_RIGHT_CORNER",
          "position": {
            "x": 747.1654052734375,
            "y": 322.7625732421875,
            "z": 27.458030700683594
          }
        },
        {
          "type": "RIGHT_EYE_BOTTOM_BOUNDARY",
          "position": {
            "x": 731.681396484375,
            "y": 330.673095703125,
            "z": 15.718876838684082
          }
        },
        {
          "type": "RIGHT_EYE_LEFT_CORNER",
          "position": {
            "x": 713.468505859375,
            "y": 326.6263427734375,
            "z": 13.22702407836914
          }
        },
        {
          "type": "RIGHT_EYE_PUPIL",
          "position": {
            "x": 731.919921875,
            "y": 325.21612548828125,
            "z": 13.656527519226074
          }
        },
        {
          "type": "LEFT_EYEBROW_UPPER_MIDPOINT",
          "position": {
            "x": 633.1676025390625,
            "y": 303.6501770019531,
            "z": -15.053749084472656
          }
        },
        {
          "type": "RIGHT_EYEBROW_UPPER_MIDPOINT",
          "position": {
            "x": 733.1804809570312,
            "y": 292.16424560546875,
            "z": 2.1264445781707764
          }
        },
        {
          "type": "LEFT_EAR_TRAGION",
          "position": {
            "x": 563.665771484375,
            "y": 378.2923583984375,
            "z": 108.57952117919922
          }
        },
        {
          "type": "RIGHT_EAR_TRAGION",
          "position": {
            "x": 772.9588623046875,
            "y": 354.18658447265625,
            "z": 144.77249145507812
          }
        },
        {
          "type": "FOREHEAD_GLABELLA",
          "position": {
            "x": 686.1184692382812,
            "y": 308.8494567871094,
            "z": -16.066692352294922
          }
        },
        {
          "type": "CHIN_GNATHION",
          "position": {
            "x": 700.2260131835938,
            "y": 489.2601318359375,
            "z": 19.75250816345215
          }
        },
        {
          "type": "CHIN_LEFT_GONION",
          "position": {
            "x": 586.2626953125,
            "y": 440.0262451171875,
            "z": 79.09171295166016
          }
        },
        {
          "type": "CHIN_RIGHT_GONION",
          "position": {
            "x": 775.3937377929688,
            "y": 418.3644104003906,
            "z": 111.60059356689453
          }
        }
      ],
      "rollAngle": -5.543329238891602,
      "panAngle": 9.744407653808594,
      "tiltAngle": -5.967193603515625,
      "detectionConfidence": 0.5986841917037964,
      "landmarkingConfidence": 0.4445928931236267,
      "joyLikelihood": "VERY_UNLIKELY",
      "sorrowLikelihood": "VERY_UNLIKELY",
      "angerLikelihood": "VERY_UNLIKELY",
      "surpriseLikelihood": "VERY_UNLIKELY",
      "underExposedLikelihood": "VERY_UNLIKELY",
      "blurredLikelihood": "VERY_UNLIKELY",
      "headwearLikelihood": "VERY_UNLIKELY"
    },
    {
      "boundingPoly": {
        "vertices": [
          {
            "x": 1253,
            "y": 39
          },
          {
            "x": 1606,
            "y": 39
          },
          {
            "x": 1606,
            "y": 449
          },
          {
            "x": 1253,
            "y": 449
          }
        ]
      },
      "fdBoundingPoly": {
        "vertices": [
          {
            "x": 1262,
            "y": 165
          },
          {
            "x": 1516,
            "y": 165
          },
          {
            "x": 1516,
            "y": 418
          },
          {
            "x": 1262,
            "y": 418
          }
        ]
      },
      "landmarks": [
        {
          "type": "LEFT_EYE",
          "position": {
            "x": 1309.8697509765625,
            "y": 289.24029541015625,
            "z": 0.000716199167072773
          }
        },
        {
          "type": "RIGHT_EYE",
          "position": {
            "x": 1345.30859375,
            "y": 270.8022766113281,
            "z": -97.1970443725586
          }
        },
        {
          "type": "LEFT_OF_LEFT_EYEBROW",
          "position": {
            "x": 1293.645263671875,
            "y": 269.16510009765625,
            "z": 36.245521545410156
          }
        },
        {
          "type": "RIGHT_OF_LEFT_EYEBROW",
          "position": {
            "x": 1289.8636474609375,
            "y": 271.740966796875,
            "z": -32.80906295776367
          }
        },
        {
          "type": "LEFT_OF_RIGHT_EYEBROW",
          "position": {
            "x": 1307.045654296875,
            "y": 261.86077880859375,
            "z": -80.09760284423828
          }
        },
        {
          "type": "RIGHT_OF_RIGHT_EYEBROW",
          "position": {
            "x": 1355.076904296875,
            "y": 239.559814453125,
            "z": -126.9277572631836
          }
        },
        {
          "type": "MIDPOINT_BETWEEN_EYES",
          "position": {
            "x": 1309.7071533203125,
            "y": 284.2089538574219,
            "z": -56.637596130371094
          }
        },
        {
          "type": "NOSE_TIP",
          "position": {
            "x": 1311.09521484375,
            "y": 357.1938781738281,
            "z": -68.0264663696289
          }
        },
        {
          "type": "UPPER_LIP",
          "position": {
            "x": 1352.733154296875,
            "y": 376.86077880859375,
            "z": -57.864410400390625
          }
        },
        {
          "type": "LOWER_LIP",
          "position": {
            "x": 1375.8154296875,
            "y": 403.196533203125,
            "z": -54.57515335083008
          }
        },
        {
          "type": "MOUTH_LEFT",
          "position": {
            "x": 1368.4649658203125,
            "y": 382.8218994140625,
            "z": -8.73108196258545
          }
        },
        {
          "type": "MOUTH_RIGHT",
          "position": {
            "x": 1390.411376953125,
            "y": 371.0804748535156,
            "z": -83.86489868164062
          }
        },
        {
          "type": "MOUTH_CENTER",
          "position": {
            "x": 1364.5802001953125,
            "y": 386.2347412109375,
            "z": -54.79755783081055
          }
        },
        {
          "type": "NOSE_BOTTOM_RIGHT",
          "position": {
            "x": 1358.433349609375,
            "y": 337.29339599609375,
            "z": -78.58602142333984
          }
        },
        {
          "type": "NOSE_BOTTOM_LEFT",
          "position": {
            "x": 1340.026123046875,
            "y": 346.8318786621094,
            "z": -25.434879302978516
          }
        },
        {
          "type": "NOSE_BOTTOM_CENTER",
          "position": {
            "x": 1339.5230712890625,
            "y": 360.4259948730469,
            "z": -58.40740966796875
          }
        },
        {
          "type": "LEFT_EYE_TOP_BOUNDARY",
          "position": {
            "x": 1300.5443115234375,
            "y": 285.8802795410156,
            "z": -2.551736354827881
          }
        },
        {
          "type": "LEFT_EYE_RIGHT_CORNER",
          "position": {
            "x": 1317.5848388671875,
            "y": 285.65484619140625,
            "z": -19.026817321777344
          }
        },
        {
          "type": "LEFT_EYE_BOTTOM_BOUNDARY",
          "position": {
            "x": 1312.482177734375,
            "y": 295.2422180175781,
            "z": -0.04362058266997337
          }
        },
        {
          "type": "LEFT_EYE_LEFT_CORNER",
          "position": {
            "x": 1310.759033203125,
            "y": 288.38897705078125,
            "z": 23.255168914794922
          }
        },
        {
          "type": "LEFT_EYE_PUPIL",
          "position": {
            "x": 1307.2120361328125,
            "y": 290.27813720703125,
            "z": 0.8001430630683899
          }
        },
        {
          "type": "RIGHT_EYE_TOP_BOUNDARY",
          "position": {
            "x": 1335.5186767578125,
            "y": 267.2677917480469,
            "z": -99.7574691772461
          }
        },
        {
          "type": "RIGHT_EYE_RIGHT_CORNER",
          "position": {
            "x": 1360.140869140625,
            "y": 261.7689514160156,
            "z": -112.88121032714844
          }
        },
        {
          "type": "RIGHT_EYE_BOTTOM_BOUNDARY",
          "position": {
            "x": 1348.4893798828125,
            "y": 275.67449951171875,
            "z": -97.36785125732422
          }
        },
        {
          "type": "RIGHT_EYE_LEFT_CORNER",
          "position": {
            "x": 1338.071044921875,
            "y": 275.45672607421875,
            "z": -77.10189819335938
          }
        },
        {
          "type": "RIGHT_EYE_PUPIL",
          "position": {
            "x": 1342.9429931640625,
            "y": 271.25946044921875,
            "z": -98.9613265991211
          }
        },
        {
          "type": "LEFT_EYEBROW_UPPER_MIDPOINT",
          "position": {
            "x": 1279.660888671875,
            "y": 262.610107421875,
            "z": -0.7536712288856506
          }
        },
        {
          "type": "RIGHT_EYEBROW_UPPER_MIDPOINT",
          "position": {
            "x": 1317.597900390625,
            "y": 242.46070861816406,
            "z": -106.26648712158203
          }
        },
        {
          "type": "LEFT_EAR_TRAGION",
          "position": {
            "x": 1417.2586669921875,
            "y": 284.3109130859375,
            "z": 112.75912475585938
          }
        },
        {
          "type": "RIGHT_EAR_TRAGION",
          "position": {
            "x": 1502.5172119140625,
            "y": 233.74330139160156,
            "z": -111.82896423339844
          }
        },
        {
          "type": "FOREHEAD_GLABELLA",
          "position": {
            "x": 1294.61572265625,
            "y": 267.81097412109375,
            "z": -57.902732849121094
          }
        },
        {
          "type": "CHIN_GNATHION",
          "position": {
            "x": 1411.65185546875,
            "y": 436.8275146484375,
            "z": -48.294273376464844
          }
        },
        {
          "type": "CHIN_LEFT_GONION",
          "position": {
            "x": 1420.2811279296875,
            "y": 360.07977294921875,
            "z": 86.66668701171875
          }
        },
        {
          "type": "CHIN_RIGHT_GONION",
          "position": {
            "x": 1492.496337890625,
            "y": 322.3236999511719,
            "z": -114.06392669677734
          }
        }
      ],
      "rollAngle": -29.72127914428711,
      "panAngle": -67.84395599365234,
      "tiltAngle": -0.6902892589569092,
      "detectionConfidence": 0.9678850769996643,
      "landmarkingConfidence": 0.632611095905304,
      "joyLikelihood": "VERY_UNLIKELY",
      "sorrowLikelihood": "VERY_UNLIKELY",
      "angerLikelihood": "VERY_UNLIKELY",
      "surpriseLikelihood": "VERY_UNLIKELY",
      "underExposedLikelihood": "VERY_UNLIKELY",
      "blurredLikelihood": "VERY_UNLIKELY",
      "headwearLikelihood": "VERY_UNLIKELY"
    }
  ]
}
