{
  "faceAnnotations": [
    {
      "boundingPoly": {
        "vertices": [
          {
            "x": 803,
            "y": 456
          },
          {
            "x": 1089,
            "y": 456
          },
          {
            "x": 1089,
            "y": 788
          },
          {
            "x": 803,
            "y": 788
          }
        ]
      },
      "fdBoundingPoly": {
        "vertices": [
          {
            "x": 817,
            "y": 504
          },
          {
            "x": 1081,
            "y": 504
          },
          {
            "x": 1081,
            "y": 768
          },
          {
            "x": 817,
            "y": 768
          }
        ]
      },
      "landmarks": [
        {
          "type": "LEFT_EYE",
          "position": {
            "x": 896.08154296875,
            "y": 597.5758666992188,
            "z": 0.0011340349446982145
          }
        },
        {
          "type": "RIGHT_EYE",
          "position": {
            "x": 992.4022827148438,
            "y": 601.6570434570312,
            "z": -7.181304931640625
          }
        },
        {
          "type": "LEFT_OF_LEFT_EYEBROW",
          "position": {
            "x": 875.4615478515625,
            "y": 573.791748046875,
            "z": 11.976534843444824
          }
        },
        {
          "type": "RIGHT_OF_LEFT_EYEBROW",
          "position": {
            "x": 924.3839111328125,
            "y": 575.178466796875,
            "z": -16.631797790527344
          }
        },
        {
          "type": "LEFT_OF_RIGHT_EYEBROW",
          "position": {
            "x": 965.9512939453125,
            "y": 578.6968994140625,
            "z": -19.96530532836914
          }
        },
        {
          "type": "RIGHT_OF_RIGHT_EYEBROW",
          "position": {
            "x": 1018.2867431640625,
            "y": 585.8482666015625,
            "z": 0.5109100341796875
          }
        },
        {
          "type": "MIDPOINT_BETWEEN_EYES",
          "position": {
            "x": 943.4282836914062,
            "y": 594.9241333007812,
            "z": -21.30271339416504
          }
        },
        {
          "type": "NOSE_TIP",
          "position": {
            "x": 937.1322021484375,
            "y": 641.1920776367188,
            "z": -51.259273529052734
          }
        },
        {
          "type": "UPPER_LIP",
          "position": {
            "x": 935.3980712890625,
            "y": 674.3873291015625,
            "z": -34.360538482666016
          }
        },
        {
          "type": "LOWER_LIP",
          "position": {
            "x": 933.2761840820312,
            "y": 704.9739379882812,
            "z": -31.03838348388672
          }
        },
        {
          "type": "MOUTH_LEFT",
          "position": {
            "x": 901.0010986328125,
            "y": 684.4090576171875,
            "z": -9.137985229492188
          }
        },
        {
          "type": "MOUTH_RIGHT",
          "position": {
            "x": 971.9410400390625,
            "y": 690.4066162109375,
            "z": -14.568551063537598
          }
        },
        {
          "type": "MOUTH_CENTER",
          "position": {
            "x": 934.8597412109375,
            "y": 688.6375732421875,
            "z": -29.295156478881836
          }
        },
        {
          "type": "NOSE_BOTTOM_RIGHT",
          "position": {
            "x": 960.7224731445312,
            "y": 651.49560546875,
            "z": -21.063852310180664
          }
        },
        {
          "type": "NOSE_BOTTOM_LEFT",
          "position": {
            "x": 915.5263671875,
            "y": 648.7064208984375,
            "z": -17.085296630859375
          }
        },
        {
          "type": "NOSE_BOTTOM_CENTER",
          "position": {
            "x": 937.3360595703125,
            "y": 656.2471313476562,
            "z": -32.89740753173828
          }
        },
        {
          "type": "LEFT_EYE_TOP_BOUNDARY",
          "position": {
            "x": 901.7802734375,
            "y": 589.1272583007812,
            "z": -5.434622764587402
          }
        },
        {
          "type": "LEFT_EYE_RIGHT_CORNER",
          "position": {
            "x": 918.8037109375,
            "y": 597.7340698242188,
            "z": -1.315026044845581
          }
        },
        {
          "type": "LEFT_EYE_BOTTOM_BOUNDARY",
          "position": {
            "x": 901.0829467773438,
            "y": 601.2561645507812,
            "z": -1.521928071975708
          }
        },
        {
          "type": "LEFT_EYE_LEFT_CORNER",
          "position": {
            "x": 885.215087890625,
            "y": 595.2296752929688,
            "z": 8.999824523925781
          }
        },
        {
          "type": "LEFT_EYE_PUPIL",
          "position": {
            "x": 900.2100830078125,
            "y": 595.1923828125,
            "z": -2.1978464126586914
          }
        },
        {
          "type": "RIGHT_EYE_TOP_BOUNDARY",
          "position": {
            "x": 987.4254150390625,
            "y": 596.3596801757812,
            "z": -12.295965194702148
          }
        },
        {
          "type": "RIGHT_EYE_RIGHT_CORNER",
          "position": {
            "x": 1004.84521484375,
            "y": 605.3743896484375,
            "z": -0.6027626395225525
          }
        },
        {
          "type": "RIGHT_EYE_BOTTOM_BOUNDARY",
          "position": {
            "x": 988.2915649414062,
            "y": 609.8140258789062,
            "z": -8.384799003601074
          }
        },
        {
          "type": "RIGHT_EYE_LEFT_CORNER",
          "position": {
            "x": 970.153076171875,
            "y": 602.067138671875,
            "z": -5.412133693695068
          }
        },
        {
          "type": "RIGHT_EYE_PUPIL",
          "position": {
            "x": 988.027587890625,
            "y": 602.6739501953125,
            "z": -9.358774185180664
          }
        },
        {
          "type": "LEFT_EYEBROW_UPPER_MIDPOINT",
          "position": {
            "x": 900.1776123046875,
            "y": 563.4432983398438,
            "z": -6.9372735023498535
          }
        },
        {
          "type": "RIGHT_EYEBROW_UPPER_MIDPOINT",
          "position": {
            "x": 992.9782104492188,
            "y": 571.2982788085938,
            "z": -14.392964363098145
          }
        },
        {
          "type": "LEFT_EAR_TRAGION",
          "position": {
            "x": 850.9749755859375,
            "y": 643.95458984375,
            "z": 105.53468322753906
          }
        },
        {
          "type": "RIGHT_EAR_TRAGION",
          "position": {
            "x": 1045.2296142578125,
            "y": 660.3189697265625,
            "z": 89.8680419921875
          }
        },
        {
          "type": "FOREHEAD_GLABELLA",
          "position": {
            "x": 945.0233154296875,
            "y": 575.5081176757812,
            "z": -21.437532424926758
          }
        },
        {
          "type": "CHIN_GNATHION",
          "position": {
            "x": 929.6632690429688,
            "y": 746.509033203125,
            "z": -22.73311424255371
          }
        },
        {
          "type": "CHIN_LEFT_GONION",
          "position": {
            "x": 852.8385620117188,
            "y": 695.8614501953125,
            "z": 64.5075912475586
          }
        },
        {
          "type": "CHIN_RIGHT_GONION",
          "position": {
            "x": 1028.4078369140625,
            "y": 710.6199340820312,
            "z": 50.43374252319336
          }
        }
      ],
      "rollAngle": 5.27812385559082,
      "panAngle": -4.5902838706970215,
      "tiltAngle": 5.682145118713379,
      "detectionConfidence": 0.836472749710083,
      "landmarkingConfidence": 0.22661195695400238,
      "joyLikelihood": "VERY_LIKELY",
      "sorrowLikelihood": "VERY_UNLIKELY",
      "angerLikelihood": "VERY_UNLIKELY",
      "surpriseLikelihood": "VERY_UNLIKELY",
      "underExposedLikelihood": "VERY_UNLIKELY",
      "blurredLikelihood": "VERY_UNLIKELY",
      "headwearLikelihood": "POSSIBLE"
    },
    {
      "boundingPoly": {
        "vertices": [
          {
            "x": 247,
            "y": 471
          },
          {
            "x": 475,
            "y": 471
          },
          {
            "x": 475,
            "y": 736
          },
          {
            "x": 247,
            "y": 736
          }
        ]
      },
      "fdBoundingPoly": {
        "vertices": [
          {
            "x": 212,
            "y": 495
          },
          {
            "x": 460,
            "y": 495
          },
          {
            "x": 460,
            "y": 743
          },
          {
            "x": 212,
            "y": 743
          }
        ]
      },
      "landmarks": [
        {
          "type": "LEFT_EYE",
          "position": {
            "x": 334.1039733886719,
            "y": 592.58056640625,
            "z": 0.0005014999187551439
          }
        },
        {
          "type": "RIGHT_EYE",
          "position": {
            "x": 404.7823791503906,
            "y": 595.8367919921875,
            "z": 6.6567912101745605
          }
        },
        {
          "type": "LEFT_OF_LEFT_EYEBROW",
          "position": {
            "x": 311.53021240234375,
            "y": 575.201416015625,
            "z": 3.6313347816467285
          }
        },
        {
          "type": "RIGHT_OF_LEFT_EYEBROW",
          "position": {
            "x": 353.85009765625,
            "y": 577.178466796875,
            "z": -12.225578308105469
          }
        },
        {
          "type": "LEFT_OF_RIGHT_EYEBROW",
          "position": {
            "x": 387.0281066894531,
            "y": 578.3997192382812,
            "z": -9.100327491760254
          }
        },
        {
          "type": "RIGHT_OF_RIGHT_EYEBROW",
          "position": {
            "x": 425.63409423828125,
            "y": 579.2448120117188,
            "z": 14.357627868652344
          }
        },
        {
          "type": "MIDPOINT_BETWEEN_EYES",
          "position": {
            "x": 369.8995666503906,
            "y": 592.3363037109375,
            "z": -11.12325668334961
          }
        },
        {
          "type": "NOSE_TIP",
          "position": {
            "x": 370.2037353515625,
            "y": 632.5537719726562,
            "z": -29.831111907958984
          }
        },
        {
          "type": "UPPER_LIP",
          "position": {
            "x": 367.7593994140625,
            "y": 656.6834716796875,
            "z": -12.989723205566406
          }
        },
        {
          "type": "LOWER_LIP",
          "position": {
            "x": 366.345458984375,
            "y": 680.3292236328125,
            "z": -7.139760971069336
          }
        },
        {
          "type": "MOUTH_LEFT",
          "position": {
            "x": 338.7814636230469,
            "y": 665.005859375,
            "z": 3.253953695297241
          }
        },
        {
          "type": "MOUTH_RIGHT",
          "position": {
            "x": 392.471435546875,
            "y": 666.95556640625,
            "z": 8.304842948913574
          }
        },
        {
          "type": "MOUTH_CENTER",
          "position": {
            "x": 366.8387756347656,
            "y": 667.577392578125,
            "z": -7.457666397094727
          }
        },
        {
          "type": "NOSE_BOTTOM_RIGHT",
          "position": {
            "x": 386.08074951171875,
            "y": 636.6826171875,
            "z": -1.6541072130203247
          }
        },
        {
          "type": "NOSE_BOTTOM_LEFT",
          "position": {
            "x": 348.8731689453125,
            "y": 635.8049926757812,
            "z": -5.120664119720459
          }
        },
        {
          "type": "NOSE_BOTTOM_CENTER",
          "position": {
            "x": 368.3309020996094,
            "y": 642.5181884765625,
            "z": -13.727108001708984
          }
        },
        {
          "type": "LEFT_EYE_TOP_BOUNDARY",
          "position": {
            "x": 335.0209045410156,
            "y": 587.9698486328125,
            "z": -4.7483906745910645
          }
        },
        {
          "type": "LEFT_EYE_RIGHT_CORNER",
          "position": {
            "x": 347.9474182128906,
            "y": 593.5078125,
            "z": 1.6083730459213257
          }
        },
        {
          "type": "LEFT_EYE_BOTTOM_BOUNDARY",
          "position": {
            "x": 334.06024169921875,
            "y": 597.1304931640625,
            "z": -0.38399219512939453
          }
        },
        {
          "type": "LEFT_EYE_LEFT_CORNER",
          "position": {
            "x": 320.2119140625,
            "y": 591.9754638671875,
            "z": 5.031848907470703
          }
        },
        {
          "type": "LEFT_EYE_PUPIL",
          "position": {
            "x": 333.4511413574219,
            "y": 592.4800415039062,
            "z": -1.7328420877456665
          }
        },
        {
          "type": "RIGHT_EYE_TOP_BOUNDARY",
          "position": {
            "x": 403.35272216796875,
            "y": 590.5073852539062,
            "z": 1.704187035560608
          }
        },
        {
          "type": "RIGHT_EYE_RIGHT_CORNER",
          "position": {
            "x": 415.6951599121094,
            "y": 595.490478515625,
            "z": 14.047500610351562
          }
        },
        {
          "type": "RIGHT_EYE_BOTTOM_BOUNDARY",
          "position": {
            "x": 402.8847351074219,
            "y": 599.9132690429688,
            "z": 6.078695774078369
          }
        },
        {
          "type": "RIGHT_EYE_LEFT_CORNER",
          "position": {
            "x": 388.9624938964844,
            "y": 595.0103149414062,
            "z": 5.462342739105225
          }
        },
        {
          "type": "RIGHT_EYE_PUPIL",
          "position": {
            "x": 403.56439208984375,
            "y": 595.099853515625,
            "z": 4.79698371887207
          }
        },
        {
          "type": "LEFT_EYEBROW_UPPER_MIDPOINT",
          "position": {
            "x": 333.2176513671875,
            "y": 567.9762573242188,
            "z": -9.129871368408203
          }
        },
        {
          "type": "RIGHT_EYEBROW_UPPER_MIDPOINT",
          "position": {
            "x": 407.3202819824219,
            "y": 570.7153930664062,
            "z": -2.1337053775787354
          }
        },
        {
          "type": "LEFT_EAR_TRAGION",
          "position": {
            "x": 281.7076721191406,
            "y": 621.290771484375,
            "z": 81.47020721435547
          }
        },
        {
          "type": "RIGHT_EAR_TRAGION",
          "position": {
            "x": 436.9167175292969,
            "y": 626.8584594726562,
            "z": 96.0635986328125
          }
        },
        {
          "type": "FOREHEAD_GLABELLA",
          "position": {
            "x": 370.7001647949219,
            "y": 577.0355834960938,
            "z": -13.256199836730957
          }
        },
        {
          "type": "CHIN_GNATHION",
          "position": {
            "x": 364.2083435058594,
            "y": 710.755126953125,
            "z": 3.635885715484619
          }
        },
        {
          "type": "CHIN_LEFT_GONION",
          "position": {
            "x": 290.0086669921875,
            "y": 666.631591796875,
            "z": 55.846500396728516
          }
        },
        {
          "type": "CHIN_RIGHT_GONION",
          "position": {
            "x": 430.275146484375,
            "y": 671.775390625,
            "z": 69.08250427246094
          }
        }
      ],
      "rollAngle": 2.291172981262207,
      "panAngle": 5.3951311111450195,
      "tiltAngle": -1.9502449035644531,
      "detectionConfidence": 0.7624328136444092,
      "landmarkingConfidence": 0.11371432989835739,
      "joyLikelihood": "VERY_UNLIKELY",
      "sorrowLikelihood": "VERY_UNLIKELY",
      "angerLikelihood": "VERY_UNLIKELY",
      "surpriseLikelihood": "VERY_UNLIKELY",
      "underExposedLikelihood": "VERY_UNLIKELY",
      "blurredLikelihood": "VERY_UNLIKELY",
      "headwearLikelihood": "VERY_UNLIKELY"
    }
  ]
}
