{
  "faceAnnotations": [
    {
      "boundingPoly": {
        "vertices": [
          {
            "x": 49,
            "y": 2
          },
          {
            "x": 117,
            "y": 2
          },
          {
            "x": 117,
            "y": 80
          },
          {
            "x": 49,
            "y": 80
          }
        ]
      },
      "fdBoundingPoly": {
        "vertices": [
          {
            "x": 58,
            "y": 26
          },
          {
            "x": 112,
            "y": 26
          },
          {
            "x": 112,
            "y": 80
          },
          {
            "x": 58,
            "y": 80
          }
        ]
      },
      "landmarks": [
        {
          "type": "LEFT_EYE",
          "position": {
            "x": 90.4269027709961,
            "y": 47.922760009765625,
            "z": 6.913673132658005e-05
          }
        },
        {
          "type": "RIGHT_EYE",
          "position": {
            "x": 104.93435668945312,
            "y": 41.600807189941406,
            "z": 14.316387176513672
          }
        },
        {
          "type": "LEFT_OF_LEFT_EYEBROW",
          "position": {
            "x": 84.3934326171875,
            "y": 45.47386932373047,
            "z": -5.229379653930664
          }
        },
        {
          "type": "RIGHT_OF_LEFT_EYEBROW",
          "position": {
            "x": 97.12577056884766,
            "y": 42.97701644897461,
            "z": -0.6953721642494202
          }
        },
        {
          "type": "LEFT_OF_RIGHT_EYEBROW",
          "position": {
            "x": 103.92973327636719,
            "y": 39.976646423339844,
            "z": 5.943439483642578
          }
        },
        {
          "type": "RIGHT_OF_RIGHT_EYEBROW",
          "position": {
            "x": 107.51348114013672,
            "y": 34.376739501953125,
            "z": 17.4746036529541
          }
        },
        {
          "type": "MIDPOINT_BETWEEN_EYES",
          "position": {
            "x": 100.97881317138672,
            "y": 45.16946029663086,
            "z": 4.290820598602295
          }
        },
        {
          "type": "NOSE_TIP",
          "position": {
            "x": 105.70206451416016,
            "y": 57.38758850097656,
            "z": 5.964536190032959
          }
        },
        {
          "type": "UPPER_LIP",
          "position": {
            "x": 101.40034484863281,
            "y": 62.49359893798828,
            "z": 12.061605453491211
          }
        },
        {
          "type": "LOWER_LIP",
          "position": {
            "x": 100.04100036621094,
            "y": 68.37921142578125,
            "z": 16.0985164642334
          }
        },
        {
          "type": "MOUTH_LEFT",
          "position": {
            "x": 90.68831634521484,
            "y": 65.71813201904297,
            "z": 11.011991500854492
          }
        },
        {
          "type": "MOUTH_RIGHT",
          "position": {
            "x": 102.41783142089844,
            "y": 60.96001434326172,
            "z": 21.96687126159668
          }
        },
        {
          "type": "MOUTH_CENTER",
          "position": {
            "x": 100.12369537353516,
            "y": 65.1240234375,
            "z": 14.476110458374023
          }
        },
        {
          "type": "NOSE_BOTTOM_RIGHT",
          "position": {
            "x": 102.8416976928711,
            "y": 54.67054748535156,
            "z": 15.037895202636719
          }
        },
        {
          "type": "NOSE_BOTTOM_LEFT",
          "position": {
            "x": 96.49390411376953,
            "y": 58.12628936767578,
            "z": 7.745603561401367
          }
        },
        {
          "type": "NOSE_BOTTOM_CENTER",
          "position": {
            "x": 101.97173309326172,
            "y": 59.23182678222656,
            "z": 10.236295700073242
          }
        },
        {
          "type": "LEFT_EYE_TOP_BOUNDARY",
          "position": {
            "x": 91.9871826171875,
            "y": 47.05443572998047,
            "z": -1.0962320566177368
          }
        },
        {
          "type": "LEFT_EYE_RIGHT_CORNER",
          "position": {
            "x": 93.71553802490234,
            "y": 46.540428161621094,
            "z": 3.1767280101776123
          }
        },
        {
          "type": "LEFT_EYE_BOTTOM_BOUNDARY",
          "position": {
            "x": 90.76052856445312,
            "y": 48.957366943359375,
            "z": 0.7695584297180176
          }
        },
        {
          "type": "LEFT_EYE_LEFT_CORNER",
          "position": {
            "x": 86.47870635986328,
            "y": 48.88756561279297,
            "z": -1.2672559022903442
          }
        },
        {
          "type": "LEFT_EYE_PUPIL",
          "position": {
            "x": 91.1065902709961,
            "y": 48.09730529785156,
            "z": -0.17139509320259094
          }
        },
        {
          "type": "RIGHT_EYE_TOP_BOUNDARY",
          "position": {
            "x": 105.39921569824219,
            "y": 40.586875915527344,
            "z": 12.475104331970215
          }
        },
        {
          "type": "RIGHT_EYE_RIGHT_CORNER",
          "position": {
            "x": 105.62496948242188,
            "y": 39.56483459472656,
            "z": 17.747549057006836
          }
        },
        {
          "type": "RIGHT_EYE_BOTTOM_BOUNDARY",
          "position": {
            "x": 104.80166625976562,
            "y": 42.68175506591797,
            "z": 14.451728820800781
          }
        },
        {
          "type": "RIGHT_EYE_LEFT_CORNER",
          "position": {
            "x": 101.71720123291016,
            "y": 42.760196685791016,
            "z": 11.320096015930176
          }
        },
        {
          "type": "RIGHT_EYE_PUPIL",
          "position": {
            "x": 104.86302185058594,
            "y": 41.47407531738281,
            "z": 13.729592323303223
          }
        },
        {
          "type": "LEFT_EYEBROW_UPPER_MIDPOINT",
          "position": {
            "x": 92.28026580810547,
            "y": 42.41455078125,
            "z": -4.904601097106934
          }
        },
        {
          "type": "RIGHT_EYEBROW_UPPER_MIDPOINT",
          "position": {
            "x": 106.82953643798828,
            "y": 35.390262603759766,
            "z": 9.830946922302246
          }
        },
        {
          "type": "LEFT_EAR_TRAGION",
          "position": {
            "x": 62.47950744628906,
            "y": 53.14500045776367,
            "z": 10.816109657287598
          }
        },
        {
          "type": "RIGHT_EAR_TRAGION",
          "position": {
            "x": 93.97906494140625,
            "y": 38.07950973510742,
            "z": 41.7687873840332
          }
        },
        {
          "type": "FOREHEAD_GLABELLA",
          "position": {
            "x": 101.26799011230469,
            "y": 41.552452087402344,
            "z": 2.0689475536346436
          }
        },
        {
          "type": "CHIN_GNATHION",
          "position": {
            "x": 97.7237548828125,
            "y": 75.53184509277344,
            "z": 21.790050506591797
          }
        },
        {
          "type": "CHIN_LEFT_GONION",
          "position": {
            "x": 69.70459747314453,
            "y": 66.24185943603516,
            "z": 13.024229049682617
          }
        },
        {
          "type": "CHIN_RIGHT_GONION",
          "position": {
            "x": 98.1015396118164,
            "y": 52.68348693847656,
            "z": 41.67924118041992
          }
        }
      ],
      "rollAngle": 1.3563956022262573,
      "panAngle": 48.924827575683594,
      "tiltAngle": -26.623313903808594,
      "detectionConfidence": 0.5700933337211609,
      "landmarkingConfidence": 0.5512328147888184,
      "joyLikelihood": "VERY_LIKELY",
      "sorrowLikelihood": "VERY_UNLIKELY",
      "angerLikelihood": "VERY_UNLIKELY",
      "surpriseLikelihood": "VERY_UNLIKELY",
      "underExposedLikelihood": "VERY_UNLIKELY",
      "blurredLikelihood": "VERY_UNLIKELY",
      "headwearLikelihood": "VERY_UNLIKELY"
    },
    {
      "boundingPoly": {
        "vertices": [
          {
            "x": 183,
            "y": 7
          },
          {
            "x": 247,
            "y": 7
          },
          {
            "x": 247,
            "y": 82
          },
          {
            "x": 183,
            "y": 82
          }
        ]
      },
      "fdBoundingPoly": {
        "vertices": [
          {
            "x": 184,
            "y": 31
          },
          {
            "x": 234,
            "y": 31
          },
          {
            "x": 234,
            "y": 81
          },
          {
            "x": 184,
            "y": 81
          }
        ]
      },
      "landmarks": [
        {
          "type": "LEFT_EYE",
          "position": {
            "x": 195.14208984375,
            "y": 42.208839416503906,
            "z": 0.00041673786472529173
          }
        },
        {
          "type": "RIGHT_EYE",
          "position": {
            "x": 203.6942138671875,
            "y": 49.13640594482422,
            "z": -16.965547561645508
          }
        },
        {
          "type": "LEFT_OF_LEFT_EYEBROW",
          "position": {
            "x": 193.89585876464844,
            "y": 35.627872467041016,
            "z": 4.82399845123291
          }
        },
        {
          "type": "RIGHT_OF_LEFT_EYEBROW",
          "position": {
            "x": 193.61334228515625,
            "y": 39.7671012878418,
            "z": -7.30492639541626
          }
        },
        {
          "type": "LEFT_OF_RIGHT_EYEBROW",
          "position": {
            "x": 197.7443084716797,
            "y": 42.036800384521484,
            "z": -15.574634552001953
          }
        },
        {
          "type": "RIGHT_OF_RIGHT_EYEBROW",
          "position": {
            "x": 207.2760467529297,
            "y": 44.809837341308594,
            "z": -23.209049224853516
          }
        },
        {
          "type": "MIDPOINT_BETWEEN_EYES",
          "position": {
            "x": 195.399169921875,
            "y": 44.96100997924805,
            "z": -10.153879165649414
          }
        },
        {
          "type": "NOSE_TIP",
          "position": {
            "x": 189.9716796875,
            "y": 56.84220504760742,
            "z": -8.675959587097168
          }
        },
        {
          "type": "UPPER_LIP",
          "position": {
            "x": 195.00108337402344,
            "y": 61.91950988769531,
            "z": -4.713388919830322
          }
        },
        {
          "type": "LOWER_LIP",
          "position": {
            "x": 196.52842712402344,
            "y": 68.90676879882812,
            "z": -1.7362302541732788
          }
        },
        {
          "type": "MOUTH_LEFT",
          "position": {
            "x": 196.6433868408203,
            "y": 62.05732727050781,
            "z": 4.947497367858887
          }
        },
        {
          "type": "MOUTH_RIGHT",
          "position": {
            "x": 204.81155395507812,
            "y": 65.15001678466797,
            "z": -8.963282585144043
          }
        },
        {
          "type": "MOUTH_CENTER",
          "position": {
            "x": 196.42489624023438,
            "y": 65.2628402709961,
            "z": -2.972710609436035
          }
        },
        {
          "type": "NOSE_BOTTOM_RIGHT",
          "position": {
            "x": 199.13082885742188,
            "y": 57.6494140625,
            "z": -9.82068920135498
          }
        },
        {
          "type": "NOSE_BOTTOM_LEFT",
          "position": {
            "x": 195.2269287109375,
            "y": 55.10530090332031,
            "z": -0.7373406291007996
          }
        },
        {
          "type": "NOSE_BOTTOM_CENTER",
          "position": {
            "x": 194.4700469970703,
            "y": 58.82109832763672,
            "z": -5.933681011199951
          }
        },
        {
          "type": "LEFT_EYE_TOP_BOUNDARY",
          "position": {
            "x": 193.8894500732422,
            "y": 41.09638214111328,
            "z": -0.9303033947944641
          }
        },
        {
          "type": "LEFT_EYE_RIGHT_CORNER",
          "position": {
            "x": 196.82351684570312,
            "y": 43.38896942138672,
            "z": -3.272533655166626
          }
        },
        {
          "type": "LEFT_EYE_BOTTOM_BOUNDARY",
          "position": {
            "x": 195.02076721191406,
            "y": 43.42618179321289,
            "z": 0.3779310882091522
          }
        },
        {
          "type": "LEFT_EYE_LEFT_CORNER",
          "position": {
            "x": 195.13485717773438,
            "y": 40.79623031616211,
            "z": 4.06350564956665
          }
        },
        {
          "type": "LEFT_EYE_PUPIL",
          "position": {
            "x": 194.55014038085938,
            "y": 42.08837890625,
            "z": 0.08660504966974258
          }
        },
        {
          "type": "RIGHT_EYE_TOP_BOUNDARY",
          "position": {
            "x": 202.01123046875,
            "y": 46.686214447021484,
            "z": -17.723068237304688
          }
        },
        {
          "type": "RIGHT_EYE_RIGHT_CORNER",
          "position": {
            "x": 206.48348999023438,
            "y": 48.597686767578125,
            "z": -19.405330657958984
          }
        },
        {
          "type": "RIGHT_EYE_BOTTOM_BOUNDARY",
          "position": {
            "x": 203.1610107421875,
            "y": 49.12717819213867,
            "z": -16.386634826660156
          }
        },
        {
          "type": "RIGHT_EYE_LEFT_CORNER",
          "position": {
            "x": 201.6611785888672,
            "y": 46.68829345703125,
            "z": -13.331050872802734
          }
        },
        {
          "type": "RIGHT_EYE_PUPIL",
          "position": {
            "x": 202.8614501953125,
            "y": 47.818267822265625,
            "z": -17.147424697875977
          }
        },
        {
          "type": "LEFT_EYEBROW_UPPER_MIDPOINT",
          "position": {
            "x": 192.46473693847656,
            "y": 35.620697021484375,
            "z": -2.4672038555145264
          }
        },
        {
          "type": "RIGHT_EYEBROW_UPPER_MIDPOINT",
          "position": {
            "x": 201.2793426513672,
            "y": 41.65266036987305,
            "z": -20.686126708984375
          }
        },
        {
          "type": "LEFT_EAR_TRAGION",
          "position": {
            "x": 212.0888671875,
            "y": 43.68207550048828,
            "z": 23.026256561279297
          }
        },
        {
          "type": "RIGHT_EAR_TRAGION",
          "position": {
            "x": 230.16470336914062,
            "y": 56.320430755615234,
            "z": -14.9946928024292
          }
        },
        {
          "type": "FOREHEAD_GLABELLA",
          "position": {
            "x": 194.88499450683594,
            "y": 40.970298767089844,
            "z": -11.753805160522461
          }
        },
        {
          "type": "CHIN_GNATHION",
          "position": {
            "x": 199.1150360107422,
            "y": 77.24762725830078,
            "z": 2.2412710189819336
          }
        },
        {
          "type": "CHIN_LEFT_GONION",
          "position": {
            "x": 206.13804626464844,
            "y": 57.37114334106445,
            "z": 22.221372604370117
          }
        },
        {
          "type": "CHIN_RIGHT_GONION",
          "position": {
            "x": 222.78135681152344,
            "y": 68.77381134033203,
            "z": -12.198473930358887
          }
        }
      ],
      "rollAngle": -1.8482966423034668,
      "panAngle": -65.94288635253906,
      "tiltAngle": -19.16090202331543,
      "detectionConfidence": 0.6819270849227905,
      "landmarkingConfidence": 0.4128415286540985,
      "joyLikelihood": "LIKELY",
      "sorrowLikelihood": "VERY_UNLIKELY",
      "angerLikelihood": "VERY_UNLIKELY",
      "surpriseLikelihood": "VERY_UNLIKELY",
      "underExposedLikelihood": "VERY_UNLIKELY",
      "blurredLikelihood": "VERY_UNLIKELY",
      "headwearLikelihood": "VERY_UNLIKELY"
    }
  ]
}
