{
  "faceAnnotations": [
    {
      "boundingPoly": {
        "vertices": [
          {
            "x": 409,
            "y": 176
          },
          {
            "x": 670,
            "y": 176
          },
          {
            "x": 670,
            "y": 480
          },
          {
            "x": 409,
            "y": 480
          }
        ]
      },
      "fdBoundingPoly": {
        "vertices": [
          {
            "x": 453,
            "y": 255
          },
          {
            "x": 660,
            "y": 255
          },
          {
            "x": 660,
            "y": 463
          },
          {
            "x": 453,
            "y": 463
          }
        ]
      },
      "landmarks": [
        {
          "type": "LEFT_EYE",
          "position": {
            "x": 531.8954467773438,
            "y": 323.98663330078125,
            "z": 0.001842057565227151
          }
        },
        {
          "type": "RIGHT_EYE",
          "position": {
            "x": 599.1962280273438,
            "y": 307.44879150390625,
            "z": 29.4246883392334
          }
        },
        {
          "type": "LEFT_OF_LEFT_EYEBROW",
          "position": {
            "x": 498.3234558105469,
            "y": 312.90594482421875,
            "z": -7.1062774658203125
          }
        },
        {
          "type": "RIGHT_OF_LEFT_EYEBROW",
          "position": {
            "x": 550.8682250976562,
            "y": 306.14654541015625,
            "z": -9.574387550354004
          }
        },
        {
          "type": "LEFT_OF_RIGHT_EYEBROW",
          "position": {
            "x": 584.27001953125,
            "y": 295.9103698730469,
            "z": 4.934913158416748
          }
        },
        {
          "type": "RIGHT_OF_RIGHT_EYEBROW",
          "position": {
            "x": 617.2172241210938,
            "y": 285.157470703125,
            "z": 44.0290641784668
          }
        },
        {
          "type": "MIDPOINT_BETWEEN_EYES",
          "position": {
            "x": 572.6136474609375,
            "y": 314.8814392089844,
            "z": -1.5891296863555908
          }
        },
        {
          "type": "NOSE_TIP",
          "position": {
            "x": 588.443359375,
            "y": 361.88623046875,
            "z": -16.59918212890625
          }
        },
        {
          "type": "UPPER_LIP",
          "position": {
            "x": 584.0184936523438,
            "y": 387.0726318359375,
            "z": 4.133577346801758
          }
        },
        {
          "type": "LOWER_LIP",
          "position": {
            "x": 583.7238159179688,
            "y": 418.50872802734375,
            "z": 13.943675994873047
          }
        },
        {
          "type": "MOUTH_LEFT",
          "position": {
            "x": 539.9298706054688,
            "y": 401.26416015625,
            "z": 13.964113235473633
          }
        },
        {
          "type": "MOUTH_RIGHT",
          "position": {
            "x": 608.169189453125,
            "y": 388.9242858886719,
            "z": 38.498023986816406
          }
        },
        {
          "type": "MOUTH_CENTER",
          "position": {
            "x": 583.9253540039062,
            "y": 402.5615234375,
            "z": 11.658927917480469
          }
        },
        {
          "type": "NOSE_BOTTOM_RIGHT",
          "position": {
            "x": 598.8925170898438,
            "y": 361.6891174316406,
            "z": 21.75764274597168
          }
        },
        {
          "type": "NOSE_BOTTOM_LEFT",
          "position": {
            "x": 555.8253173828125,
            "y": 369.6374206542969,
            "z": 3.7805914878845215
          }
        },
        {
          "type": "NOSE_BOTTOM_CENTER",
          "position": {
            "x": 583.0936279296875,
            "y": 374.73504638671875,
            "z": 1.9428768157958984
          }
        },
        {
          "type": "LEFT_EYE_TOP_BOUNDARY",
          "position": {
            "x": 529.599853515625,
            "y": 320.7467346191406,
            "z": -6.7109246253967285
          }
        },
        {
          "type": "LEFT_EYE_RIGHT_CORNER",
          "position": {
            "x": 544.0277099609375,
            "y": 323.3587646484375,
            "z": 5.6023759841918945
          }
        },
        {
          "type": "LEFT_EYE_BOTTOM_BOUNDARY",
          "position": {
            "x": 530.1643676757812,
            "y": 330.9035949707031,
            "z": -0.9653513431549072
          }
        },
        {
          "type": "LEFT_EYE_LEFT_CORNER",
          "position": {
            "x": 510.53070068359375,
            "y": 329.9669189453125,
            "z": -0.38473275303840637
          }
        },
        {
          "type": "LEFT_EYE_PUPIL",
          "position": {
            "x": 528.090576171875,
            "y": 326.2260437011719,
            "z": -3.5088109970092773
          }
        },
        {
          "type": "RIGHT_EYE_TOP_BOUNDARY",
          "position": {
            "x": 600.6654052734375,
            "y": 304.0762023925781,
            "z": 23.86046028137207
          }
        },
        {
          "type": "RIGHT_EYE_RIGHT_CORNER",
          "position": {
            "x": 610.7932739257812,
            "y": 305.65618896484375,
            "z": 42.26769256591797
          }
        },
        {
          "type": "RIGHT_EYE_BOTTOM_BOUNDARY",
          "position": {
            "x": 600.7908325195312,
            "y": 313.3139953613281,
            "z": 29.514331817626953
          }
        },
        {
          "type": "RIGHT_EYE_LEFT_CORNER",
          "position": {
            "x": 584.69384765625,
            "y": 312.6739196777344,
            "z": 23.583337783813477
          }
        },
        {
          "type": "RIGHT_EYE_PUPIL",
          "position": {
            "x": 601.0833129882812,
            "y": 309.092041015625,
            "z": 27.839221954345703
          }
        },
        {
          "type": "LEFT_EYEBROW_UPPER_MIDPOINT",
          "position": {
            "x": 524.22509765625,
            "y": 299.39935302734375,
            "z": -14.790960311889648
          }
        },
        {
          "type": "RIGHT_EYEBROW_UPPER_MIDPOINT",
          "position": {
            "x": 601.400390625,
            "y": 281.3316650390625,
            "z": 18.34618377685547
          }
        },
        {
          "type": "LEFT_EAR_TRAGION",
          "position": {
            "x": 450.399169921875,
            "y": 372.61956787109375,
            "z": 74.53265380859375
          }
        },
        {
          "type": "RIGHT_EAR_TRAGION",
          "position": {
            "x": 611.6587524414062,
            "y": 331.4483337402344,
            "z": 143.39610290527344
          }
        },
        {
          "type": "FOREHEAD_GLABELLA",
          "position": {
            "x": 568.0924682617188,
            "y": 299.15570068359375,
            "z": -5.471137523651123
          }
        },
        {
          "type": "CHIN_GNATHION",
          "position": {
            "x": 588.8160400390625,
            "y": 449.56024169921875,
            "z": 28.089040756225586
          }
        },
        {
          "type": "CHIN_LEFT_GONION",
          "position": {
            "x": 479.7185974121094,
            "y": 418.60406494140625,
            "z": 54.70777130126953
          }
        },
        {
          "type": "CHIN_RIGHT_GONION",
          "position": {
            "x": 625.6674194335938,
            "y": 384.49676513671875,
            "z": 117.37104797363281
          }
        }
      ],
      "rollAngle": -9.966487884521484,
      "panAngle": 22.905628204345703,
      "tiltAngle": -7.652088642120361,
      "detectionConfidence": 0.9985047578811646,
      "landmarkingConfidence": 0.6943337321281433,
      "joyLikelihood": "VERY_LIKELY",
      "sorrowLikelihood": "VERY_UNLIKELY",
      "angerLikelihood": "VERY_UNLIKELY",
      "surpriseLikelihood": "VERY_UNLIKELY",
      "underExposedLikelihood": "VERY_UNLIKELY",
      "blurredLikelihood": "VERY_UNLIKELY",
      "headwearLikelihood": "VERY_UNLIKELY"
    },
    {
      "boundingPoly": {
        "vertices": [
          {
            "x": 1066,
            "y": 13
          },
          {
            "x": 1389,
            "y": 13
          },
          {
            "x": 1389,
            "y": 388
          },
          {
            "x": 1066,
            "y": 388
          }
        ]
      },
      "fdBoundingPoly": {
        "vertices": [
          {
            "x": 1074,
            "y": 107
          },
          {
            "x": 1324,
            "y": 107
          },
          {
            "x": 1324,
            "y": 357
          },
          {
            "x": 1074,
            "y": 357
          }
        ]
      },
      "landmarks": [
        {
          "type": "LEFT_EYE",
          "position": {
            "x": 1115.712646484375,
            "y": 220.07086181640625,
            "z": 6.85083432472311e-05
          }
        },
        {
          "type": "RIGHT_EYE",
          "position": {
            "x": 1165.8067626953125,
            "y": 199.31956481933594,
            "z": -78.41055297851562
          }
        },
        {
          "type": "LEFT_OF_LEFT_EYEBROW",
          "position": {
            "x": 1097.846923828125,
            "y": 202.88259887695312,
            "z": 32.316707611083984
          }
        },
        {
          "type": "RIGHT_OF_LEFT_EYEBROW",
          "position": {
            "x": 1106.661865234375,
            "y": 198.7991943359375,
            "z": -30.737241744995117
          }
        },
        {
          "type": "LEFT_OF_RIGHT_EYEBROW",
          "position": {
            "x": 1130.8203125,
            "y": 190.56109619140625,
            "z": -69.0966567993164
          }
        },
        {
          "type": "RIGHT_OF_RIGHT_EYEBROW",
          "position": {
            "x": 1189.3260498046875,
            "y": 174.49984741210938,
            "z": -101.25653076171875
          }
        },
        {
          "type": "MIDPOINT_BETWEEN_EYES",
          "position": {
            "x": 1124.0665283203125,
            "y": 213.542724609375,
            "z": -50.929115295410156
          }
        },
        {
          "type": "NOSE_TIP",
          "position": {
            "x": 1117.728271484375,
            "y": 274.40643310546875,
            "z": -67.96636962890625
          }
        },
        {
          "type": "UPPER_LIP",
          "position": {
            "x": 1151.859619140625,
            "y": 299.9425354003906,
            "z": -54.672401428222656
          }
        },
        {
          "type": "LOWER_LIP",
          "position": {
            "x": 1168.1600341796875,
            "y": 330.2591552734375,
            "z": -50.93072509765625
          }
        },
        {
          "type": "MOUTH_LEFT",
          "position": {
            "x": 1155.3740234375,
            "y": 313.451416015625,
            "z": -8.74281120300293
          }
        },
        {
          "type": "MOUTH_RIGHT",
          "position": {
            "x": 1197.1796875,
            "y": 296.96038818359375,
            "z": -71.4875259399414
          }
        },
        {
          "type": "MOUTH_CENTER",
          "position": {
            "x": 1161.8831787109375,
            "y": 310.66644287109375,
            "z": -50.71607971191406
          }
        },
        {
          "type": "NOSE_BOTTOM_RIGHT",
          "position": {
            "x": 1162.400634765625,
            "y": 267.77569580078125,
            "z": -66.66744232177734
          }
        },
        {
          "type": "NOSE_BOTTOM_LEFT",
          "position": {
            "x": 1138.3963623046875,
            "y": 275.04412841796875,
            "z": -24.413185119628906
          }
        },
        {
          "type": "NOSE_BOTTOM_CENTER",
          "position": {
            "x": 1141.74365234375,
            "y": 282.6624450683594,
            "z": -54.99957275390625
          }
        },
        {
          "type": "LEFT_EYE_TOP_BOUNDARY",
          "position": {
            "x": 1108.4376220703125,
            "y": 215.5502471923828,
            "z": -3.457242488861084
          }
        },
        {
          "type": "LEFT_EYE_RIGHT_CORNER",
          "position": {
            "x": 1125.5426025390625,
            "y": 216.79537963867188,
            "z": -15.160772323608398
          }
        },
        {
          "type": "LEFT_EYE_BOTTOM_BOUNDARY",
          "position": {
            "x": 1117.1063232421875,
            "y": 227.1771240234375,
            "z": -0.2514505386352539
          }
        },
        {
          "type": "LEFT_EYE_LEFT_CORNER",
          "position": {
            "x": 1112.3914794921875,
            "y": 221.64585876464844,
            "z": 21.159700393676758
          }
        },
        {
          "type": "LEFT_EYE_PUPIL",
          "position": {
            "x": 1113.1158447265625,
            "y": 220.93753051757812,
            "z": 0.14648330211639404
          }
        },
        {
          "type": "RIGHT_EYE_TOP_BOUNDARY",
          "position": {
            "x": 1159.9833984375,
            "y": 196.45147705078125,
            "z": -82.66522216796875
          }
        },
        {
          "type": "RIGHT_EYE_RIGHT_CORNER",
          "position": {
            "x": 1185.8125,
            "y": 193.9351348876953,
            "z": -90.0380630493164
          }
        },
        {
          "type": "RIGHT_EYE_BOTTOM_BOUNDARY",
          "position": {
            "x": 1169.19873046875,
            "y": 204.89453125,
            "z": -79.65596008300781
          }
        },
        {
          "type": "RIGHT_EYE_LEFT_CORNER",
          "position": {
            "x": 1156.68408203125,
            "y": 203.20822143554688,
            "z": -62.96501159667969
          }
        },
        {
          "type": "RIGHT_EYE_PUPIL",
          "position": {
            "x": 1165.8065185546875,
            "y": 201.33111572265625,
            "z": -81.17878723144531
          }
        },
        {
          "type": "LEFT_EYEBROW_UPPER_MIDPOINT",
          "position": {
            "x": 1093.1243896484375,
            "y": 191.65390014648438,
            "z": -2.663654327392578
          }
        },
        {
          "type": "RIGHT_EYEBROW_UPPER_MIDPOINT",
          "position": {
            "x": 1149.143798828125,
            "y": 171.09744262695312,
            "z": -88.68601989746094
          }
        },
        {
          "type": "LEFT_EAR_TRAGION",
          "position": {
            "x": 1191.55908203125,
            "y": 243.7537078857422,
            "z": 119.59895324707031
          }
        },
        {
          "type": "RIGHT_EAR_TRAGION",
          "position": {
            "x": 1315.9117431640625,
            "y": 200.63095092773438,
            "z": -62.374046325683594
          }
        },
        {
          "type": "FOREHEAD_GLABELLA",
          "position": {
            "x": 1115.8526611328125,
            "y": 194.1068115234375,
            "z": -52.08983612060547
          }
        },
        {
          "type": "CHIN_GNATHION",
          "position": {
            "x": 1191.3291015625,
            "y": 368.545166015625,
            "z": -44.06784439086914
          }
        },
        {
          "type": "CHIN_LEFT_GONION",
          "position": {
            "x": 1189.365234375,
            "y": 310.31951904296875,
            "z": 90.89014434814453
          }
        },
        {
          "type": "CHIN_RIGHT_GONION",
          "position": {
            "x": 1299.9908447265625,
            "y": 271.4169006347656,
            "z": -76.98628234863281
          }
        }
      ],
      "rollAngle": -19.645355224609375,
      "panAngle": -55.263004302978516,
      "tiltAngle": 0.41717830300331116,
      "detectionConfidence": 0.9998263716697693,
      "landmarkingConfidence": 0.7720209360122681,
      "joyLikelihood": "VERY_UNLIKELY",
      "sorrowLikelihood": "VERY_UNLIKELY",
      "angerLikelihood": "VERY_UNLIKELY",
      "surpriseLikelihood": "VERY_UNLIKELY",
      "underExposedLikelihood": "VERY_UNLIKELY",
      "blurredLikelihood": "VERY_UNLIKELY",
      "headwearLikelihood": "VERY_UNLIKELY"
    }
  ]
}
