{
  "faceAnnotations": [
    {
      "boundingPoly": {
        "vertices": [
          {
            "x": 1428,
            "y": 113
          },
          {
            "x": 1810,
            "y": 113
          },
          {
            "x": 1810,
            "y": 557
          },
          {
            "x": 1428,
            "y": 557
          }
        ]
      },
      "fdBoundingPoly": {
        "vertices": [
          {
            "x": 1435,
            "y": 204
          },
          {
            "x": 1716,
            "y": 204
          },
          {
            "x": 1716,
            "y": 486
          },
          {
            "x": 1435,
            "y": 486
          }
        ]
      },
      "landmarks": [
        {
          "type": "LEFT_EYE",
          "position": {
            "x": 1503.7230224609375,
            "y": 313.8889465332031,
            "z": -0.0030683022923767567
          }
        },
        {
          "type": "RIGHT_EYE",
          "position": {
            "x": 1596.053466796875,
            "y": 291.9462585449219,
            "z": -70.38294982910156
          }
        },
        {
          "type": "LEFT_OF_LEFT_EYEBROW",
          "position": {
            "x": 1478.8724365234375,
            "y": 294.70733642578125,
            "z": 37.26339340209961
          }
        },
        {
          "type": "RIGHT_OF_LEFT_EYEBROW",
          "position": {
            "x": 1511.3228759765625,
            "y": 277.5105285644531,
            "z": -29.7581787109375
          }
        },
        {
          "type": "LEFT_OF_RIGHT_EYEBROW",
          "position": {
            "x": 1555.8095703125,
            "y": 268.8736877441406,
            "z": -63.436317443847656
          }
        },
        {
          "type": "RIGHT_OF_RIGHT_EYEBROW",
          "position": {
            "x": 1635.2630615234375,
            "y": 262.9562683105469,
            "z": -79.60074615478516
          }
        },
        {
          "type": "MIDPOINT_BETWEEN_EYES",
          "position": {
            "x": 1530.4091796875,
            "y": 294.80462646484375,
            "z": -53.017303466796875
          }
        },
        {
          "type": "NOSE_TIP",
          "position": {
            "x": 1515.3486328125,
            "y": 355.3384094238281,
            "z": -93.16515350341797
          }
        },
        {
          "type": "UPPER_LIP",
          "position": {
            "x": 1536.8414306640625,
            "y": 399.8648681640625,
            "z": -80.76115417480469
          }
        },
        {
          "type": "LOWER_LIP",
          "position": {
            "x": 1547.966796875,
            "y": 440.9606018066406,
            "z": -82.48065185546875
          }
        },
        {
          "type": "MOUTH_LEFT",
          "position": {
            "x": 1524.5849609375,
            "y": 428.3616638183594,
            "z": -33.05691146850586
          }
        },
        {
          "type": "MOUTH_RIGHT",
          "position": {
            "x": 1598.6473388671875,
            "y": 411.89837646484375,
            "z": -87.31542205810547
          }
        },
        {
          "type": "MOUTH_CENTER",
          "position": {
            "x": 1544.81884765625,
            "y": 419.361328125,
            "z": -77.81627655029297
          }
        },
        {
          "type": "NOSE_BOTTOM_RIGHT",
          "position": {
            "x": 1567.5784912109375,
            "y": 361.328857421875,
            "z": -78.65005493164062
          }
        },
        {
          "type": "NOSE_BOTTOM_LEFT",
          "position": {
            "x": 1517.922119140625,
            "y": 374.3834228515625,
            "z": -40.09999465942383
          }
        },
        {
          "type": "NOSE_BOTTOM_CENTER",
          "position": {
            "x": 1531.3514404296875,
            "y": 375.14776611328125,
            "z": -76.18444061279297
          }
        },
        {
          "type": "LEFT_EYE_TOP_BOUNDARY",
          "position": {
            "x": 1498.8162841796875,
            "y": 303.85760498046875,
            "z": -4.504806041717529
          }
        },
        {
          "type": "LEFT_EYE_RIGHT_CORNER",
          "position": {
            "x": 1520.544189453125,
            "y": 309.6473388671875,
            "z": -13.30871868133545
          }
        },
        {
          "type": "LEFT_EYE_BOTTOM_BOUNDARY",
          "position": {
            "x": 1502.7606201171875,
            "y": 320.4403076171875,
            "z": -2.301564931869507
          }
        },
        {
          "type": "LEFT_EYE_LEFT_CORNER",
          "position": {
            "x": 1492.966796875,
            "y": 318.433837890625,
            "z": 22.00455665588379
          }
        },
        {
          "type": "LEFT_EYE_PUPIL",
          "position": {
            "x": 1501.0284423828125,
            "y": 312.3239440917969,
            "z": -1.3020521402359009
          }
        },
        {
          "type": "RIGHT_EYE_TOP_BOUNDARY",
          "position": {
            "x": 1588.9808349609375,
            "y": 282.4769592285156,
            "z": -73.87100219726562
          }
        },
        {
          "type": "RIGHT_EYE_RIGHT_CORNER",
          "position": {
            "x": 1622.2489013671875,
            "y": 289.22021484375,
            "z": -75.4920425415039
          }
        },
        {
          "type": "RIGHT_EYE_BOTTOM_BOUNDARY",
          "position": {
            "x": 1596.9088134765625,
            "y": 297.9901428222656,
            "z": -72.1456298828125
          }
        },
        {
          "type": "RIGHT_EYE_LEFT_CORNER",
          "position": {
            "x": 1578.32275390625,
            "y": 292.684326171875,
            "z": -55.573158264160156
          }
        },
        {
          "type": "RIGHT_EYE_PUPIL",
          "position": {
            "x": 1593.32861328125,
            "y": 290.392578125,
            "z": -72.55934143066406
          }
        },
        {
          "type": "LEFT_EYEBROW_UPPER_MIDPOINT",
          "position": {
            "x": 1488.94384765625,
            "y": 271.3769226074219,
            "z": 0.7743502855300903
          }
        },
        {
          "type": "RIGHT_EYEBROW_UPPER_MIDPOINT",
          "position": {
            "x": 1586.7496337890625,
            "y": 248.33731079101562,
            "z": -74.50792694091797
          }
        },
        {
          "type": "LEFT_EAR_TRAGION",
          "position": {
            "x": 1540.1553955078125,
            "y": 398.6973876953125,
            "z": 142.6380157470703
          }
        },
        {
          "type": "RIGHT_EAR_TRAGION",
          "position": {
            "x": 1744.65673828125,
            "y": 350.0620422363281,
            "z": -15.119093894958496
          }
        },
        {
          "type": "FOREHEAD_GLABELLA",
          "position": {
            "x": 1530.11376953125,
            "y": 270.2485046386719,
            "z": -49.81232452392578
          }
        },
        {
          "type": "CHIN_GNATHION",
          "position": {
            "x": 1556.814697265625,
            "y": 500.7795104980469,
            "z": -82.38453674316406
          }
        },
        {
          "type": "CHIN_LEFT_GONION",
          "position": {
            "x": 1525.9283447265625,
            "y": 462.45458984375,
            "z": 83.06440734863281
          }
        },
        {
          "type": "CHIN_RIGHT_GONION",
          "position": {
            "x": 1710.6356201171875,
            "y": 418.97412109375,
            "z": -59.26551055908203
          }
        }
      ],
      "rollAngle": -4.107154846191406,
      "panAngle": -37.81552505493164,
      "tiltAngle": 12.059798240661621,
      "detectionConfidence": 0.9997711181640625,
      "landmarkingConfidence": 0.7262188792228699,
      "joyLikelihood": "VERY_UNLIKELY",
      "sorrowLikelihood": "VERY_UNLIKELY",
      "angerLikelihood": "VERY_UNLIKELY",
      "surpriseLikelihood": "VERY_UNLIKELY",
      "underExposedLikelihood": "VERY_UNLIKELY",
      "blurredLikelihood": "VERY_UNLIKELY",
      "headwearLikelihood": "VERY_UNLIKELY"
    },
    {
      "boundingPoly": {
        "vertices": [
          {
            "x": 316,
            "y": 67
          },
          {
            "x": 655,
            "y": 67
          },
          {
            "x": 655,
            "y": 460
          },
          {
            "x": 316,
            "y": 460
          }
        ]
      },
      "fdBoundingPoly": {
        "vertices": [
          {
            "x": 331,
            "y": 207
          },
          {
            "x": 586,
            "y": 207
          },
          {
            "x": 586,
            "y": 461
          },
          {
            "x": 331,
            "y": 461
          }
        ]
      },
      "landmarks": [
        {
          "type": "LEFT_EYE",
          "position": {
            "x": 386.52911376953125,
            "y": 308.8471984863281,
            "z": -0.0011378212366253138
          }
        },
        {
          "type": "RIGHT_EYE",
          "position": {
            "x": 488.3916931152344,
            "y": 299.6139221191406,
            "z": -54.67599105834961
          }
        },
        {
          "type": "LEFT_OF_LEFT_EYEBROW",
          "position": {
            "x": 358.25537109375,
            "y": 283.6331481933594,
            "z": 10.057226181030273
          }
        },
        {
          "type": "RIGHT_OF_LEFT_EYEBROW",
          "position": {
            "x": 399.5751647949219,
            "y": 295.05120849609375,
            "z": -41.482696533203125
          }
        },
        {
          "type": "LEFT_OF_RIGHT_EYEBROW",
          "position": {
            "x": 441.2613830566406,
            "y": 292.37640380859375,
            "z": -65.42744445800781
          }
        },
        {
          "type": "RIGHT_OF_RIGHT_EYEBROW",
          "position": {
            "x": 506.2392883300781,
            "y": 271.82318115234375,
            "z": -72.6998519897461
          }
        },
        {
          "type": "MIDPOINT_BETWEEN_EYES",
          "position": {
            "x": 426.359619140625,
            "y": 310.75494384765625,
            "z": -45.53395080566406
          }
        },
        {
          "type": "NOSE_TIP",
          "position": {
            "x": 434.5036926269531,
            "y": 377.25439453125,
            "z": -41.346561431884766
          }
        },
        {
          "type": "UPPER_LIP",
          "position": {
            "x": 455.145751953125,
            "y": 395.11602783203125,
            "z": -7.125978469848633
          }
        },
        {
          "type": "LOWER_LIP",
          "position": {
            "x": 469.041748046875,
            "y": 420.384521484375,
            "z": 14.100271224975586
          }
        },
        {
          "type": "MOUTH_LEFT",
          "position": {
            "x": 435.37396240234375,
            "y": 395.3583068847656,
            "z": 39.57887649536133
          }
        },
        {
          "type": "MOUTH_RIGHT",
          "position": {
            "x": 505.4237060546875,
            "y": 388.3203125,
            "z": 0.4030456244945526
          }
        },
        {
          "type": "MOUTH_CENTER",
          "position": {
            "x": 463.1765441894531,
            "y": 404.682861328125,
            "z": 5.918126106262207
          }
        },
        {
          "type": "NOSE_BOTTOM_RIGHT",
          "position": {
            "x": 476.72296142578125,
            "y": 361.101806640625,
            "z": -21.953929901123047
          }
        },
        {
          "type": "NOSE_BOTTOM_LEFT",
          "position": {
            "x": 427.4239807128906,
            "y": 364.1502380371094,
            "z": 5.081631660461426
          }
        },
        {
          "type": "NOSE_BOTTOM_CENTER",
          "position": {
            "x": 448.4450988769531,
            "y": 378.4697265625,
            "z": -16.60219383239746
          }
        },
        {
          "type": "LEFT_EYE_TOP_BOUNDARY",
          "position": {
            "x": 387.0362548828125,
            "y": 304.48260498046875,
            "z": -11.210854530334473
          }
        },
        {
          "type": "LEFT_EYE_RIGHT_CORNER",
          "position": {
            "x": 407.07427978515625,
            "y": 305.3876037597656,
            "z": -11.729724884033203
          }
        },
        {
          "type": "LEFT_EYE_BOTTOM_BOUNDARY",
          "position": {
            "x": 390.9583740234375,
            "y": 313.610107421875,
            "z": -0.12118407338857651
          }
        },
        {
          "type": "LEFT_EYE_LEFT_CORNER",
          "position": {
            "x": 377.8710632324219,
            "y": 303.0382995605469,
            "z": 14.208780288696289
          }
        },
        {
          "type": "LEFT_EYE_PUPIL",
          "position": {
            "x": 389.526611328125,
            "y": 307.85723876953125,
            "z": -4.098175048828125
          }
        },
        {
          "type": "RIGHT_EYE_TOP_BOUNDARY",
          "position": {
            "x": 475.94256591796875,
            "y": 297.3030090332031,
            "z": -60.749691009521484
          }
        },
        {
          "type": "RIGHT_EYE_RIGHT_CORNER",
          "position": {
            "x": 503.09368896484375,
            "y": 292.4603271484375,
            "z": -55.23533248901367
          }
        },
        {
          "type": "RIGHT_EYE_BOTTOM_BOUNDARY",
          "position": {
            "x": 486.8984375,
            "y": 304.1531982421875,
            "z": -50.4328727722168
          }
        },
        {
          "type": "RIGHT_EYE_LEFT_CORNER",
          "position": {
            "x": 464.5466613769531,
            "y": 300.8879089355469,
            "z": -42.0472526550293
          }
        },
        {
          "type": "RIGHT_EYE_PUPIL",
          "position": {
            "x": 480.60284423828125,
            "y": 300.6311340332031,
            "z": -55.013519287109375
          }
        },
        {
          "type": "LEFT_EYEBROW_UPPER_MIDPOINT",
          "position": {
            "x": 372.08892822265625,
            "y": 282.55072021484375,
            "z": -26.20584487915039
          }
        },
        {
          "type": "RIGHT_EYEBROW_UPPER_MIDPOINT",
          "position": {
            "x": 468.2319641113281,
            "y": 274.88006591796875,
            "z": -79.89622497558594
          }
        },
        {
          "type": "LEFT_EAR_TRAGION",
          "position": {
            "x": 398.7395324707031,
            "y": 284.60394287109375,
            "z": 145.28453063964844
          }
        },
        {
          "type": "RIGHT_EAR_TRAGION",
          "position": {
            "x": 599.9259643554688,
            "y": 268.577392578125,
            "z": 32.76970291137695
          }
        },
        {
          "type": "FOREHEAD_GLABELLA",
          "position": {
            "x": 419.1593933105469,
            "y": 294.2691650390625,
            "z": -57.002052307128906
          }
        },
        {
          "type": "CHIN_GNATHION",
          "position": {
            "x": 488.85400390625,
            "y": 450.9048156738281,
            "z": 45.36326217651367
          }
        },
        {
          "type": "CHIN_LEFT_GONION",
          "position": {
            "x": 413.4673767089844,
            "y": 361.0245361328125,
            "z": 137.74215698242188
          }
        },
        {
          "type": "CHIN_RIGHT_GONION",
          "position": {
            "x": 595.20458984375,
            "y": 346.34100341796875,
            "z": 36.15669250488281
          }
        }
      ],
      "rollAngle": -20.658084869384766,
      "panAngle": -32.90530014038086,
      "tiltAngle": -26.475555419921875,
      "detectionConfidence": 0.7723301649093628,
      "landmarkingConfidence": 0.23348547518253326,
      "joyLikelihood": "UNLIKELY",
      "sorrowLikelihood": "VERY_UNLIKELY",
      "angerLikelihood": "VERY_UNLIKELY",
      "surpriseLikelihood": "VERY_UNLIKELY",
      "underExposedLikelihood": "VERY_UNLIKELY",
      "blurredLikelihood": "VERY_UNLIKELY",
      "headwearLikelihood": "VERY_UNLIKELY"
    }
  ]
}
