{
  "faceAnnotations": [
    {
      "boundingPoly": {
        "vertices": [
          {
            "x": 312,
            "y": 161
          },
          {
            "x": 578,
            "y": 161
          },
          {
            "x": 578,
            "y": 470
          },
          {
            "x": 312,
            "y": 470
          }
        ]
      },
      "fdBoundingPoly": {
        "vertices": [
          {
            "x": 354,
            "y": 240
          },
          {
            "x": 556,
            "y": 240
          },
          {
            "x": 556,
            "y": 441
          },
          {
            "x": 354,
            "y": 441
          }
        ]
      },
      "landmarks": [
        {
          "type": "LEFT_EYE",
          "position": {
            "x": 417.7262878417969,
            "y": 316.2450256347656,
            "z": 0.00010189042222918943
          }
        },
        {
          "type": "RIGHT_EYE",
          "position": {
            "x": 491.9063720703125,
            "y": 291.1408996582031,
            "z": 20.75585174560547
          }
        },
        {
          "type": "LEFT_OF_LEFT_EYEBROW",
          "position": {
            "x": 383.4161376953125,
            "y": 305.5641174316406,
            "z": 0.5346887111663818
          }
        },
        {
          "type": "RIGHT_OF_LEFT_EYEBROW",
          "position": {
            "x": 437.5001525878906,
            "y": 289.97186279296875,
            "z": -10.603677749633789
          }
        },
        {
          "type": "LEFT_OF_RIGHT_EYEBROW",
          "position": {
            "x": 473.3055725097656,
            "y": 277.134521484375,
            "z": -0.7005430459976196
          }
        },
        {
          "type": "RIGHT_OF_RIGHT_EYEBROW",
          "position": {
            "x": 510.1846618652344,
            "y": 265.04180908203125,
            "z": 33.87317657470703
          }
        },
        {
          "type": "MIDPOINT_BETWEEN_EYES",
          "position": {
            "x": 460.3118591308594,
            "y": 297.63531494140625,
            "z": -5.894077301025391
          }
        },
        {
          "type": "NOSE_TIP",
          "position": {
            "x": 483.7467346191406,
            "y": 340.1018371582031,
            "z": -25.199838638305664
          }
        },
        {
          "type": "UPPER_LIP",
          "position": {
            "x": 484.57147216796875,
            "y": 371.36468505859375,
            "z": -5.038541793823242
          }
        },
        {
          "type": "LOWER_LIP",
          "position": {
            "x": 488.5816345214844,
            "y": 396.46600341796875,
            "z": 2.371109962463379
          }
        },
        {
          "type": "MOUTH_LEFT",
          "position": {
            "x": 443.0196838378906,
            "y": 391.3988342285156,
            "z": 9.773974418640137
          }
        },
        {
          "type": "MOUTH_RIGHT",
          "position": {
            "x": 514.261474609375,
            "y": 370.9150390625,
            "z": 26.080961227416992
          }
        },
        {
          "type": "MOUTH_CENTER",
          "position": {
            "x": 485.7598571777344,
            "y": 382.051025390625,
            "z": 1.503998041152954
          }
        },
        {
          "type": "NOSE_BOTTOM_RIGHT",
          "position": {
            "x": 494.978515625,
            "y": 343.87139892578125,
            "z": 11.2051362991333
          }
        },
        {
          "type": "NOSE_BOTTOM_LEFT",
          "position": {
            "x": 455.6598205566406,
            "y": 357.284423828125,
            "z": -0.5502701997756958
          }
        },
        {
          "type": "NOSE_BOTTOM_CENTER",
          "position": {
            "x": 481.3316955566406,
            "y": 355.78167724609375,
            "z": -6.458743572235107
          }
        },
        {
          "type": "LEFT_EYE_TOP_BOUNDARY",
          "position": {
            "x": 419.82763671875,
            "y": 309.367919921875,
            "z": -5.186808109283447
          }
        },
        {
          "type": "LEFT_EYE_RIGHT_CORNER",
          "position": {
            "x": 435.439697265625,
            "y": 311.8533935546875,
            "z": 4.9495720863342285
          }
        },
        {
          "type": "LEFT_EYE_BOTTOM_BOUNDARY",
          "position": {
            "x": 419.79400634765625,
            "y": 321.1954345703125,
            "z": 0.10284999758005142
          }
        },
        {
          "type": "LEFT_EYE_LEFT_CORNER",
          "position": {
            "x": 401.34490966796875,
            "y": 320.4024353027344,
            "z": 3.715993881225586
          }
        },
        {
          "type": "LEFT_EYE_PUPIL",
          "position": {
            "x": 419.4252624511719,
            "y": 314.96380615234375,
            "z": -1.9924168586730957
          }
        },
        {
          "type": "RIGHT_EYE_TOP_BOUNDARY",
          "position": {
            "x": 492.8240051269531,
            "y": 285.42987060546875,
            "z": 15.331765174865723
          }
        },
        {
          "type": "RIGHT_EYE_RIGHT_CORNER",
          "position": {
            "x": 506.1302795410156,
            "y": 286.7210998535156,
            "z": 32.27686309814453
          }
        },
        {
          "type": "RIGHT_EYE_BOTTOM_BOUNDARY",
          "position": {
            "x": 494.97412109375,
            "y": 295.67352294921875,
            "z": 20.66932487487793
          }
        },
        {
          "type": "RIGHT_EYE_LEFT_CORNER",
          "position": {
            "x": 478.88043212890625,
            "y": 295.77117919921875,
            "z": 17.2492618560791
          }
        },
        {
          "type": "RIGHT_EYE_PUPIL",
          "position": {
            "x": 494.35540771484375,
            "y": 290.43145751953125,
            "z": 18.947052001953125
          }
        },
        {
          "type": "LEFT_EYEBROW_UPPER_MIDPOINT",
          "position": {
            "x": 411.0027770996094,
            "y": 288.07537841796875,
            "z": -11.622845649719238
          }
        },
        {
          "type": "RIGHT_EYEBROW_UPPER_MIDPOINT",
          "position": {
            "x": 490.3069152832031,
            "y": 262.1743469238281,
            "z": 10.55599308013916
          }
        },
        {
          "type": "LEFT_EAR_TRAGION",
          "position": {
            "x": 355.82867431640625,
            "y": 367.2655944824219,
            "z": 86.0008773803711
          }
        },
        {
          "type": "RIGHT_EAR_TRAGION",
          "position": {
            "x": 524.7074584960938,
            "y": 313.38134765625,
            "z": 131.94317626953125
          }
        },
        {
          "type": "FOREHEAD_GLABELLA",
          "position": {
            "x": 455.7390441894531,
            "y": 283.1136169433594,
            "z": -8.777915000915527
          }
        },
        {
          "type": "CHIN_GNATHION",
          "position": {
            "x": 497.21649169921875,
            "y": 431.0699462890625,
            "z": 15.442785263061523
          }
        },
        {
          "type": "CHIN_LEFT_GONION",
          "position": {
            "x": 390.0552673339844,
            "y": 413.32647705078125,
            "z": 59.72930145263672
          }
        },
        {
          "type": "CHIN_RIGHT_GONION",
          "position": {
            "x": 539.9578247070312,
            "y": 363.8516845703125,
            "z": 101.9871826171875
          }
        }
      ],
      "rollAngle": -17.102130889892578,
      "panAngle": 14.99779987335205,
      "tiltAngle": -3.942101240158081,
      "detectionConfidence": 0.9989955425262451,
      "landmarkingConfidence": 0.8526236414909363,
      "joyLikelihood": "VERY_LIKELY",
      "sorrowLikelihood": "VERY_UNLIKELY",
      "angerLikelihood": "VERY_UNLIKELY",
      "surpriseLikelihood": "VERY_UNLIKELY",
      "underExposedLikelihood": "VERY_UNLIKELY",
      "blurredLikelihood": "VERY_UNLIKELY",
      "headwearLikelihood": "VERY_UNLIKELY"
    },
    {
      "boundingPoly": {
        "vertices": [
          {
            "x": 793,
            "y": 193
          },
          {
            "x": 1091,
            "y": 193
          },
          {
            "x": 1091,
            "y": 540
          },
          {
            "x": 793,
            "y": 540
          }
        ]
      },
      "fdBoundingPoly": {
        "vertices": [
          {
            "x": 798,
            "y": 305
          },
          {
            "x": 996,
            "y": 305
          },
          {
            "x": 996,
            "y": 503
          },
          {
            "x": 798,
            "y": 503
          }
        ]
      },
      "landmarks": [
        {
          "type": "LEFT_EYE",
          "position": {
            "x": 859.50830078125,
            "y": 341.4794921875,
            "z": 0.00010043352813227102
          }
        },
        {
          "type": "RIGHT_EYE",
          "position": {
            "x": 915.3621215820312,
            "y": 375.7738037109375,
            "z": -65.8177261352539
          }
        },
        {
          "type": "LEFT_OF_LEFT_EYEBROW",
          "position": {
            "x": 852.1896362304688,
            "y": 309.59027099609375,
            "z": 20.075183868408203
          }
        },
        {
          "type": "RIGHT_OF_LEFT_EYEBROW",
          "position": {
            "x": 863.6688842773438,
            "y": 330.17535400390625,
            "z": -34.29875183105469
          }
        },
        {
          "type": "LEFT_OF_RIGHT_EYEBROW",
          "position": {
            "x": 888.8340454101562,
            "y": 346.2213439941406,
            "z": -65.43067932128906
          }
        },
        {
          "type": "RIGHT_OF_RIGHT_EYEBROW",
          "position": {
            "x": 943.2367553710938,
            "y": 364.0149230957031,
            "z": -87.75545501708984
          }
        },
        {
          "type": "MIDPOINT_BETWEEN_EYES",
          "position": {
            "x": 870.9601440429688,
            "y": 350.8143615722656,
            "z": -45.91946792602539
          }
        },
        {
          "type": "NOSE_TIP",
          "position": {
            "x": 841.4426879882812,
            "y": 405.1256103515625,
            "z": -44.72532653808594
          }
        },
        {
          "type": "UPPER_LIP",
          "position": {
            "x": 851.6807250976562,
            "y": 434.3089599609375,
            "z": -21.30901527404785
          }
        },
        {
          "type": "LOWER_LIP",
          "position": {
            "x": 851.1340942382812,
            "y": 462.9520263671875,
            "z": -7.278863906860352
          }
        },
        {
          "type": "MOUTH_LEFT",
          "position": {
            "x": 847.0769653320312,
            "y": 432.1815185546875,
            "z": 23.225364685058594
          }
        },
        {
          "type": "MOUTH_RIGHT",
          "position": {
            "x": 890.2711791992188,
            "y": 458.180908203125,
            "z": -27.506622314453125
          }
        },
        {
          "type": "MOUTH_CENTER",
          "position": {
            "x": 854.2449340820312,
            "y": 447.3475036621094,
            "z": -12.490325927734375
          }
        },
        {
          "type": "NOSE_BOTTOM_RIGHT",
          "position": {
            "x": 882.254150390625,
            "y": 421.0750732421875,
            "z": -38.482913970947266
          }
        },
        {
          "type": "NOSE_BOTTOM_LEFT",
          "position": {
            "x": 852.5675048828125,
            "y": 400.60693359375,
            "z": -3.3108694553375244
          }
        },
        {
          "type": "NOSE_BOTTOM_CENTER",
          "position": {
            "x": 854.8491821289062,
            "y": 417.22705078125,
            "z": -27.34153175354004
          }
        },
        {
          "type": "LEFT_EYE_TOP_BOUNDARY",
          "position": {
            "x": 855.9515380859375,
            "y": 335.4514465332031,
            "z": -5.717881679534912
          }
        },
        {
          "type": "LEFT_EYE_RIGHT_CORNER",
          "position": {
            "x": 868.8887329101562,
            "y": 346.75531005859375,
            "z": -12.035072326660156
          }
        },
        {
          "type": "LEFT_EYE_BOTTOM_BOUNDARY",
          "position": {
            "x": 857.6450805664062,
            "y": 346.8311767578125,
            "z": 1.5202734470367432
          }
        },
        {
          "type": "LEFT_EYE_LEFT_CORNER",
          "position": {
            "x": 855.2676391601562,
            "y": 334.1689453125,
            "z": 18.11907958984375
          }
        },
        {
          "type": "LEFT_EYE_PUPIL",
          "position": {
            "x": 856.9073486328125,
            "y": 340.41204833984375,
            "z": -0.36100274324417114
          }
        },
        {
          "type": "RIGHT_EYE_TOP_BOUNDARY",
          "position": {
            "x": 909.4268188476562,
            "y": 368.5174865722656,
            "z": -69.99854278564453
          }
        },
        {
          "type": "RIGHT_EYE_RIGHT_CORNER",
          "position": {
            "x": 931.9075317382812,
            "y": 380.25445556640625,
            "z": -72.1448745727539
          }
        },
        {
          "type": "RIGHT_EYE_BOTTOM_BOUNDARY",
          "position": {
            "x": 913.0900268554688,
            "y": 381.7967834472656,
            "z": -62.8407096862793
          }
        },
        {
          "type": "RIGHT_EYE_LEFT_CORNER",
          "position": {
            "x": 898.8215942382812,
            "y": 368.79388427734375,
            "z": -49.935604095458984
          }
        },
        {
          "type": "RIGHT_EYE_PUPIL",
          "position": {
            "x": 911.5797729492188,
            "y": 374.3961181640625,
            "z": -66.39710998535156
          }
        },
        {
          "type": "LEFT_EYEBROW_UPPER_MIDPOINT",
          "position": {
            "x": 855.1439819335938,
            "y": 309.8390197753906,
            "z": -14.16226577758789
          }
        },
        {
          "type": "RIGHT_EYEBROW_UPPER_MIDPOINT",
          "position": {
            "x": 913.11376953125,
            "y": 345.6408996582031,
            "z": -83.89765167236328
          }
        },
        {
          "type": "LEFT_EAR_TRAGION",
          "position": {
            "x": 903.6355590820312,
            "y": 355.0277099609375,
            "z": 123.91826629638672
          }
        },
        {
          "type": "RIGHT_EAR_TRAGION",
          "position": {
            "x": 1024.882080078125,
            "y": 429.970947265625,
            "z": -22.08523178100586
          }
        },
        {
          "type": "FOREHEAD_GLABELLA",
          "position": {
            "x": 874.0471801757812,
            "y": 337.228271484375,
            "z": -52.430843353271484
          }
        },
        {
          "type": "CHIN_GNATHION",
          "position": {
            "x": 852.5546264648438,
            "y": 497.4039611816406,
            "z": 12.73802375793457
          }
        },
        {
          "type": "CHIN_LEFT_GONION",
          "position": {
            "x": 869.8259887695312,
            "y": 413.91796875,
            "z": 112.33366394042969
          }
        },
        {
          "type": "CHIN_RIGHT_GONION",
          "position": {
            "x": 979.4359130859375,
            "y": 481.59393310546875,
            "z": -19.558446884155273
          }
        }
      ],
      "rollAngle": 11.691388130187988,
      "panAngle": -48.95610427856445,
      "tiltAngle": -18.50830841064453,
      "detectionConfidence": 0.9576489925384521,
      "landmarkingConfidence": 0.4924476444721222,
      "joyLikelihood": "VERY_UNLIKELY",
      "sorrowLikelihood": "VERY_UNLIKELY",
      "angerLikelihood": "VERY_UNLIKELY",
      "surpriseLikelihood": "VERY_UNLIKELY",
      "underExposedLikelihood": "VERY_UNLIKELY",
      "blurredLikelihood": "VERY_UNLIKELY",
      "headwearLikelihood": "VERY_UNLIKELY"
    }
  ]
}
