{
  "faceAnnotations": [
    {
      "boundingPoly": {
        "vertices": [
          {
            "x": 1161
          },
          {
            "x": 1501
          },
          {
            "x": 1501,
            "y": 372
          },
          {
            "x": 1161,
            "y": 372
          }
        ]
      },
      "fdBoundingPoly": {
        "vertices": [
          {
            "x": 1211,
            "y": 68
          },
          {
            "x": 1471,
            "y": 68
          },
          {
            "x": 1471,
            "y": 328
          },
          {
            "x": 1211,
            "y": 328
          }
        ]
      },
      "landmarks": [
        {
          "type": "LEFT_EYE",
          "position": {
            "x": 1297.1544189453125,
            "y": 160.90826416015625,
            "z": -0.0011313367867842317
          }
        },
        {
          "type": "RIGHT_EYE",
          "position": {
            "x": 1397.3956298828125,
            "y": 148.71697998046875,
            "z": 21.939556121826172
          }
        },
        {
          "type": "LEFT_OF_LEFT_EYEBROW",
          "position": {
            "x": 1259.08935546875,
            "y": 141.0372314453125,
            "z": 2.266221761703491
          }
        },
        {
          "type": "RIGHT_OF_LEFT_EYEBROW",
          "position": {
            "x": 1324.1383056640625,
            "y": 130.38937377929688,
            "z": -13.662431716918945
          }
        },
        {
          "type": "LEFT_OF_RIGHT_EYEBROW",
          "position": {
            "x": 1372.3065185546875,
            "y": 124.95803833007812,
            "z": -3.0820891857147217
          }
        },
        {
          "type": "RIGHT_OF_RIGHT_EYEBROW",
          "position": {
            "x": 1425.1456298828125,
            "y": 119.65682220458984,
            "z": 38.67485046386719
          }
        },
        {
          "type": "MIDPOINT_BETWEEN_EYES",
          "position": {
            "x": 1353.5108642578125,
            "y": 143.4783935546875,
            "z": -10.34409236907959
          }
        },
        {
          "type": "NOSE_TIP",
          "position": {
            "x": 1363.1541748046875,
            "y": 205.91970825195312,
            "z": -39.748077392578125
          }
        },
        {
          "type": "UPPER_LIP",
          "position": {
            "x": 1362.2122802734375,
            "y": 248.24575805664062,
            "z": -16.431671142578125
          }
        },
        {
          "type": "LOWER_LIP",
          "position": {
            "x": 1365.3885498046875,
            "y": 279.513916015625,
            "z": -9.576881408691406
          }
        },
        {
          "type": "MOUTH_LEFT",
          "position": {
            "x": 1319.6678466796875,
            "y": 265.6657409667969,
            "z": 1.7484172582626343
          }
        },
        {
          "type": "MOUTH_RIGHT",
          "position": {
            "x": 1397.4757080078125,
            "y": 256.60015869140625,
            "z": 18.478797912597656
          }
        },
        {
          "type": "MOUTH_CENTER",
          "position": {
            "x": 1362.9342041015625,
            "y": 260.61260986328125,
            "z": -9.229780197143555
          }
        },
        {
          "type": "NOSE_BOTTOM_RIGHT",
          "position": {
            "x": 1383.380126953125,
            "y": 211.69369506835938,
            "z": 4.543323040008545
          }
        },
        {
          "type": "NOSE_BOTTOM_LEFT",
          "position": {
            "x": 1331.466796875,
            "y": 217.52438354492188,
            "z": -7.469064235687256
          }
        },
        {
          "type": "NOSE_BOTTOM_CENTER",
          "position": {
            "x": 1360.75830078125,
            "y": 223.3692626953125,
            "z": -16.86880111694336
          }
        },
        {
          "type": "LEFT_EYE_TOP_BOUNDARY",
          "position": {
            "x": 1297.567626953125,
            "y": 151.25692749023438,
            "z": -6.591749668121338
          }
        },
        {
          "type": "LEFT_EYE_RIGHT_CORNER",
          "position": {
            "x": 1316.256103515625,
            "y": 154.58834838867188,
            "z": 4.863502025604248
          }
        },
        {
          "type": "LEFT_EYE_BOTTOM_BOUNDARY",
          "position": {
            "x": 1297.4056396484375,
            "y": 166.65728759765625,
            "z": -0.784924328327179
          }
        },
        {
          "type": "LEFT_EYE_LEFT_CORNER",
          "position": {
            "x": 1273.82666015625,
            "y": 162.94833374023438,
            "z": 5.2241363525390625
          }
        },
        {
          "type": "LEFT_EYE_PUPIL",
          "position": {
            "x": 1295.9234619140625,
            "y": 158.36734008789062,
            "z": -2.6324706077575684
          }
        },
        {
          "type": "RIGHT_EYE_TOP_BOUNDARY",
          "position": {
            "x": 1397.1922607421875,
            "y": 139.91232299804688,
            "z": 15.212626457214355
          }
        },
        {
          "type": "RIGHT_EYE_RIGHT_CORNER",
          "position": {
            "x": 1414.4176025390625,
            "y": 145.49899291992188,
            "z": 35.48134994506836
          }
        },
        {
          "type": "RIGHT_EYE_BOTTOM_BOUNDARY",
          "position": {
            "x": 1398.591796875,
            "y": 153.54664611816406,
            "z": 21.105152130126953
          }
        },
        {
          "type": "RIGHT_EYE_LEFT_CORNER",
          "position": {
            "x": 1378.2784423828125,
            "y": 147.54010009765625,
            "z": 18.187416076660156
          }
        },
        {
          "type": "RIGHT_EYE_PUPIL",
          "position": {
            "x": 1398.1114501953125,
            "y": 146.68142700195312,
            "z": 19.646615982055664
          }
        },
        {
          "type": "LEFT_EYEBROW_UPPER_MIDPOINT",
          "position": {
            "x": 1291.01708984375,
            "y": 121.8516845703125,
            "z": -12.291728973388672
          }
        },
        {
          "type": "RIGHT_EYEBROW_UPPER_MIDPOINT",
          "position": {
            "x": 1399.028564453125,
            "y": 109.54838562011719,
            "z": 11.34184455871582
          }
        },
        {
          "type": "LEFT_EAR_TRAGION",
          "position": {
            "x": 1210.51025390625,
            "y": 219.26730346679688,
            "z": 110.86686706542969
          }
        },
        {
          "type": "RIGHT_EAR_TRAGION",
          "position": {
            "x": 1439.0394287109375,
            "y": 193.7089080810547,
            "z": 159.4034881591797
          }
        },
        {
          "type": "FOREHEAD_GLABELLA",
          "position": {
            "x": 1348.9014892578125,
            "y": 126.15789031982422,
            "z": -12.171903610229492
          }
        },
        {
          "type": "CHIN_GNATHION",
          "position": {
            "x": 1367.6373291015625,
            "y": 326.31298828125,
            "z": 4.448131561279297
          }
        },
        {
          "type": "CHIN_LEFT_GONION",
          "position": {
            "x": 1240.0439453125,
            "y": 282.46051025390625,
            "z": 70.87886810302734
          }
        },
        {
          "type": "CHIN_RIGHT_GONION",
          "position": {
            "x": 1444.4010009765625,
            "y": 258.7322692871094,
            "z": 115.71244812011719
          }
        }
      ],
      "rollAngle": -6.5890583992004395,
      "panAngle": 12.274822235107422,
      "tiltAngle": 0.44510671496391296,
      "detectionConfidence": 0.998153805732727,
      "landmarkingConfidence": 0.7931866645812988,
      "joyLikelihood": "VERY_UNLIKELY",
      "sorrowLikelihood": "VERY_UNLIKELY",
      "angerLikelihood": "VERY_UNLIKELY",
      "surpriseLikelihood": "VERY_UNLIKELY",
      "underExposedLikelihood": "VERY_UNLIKELY",
      "blurredLikelihood": "VERY_UNLIKELY",
      "headwearLikelihood": "VERY_UNLIKELY"
    },
    {
      "boundingPoly": {
        "vertices": [
          {
            "x": 388,
            "y": 8
          },
          {
            "x": 738,
            "y": 8
          },
          {
            "x": 738,
            "y": 415
          },
          {
            "x": 388,
            "y": 415
          }
        ]
      },
      "fdBoundingPoly": {
        "vertices": [
          {
            "x": 456,
            "y": 113
          },
          {
            "x": 719,
            "y": 113
          },
          {
            "x": 719,
            "y": 376
          },
          {
            "x": 456,
            "y": 376
          }
        ]
      },
      "landmarks": [
        {
          "type": "LEFT_EYE",
          "position": {
            "x": 615.8301391601562,
            "y": 199.50535583496094,
            "z": 0.00023312607663683593
          }
        },
        {
          "type": "RIGHT_EYE",
          "position": {
            "x": 667.0748291015625,
            "y": 182.37820434570312,
            "z": 89.11487579345703
          }
        },
        {
          "type": "LEFT_OF_LEFT_EYEBROW",
          "position": {
            "x": 581.7103881835938,
            "y": 187.99496459960938,
            "z": -32.334381103515625
          }
        },
        {
          "type": "RIGHT_OF_LEFT_EYEBROW",
          "position": {
            "x": 642.8729858398438,
            "y": 174.6607666015625,
            "z": 6.5990447998046875
          }
        },
        {
          "type": "LEFT_OF_RIGHT_EYEBROW",
          "position": {
            "x": 669.2299194335938,
            "y": 162.2820281982422,
            "z": 50.532405853271484
          }
        },
        {
          "type": "RIGHT_OF_RIGHT_EYEBROW",
          "position": {
            "x": 674.4411010742188,
            "y": 150.32493591308594,
            "z": 120.23460388183594
          }
        },
        {
          "type": "MIDPOINT_BETWEEN_EYES",
          "position": {
            "x": 658.0338134765625,
            "y": 189.04531860351562,
            "z": 31.428850173950195
          }
        },
        {
          "type": "NOSE_TIP",
          "position": {
            "x": 692.4778442382812,
            "y": 247.02316284179688,
            "z": 25.492542266845703
          }
        },
        {
          "type": "UPPER_LIP",
          "position": {
            "x": 673.5123291015625,
            "y": 290.1682434082031,
            "z": 45.31437301635742
          }
        },
        {
          "type": "LOWER_LIP",
          "position": {
            "x": 667.8378295898438,
            "y": 326.595947265625,
            "z": 55.74812316894531
          }
        },
        {
          "type": "MOUTH_LEFT",
          "position": {
            "x": 630.7490234375,
            "y": 314.8504638671875,
            "z": 27.54505157470703
          }
        },
        {
          "type": "MOUTH_RIGHT",
          "position": {
            "x": 670.9010620117188,
            "y": 296.8920593261719,
            "z": 98.27145385742188
          }
        },
        {
          "type": "MOUTH_CENTER",
          "position": {
            "x": 664.8968505859375,
            "y": 308.1499938964844,
            "z": 52.600250244140625
          }
        },
        {
          "type": "NOSE_BOTTOM_RIGHT",
          "position": {
            "x": 671.6903686523438,
            "y": 253.0144500732422,
            "z": 72.88509368896484
          }
        },
        {
          "type": "NOSE_BOTTOM_LEFT",
          "position": {
            "x": 646.1911010742188,
            "y": 265.0119323730469,
            "z": 24.473026275634766
          }
        },
        {
          "type": "NOSE_BOTTOM_CENTER",
          "position": {
            "x": 672.15771484375,
            "y": 267.2889709472656,
            "z": 41.209930419921875
          }
        },
        {
          "type": "LEFT_EYE_TOP_BOUNDARY",
          "position": {
            "x": 618.6964111328125,
            "y": 195.22763061523438,
            "z": -7.1703410148620605
          }
        },
        {
          "type": "LEFT_EYE_RIGHT_CORNER",
          "position": {
            "x": 623.4096069335938,
            "y": 199.69039916992188,
            "z": 16.39963722229004
          }
        },
        {
          "type": "LEFT_EYE_BOTTOM_BOUNDARY",
          "position": {
            "x": 614.8897705078125,
            "y": 208.070556640625,
            "z": -1.4633735418319702
          }
        },
        {
          "type": "LEFT_EYE_LEFT_CORNER",
          "position": {
            "x": 594.3040771484375,
            "y": 204.87200927734375,
            "z": -15.167620658874512
          }
        },
        {
          "type": "LEFT_EYE_PUPIL",
          "position": {
            "x": 614.3580322265625,
            "y": 202.8168182373047,
            "z": -5.070944786071777
          }
        },
        {
          "type": "RIGHT_EYE_TOP_BOUNDARY",
          "position": {
            "x": 672.74267578125,
            "y": 174.98883056640625,
            "z": 84.2069320678711
          }
        },
        {
          "type": "RIGHT_EYE_RIGHT_CORNER",
          "position": {
            "x": 669.3260498046875,
            "y": 178.42825317382812,
            "z": 112.16130065917969
          }
        },
        {
          "type": "RIGHT_EYE_BOTTOM_BOUNDARY",
          "position": {
            "x": 668.4822998046875,
            "y": 189.39852905273438,
            "z": 89.77539825439453
          }
        },
        {
          "type": "RIGHT_EYE_LEFT_CORNER",
          "position": {
            "x": 656.0358276367188,
            "y": 187.14041137695312,
            "z": 71.06814575195312
          }
        },
        {
          "type": "RIGHT_EYE_PUPIL",
          "position": {
            "x": 669.9896850585938,
            "y": 182.1153564453125,
            "z": 88.69034576416016
          }
        },
        {
          "type": "LEFT_EYEBROW_UPPER_MIDPOINT",
          "position": {
            "x": 618.3062133789062,
            "y": 165.6043701171875,
            "z": -19.076871871948242
          }
        },
        {
          "type": "RIGHT_EYEBROW_UPPER_MIDPOINT",
          "position": {
            "x": 677.0059814453125,
            "y": 143.43504333496094,
            "z": 80.0430908203125
          }
        },
        {
          "type": "LEFT_EAR_TRAGION",
          "position": {
            "x": 478.0360412597656,
            "y": 265.19970703125,
            "z": 17.55576515197754
          }
        },
        {
          "type": "RIGHT_EAR_TRAGION",
          "position": {
            "x": 591.6657104492188,
            "y": 220.75244140625,
            "z": 222.72979736328125
          }
        },
        {
          "type": "FOREHEAD_GLABELLA",
          "position": {
            "x": 659.3594360351562,
            "y": 166.0575714111328,
            "z": 26.14251136779785
          }
        },
        {
          "type": "CHIN_GNATHION",
          "position": {
            "x": 655.6973266601562,
            "y": 373.8886413574219,
            "z": 72.74981689453125
          }
        },
        {
          "type": "CHIN_LEFT_GONION",
          "position": {
            "x": 519.2128295898438,
            "y": 332.7501525878906,
            "z": 15.531572341918945
          }
        },
        {
          "type": "CHIN_RIGHT_GONION",
          "position": {
            "x": 629.9397583007812,
            "y": 292.044677734375,
            "z": 202.26419067382812
          }
        }
      ],
      "rollAngle": -4.976853847503662,
      "panAngle": 59.03369140625,
      "tiltAngle": -9.651801109313965,
      "detectionConfidence": 0.975928783416748,
      "landmarkingConfidence": 0.5665255188941956,
      "joyLikelihood": "VERY_UNLIKELY",
      "sorrowLikelihood": "VERY_UNLIKELY",
      "angerLikelihood": "VERY_UNLIKELY",
      "surpriseLikelihood": "VERY_UNLIKELY",
      "underExposedLikelihood": "VERY_UNLIKELY",
      "blurredLikelihood": "VERY_UNLIKELY",
      "headwearLikelihood": "VERY_UNLIKELY"
    }
  ]
}
