{
  "faceAnnotations": [
    {
      "boundingPoly": {
        "vertices": [
          {
            "x": 338,
            "y": 72
          },
          {
            "x": 645,
            "y": 72
          },
          {
            "x": 645,
            "y": 430
          },
          {
            "x": 338,
            "y": 430
          }
        ]
      },
      "fdBoundingPoly": {
        "vertices": [
          {
            "x": 372,
            "y": 154
          },
          {
            "x": 620,
            "y": 154
          },
          {
            "x": 620,
            "y": 403
          },
          {
            "x": 372,
            "y": 403
          }
        ]
      },
      "landmarks": [
        {
          "type": "LEFT_EYE",
          "position": {
            "x": 503.5628662109375,
            "y": 230.990966796875,
            "z": 0.002201716648414731
          }
        },
        {
          "type": "RIGHT_EYE",
          "position": {
            "x": 551.3206787109375,
            "y": 189.61428833007812,
            "z": 68.79080963134766
          }
        },
        {
          "type": "LEFT_OF_LEFT_EYEBROW",
          "position": {
            "x": 467.4588623046875,
            "y": 231.4377899169922,
            "z": -19.834753036499023
          }
        },
        {
          "type": "RIGHT_OF_LEFT_EYEBROW",
          "position": {
            "x": 518.9580078125,
            "y": 194.84580993652344,
            "z": 3.5701348781585693
          }
        },
        {
          "type": "LEFT_OF_RIGHT_EYEBROW",
          "position": {
            "x": 539.664306640625,
            "y": 176.44390869140625,
            "z": 36.44049835205078
          }
        },
        {
          "type": "RIGHT_OF_RIGHT_EYEBROW",
          "position": {
            "x": 550.0045166015625,
            "y": 162.12191772460938,
            "z": 94.40119171142578
          }
        },
        {
          "type": "MIDPOINT_BETWEEN_EYES",
          "position": {
            "x": 539.055419921875,
            "y": 198.1875,
            "z": 20.92629051208496
          }
        },
        {
          "type": "NOSE_TIP",
          "position": {
            "x": 585.076171875,
            "y": 234.04287719726562,
            "z": 9.743577003479004
          }
        },
        {
          "type": "UPPER_LIP",
          "position": {
            "x": 586.5702514648438,
            "y": 271.3705749511719,
            "z": 28.214908599853516
          }
        },
        {
          "type": "LOWER_LIP",
          "position": {
            "x": 599.3923950195312,
            "y": 306.54559326171875,
            "z": 37.48589324951172
          }
        },
        {
          "type": "MOUTH_LEFT",
          "position": {
            "x": 553.349609375,
            "y": 309.23919677734375,
            "z": 18.90908432006836
          }
        },
        {
          "type": "MOUTH_RIGHT",
          "position": {
            "x": 595.9259033203125,
            "y": 276.2634582519531,
            "z": 73.3161849975586
          }
        },
        {
          "type": "MOUTH_CENTER",
          "position": {
            "x": 590.2894287109375,
            "y": 287.4241638183594,
            "z": 34.79981994628906
          }
        },
        {
          "type": "NOSE_BOTTOM_RIGHT",
          "position": {
            "x": 578.4888305664062,
            "y": 244.16709899902344,
            "z": 53.119712829589844
          }
        },
        {
          "type": "NOSE_BOTTOM_LEFT",
          "position": {
            "x": 551.5360107421875,
            "y": 259.9080505371094,
            "z": 15.996235847473145
          }
        },
        {
          "type": "NOSE_BOTTOM_CENTER",
          "position": {
            "x": 578.0352172851562,
            "y": 253.9578399658203,
            "z": 25.557903289794922
          }
        },
        {
          "type": "LEFT_EYE_TOP_BOUNDARY",
          "position": {
            "x": 504.4890441894531,
            "y": 222.50863647460938,
            "z": -4.505156993865967
          }
        },
        {
          "type": "LEFT_EYE_RIGHT_CORNER",
          "position": {
            "x": 514.1473388671875,
            "y": 222.81524658203125,
            "z": 14.556039810180664
          }
        },
        {
          "type": "LEFT_EYE_BOTTOM_BOUNDARY",
          "position": {
            "x": 507.00115966796875,
            "y": 235.8892822265625,
            "z": 0.568305253982544
          }
        },
        {
          "type": "LEFT_EYE_LEFT_CORNER",
          "position": {
            "x": 488.3031005859375,
            "y": 241.22445678710938,
            "z": -7.624214172363281
          }
        },
        {
          "type": "LEFT_EYE_PUPIL",
          "position": {
            "x": 504.41473388671875,
            "y": 229.66409301757812,
            "z": -2.1929211616516113
          }
        },
        {
          "type": "RIGHT_EYE_TOP_BOUNDARY",
          "position": {
            "x": 552.0089721679688,
            "y": 183.35964965820312,
            "z": 63.57638168334961
          }
        },
        {
          "type": "RIGHT_EYE_RIGHT_CORNER",
          "position": {
            "x": 554.9873046875,
            "y": 185.8359375,
            "z": 87.67269134521484
          }
        },
        {
          "type": "RIGHT_EYE_BOTTOM_BOUNDARY",
          "position": {
            "x": 554.6600341796875,
            "y": 195.5823974609375,
            "z": 68.64856719970703
          }
        },
        {
          "type": "RIGHT_EYE_LEFT_CORNER",
          "position": {
            "x": 542.6328735351562,
            "y": 198.34109497070312,
            "z": 55.447086334228516
          }
        },
        {
          "type": "RIGHT_EYE_PUPIL",
          "position": {
            "x": 553.1805419921875,
            "y": 189.51455688476562,
            "z": 67.61019897460938
          }
        },
        {
          "type": "LEFT_EYEBROW_UPPER_MIDPOINT",
          "position": {
            "x": 491.7228088378906,
            "y": 200.20169067382812,
            "z": -13.740742683410645
          }
        },
        {
          "type": "RIGHT_EYEBROW_UPPER_MIDPOINT",
          "position": {
            "x": 543.3609008789062,
            "y": 157.72964477539062,
            "z": 60.145721435546875
          }
        },
        {
          "type": "LEFT_EAR_TRAGION",
          "position": {
            "x": 420.62872314453125,
            "y": 337.8400573730469,
            "z": 38.285858154296875
          }
        },
        {
          "type": "RIGHT_EAR_TRAGION",
          "position": {
            "x": 527.7294921875,
            "y": 240.4185791015625,
            "z": 192.2500457763672
          }
        },
        {
          "type": "FOREHEAD_GLABELLA",
          "position": {
            "x": 530.0184326171875,
            "y": 183.74490356445312,
            "z": 17.364299774169922
          }
        },
        {
          "type": "CHIN_GNATHION",
          "position": {
            "x": 611.9046630859375,
            "y": 340.9224548339844,
            "z": 50.35952377319336
          }
        },
        {
          "type": "CHIN_LEFT_GONION",
          "position": {
            "x": 480.69927978515625,
            "y": 362.677978515625,
            "z": 27.47150421142578
          }
        },
        {
          "type": "CHIN_RIGHT_GONION",
          "position": {
            "x": 578.2717895507812,
            "y": 282.11932373046875,
            "z": 167.3607940673828
          }
        }
      ],
      "rollAngle": -31.623775482177734,
      "panAngle": 48.347747802734375,
      "tiltAngle": -7.048720359802246,
      "detectionConfidence": 0.997283399105072,
      "landmarkingConfidence": 0.5505149960517883,
      "joyLikelihood": "POSSIBLE",
      "sorrowLikelihood": "VERY_UNLIKELY",
      "angerLikelihood": "VERY_UNLIKELY",
      "surpriseLikelihood": "VERY_UNLIKELY",
      "underExposedLikelihood": "VERY_UNLIKELY",
      "blurredLikelihood": "VERY_UNLIKELY",
      "headwearLikelihood": "VERY_UNLIKELY"
    },
    {
      "boundingPoly": {
        "vertices": [
          {
            "x": 1337
          },
          {
            "x": 1691
          },
          {
            "x": 1691,
            "y": 383
          },
          {
            "x": 1337,
            "y": 383
          }
        ]
      },
      "fdBoundingPoly": {
        "vertices": [
          {
            "x": 1342,
            "y": 80
          },
          {
            "x": 1601,
            "y": 80
          },
          {
            "x": 1601,
            "y": 339
          },
          {
            "x": 1342,
            "y": 339
          }
        ]
      },
      "landmarks": [
        {
          "type": "LEFT_EYE",
          "position": {
            "x": 1396.7569580078125,
            "y": 178.77098083496094,
            "z": 0.0003698872751556337
          }
        },
        {
          "type": "RIGHT_EYE",
          "position": {
            "x": 1421.8865966796875,
            "y": 173.58197021484375,
            "z": -100.01600646972656
          }
        },
        {
          "type": "LEFT_OF_LEFT_EYEBROW",
          "position": {
            "x": 1390.8721923828125,
            "y": 154.56005859375,
            "z": 37.42852020263672
          }
        },
        {
          "type": "RIGHT_OF_LEFT_EYEBROW",
          "position": {
            "x": 1378.722900390625,
            "y": 158.41928100585938,
            "z": -31.83633041381836
          }
        },
        {
          "type": "LEFT_OF_RIGHT_EYEBROW",
          "position": {
            "x": 1392.3861083984375,
            "y": 161.5927734375,
            "z": -81.16912841796875
          }
        },
        {
          "type": "RIGHT_OF_RIGHT_EYEBROW",
          "position": {
            "x": 1441.3717041015625,
            "y": 151.51527404785156,
            "z": -134.99171447753906
          }
        },
        {
          "type": "MIDPOINT_BETWEEN_EYES",
          "position": {
            "x": 1386.3798828125,
            "y": 180.99972534179688,
            "z": -56.68403244018555
          }
        },
        {
          "type": "NOSE_TIP",
          "position": {
            "x": 1370.39697265625,
            "y": 246.3173370361328,
            "z": -63.627899169921875
          }
        },
        {
          "type": "UPPER_LIP",
          "position": {
            "x": 1403.0037841796875,
            "y": 277.79254150390625,
            "z": -55.76881790161133
          }
        },
        {
          "type": "LOWER_LIP",
          "position": {
            "x": 1417.665771484375,
            "y": 314.1831970214844,
            "z": -52.68106460571289
          }
        },
        {
          "type": "MOUTH_LEFT",
          "position": {
            "x": 1421.604248046875,
            "y": 288.9252014160156,
            "z": -7.024501323699951
          }
        },
        {
          "type": "MOUTH_RIGHT",
          "position": {
            "x": 1450.5211181640625,
            "y": 279.43994140625,
            "z": -90.56146240234375
          }
        },
        {
          "type": "MOUTH_CENTER",
          "position": {
            "x": 1413.962646484375,
            "y": 293.8805236816406,
            "z": -53.13295364379883
          }
        },
        {
          "type": "NOSE_BOTTOM_RIGHT",
          "position": {
            "x": 1417.8414306640625,
            "y": 241.9931640625,
            "z": -79.89796447753906
          }
        },
        {
          "type": "NOSE_BOTTOM_LEFT",
          "position": {
            "x": 1403.67041015625,
            "y": 245.78121948242188,
            "z": -23.973064422607422
          }
        },
        {
          "type": "NOSE_BOTTOM_CENTER",
          "position": {
            "x": 1394.9932861328125,
            "y": 257.5829772949219,
            "z": -56.56056594848633
          }
        },
        {
          "type": "LEFT_EYE_TOP_BOUNDARY",
          "position": {
            "x": 1387.7857666015625,
            "y": 173.9247283935547,
            "z": -1.341064691543579
          }
        },
        {
          "type": "LEFT_EYE_RIGHT_CORNER",
          "position": {
            "x": 1402.3001708984375,
            "y": 179.70968627929688,
            "z": -19.511804580688477
          }
        },
        {
          "type": "LEFT_EYE_BOTTOM_BOUNDARY",
          "position": {
            "x": 1396.58935546875,
            "y": 186.793701171875,
            "z": 0.7314555644989014
          }
        },
        {
          "type": "LEFT_EYE_LEFT_CORNER",
          "position": {
            "x": 1399.5859375,
            "y": 178.69134521484375,
            "z": 23.962474822998047
          }
        },
        {
          "type": "LEFT_EYE_PUPIL",
          "position": {
            "x": 1393.1959228515625,
            "y": 180.31137084960938,
            "z": 1.7169400453567505
          }
        },
        {
          "type": "RIGHT_EYE_TOP_BOUNDARY",
          "position": {
            "x": 1416.4857177734375,
            "y": 170.7156219482422,
            "z": -103.89198303222656
          }
        },
        {
          "type": "RIGHT_EYE_RIGHT_CORNER",
          "position": {
            "x": 1441.8717041015625,
            "y": 173.0070037841797,
            "z": -120.19412994384766
          }
        },
        {
          "type": "RIGHT_EYE_BOTTOM_BOUNDARY",
          "position": {
            "x": 1425.420166015625,
            "y": 182.73220825195312,
            "z": -101.80938720703125
          }
        },
        {
          "type": "RIGHT_EYE_LEFT_CORNER",
          "position": {
            "x": 1417.8564453125,
            "y": 177.70042419433594,
            "z": -80.70051574707031
          }
        },
        {
          "type": "RIGHT_EYE_PUPIL",
          "position": {
            "x": 1422.50439453125,
            "y": 177.00335693359375,
            "z": -103.53004455566406
          }
        },
        {
          "type": "LEFT_EYEBROW_UPPER_MIDPOINT",
          "position": {
            "x": 1375.3985595703125,
            "y": 145.29647827148438,
            "z": 0.8096483945846558
          }
        },
        {
          "type": "RIGHT_EYEBROW_UPPER_MIDPOINT",
          "position": {
            "x": 1406.6279296875,
            "y": 141.94573974609375,
            "z": -110.5583724975586
          }
        },
        {
          "type": "LEFT_EAR_TRAGION",
          "position": {
            "x": 1512.7890625,
            "y": 206.67453002929688,
            "z": 103.58808135986328
          }
        },
        {
          "type": "RIGHT_EAR_TRAGION",
          "position": {
            "x": 1585.23974609375,
            "y": 202.12147521972656,
            "z": -132.4427947998047
          }
        },
        {
          "type": "FOREHEAD_GLABELLA",
          "position": {
            "x": 1381.444580078125,
            "y": 157.2772674560547,
            "z": -57.97378921508789
          }
        },
        {
          "type": "CHIN_GNATHION",
          "position": {
            "x": 1439.9713134765625,
            "y": 361.53985595703125,
            "z": -47.66729736328125
          }
        },
        {
          "type": "CHIN_LEFT_GONION",
          "position": {
            "x": 1488.7384033203125,
            "y": 281.4524230957031,
            "z": 82.17761993408203
          }
        },
        {
          "type": "CHIN_RIGHT_GONION",
          "position": {
            "x": 1547.9766845703125,
            "y": 275.3055725097656,
            "z": -129.080078125
          }
        }
      ],
      "rollAngle": -11.462664604187012,
      "panAngle": -74.28569793701172,
      "tiltAngle": -1.4463069438934326,
      "detectionConfidence": 0.9846934080123901,
      "landmarkingConfidence": 0.4225366413593292,
      "joyLikelihood": "LIKELY",
      "sorrowLikelihood": "VERY_UNLIKELY",
      "angerLikelihood": "VERY_UNLIKELY",
      "surpriseLikelihood": "VERY_UNLIKELY",
      "underExposedLikelihood": "VERY_UNLIKELY",
      "blurredLikelihood": "VERY_UNLIKELY",
      "headwearLikelihood": "VERY_UNLIKELY"
    }
  ]
}
