{
  "faceAnnotations": [
    {
      "boundingPoly": {
        "vertices": [
          {
            "x": 795,
            "y": 110
          },
          {
            "x": 1063,
            "y": 110
          },
          {
            "x": 1063,
            "y": 422
          },
          {
            "x": 795,
            "y": 422
          }
        ]
      },
      "fdBoundingPoly": {
        "vertices": [
          {
            "x": 811,
            "y": 220
          },
          {
            "x": 991,
            "y": 220
          },
          {
            "x": 991,
            "y": 401
          },
          {
            "x": 811,
            "y": 401
          }
        ]
      },
      "landmarks": [
        {
          "type": "LEFT_EYE",
          "position": {
            "x": 840.718505859375,
            "y": 270.74493408203125,
            "z": -0.0018268367275595665
          }
        },
        {
          "type": "RIGHT_EYE",
          "position": {
            "x": 888.66845703125,
            "y": 276.75030517578125,
            "z": -64.20096588134766
          }
        },
        {
          "type": "LEFT_OF_LEFT_EYEBROW",
          "position": {
            "x": 826.5416870117188,
            "y": 247.82102966308594,
            "z": 20.901140213012695
          }
        },
        {
          "type": "RIGHT_OF_LEFT_EYEBROW",
          "position": {
            "x": 837.279541015625,
            "y": 258.86181640625,
            "z": -30.321086883544922
          }
        },
        {
          "type": "LEFT_OF_RIGHT_EYEBROW",
          "position": {
            "x": 862.9238891601562,
            "y": 262.8436584472656,
            "z": -61.5670280456543
          }
        },
        {
          "type": "RIGHT_OF_RIGHT_EYEBROW",
          "position": {
            "x": 910.1539916992188,
            "y": 262.5341796875,
            "z": -86.74673461914062
          }
        },
        {
          "type": "MIDPOINT_BETWEEN_EYES",
          "position": {
            "x": 851.748291015625,
            "y": 276.56610107421875,
            "z": -42.39006423950195
          }
        },
        {
          "type": "NOSE_TIP",
          "position": {
            "x": 841.2318725585938,
            "y": 324.0052490234375,
            "z": -44.17659378051758
          }
        },
        {
          "type": "UPPER_LIP",
          "position": {
            "x": 861.8319091796875,
            "y": 349.44500732421875,
            "z": -26.171823501586914
          }
        },
        {
          "type": "LOWER_LIP",
          "position": {
            "x": 873.51318359375,
            "y": 375.8588562011719,
            "z": -15.319219589233398
          }
        },
        {
          "type": "MOUTH_LEFT",
          "position": {
            "x": 863.389892578125,
            "y": 355.2635498046875,
            "z": 14.290440559387207
          }
        },
        {
          "type": "MOUTH_RIGHT",
          "position": {
            "x": 897.241943359375,
            "y": 361.4130859375,
            "z": -34.98003387451172
          }
        },
        {
          "type": "MOUTH_CENTER",
          "position": {
            "x": 871.7401733398438,
            "y": 362.580810546875,
            "z": -18.80933380126953
          }
        },
        {
          "type": "NOSE_BOTTOM_RIGHT",
          "position": {
            "x": 875.9364013671875,
            "y": 328.1700439453125,
            "z": -41.411865234375
          }
        },
        {
          "type": "NOSE_BOTTOM_LEFT",
          "position": {
            "x": 850.6109619140625,
            "y": 323.9692687988281,
            "z": -6.843158721923828
          }
        },
        {
          "type": "NOSE_BOTTOM_CENTER",
          "position": {
            "x": 860.5581665039062,
            "y": 333.90313720703125,
            "z": -30.219676971435547
          }
        },
        {
          "type": "LEFT_EYE_TOP_BOUNDARY",
          "position": {
            "x": 835.4609985351562,
            "y": 267.070556640625,
            "z": -4.397663116455078
          }
        },
        {
          "type": "LEFT_EYE_RIGHT_CORNER",
          "position": {
            "x": 850.7569580078125,
            "y": 272.7484436035156,
            "z": -12.597211837768555
          }
        },
        {
          "type": "LEFT_EYE_BOTTOM_BOUNDARY",
          "position": {
            "x": 841.4844360351562,
            "y": 275.7705078125,
            "z": 0.8839242458343506
          }
        },
        {
          "type": "LEFT_EYE_LEFT_CORNER",
          "position": {
            "x": 836.8695068359375,
            "y": 267.3114013671875,
            "z": 16.997703552246094
          }
        },
        {
          "type": "LEFT_EYE_PUPIL",
          "position": {
            "x": 838.435302734375,
            "y": 271.24212646484375,
            "z": -0.0014739250764250755
          }
        },
        {
          "type": "RIGHT_EYE_TOP_BOUNDARY",
          "position": {
            "x": 884.3751831054688,
            "y": 274.3745422363281,
            "z": -69.04875183105469
          }
        },
        {
          "type": "RIGHT_EYE_RIGHT_CORNER",
          "position": {
            "x": 905.3591918945312,
            "y": 278.18353271484375,
            "z": -73.15376281738281
          }
        },
        {
          "type": "RIGHT_EYE_BOTTOM_BOUNDARY",
          "position": {
            "x": 889.5712890625,
            "y": 282.5638427734375,
            "z": -63.63402557373047
          }
        },
        {
          "type": "RIGHT_EYE_LEFT_CORNER",
          "position": {
            "x": 880.1522216796875,
            "y": 277.71221923828125,
            "z": -51.235618591308594
          }
        },
        {
          "type": "RIGHT_EYE_PUPIL",
          "position": {
            "x": 888.48486328125,
            "y": 278.79632568359375,
            "z": -66.38692474365234
          }
        },
        {
          "type": "LEFT_EYEBROW_UPPER_MIDPOINT",
          "position": {
            "x": 825.7193603515625,
            "y": 245.55172729492188,
            "z": -9.858684539794922
          }
        },
        {
          "type": "RIGHT_EYEBROW_UPPER_MIDPOINT",
          "position": {
            "x": 878.7869873046875,
            "y": 253.578369140625,
            "z": -79.98457336425781
          }
        },
        {
          "type": "LEFT_EAR_TRAGION",
          "position": {
            "x": 895.157958984375,
            "y": 273.8137512207031,
            "z": 106.69094848632812
          }
        },
        {
          "type": "RIGHT_EAR_TRAGION",
          "position": {
            "x": 1006.3510131835938,
            "y": 290.18402099609375,
            "z": -40.037498474121094
          }
        },
        {
          "type": "FOREHEAD_GLABELLA",
          "position": {
            "x": 846.6680297851562,
            "y": 260.663330078125,
            "z": -47.87649154663086
          }
        },
        {
          "type": "CHIN_GNATHION",
          "position": {
            "x": 890.866455078125,
            "y": 407.99578857421875,
            "z": 1.0736453533172607
          }
        },
        {
          "type": "CHIN_LEFT_GONION",
          "position": {
            "x": 884.8236694335938,
            "y": 334.3207702636719,
            "z": 94.52340698242188
          }
        },
        {
          "type": "CHIN_RIGHT_GONION",
          "position": {
            "x": 985.2084350585938,
            "y": 349.1465759277344,
            "z": -38.16615676879883
          }
        }
      ],
      "rollAngle": -11.374520301818848,
      "panAngle": -55.13093185424805,
      "tiltAngle": -14.558341979980469,
      "detectionConfidence": 0.9930849075317383,
      "landmarkingConfidence": 0.6830765604972839,
      "joyLikelihood": "VERY_UNLIKELY",
      "sorrowLikelihood": "VERY_UNLIKELY",
      "angerLikelihood": "VERY_UNLIKELY",
      "surpriseLikelihood": "VERY_UNLIKELY",
      "underExposedLikelihood": "VERY_UNLIKELY",
      "blurredLikelihood": "VERY_UNLIKELY",
      "headwearLikelihood": "VERY_UNLIKELY"
    },
    {
      "boundingPoly": {
        "vertices": [
          {
            "x": 230,
            "y": 134
          },
          {
            "x": 483,
            "y": 134
          },
          {
            "x": 483,
            "y": 428
          },
          {
            "x": 230,
            "y": 428
          }
        ]
      },
      "fdBoundingPoly": {
        "vertices": [
          {
            "x": 271,
            "y": 215
          },
          {
            "x": 466,
            "y": 215
          },
          {
            "x": 466,
            "y": 409
          },
          {
            "x": 271,
            "y": 409
          }
        ]
      },
      "landmarks": [
        {
          "type": "LEFT_EYE",
          "position": {
            "x": 393.6652526855469,
            "y": 279.0634765625,
            "z": -0.0007301454315893352
          }
        },
        {
          "type": "RIGHT_EYE",
          "position": {
            "x": 436.10443115234375,
            "y": 267.7926330566406,
            "z": 60.16715621948242
          }
        },
        {
          "type": "LEFT_OF_LEFT_EYEBROW",
          "position": {
            "x": 367.5780334472656,
            "y": 269.9832763671875,
            "z": -20.995223999023438
          }
        },
        {
          "type": "RIGHT_OF_LEFT_EYEBROW",
          "position": {
            "x": 413.99017333984375,
            "y": 259.32025146484375,
            "z": 2.815138816833496
          }
        },
        {
          "type": "LEFT_OF_RIGHT_EYEBROW",
          "position": {
            "x": 436.59881591796875,
            "y": 254.38760375976562,
            "z": 32.657962799072266
          }
        },
        {
          "type": "RIGHT_OF_RIGHT_EYEBROW",
          "position": {
            "x": 444.51812744140625,
            "y": 245.35079956054688,
            "z": 81.45464324951172
          }
        },
        {
          "type": "MIDPOINT_BETWEEN_EYES",
          "position": {
            "x": 425.9910583496094,
            "y": 271.77947998046875,
            "z": 20.171152114868164
          }
        },
        {
          "type": "NOSE_TIP",
          "position": {
            "x": 447.8797607421875,
            "y": 313.36083984375,
            "z": 15.405435562133789
          }
        },
        {
          "type": "UPPER_LIP",
          "position": {
            "x": 432.4407958984375,
            "y": 343.0204162597656,
            "z": 31.050640106201172
          }
        },
        {
          "type": "LOWER_LIP",
          "position": {
            "x": 427.2768249511719,
            "y": 367.79931640625,
            "z": 39.14884948730469
          }
        },
        {
          "type": "MOUTH_LEFT",
          "position": {
            "x": 399.3158874511719,
            "y": 359.5059509277344,
            "z": 21.358545303344727
          }
        },
        {
          "type": "MOUTH_RIGHT",
          "position": {
            "x": 432.3268737792969,
            "y": 347.7146301269531,
            "z": 68.89833068847656
          }
        },
        {
          "type": "MOUTH_CENTER",
          "position": {
            "x": 426.8113708496094,
            "y": 355.13226318359375,
            "z": 36.78158187866211
          }
        },
        {
          "type": "NOSE_BOTTOM_RIGHT",
          "position": {
            "x": 437.4237060546875,
            "y": 318.9098205566406,
            "z": 50.93252182006836
          }
        },
        {
          "type": "NOSE_BOTTOM_LEFT",
          "position": {
            "x": 412.44427490234375,
            "y": 325.1669921875,
            "z": 17.403852462768555
          }
        },
        {
          "type": "NOSE_BOTTOM_CENTER",
          "position": {
            "x": 431.0741882324219,
            "y": 327.7802734375,
            "z": 28.087963104248047
          }
        },
        {
          "type": "LEFT_EYE_TOP_BOUNDARY",
          "position": {
            "x": 396.5209655761719,
            "y": 275.36199951171875,
            "z": -4.749790668487549
          }
        },
        {
          "type": "LEFT_EYE_RIGHT_CORNER",
          "position": {
            "x": 401.3124084472656,
            "y": 277.4895935058594,
            "z": 11.683494567871094
          }
        },
        {
          "type": "LEFT_EYE_BOTTOM_BOUNDARY",
          "position": {
            "x": 393.6772155761719,
            "y": 284.2353210449219,
            "z": -0.18949706852436066
          }
        },
        {
          "type": "LEFT_EYE_LEFT_CORNER",
          "position": {
            "x": 378.0895080566406,
            "y": 282.58447265625,
            "z": -8.927331924438477
          }
        },
        {
          "type": "LEFT_EYE_PUPIL",
          "position": {
            "x": 393.3065185546875,
            "y": 280.32403564453125,
            "z": -2.803359270095825
          }
        },
        {
          "type": "RIGHT_EYE_TOP_BOUNDARY",
          "position": {
            "x": 440.0658874511719,
            "y": 263.05718994140625,
            "z": 56.289772033691406
          }
        },
        {
          "type": "RIGHT_EYE_RIGHT_CORNER",
          "position": {
            "x": 438.9488220214844,
            "y": 264.79486083984375,
            "z": 76.37089538574219
          }
        },
        {
          "type": "RIGHT_EYE_BOTTOM_BOUNDARY",
          "position": {
            "x": 436.6379089355469,
            "y": 272.80828857421875,
            "z": 60.74577713012695
          }
        },
        {
          "type": "RIGHT_EYE_LEFT_CORNER",
          "position": {
            "x": 427.23052978515625,
            "y": 270.7142333984375,
            "z": 48.2708854675293
          }
        },
        {
          "type": "RIGHT_EYE_PUPIL",
          "position": {
            "x": 438.0167236328125,
            "y": 267.7503967285156,
            "z": 59.738162994384766
          }
        },
        {
          "type": "LEFT_EYEBROW_UPPER_MIDPOINT",
          "position": {
            "x": 397.3890075683594,
            "y": 254.65390014648438,
            "z": -13.70577335357666
          }
        },
        {
          "type": "RIGHT_EYEBROW_UPPER_MIDPOINT",
          "position": {
            "x": 444.7004089355469,
            "y": 241.2361297607422,
            "z": 52.58265686035156
          }
        },
        {
          "type": "LEFT_EAR_TRAGION",
          "position": {
            "x": 285.4403076171875,
            "y": 316.34210205078125,
            "z": 20.489282608032227
          }
        },
        {
          "type": "RIGHT_EAR_TRAGION",
          "position": {
            "x": 386.9608154296875,
            "y": 286.8487243652344,
            "z": 160.0995635986328
          }
        },
        {
          "type": "FOREHEAD_GLABELLA",
          "position": {
            "x": 428.25579833984375,
            "y": 256.75341796875,
            "z": 16.076322555541992
          }
        },
        {
          "type": "CHIN_GNATHION",
          "position": {
            "x": 419.2429504394531,
            "y": 401.59942626953125,
            "z": 51.85636901855469
          }
        },
        {
          "type": "CHIN_LEFT_GONION",
          "position": {
            "x": 312.11065673828125,
            "y": 365.7773742675781,
            "z": 17.84244728088379
          }
        },
        {
          "type": "CHIN_RIGHT_GONION",
          "position": {
            "x": 406.34942626953125,
            "y": 338.9607238769531,
            "z": 148.1818389892578
          }
        }
      ],
      "rollAngle": -0.781853437423706,
      "panAngle": 54.86338806152344,
      "tiltAngle": -10.89324951171875,
      "detectionConfidence": 0.996222734451294,
      "landmarkingConfidence": 0.6314142346382141,
      "joyLikelihood": "UNLIKELY",
      "sorrowLikelihood": "VERY_UNLIKELY",
      "angerLikelihood": "VERY_UNLIKELY",
      "surpriseLikelihood": "VERY_UNLIKELY",
      "underExposedLikelihood": "VERY_UNLIKELY",
      "blurredLikelihood": "VERY_UNLIKELY",
      "headwearLikelihood": "VERY_UNLIKELY"
    }
  ]
}
