{
  "faceAnnotations": [
    {
      "boundingPoly": {
        "vertices": [
          {
            "x": 234,
            "y": 120
          },
          {
            "x": 362,
            "y": 120
          },
          {
            "x": 362,
            "y": 269
          },
          {
            "x": 234,
            "y": 269
          }
        ]
      },
      "fdBoundingPoly": {
        "vertices": [
          {
            "x": 258,
            "y": 159
          },
          {
            "x": 356,
            "y": 159
          },
          {
            "x": 356,
            "y": 257
          },
          {
            "x": 258,
            "y": 257
          }
        ]
      },
      "landmarks": [
        {
          "type": "LEFT_EYE",
          "position": {
            "x": 318.83795166015625,
            "y": 190.9957275390625,
            "z": -0.0007974070613272488
          }
        },
        {
          "type": "RIGHT_EYE",
          "position": {
            "x": 339.6583251953125,
            "y": 190.7815704345703,
            "z": 30.763578414916992
          }
        },
        {
          "type": "LEFT_OF_LEFT_EYEBROW",
          "position": {
            "x": 306.5093994140625,
            "y": 182.15467834472656,
            "z": -10.406591415405273
          }
        },
        {
          "type": "RIGHT_OF_LEFT_EYEBROW",
          "position": {
            "x": 329.0033874511719,
            "y": 182.51535034179688,
            "z": 2.204684257507324
          }
        },
        {
          "type": "LEFT_OF_RIGHT_EYEBROW",
          "position": {
            "x": 340.7110900878906,
            "y": 182.25830078125,
            "z": 17.679872512817383
          }
        },
        {
          "type": "RIGHT_OF_RIGHT_EYEBROW",
          "position": {
            "x": 344.77008056640625,
            "y": 181.0318603515625,
            "z": 42.86410903930664
          }
        },
        {
          "type": "MIDPOINT_BETWEEN_EYES",
          "position": {
            "x": 334.5489807128906,
            "y": 191.4027099609375,
            "z": 10.288328170776367
          }
        },
        {
          "type": "NOSE_TIP",
          "position": {
            "x": 342.2211608886719,
            "y": 212.42337036132812,
            "z": 5.28571891784668
          }
        },
        {
          "type": "UPPER_LIP",
          "position": {
            "x": 334.8800048828125,
            "y": 226.56060791015625,
            "z": 11.199753761291504
          }
        },
        {
          "type": "LOWER_LIP",
          "position": {
            "x": 331.2578430175781,
            "y": 240.38369750976562,
            "z": 13.790806770324707
          }
        },
        {
          "type": "MOUTH_LEFT",
          "position": {
            "x": 317.2692565917969,
            "y": 233.01275634765625,
            "z": 5.250733852386475
          }
        },
        {
          "type": "MOUTH_RIGHT",
          "position": {
            "x": 334.35736083984375,
            "y": 231.5534210205078,
            "z": 30.05833625793457
          }
        },
        {
          "type": "MOUTH_CENTER",
          "position": {
            "x": 331.783935546875,
            "y": 233.0369873046875,
            "z": 13.330486297607422
          }
        },
        {
          "type": "NOSE_BOTTOM_RIGHT",
          "position": {
            "x": 337.12103271484375,
            "y": 215.3164520263672,
            "z": 22.58109474182129
          }
        },
        {
          "type": "NOSE_BOTTOM_LEFT",
          "position": {
            "x": 326.2929992675781,
            "y": 215.84783935546875,
            "z": 5.619373321533203
          }
        },
        {
          "type": "NOSE_BOTTOM_CENTER",
          "position": {
            "x": 334.73919677734375,
            "y": 218.58718872070312,
            "z": 10.668580055236816
          }
        },
        {
          "type": "LEFT_EYE_TOP_BOUNDARY",
          "position": {
            "x": 319.7335510253906,
            "y": 188.86521911621094,
            "z": -2.6994853019714355
          }
        },
        {
          "type": "LEFT_EYE_RIGHT_CORNER",
          "position": {
            "x": 321.545166015625,
            "y": 191.54171752929688,
            "z": 5.40842342376709
          }
        },
        {
          "type": "LEFT_EYE_BOTTOM_BOUNDARY",
          "position": {
            "x": 318.2276916503906,
            "y": 193.8842315673828,
            "z": -0.9206014275550842
          }
        },
        {
          "type": "LEFT_EYE_LEFT_CORNER",
          "position": {
            "x": 310.5195007324219,
            "y": 191.4061279296875,
            "z": -5.186880588531494
          }
        },
        {
          "type": "LEFT_EYE_PUPIL",
          "position": {
            "x": 317.7989501953125,
            "y": 191.37924194335938,
            "z": -2.0360629558563232
          }
        },
        {
          "type": "RIGHT_EYE_TOP_BOUNDARY",
          "position": {
            "x": 341.9499816894531,
            "y": 188.30728149414062,
            "z": 29.112653732299805
          }
        },
        {
          "type": "RIGHT_EYE_RIGHT_CORNER",
          "position": {
            "x": 341.1595153808594,
            "y": 190.39950561523438,
            "z": 39.10161209106445
          }
        },
        {
          "type": "RIGHT_EYE_BOTTOM_BOUNDARY",
          "position": {
            "x": 339.7315979003906,
            "y": 193.34854125976562,
            "z": 30.730756759643555
          }
        },
        {
          "type": "RIGHT_EYE_LEFT_CORNER",
          "position": {
            "x": 335.0830993652344,
            "y": 191.12660217285156,
            "z": 24.50086784362793
          }
        },
        {
          "type": "RIGHT_EYE_PUPIL",
          "position": {
            "x": 340.64715576171875,
            "y": 190.81419372558594,
            "z": 30.573606491088867
          }
        },
        {
          "type": "LEFT_EYEBROW_UPPER_MIDPOINT",
          "position": {
            "x": 321.05413818359375,
            "y": 177.7789764404297,
            "z": -5.90291690826416
          }
        },
        {
          "type": "RIGHT_EYEBROW_UPPER_MIDPOINT",
          "position": {
            "x": 345.2024230957031,
            "y": 177.1798553466797,
            "z": 28.628215789794922
          }
        },
        {
          "type": "LEFT_EAR_TRAGION",
          "position": {
            "x": 262.1234436035156,
            "y": 204.8199462890625,
            "z": 7.20830774307251
          }
        },
        {
          "type": "RIGHT_EAR_TRAGION",
          "position": {
            "x": 313.2479553222656,
            "y": 204.7376708984375,
            "z": 79.71687316894531
          }
        },
        {
          "type": "FOREHEAD_GLABELLA",
          "position": {
            "x": 336.4537048339844,
            "y": 182.0769805908203,
            "z": 9.117446899414062
          }
        },
        {
          "type": "CHIN_GNATHION",
          "position": {
            "x": 324.8493347167969,
            "y": 257.35174560546875,
            "z": 18.280027389526367
          }
        },
        {
          "type": "CHIN_LEFT_GONION",
          "position": {
            "x": 275.70758056640625,
            "y": 232.71234130859375,
            "z": 3.3859519958496094
          }
        },
        {
          "type": "CHIN_RIGHT_GONION",
          "position": {
            "x": 321.7945861816406,
            "y": 231.11276245117188,
            "z": 69.14160919189453
          }
        }
      ],
      "rollAngle": 3.9478390216827393,
      "panAngle": 55.200843811035156,
      "tiltAngle": -3.756000280380249,
      "detectionConfidence": 0.622606635093689,
      "landmarkingConfidence": 0.5395408868789673,
      "joyLikelihood": "VERY_UNLIKELY",
      "sorrowLikelihood": "VERY_UNLIKELY",
      "angerLikelihood": "VERY_UNLIKELY",
      "surpriseLikelihood": "VERY_UNLIKELY",
      "underExposedLikelihood": "VERY_UNLIKELY",
      "blurredLikelihood": "VERY_UNLIKELY",
      "headwearLikelihood": "VERY_UNLIKELY"
    },
    {
      "boundingPoly": {
        "vertices": [
          {
            "x": 528,
            "y": 92
          },
          {
            "x": 649,
            "y": 92
          },
          {
            "x": 649,
            "y": 239
          },
          {
            "x": 528,
            "y": 239
          }
        ]
      },
      "fdBoundingPoly": {
        "vertices": [
          {
            "x": 532,
            "y": 131
          },
          {
            "x": 626,
            "y": 131
          },
          {
            "x": 626,
            "y": 225
          },
          {
            "x": 532,
            "y": 225
          }
        ]
      },
      "landmarks": [
        {
          "type": "LEFT_EYE",
          "position": {
            "x": 552.4638671875,
            "y": 161.4998321533203,
            "z": 0.00031908831442706287
          }
        },
        {
          "type": "RIGHT_EYE",
          "position": {
            "x": 560.5459594726562,
            "y": 158.8672637939453,
            "z": -37.00185012817383
          }
        },
        {
          "type": "LEFT_OF_LEFT_EYEBROW",
          "position": {
            "x": 552.5350952148438,
            "y": 153.4688262939453,
            "z": 14.170289993286133
          }
        },
        {
          "type": "RIGHT_OF_LEFT_EYEBROW",
          "position": {
            "x": 546.8883056640625,
            "y": 151.74098205566406,
            "z": -10.648202896118164
          }
        },
        {
          "type": "LEFT_OF_RIGHT_EYEBROW",
          "position": {
            "x": 551.186279296875,
            "y": 150.50926208496094,
            "z": -28.866212844848633
          }
        },
        {
          "type": "RIGHT_OF_RIGHT_EYEBROW",
          "position": {
            "x": 567.5249633789062,
            "y": 148.2882080078125,
            "z": -48.7089958190918
          }
        },
        {
          "type": "MIDPOINT_BETWEEN_EYES",
          "position": {
            "x": 548.8252563476562,
            "y": 159.35238647460938,
            "z": -20.485240936279297
          }
        },
        {
          "type": "NOSE_TIP",
          "position": {
            "x": 538.68603515625,
            "y": 181.82440185546875,
            "z": -24.714807510375977
          }
        },
        {
          "type": "UPPER_LIP",
          "position": {
            "x": 548.0950317382812,
            "y": 194.16815185546875,
            "z": -23.57887840270996
          }
        },
        {
          "type": "LOWER_LIP",
          "position": {
            "x": 551.3347778320312,
            "y": 208.70962524414062,
            "z": -23.94898796081543
          }
        },
        {
          "type": "MOUTH_LEFT",
          "position": {
            "x": 554.98095703125,
            "y": 201.73794555664062,
            "z": -6.850116729736328
          }
        },
        {
          "type": "MOUTH_RIGHT",
          "position": {
            "x": 562.733642578125,
            "y": 196.37826538085938,
            "z": -36.863075256347656
          }
        },
        {
          "type": "MOUTH_CENTER",
          "position": {
            "x": 551.220947265625,
            "y": 200.4530029296875,
            "z": -23.37018585205078
          }
        },
        {
          "type": "NOSE_BOTTOM_RIGHT",
          "position": {
            "x": 555.041015625,
            "y": 183.61685180664062,
            "z": -31.542226791381836
          }
        },
        {
          "type": "NOSE_BOTTOM_LEFT",
          "position": {
            "x": 550.8585815429688,
            "y": 184.8253631591797,
            "z": -11.175024032592773
          }
        },
        {
          "type": "NOSE_BOTTOM_CENTER",
          "position": {
            "x": 547.4825439453125,
            "y": 187.2928466796875,
            "z": -23.082199096679688
          }
        },
        {
          "type": "LEFT_EYE_TOP_BOUNDARY",
          "position": {
            "x": 549.7163696289062,
            "y": 158.99249267578125,
            "z": -0.3365402817726135
          }
        },
        {
          "type": "LEFT_EYE_RIGHT_CORNER",
          "position": {
            "x": 554.3187866210938,
            "y": 161.2768096923828,
            "z": -7.426489353179932
          }
        },
        {
          "type": "LEFT_EYE_BOTTOM_BOUNDARY",
          "position": {
            "x": 552.164794921875,
            "y": 164.19131469726562,
            "z": -0.2053377777338028
          }
        },
        {
          "type": "LEFT_EYE_LEFT_CORNER",
          "position": {
            "x": 554.0689697265625,
            "y": 162.2530517578125,
            "z": 8.358904838562012
          }
        },
        {
          "type": "LEFT_EYE_PUPIL",
          "position": {
            "x": 551.3156127929688,
            "y": 161.64649963378906,
            "z": 0.4404715299606323
          }
        },
        {
          "type": "RIGHT_EYE_TOP_BOUNDARY",
          "position": {
            "x": 558.48974609375,
            "y": 155.92535400390625,
            "z": -37.875640869140625
          }
        },
        {
          "type": "RIGHT_EYE_RIGHT_CORNER",
          "position": {
            "x": 567.2481689453125,
            "y": 158.23919677734375,
            "z": -44.43093490600586
          }
        },
        {
          "type": "RIGHT_EYE_BOTTOM_BOUNDARY",
          "position": {
            "x": 561.3836669921875,
            "y": 161.18743896484375,
            "z": -37.77034378051758
          }
        },
        {
          "type": "RIGHT_EYE_LEFT_CORNER",
          "position": {
            "x": 558.6609497070312,
            "y": 159.908447265625,
            "z": -29.740755081176758
          }
        },
        {
          "type": "RIGHT_EYE_PUPIL",
          "position": {
            "x": 560.2745361328125,
            "y": 158.51223754882812,
            "z": -38.08604431152344
          }
        },
        {
          "type": "LEFT_EYEBROW_UPPER_MIDPOINT",
          "position": {
            "x": 546.9874877929688,
            "y": 147.96002197265625,
            "z": 1.6091508865356445
          }
        },
        {
          "type": "RIGHT_EYEBROW_UPPER_MIDPOINT",
          "position": {
            "x": 556.5196533203125,
            "y": 144.61917114257812,
            "z": -39.11948776245117
          }
        },
        {
          "type": "LEFT_EAR_TRAGION",
          "position": {
            "x": 594.0939331054688,
            "y": 181.34368896484375,
            "z": 33.5884895324707
          }
        },
        {
          "type": "RIGHT_EAR_TRAGION",
          "position": {
            "x": 614.47509765625,
            "y": 174.0892333984375,
            "z": -51.94377136230469
          }
        },
        {
          "type": "FOREHEAD_GLABELLA",
          "position": {
            "x": 547.580322265625,
            "y": 150.53758239746094,
            "z": -20.07373046875
          }
        },
        {
          "type": "CHIN_GNATHION",
          "position": {
            "x": 556.1767578125,
            "y": 228.64480590820312,
            "z": -24.209461212158203
          }
        },
        {
          "type": "CHIN_LEFT_GONION",
          "position": {
            "x": 580.8804931640625,
            "y": 206.09552001953125,
            "z": 24.145702362060547
          }
        },
        {
          "type": "CHIN_RIGHT_GONION",
          "position": {
            "x": 598.9983520507812,
            "y": 200.18951416015625,
            "z": -53.178550720214844
          }
        }
      ],
      "rollAngle": -2.2979865074157715,
      "panAngle": -76.6888656616211,
      "tiltAngle": 4.153970718383789,
      "detectionConfidence": 0.9092962145805359,
      "landmarkingConfidence": 0.3852434754371643,
      "joyLikelihood": "UNLIKELY",
      "sorrowLikelihood": "VERY_UNLIKELY",
      "angerLikelihood": "VERY_UNLIKELY",
      "surpriseLikelihood": "VERY_UNLIKELY",
      "underExposedLikelihood": "VERY_UNLIKELY",
      "blurredLikelihood": "VERY_UNLIKELY",
      "headwearLikelihood": "VERY_UNLIKELY"
    }
  ]
}
