{
  "faceAnnotations": [
    {
      "boundingPoly": {
        "vertices": [
          {
            "x": 364,
            "y": 280
          },
          {
            "x": 528,
            "y": 280
          },
          {
            "x": 528,
            "y": 471
          },
          {
            "x": 364,
            "y": 471
          }
        ]
      },
      "fdBoundingPoly": {
        "vertices": [
          {
            "x": 403,
            "y": 325
          },
          {
            "x": 524,
            "y": 325
          },
          {
            "x": 524,
            "y": 447
          },
          {
            "x": 403,
            "y": 447
          }
        ]
      },
      "landmarks": [
        {
          "type": "LEFT_EYE",
          "position": {
            "x": 457.1141662597656,
            "y": 362.12542724609375,
            "z": -0.0011370258871465921
          }
        },
        {
          "type": "RIGHT_EYE",
          "position": {
            "x": 494.996826171875,
            "y": 365.47540283203125,
            "z": 30.07600975036621
          }
        },
        {
          "type": "LEFT_OF_LEFT_EYEBROW",
          "position": {
            "x": 436.2250061035156,
            "y": 352.3050842285156,
            "z": -6.597832679748535
          }
        },
        {
          "type": "RIGHT_OF_LEFT_EYEBROW",
          "position": {
            "x": 472.1197509765625,
            "y": 352.26226806640625,
            "z": 0.5590618252754211
          }
        },
        {
          "type": "LEFT_OF_RIGHT_EYEBROW",
          "position": {
            "x": 490.773193359375,
            "y": 352.6498718261719,
            "z": 15.42935562133789
          }
        },
        {
          "type": "RIGHT_OF_RIGHT_EYEBROW",
          "position": {
            "x": 505.0557861328125,
            "y": 355.39923095703125,
            "z": 44.95532989501953
          }
        },
        {
          "type": "MIDPOINT_BETWEEN_EYES",
          "position": {
            "x": 481.5025329589844,
            "y": 362.62066650390625,
            "z": 6.5464887619018555
          }
        },
        {
          "type": "NOSE_TIP",
          "position": {
            "x": 491.2164001464844,
            "y": 389.5710754394531,
            "z": -7.359376907348633
          }
        },
        {
          "type": "UPPER_LIP",
          "position": {
            "x": 483.4336853027344,
            "y": 407.0037841796875,
            "z": 0.36381542682647705
          }
        },
        {
          "type": "LOWER_LIP",
          "position": {
            "x": 480.8228759765625,
            "y": 427.04510498046875,
            "z": 1.754772663116455
          }
        },
        {
          "type": "MOUTH_LEFT",
          "position": {
            "x": 451.0977783203125,
            "y": 413.2119140625,
            "z": -1.8307299613952637
          }
        },
        {
          "type": "MOUTH_RIGHT",
          "position": {
            "x": 490.3288269042969,
            "y": 417.18536376953125,
            "z": 22.453086853027344
          }
        },
        {
          "type": "MOUTH_CENTER",
          "position": {
            "x": 481.1444091796875,
            "y": 416.8114929199219,
            "z": 2.600857973098755
          }
        },
        {
          "type": "NOSE_BOTTOM_RIGHT",
          "position": {
            "x": 489.90008544921875,
            "y": 395.2174987792969,
            "z": 15.966032028198242
          }
        },
        {
          "type": "NOSE_BOTTOM_LEFT",
          "position": {
            "x": 469.32623291015625,
            "y": 392.51580810546875,
            "z": -0.8039693236351013
          }
        },
        {
          "type": "NOSE_BOTTOM_CENTER",
          "position": {
            "x": 484.4516296386719,
            "y": 397.4526062011719,
            "z": 0.9981247186660767
          }
        },
        {
          "type": "LEFT_EYE_TOP_BOUNDARY",
          "position": {
            "x": 457.9228515625,
            "y": 359.41912841796875,
            "z": -3.1190130710601807
          }
        },
        {
          "type": "LEFT_EYE_RIGHT_CORNER",
          "position": {
            "x": 464.1971435546875,
            "y": 363.7174987792969,
            "z": 5.622947692871094
          }
        },
        {
          "type": "LEFT_EYE_BOTTOM_BOUNDARY",
          "position": {
            "x": 457.0212097167969,
            "y": 365.3355712890625,
            "z": -1.2312084436416626
          }
        },
        {
          "type": "LEFT_EYE_LEFT_CORNER",
          "position": {
            "x": 445.3905029296875,
            "y": 363.68719482421875,
            "z": -3.340726613998413
          }
        },
        {
          "type": "LEFT_EYE_PUPIL",
          "position": {
            "x": 455.9938659667969,
            "y": 362.93212890625,
            "z": -2.2582976818084717
          }
        },
        {
          "type": "RIGHT_EYE_TOP_BOUNDARY",
          "position": {
            "x": 496.8788146972656,
            "y": 362.11761474609375,
            "z": 27.564451217651367
          }
        },
        {
          "type": "RIGHT_EYE_RIGHT_CORNER",
          "position": {
            "x": 499.7879638671875,
            "y": 366.7591857910156,
            "z": 39.63405227661133
          }
        },
        {
          "type": "RIGHT_EYE_BOTTOM_BOUNDARY",
          "position": {
            "x": 495.6639709472656,
            "y": 369.1834411621094,
            "z": 29.367212295532227
          }
        },
        {
          "type": "RIGHT_EYE_LEFT_CORNER",
          "position": {
            "x": 486.75115966796875,
            "y": 366.50177001953125,
            "z": 23.805614471435547
          }
        },
        {
          "type": "RIGHT_EYE_PUPIL",
          "position": {
            "x": 496.0046081542969,
            "y": 365.7284851074219,
            "z": 29.177608489990234
          }
        },
        {
          "type": "LEFT_EYEBROW_UPPER_MIDPOINT",
          "position": {
            "x": 457.696533203125,
            "y": 344.86737060546875,
            "z": -5.27589225769043
          }
        },
        {
          "type": "RIGHT_EYEBROW_UPPER_MIDPOINT",
          "position": {
            "x": 500.06402587890625,
            "y": 347.7712707519531,
            "z": 28.02959442138672
          }
        },
        {
          "type": "LEFT_EAR_TRAGION",
          "position": {
            "x": 392.7755126953125,
            "y": 389.6570129394531,
            "z": 25.651350021362305
          }
        },
        {
          "type": "RIGHT_EAR_TRAGION",
          "position": {
            "x": 481.355224609375,
            "y": 395.8062744140625,
            "z": 95.51823425292969
          }
        },
        {
          "type": "FOREHEAD_GLABELLA",
          "position": {
            "x": 482.4679260253906,
            "y": 351.2498779296875,
            "z": 6.472851753234863
          }
        },
        {
          "type": "CHIN_GNATHION",
          "position": {
            "x": 479.39892578125,
            "y": 451.06640625,
            "z": 4.325174331665039
          }
        },
        {
          "type": "CHIN_LEFT_GONION",
          "position": {
            "x": 409.5005187988281,
            "y": 420.3631591796875,
            "z": 10.546809196472168
          }
        },
        {
          "type": "CHIN_RIGHT_GONION",
          "position": {
            "x": 489.5391540527344,
            "y": 425.76116943359375,
            "z": 73.57095336914062
          }
        }
      ],
      "rollAngle": 0.0716436579823494,
      "panAngle": 38.297401428222656,
      "tiltAngle": 4.852945804595947,
      "detectionConfidence": 0.9911148548126221,
      "landmarkingConfidence": 0.677678644657135,
      "joyLikelihood": "VERY_LIKELY",
      "sorrowLikelihood": "VERY_UNLIKELY",
      "angerLikelihood": "VERY_UNLIKELY",
      "surpriseLikelihood": "VERY_UNLIKELY",
      "underExposedLikelihood": "VERY_UNLIKELY",
      "blurredLikelihood": "VERY_UNLIKELY",
      "headwearLikelihood": "VERY_UNLIKELY"
    },
    {
      "boundingPoly": {
        "vertices": [
          {
            "x": 815,
            "y": 270
          },
          {
            "x": 976,
            "y": 270
          },
          {
            "x": 976,
            "y": 456
          },
          {
            "x": 815,
            "y": 456
          }
        ]
      },
      "fdBoundingPoly": {
        "vertices": [
          {
            "x": 827,
            "y": 309
          },
          {
            "x": 946,
            "y": 309
          },
          {
            "x": 946,
            "y": 428
          },
          {
            "x": 827,
            "y": 428
          }
        ]
      },
      "landmarks": [
        {
          "type": "LEFT_EYE",
          "position": {
            "x": 852.3878784179688,
            "y": 349.385986328125,
            "z": 0.0008003339753486216
          }
        },
        {
          "type": "RIGHT_EYE",
          "position": {
            "x": 889.4388427734375,
            "y": 346.8476257324219,
            "z": -23.502593994140625
          }
        },
        {
          "type": "LEFT_OF_LEFT_EYEBROW",
          "position": {
            "x": 839.1239013671875,
            "y": 341.822998046875,
            "z": 14.501962661743164
          }
        },
        {
          "type": "RIGHT_OF_LEFT_EYEBROW",
          "position": {
            "x": 856.2625732421875,
            "y": 337.08404541015625,
            "z": -12.134803771972656
          }
        },
        {
          "type": "LEFT_OF_RIGHT_EYEBROW",
          "position": {
            "x": 876.0831909179688,
            "y": 335.4359436035156,
            "z": -24.329282760620117
          }
        },
        {
          "type": "RIGHT_OF_RIGHT_EYEBROW",
          "position": {
            "x": 907.5732421875,
            "y": 334.1260986328125,
            "z": -27.55375862121582
          }
        },
        {
          "type": "MIDPOINT_BETWEEN_EYES",
          "position": {
            "x": 866.0473022460938,
            "y": 345.53961181640625,
            "z": -20.360382080078125
          }
        },
        {
          "type": "NOSE_TIP",
          "position": {
            "x": 858.4282836914062,
            "y": 373.552978515625,
            "z": -37.062068939208984
          }
        },
        {
          "type": "UPPER_LIP",
          "position": {
            "x": 866.0663452148438,
            "y": 388.15673828125,
            "z": -29.55011558532715
          }
        },
        {
          "type": "LOWER_LIP",
          "position": {
            "x": 868.9234008789062,
            "y": 409.798828125,
            "z": -29.336355209350586
          }
        },
        {
          "type": "MOUTH_LEFT",
          "position": {
            "x": 856.5343627929688,
            "y": 400.9347229003906,
            "z": -9.793864250183105
          }
        },
        {
          "type": "MOUTH_RIGHT",
          "position": {
            "x": 896.3824462890625,
            "y": 393.9617919921875,
            "z": -28.978168487548828
          }
        },
        {
          "type": "MOUTH_CENTER",
          "position": {
            "x": 868.0507202148438,
            "y": 399.2735595703125,
            "z": -27.809675216674805
          }
        },
        {
          "type": "NOSE_BOTTOM_RIGHT",
          "position": {
            "x": 879.7748413085938,
            "y": 374.73040771484375,
            "z": -28.14565658569336
          }
        },
        {
          "type": "NOSE_BOTTOM_LEFT",
          "position": {
            "x": 857.2607421875,
            "y": 378.28668212890625,
            "z": -14.356098175048828
          }
        },
        {
          "type": "NOSE_BOTTOM_CENTER",
          "position": {
            "x": 865.0018310546875,
            "y": 380.18719482421875,
            "z": -28.368453979492188
          }
        },
        {
          "type": "LEFT_EYE_TOP_BOUNDARY",
          "position": {
            "x": 849.1211547851562,
            "y": 347.18365478515625,
            "z": -1.6868371963500977
          }
        },
        {
          "type": "LEFT_EYE_RIGHT_CORNER",
          "position": {
            "x": 859.9154663085938,
            "y": 349.7083435058594,
            "z": -4.529629707336426
          }
        },
        {
          "type": "LEFT_EYE_BOTTOM_BOUNDARY",
          "position": {
            "x": 850.9532470703125,
            "y": 353.01116943359375,
            "z": -0.28543972969055176
          }
        },
        {
          "type": "LEFT_EYE_LEFT_CORNER",
          "position": {
            "x": 844.9945678710938,
            "y": 352.4987487792969,
            "z": 9.260924339294434
          }
        },
        {
          "type": "LEFT_EYE_PUPIL",
          "position": {
            "x": 849.6007690429688,
            "y": 350.7924499511719,
            "z": -0.009203840978443623
          }
        },
        {
          "type": "RIGHT_EYE_TOP_BOUNDARY",
          "position": {
            "x": 890.350341796875,
            "y": 342.3724670410156,
            "z": -26.801298141479492
          }
        },
        {
          "type": "RIGHT_EYE_RIGHT_CORNER",
          "position": {
            "x": 901.7145385742188,
            "y": 346.8294677734375,
            "z": -25.885581970214844
          }
        },
        {
          "type": "RIGHT_EYE_BOTTOM_BOUNDARY",
          "position": {
            "x": 890.5359497070312,
            "y": 349.5351867675781,
            "z": -25.266067504882812
          }
        },
        {
          "type": "RIGHT_EYE_LEFT_CORNER",
          "position": {
            "x": 883.7147827148438,
            "y": 347.3665771484375,
            "z": -19.382017135620117
          }
        },
        {
          "type": "RIGHT_EYE_PUPIL",
          "position": {
            "x": 891.92138671875,
            "y": 345.8960266113281,
            "z": -25.890613555908203
          }
        },
        {
          "type": "LEFT_EYEBROW_UPPER_MIDPOINT",
          "position": {
            "x": 845.7395629882812,
            "y": 333.2403564453125,
            "z": -0.5589380264282227
          }
        },
        {
          "type": "RIGHT_EYEBROW_UPPER_MIDPOINT",
          "position": {
            "x": 890.5623168945312,
            "y": 327.9828186035156,
            "z": -27.81352996826172
          }
        },
        {
          "type": "LEFT_EAR_TRAGION",
          "position": {
            "x": 856.8656616210938,
            "y": 384.8230895996094,
            "z": 63.33681869506836
          }
        },
        {
          "type": "RIGHT_EAR_TRAGION",
          "position": {
            "x": 950.850830078125,
            "y": 377.5386657714844,
            "z": 5.932237148284912
          }
        },
        {
          "type": "FOREHEAD_GLABELLA",
          "position": {
            "x": 865.3143310546875,
            "y": 335.1045837402344,
            "z": -19.712696075439453
          }
        },
        {
          "type": "CHIN_GNATHION",
          "position": {
            "x": 872.2051391601562,
            "y": 430.1816711425781,
            "z": -26.850994110107422
          }
        },
        {
          "type": "CHIN_LEFT_GONION",
          "position": {
            "x": 851.6574096679688,
            "y": 412.6781311035156,
            "z": 39.24786376953125
          }
        },
        {
          "type": "CHIN_RIGHT_GONION",
          "position": {
            "x": 936.5770263671875,
            "y": 403.0059814453125,
            "z": -12.364518165588379
          }
        }
      ],
      "rollAngle": -1.3738073110580444,
      "panAngle": -31.516544342041016,
      "tiltAngle": 8.786182403564453,
      "detectionConfidence": 0.9994805455207825,
      "landmarkingConfidence": 0.7728480100631714,
      "joyLikelihood": "VERY_LIKELY",
      "sorrowLikelihood": "VERY_UNLIKELY",
      "angerLikelihood": "VERY_UNLIKELY",
      "surpriseLikelihood": "VERY_UNLIKELY",
      "underExposedLikelihood": "VERY_UNLIKELY",
      "blurredLikelihood": "VERY_UNLIKELY",
      "headwearLikelihood": "VERY_UNLIKELY"
    }
  ]
}
