{
  "faceAnnotations": [
    {
      "boundingPoly": {
        "vertices": [
          {
            "x": 857,
            "y": 121
          },
          {
            "x": 979,
            "y": 121
          },
          {
            "x": 979,
            "y": 262
          },
          {
            "x": 857,
            "y": 262
          }
        ]
      },
      "fdBoundingPoly": {
        "vertices": [
          {
            "x": 878,
            "y": 147
          },
          {
            "x": 970,
            "y": 147
          },
          {
            "x": 970,
            "y": 239
          },
          {
            "x": 878,
            "y": 239
          }
        ]
      },
      "landmarks": [
        {
          "type": "LEFT_EYE",
          "position": {
            "x": 928.1358032226562,
            "y": 174.74974060058594,
            "z": 0.0003539414028637111
          }
        },
        {
          "type": "RIGHT_EYE",
          "position": {
            "x": 954.5933227539062,
            "y": 185.66249084472656,
            "z": 16.648656845092773
          }
        },
        {
          "type": "LEFT_OF_LEFT_EYEBROW",
          "position": {
            "x": 913.8411865234375,
            "y": 164.0782928466797,
            "z": -2.4604969024658203
          }
        },
        {
          "type": "RIGHT_OF_LEFT_EYEBROW",
          "position": {
            "x": 938.0262451171875,
            "y": 169.32931518554688,
            "z": -0.33575353026390076
          }
        },
        {
          "type": "LEFT_OF_RIGHT_EYEBROW",
          "position": {
            "x": 952.8450317382812,
            "y": 174.23109436035156,
            "z": 8.649091720581055
          }
        },
        {
          "type": "RIGHT_OF_RIGHT_EYEBROW",
          "position": {
            "x": 964.90771484375,
            "y": 182.57797241210938,
            "z": 28.209413528442383
          }
        },
        {
          "type": "MIDPOINT_BETWEEN_EYES",
          "position": {
            "x": 944.187744140625,
            "y": 179.87457275390625,
            "z": 1.3248168230056763
          }
        },
        {
          "type": "NOSE_TIP",
          "position": {
            "x": 946.5864868164062,
            "y": 197.0391845703125,
            "z": -13.633271217346191
          }
        },
        {
          "type": "UPPER_LIP",
          "position": {
            "x": 938.561767578125,
            "y": 212.28195190429688,
            "z": -10.445943832397461
          }
        },
        {
          "type": "LOWER_LIP",
          "position": {
            "x": 935.0220947265625,
            "y": 222.82394409179688,
            "z": -11.64699935913086
          }
        },
        {
          "type": "MOUTH_LEFT",
          "position": {
            "x": 919.90966796875,
            "y": 214.23477172851562,
            "z": -10.929993629455566
          }
        },
        {
          "type": "MOUTH_RIGHT",
          "position": {
            "x": 943.5963134765625,
            "y": 222.12063598632812,
            "z": 3.1035234928131104
          }
        },
        {
          "type": "MOUTH_CENTER",
          "position": {
            "x": 936.4118041992188,
            "y": 217.32749938964844,
            "z": -9.780085563659668
          }
        },
        {
          "type": "NOSE_BOTTOM_RIGHT",
          "position": {
            "x": 946.887939453125,
            "y": 204.6055450439453,
            "z": 2.3822426795959473
          }
        },
        {
          "type": "NOSE_BOTTOM_LEFT",
          "position": {
            "x": 929.60205078125,
            "y": 200.0538330078125,
            "z": -7.895937442779541
          }
        },
        {
          "type": "NOSE_BOTTOM_CENTER",
          "position": {
            "x": 940.6635131835938,
            "y": 203.36859130859375,
            "z": -8.185730934143066
          }
        },
        {
          "type": "LEFT_EYE_TOP_BOUNDARY",
          "position": {
            "x": 926.55419921875,
            "y": 172.54541015625,
            "z": -2.898813247680664
          }
        },
        {
          "type": "LEFT_EYE_RIGHT_CORNER",
          "position": {
            "x": 931.6572265625,
            "y": 178.23126220703125,
            "z": 2.263587474822998
          }
        },
        {
          "type": "LEFT_EYE_BOTTOM_BOUNDARY",
          "position": {
            "x": 925.6435546875,
            "y": 177.78274536132812,
            "z": -2.4394538402557373
          }
        },
        {
          "type": "LEFT_EYE_LEFT_CORNER",
          "position": {
            "x": 917.5018920898438,
            "y": 173.30908203125,
            "z": -2.361011028289795
          }
        },
        {
          "type": "LEFT_EYE_PUPIL",
          "position": {
            "x": 924.6648559570312,
            "y": 175.08424377441406,
            "z": -2.6396572589874268
          }
        },
        {
          "type": "RIGHT_EYE_TOP_BOUNDARY",
          "position": {
            "x": 956.91064453125,
            "y": 183.7991180419922,
            "z": 15.483195304870605
          }
        },
        {
          "type": "RIGHT_EYE_RIGHT_CORNER",
          "position": {
            "x": 959.2260131835938,
            "y": 189.4316864013672,
            "z": 23.147172927856445
          }
        },
        {
          "type": "RIGHT_EYE_BOTTOM_BOUNDARY",
          "position": {
            "x": 954.567626953125,
            "y": 188.81192016601562,
            "z": 15.752598762512207
          }
        },
        {
          "type": "RIGHT_EYE_LEFT_CORNER",
          "position": {
            "x": 947.904296875,
            "y": 184.91030883789062,
            "z": 12.851107597351074
          }
        },
        {
          "type": "RIGHT_EYE_PUPIL",
          "position": {
            "x": 955.8663330078125,
            "y": 186.6548614501953,
            "z": 16.22180938720703
          }
        },
        {
          "type": "LEFT_EYEBROW_UPPER_MIDPOINT",
          "position": {
            "x": 928.0595092773438,
            "y": 161.6925048828125,
            "z": -2.138542413711548
          }
        },
        {
          "type": "RIGHT_EYEBROW_UPPER_MIDPOINT",
          "position": {
            "x": 961.06005859375,
            "y": 173.8729705810547,
            "z": 17.82474136352539
          }
        },
        {
          "type": "LEFT_EAR_TRAGION",
          "position": {
            "x": 878.2611694335938,
            "y": 192.80535888671875,
            "z": 18.699039459228516
          }
        },
        {
          "type": "RIGHT_EAR_TRAGION",
          "position": {
            "x": 945.7915649414062,
            "y": 217.93185424804688,
            "z": 60.395076751708984
          }
        },
        {
          "type": "FOREHEAD_GLABELLA",
          "position": {
            "x": 946.2257690429688,
            "y": 170.93386840820312,
            "z": 3.1579973697662354
          }
        },
        {
          "type": "CHIN_GNATHION",
          "position": {
            "x": 930.0072021484375,
            "y": 241.29110717773438,
            "z": -12.459918022155762
          }
        },
        {
          "type": "CHIN_LEFT_GONION",
          "position": {
            "x": 886.5516357421875,
            "y": 215.612060546875,
            "z": 1.2444863319396973
          }
        },
        {
          "type": "CHIN_RIGHT_GONION",
          "position": {
            "x": 946.89697265625,
            "y": 236.6830596923828,
            "z": 38.249122619628906
          }
        }
      ],
      "rollAngle": 10.485794067382812,
      "panAngle": 30.96892547607422,
      "tiltAngle": 16.71637725830078,
      "detectionConfidence": 0.9998180866241455,
      "landmarkingConfidence": 0.6541666388511658,
      "joyLikelihood": "VERY_UNLIKELY",
      "sorrowLikelihood": "VERY_UNLIKELY",
      "angerLikelihood": "VERY_UNLIKELY",
      "surpriseLikelihood": "VERY_UNLIKELY",
      "underExposedLikelihood": "VERY_UNLIKELY",
      "blurredLikelihood": "VERY_UNLIKELY",
      "headwearLikelihood": "VERY_UNLIKELY"
    },
    {
      "boundingPoly": {
        "vertices": [
          {
            "x": 208,
            "y": 128
          },
          {
            "x": 318,
            "y": 128
          },
          {
            "x": 318,
            "y": 257
          },
          {
            "x": 208,
            "y": 257
          }
        ]
      },
      "fdBoundingPoly": {
        "vertices": [
          {
            "x": 214,
            "y": 162
          },
          {
            "x": 300,
            "y": 162
          },
          {
            "x": 300,
            "y": 248
          },
          {
            "x": 214,
            "y": 248
          }
        ]
      },
      "landmarks": [
        {
          "type": "LEFT_EYE",
          "position": {
            "x": 232.79344177246094,
            "y": 183.14540100097656,
            "z": -0.00044569422607310116
          }
        },
        {
          "type": "RIGHT_EYE",
          "position": {
            "x": 256.3720703125,
            "y": 191.5760955810547,
            "z": -20.35813331604004
          }
        },
        {
          "type": "LEFT_OF_LEFT_EYEBROW",
          "position": {
            "x": 229.03936767578125,
            "y": 173.4722442626953,
            "z": 7.515405654907227
          }
        },
        {
          "type": "RIGHT_OF_LEFT_EYEBROW",
          "position": {
            "x": 236.9497528076172,
            "y": 178.45779418945312,
            "z": -11.75719928741455
          }
        },
        {
          "type": "LEFT_OF_RIGHT_EYEBROW",
          "position": {
            "x": 248.88124084472656,
            "y": 182.40963745117188,
            "z": -21.754295349121094
          }
        },
        {
          "type": "RIGHT_OF_RIGHT_EYEBROW",
          "position": {
            "x": 271.1605529785156,
            "y": 187.8429718017578,
            "z": -26.76710319519043
          }
        },
        {
          "type": "MIDPOINT_BETWEEN_EYES",
          "position": {
            "x": 240.99066162109375,
            "y": 186.81959533691406,
            "z": -15.924667358398438
          }
        },
        {
          "type": "NOSE_TIP",
          "position": {
            "x": 230.70370483398438,
            "y": 205.01002502441406,
            "z": -19.841909408569336
          }
        },
        {
          "type": "UPPER_LIP",
          "position": {
            "x": 234.08348083496094,
            "y": 216.19281005859375,
            "z": -11.96845817565918
          }
        },
        {
          "type": "LOWER_LIP",
          "position": {
            "x": 233.48936462402344,
            "y": 227.0828094482422,
            "z": -8.177942276000977
          }
        },
        {
          "type": "MOUTH_LEFT",
          "position": {
            "x": 229.4908905029297,
            "y": 217.74761962890625,
            "z": 3.5583741664886475
          }
        },
        {
          "type": "MOUTH_RIGHT",
          "position": {
            "x": 248.4665985107422,
            "y": 224.31842041015625,
            "z": -12.532520294189453
          }
        },
        {
          "type": "MOUTH_CENTER",
          "position": {
            "x": 234.6348419189453,
            "y": 221.13656616210938,
            "z": -9.209306716918945
          }
        },
        {
          "type": "NOSE_BOTTOM_RIGHT",
          "position": {
            "x": 243.54861450195312,
            "y": 209.41966247558594,
            "z": -15.208298683166504
          }
        },
        {
          "type": "NOSE_BOTTOM_LEFT",
          "position": {
            "x": 232.4481201171875,
            "y": 205.03697204589844,
            "z": -4.212989330291748
          }
        },
        {
          "type": "NOSE_BOTTOM_CENTER",
          "position": {
            "x": 234.56385803222656,
            "y": 210.16357421875,
            "z": -13.231142044067383
          }
        },
        {
          "type": "LEFT_EYE_TOP_BOUNDARY",
          "position": {
            "x": 232.48468017578125,
            "y": 181.6002197265625,
            "z": -2.414917230606079
          }
        },
        {
          "type": "LEFT_EYE_RIGHT_CORNER",
          "position": {
            "x": 237.69802856445312,
            "y": 185.7952423095703,
            "z": -4.162322044372559
          }
        },
        {
          "type": "LEFT_EYE_BOTTOM_BOUNDARY",
          "position": {
            "x": 232.2013702392578,
            "y": 185.6521453857422,
            "z": -0.07454438507556915
          }
        },
        {
          "type": "LEFT_EYE_LEFT_CORNER",
          "position": {
            "x": 230.69020080566406,
            "y": 182.11827087402344,
            "z": 6.037552356719971
          }
        },
        {
          "type": "LEFT_EYE_PUPIL",
          "position": {
            "x": 232.63198852539062,
            "y": 183.64138793945312,
            "z": -0.6144867539405823
          }
        },
        {
          "type": "RIGHT_EYE_TOP_BOUNDARY",
          "position": {
            "x": 256.19537353515625,
            "y": 190.05604553222656,
            "z": -22.873598098754883
          }
        },
        {
          "type": "RIGHT_EYE_RIGHT_CORNER",
          "position": {
            "x": 264.00067138671875,
            "y": 193.9376983642578,
            "z": -22.61088752746582
          }
        },
        {
          "type": "RIGHT_EYE_BOTTOM_BOUNDARY",
          "position": {
            "x": 257.24310302734375,
            "y": 194.75509643554688,
            "z": -20.675491333007812
          }
        },
        {
          "type": "RIGHT_EYE_LEFT_CORNER",
          "position": {
            "x": 252.2667694091797,
            "y": 190.9835205078125,
            "z": -16.497480392456055
          }
        },
        {
          "type": "RIGHT_EYE_PUPIL",
          "position": {
            "x": 256.9015197753906,
            "y": 192.3180694580078,
            "z": -21.631221771240234
          }
        },
        {
          "type": "LEFT_EYEBROW_UPPER_MIDPOINT",
          "position": {
            "x": 232.26637268066406,
            "y": 172.1735076904297,
            "z": -4.457870006561279
          }
        },
        {
          "type": "RIGHT_EYEBROW_UPPER_MIDPOINT",
          "position": {
            "x": 258.0303649902344,
            "y": 181.31637573242188,
            "z": -26.676145553588867
          }
        },
        {
          "type": "LEFT_EAR_TRAGION",
          "position": {
            "x": 241.78128051757812,
            "y": 193.06228637695312,
            "z": 46.227474212646484
          }
        },
        {
          "type": "RIGHT_EAR_TRAGION",
          "position": {
            "x": 299.53912353515625,
            "y": 213.34010314941406,
            "z": -0.1227036714553833
          }
        },
        {
          "type": "FOREHEAD_GLABELLA",
          "position": {
            "x": 241.9820556640625,
            "y": 180.1532745361328,
            "z": -17.75617790222168
          }
        },
        {
          "type": "CHIN_GNATHION",
          "position": {
            "x": 234.2935028076172,
            "y": 240.58120727539062,
            "z": -2.0835962295532227
          }
        },
        {
          "type": "CHIN_LEFT_GONION",
          "position": {
            "x": 231.9815673828125,
            "y": 214.0329132080078,
            "z": 37.764739990234375
          }
        },
        {
          "type": "CHIN_RIGHT_GONION",
          "position": {
            "x": 280.9012756347656,
            "y": 231.89553833007812,
            "z": -4.553398609161377
          }
        }
      ],
      "rollAngle": 11.182849884033203,
      "panAngle": -39.85701370239258,
      "tiltAngle": -10.2337007522583,
      "detectionConfidence": 0.9013913869857788,
      "landmarkingConfidence": 0.5545905232429504,
      "joyLikelihood": "VERY_UNLIKELY",
      "sorrowLikelihood": "VERY_UNLIKELY",
      "angerLikelihood": "VERY_UNLIKELY",
      "surpriseLikelihood": "VERY_UNLIKELY",
      "underExposedLikelihood": "VERY_UNLIKELY",
      "blurredLikelihood": "VERY_UNLIKELY",
      "headwearLikelihood": "VERY_UNLIKELY"
    }
  ]
}
