{
  "faceAnnotations": [
    {
      "boundingPoly": {
        "vertices": [
          {
            "x": 858,
            "y": 445
          },
          {
            "x": 1082,
            "y": 445
          },
          {
            "x": 1082,
            "y": 705
          },
          {
            "x": 858,
            "y": 705
          }
        ]
      },
      "fdBoundingPoly": {
        "vertices": [
          {
            "x": 923,
            "y": 544
          },
          {
            "x": 1067,
            "y": 544
          },
          {
            "x": 1067,
            "y": 688
          },
          {
            "x": 923,
            "y": 688
          }
        ]
      },
      "landmarks": [
        {
          "type": "LEFT_EYE",
          "position": {
            "x": 992.1226806640625,
            "y": 580.0679321289062,
            "z": -0.0006076164427213371
          }
        },
        {
          "type": "RIGHT_EYE",
          "position": {
            "x": 1040.3345947265625,
            "y": 596.1021118164062,
            "z": 42.51547622680664
          }
        },
        {
          "type": "LEFT_OF_LEFT_EYEBROW",
          "position": {
            "x": 976.1309204101562,
            "y": 562.1195068359375,
            "z": -12.531038284301758
          }
        },
        {
          "type": "RIGHT_OF_LEFT_EYEBROW",
          "position": {
            "x": 1016.1280517578125,
            "y": 578.8151245117188,
            "z": -1.6019634008407593
          }
        },
        {
          "type": "LEFT_OF_RIGHT_EYEBROW",
          "position": {
            "x": 1041.4385986328125,
            "y": 584.3271484375,
            "z": 19.090709686279297
          }
        },
        {
          "type": "RIGHT_OF_RIGHT_EYEBROW",
          "position": {
            "x": 1061.12548828125,
            "y": 585.02880859375,
            "z": 59.338722229003906
          }
        },
        {
          "type": "MIDPOINT_BETWEEN_EYES",
          "position": {
            "x": 1023.1160888671875,
            "y": 595.0941162109375,
            "z": 10.752041816711426
          }
        },
        {
          "type": "NOSE_TIP",
          "position": {
            "x": 1017.846435546875,
            "y": 639.7160034179688,
            "z": 2.8079605102539062
          }
        },
        {
          "type": "UPPER_LIP",
          "position": {
            "x": 999.6145629882812,
            "y": 654.1219482421875,
            "z": 19.506145477294922
          }
        },
        {
          "type": "LOWER_LIP",
          "position": {
            "x": 990.074951171875,
            "y": 670.4296875,
            "z": 26.87737464904785
          }
        },
        {
          "type": "MOUTH_LEFT",
          "position": {
            "x": 969.75927734375,
            "y": 648.387939453125,
            "z": 17.883453369140625
          }
        },
        {
          "type": "MOUTH_RIGHT",
          "position": {
            "x": 1005.279541015625,
            "y": 660.3048095703125,
            "z": 51.38018035888672
          }
        },
        {
          "type": "MOUTH_CENTER",
          "position": {
            "x": 994.0503540039062,
            "y": 660.8115234375,
            "z": 25.05907440185547
          }
        },
        {
          "type": "NOSE_BOTTOM_RIGHT",
          "position": {
            "x": 1016.8455200195312,
            "y": 635.4276733398438,
            "z": 35.17210388183594
          }
        },
        {
          "type": "NOSE_BOTTOM_LEFT",
          "position": {
            "x": 989.2506713867188,
            "y": 629.9305419921875,
            "z": 11.938109397888184
          }
        },
        {
          "type": "NOSE_BOTTOM_CENTER",
          "position": {
            "x": 1004.5060424804688,
            "y": 643.4264526367188,
            "z": 16.857519149780273
          }
        },
        {
          "type": "LEFT_EYE_TOP_BOUNDARY",
          "position": {
            "x": 994.3878173828125,
            "y": 580.9940795898438,
            "z": -4.153604984283447
          }
        },
        {
          "type": "LEFT_EYE_RIGHT_CORNER",
          "position": {
            "x": 1000.7532958984375,
            "y": 586.9968872070312,
            "z": 9.261610984802246
          }
        },
        {
          "type": "LEFT_EYE_BOTTOM_BOUNDARY",
          "position": {
            "x": 988.6478271484375,
            "y": 586.4242553710938,
            "z": 0.40696412324905396
          }
        },
        {
          "type": "LEFT_EYE_LEFT_CORNER",
          "position": {
            "x": 977.3109741210938,
            "y": 578.3837890625,
            "z": -3.665281295776367
          }
        },
        {
          "type": "LEFT_EYE_PUPIL",
          "position": {
            "x": 990.1520385742188,
            "y": 583.978515625,
            "z": -1.7893174886703491
          }
        },
        {
          "type": "RIGHT_EYE_TOP_BOUNDARY",
          "position": {
            "x": 1045.2406005859375,
            "y": 594.754150390625,
            "z": 38.886104583740234
          }
        },
        {
          "type": "RIGHT_EYE_RIGHT_CORNER",
          "position": {
            "x": 1047.66748046875,
            "y": 597.7049560546875,
            "z": 56.43467330932617
          }
        },
        {
          "type": "RIGHT_EYE_BOTTOM_BOUNDARY",
          "position": {
            "x": 1038.739501953125,
            "y": 601.4102172851562,
            "z": 43.482872009277344
          }
        },
        {
          "type": "RIGHT_EYE_LEFT_CORNER",
          "position": {
            "x": 1030.260498046875,
            "y": 594.7227172851562,
            "z": 34.79316711425781
          }
        },
        {
          "type": "RIGHT_EYE_PUPIL",
          "position": {
            "x": 1042.3372802734375,
            "y": 598.166748046875,
            "z": 42.34885025024414
          }
        },
        {
          "type": "LEFT_EYEBROW_UPPER_MIDPOINT",
          "position": {
            "x": 1001.8689575195312,
            "y": 564.266357421875,
            "z": -12.228662490844727
          }
        },
        {
          "type": "RIGHT_EYEBROW_UPPER_MIDPOINT",
          "position": {
            "x": 1057.070068359375,
            "y": 579.1268310546875,
            "z": 34.47178268432617
          }
        },
        {
          "type": "LEFT_EAR_TRAGION",
          "position": {
            "x": 899.8421630859375,
            "y": 572.3438720703125,
            "z": 42.08049392700195
          }
        },
        {
          "type": "RIGHT_EAR_TRAGION",
          "position": {
            "x": 1015.3638305664062,
            "y": 603.528076171875,
            "z": 139.77647399902344
          }
        },
        {
          "type": "FOREHEAD_GLABELLA",
          "position": {
            "x": 1030.68994140625,
            "y": 581.3485717773438,
            "z": 6.591110706329346
          }
        },
        {
          "type": "CHIN_GNATHION",
          "position": {
            "x": 973.0874633789062,
            "y": 696.0338134765625,
            "z": 39.66831588745117
          }
        },
        {
          "type": "CHIN_LEFT_GONION",
          "position": {
            "x": 902.7980346679688,
            "y": 624.0391845703125,
            "z": 33.957244873046875
          }
        },
        {
          "type": "CHIN_RIGHT_GONION",
          "position": {
            "x": 1007.1729125976562,
            "y": 652.228271484375,
            "z": 122.30624389648438
          }
        }
      ],
      "rollAngle": 23.862751007080078,
      "panAngle": 40.065269470214844,
      "tiltAngle": -10.581499099731445,
      "detectionConfidence": 0.6837013959884644,
      "landmarkingConfidence": 0.6012968420982361,
      "joyLikelihood": "VERY_UNLIKELY",
      "sorrowLikelihood": "VERY_UNLIKELY",
      "angerLikelihood": "VERY_UNLIKELY",
      "surpriseLikelihood": "VERY_UNLIKELY",
      "underExposedLikelihood": "VERY_UNLIKELY",
      "blurredLikelihood": "VERY_UNLIKELY",
      "headwearLikelihood": "VERY_UNLIKELY"
    },
    {
      "boundingPoly": {
        "vertices": [
          {
            "x": 520,
            "y": 183
          },
          {
            "x": 949,
            "y": 183
          },
          {
            "x": 949,
            "y": 682
          },
          {
            "x": 520,
            "y": 682
          }
        ]
      },
      "fdBoundingPoly": {
        "vertices": [
          {
            "x": 572,
            "y": 339
          },
          {
            "x": 891,
            "y": 339
          },
          {
            "x": 891,
            "y": 658
          },
          {
            "x": 572,
            "y": 658
          }
        ]
      },
      "landmarks": [
        {
          "type": "LEFT_EYE",
          "position": {
            "x": 671.5919189453125,
            "y": 428.27935791015625,
            "z": -0.001276426832191646
          }
        },
        {
          "type": "RIGHT_EYE",
          "position": {
            "x": 801.052490234375,
            "y": 447.1855773925781,
            "z": -1.6315408945083618
          }
        },
        {
          "type": "LEFT_OF_LEFT_EYEBROW",
          "position": {
            "x": 636.2133178710938,
            "y": 388.7948913574219,
            "z": 4.924714088439941
          }
        },
        {
          "type": "RIGHT_OF_LEFT_EYEBROW",
          "position": {
            "x": 710.8143920898438,
            "y": 408.3656921386719,
            "z": -32.51803207397461
          }
        },
        {
          "type": "LEFT_OF_RIGHT_EYEBROW",
          "position": {
            "x": 773.5535888671875,
            "y": 418.9579162597656,
            "z": -33.04716110229492
          }
        },
        {
          "type": "RIGHT_OF_RIGHT_EYEBROW",
          "position": {
            "x": 850.8895263671875,
            "y": 421.8014221191406,
            "z": 2.4777064323425293
          }
        },
        {
          "type": "MIDPOINT_BETWEEN_EYES",
          "position": {
            "x": 740.9917602539062,
            "y": 435.92071533203125,
            "z": -29.239870071411133
          }
        },
        {
          "type": "NOSE_TIP",
          "position": {
            "x": 725.3218383789062,
            "y": 521.3150634765625,
            "z": -48.46816635131836
          }
        },
        {
          "type": "UPPER_LIP",
          "position": {
            "x": 719.6158447265625,
            "y": 562.1417236328125,
            "z": -7.547029495239258
          }
        },
        {
          "type": "LOWER_LIP",
          "position": {
            "x": 712.3502807617188,
            "y": 597.0697021484375,
            "z": 10.747418403625488
          }
        },
        {
          "type": "MOUTH_LEFT",
          "position": {
            "x": 670.4801635742188,
            "y": 562.2501220703125,
            "z": 30.36180877685547
          }
        },
        {
          "type": "MOUTH_RIGHT",
          "position": {
            "x": 770.271728515625,
            "y": 575.2597045898438,
            "z": 29.899316787719727
          }
        },
        {
          "type": "MOUTH_CENTER",
          "position": {
            "x": 716.8507080078125,
            "y": 574.1480712890625,
            "z": 5.795567512512207
          }
        },
        {
          "type": "NOSE_BOTTOM_RIGHT",
          "position": {
            "x": 762.3785400390625,
            "y": 527.760009765625,
            "z": 2.91536283493042
          }
        },
        {
          "type": "NOSE_BOTTOM_LEFT",
          "position": {
            "x": 688.3839721679688,
            "y": 516.1475830078125,
            "z": 3.8510403633117676
          }
        },
        {
          "type": "NOSE_BOTTOM_CENTER",
          "position": {
            "x": 722.7151489257812,
            "y": 538.5380249023438,
            "z": -14.048920631408691
          }
        },
        {
          "type": "LEFT_EYE_TOP_BOUNDARY",
          "position": {
            "x": 675.15966796875,
            "y": 420.8874206542969,
            "z": -10.83970832824707
          }
        },
        {
          "type": "LEFT_EYE_RIGHT_CORNER",
          "position": {
            "x": 700.1060791015625,
            "y": 431.0123291015625,
            "z": 0.027157500386238098
          }
        },
        {
          "type": "LEFT_EYE_BOTTOM_BOUNDARY",
          "position": {
            "x": 672.0850830078125,
            "y": 435.9638671875,
            "z": 0.6846550703048706
          }
        },
        {
          "type": "LEFT_EYE_LEFT_CORNER",
          "position": {
            "x": 649.1268310546875,
            "y": 421.332763671875,
            "z": 11.787203788757324
          }
        },
        {
          "type": "LEFT_EYE_PUPIL",
          "position": {
            "x": 672.206787109375,
            "y": 427.8038330078125,
            "z": -3.4143810272216797
          }
        },
        {
          "type": "RIGHT_EYE_TOP_BOUNDARY",
          "position": {
            "x": 803.7330322265625,
            "y": 440.6053771972656,
            "z": -12.279704093933105
          }
        },
        {
          "type": "RIGHT_EYE_RIGHT_CORNER",
          "position": {
            "x": 830.35791015625,
            "y": 449.85223388671875,
            "z": 10.178953170776367
          }
        },
        {
          "type": "RIGHT_EYE_BOTTOM_BOUNDARY",
          "position": {
            "x": 801.371826171875,
            "y": 454.3404541015625,
            "z": -0.979165256023407
          }
        },
        {
          "type": "RIGHT_EYE_LEFT_CORNER",
          "position": {
            "x": 777.252685546875,
            "y": 441.82611083984375,
            "z": -0.9270383715629578
          }
        },
        {
          "type": "RIGHT_EYE_PUPIL",
          "position": {
            "x": 804.1119995117188,
            "y": 448.0673522949219,
            "z": -5.0428056716918945
          }
        },
        {
          "type": "LEFT_EYEBROW_UPPER_MIDPOINT",
          "position": {
            "x": 675.0726928710938,
            "y": 385.1112365722656,
            "z": -25.849153518676758
          }
        },
        {
          "type": "RIGHT_EYEBROW_UPPER_MIDPOINT",
          "position": {
            "x": 814.5057373046875,
            "y": 406.57769775390625,
            "z": -27.412805557250977
          }
        },
        {
          "type": "LEFT_EAR_TRAGION",
          "position": {
            "x": 590.6708984375,
            "y": 440.7520751953125,
            "z": 171.5286865234375
          }
        },
        {
          "type": "RIGHT_EAR_TRAGION",
          "position": {
            "x": 882.5516357421875,
            "y": 485.5377197265625,
            "z": 168.1912384033203
          }
        },
        {
          "type": "FOREHEAD_GLABELLA",
          "position": {
            "x": 742.1563110351562,
            "y": 412.6521301269531,
            "z": -38.01726531982422
          }
        },
        {
          "type": "CHIN_GNATHION",
          "position": {
            "x": 706.1867065429688,
            "y": 652.1771240234375,
            "z": 42.64945602416992
          }
        },
        {
          "type": "CHIN_LEFT_GONION",
          "position": {
            "x": 590.2954711914062,
            "y": 534.96435546875,
            "z": 138.8180694580078
          }
        },
        {
          "type": "CHIN_RIGHT_GONION",
          "position": {
            "x": 854.101318359375,
            "y": 575.443359375,
            "z": 135.85691833496094
          }
        }
      ],
      "rollAngle": 8.578195571899414,
      "panAngle": -0.6465224027633667,
      "tiltAngle": -13.173707962036133,
      "detectionConfidence": 0.8497866988182068,
      "landmarkingConfidence": 0.5766077637672424,
      "joyLikelihood": "VERY_UNLIKELY",
      "sorrowLikelihood": "VERY_UNLIKELY",
      "angerLikelihood": "VERY_UNLIKELY",
      "surpriseLikelihood": "VERY_UNLIKELY",
      "underExposedLikelihood": "VERY_UNLIKELY",
      "blurredLikelihood": "VERY_UNLIKELY",
      "headwearLikelihood": "VERY_UNLIKELY"
    }
  ]
}
