{
  "faceAnnotations": [
    {
      "boundingPoly": {
        "vertices": [
          {
            "x": 118,
            "y": 68
          },
          {
            "x": 309,
            "y": 68
          },
          {
            "x": 309,
            "y": 291
          },
          {
            "x": 118,
            "y": 291
          }
        ]
      },
      "fdBoundingPoly": {
        "vertices": [
          {
            "x": 139,
            "y": 116
          },
          {
            "x": 285,
            "y": 116
          },
          {
            "x": 285,
            "y": 262
          },
          {
            "x": 139,
            "y": 262
          }
        ]
      },
      "landmarks": [
        {
          "type": "LEFT_EYE",
          "position": {
            "x": 185.01345825195312,
            "y": 171.26907348632812,
            "z": -0.0025846564676612616
          }
        },
        {
          "type": "RIGHT_EYE",
          "position": {
            "x": 243.64764404296875,
            "y": 161.43492126464844,
            "z": 3.8623735904693604
          }
        },
        {
          "type": "LEFT_OF_LEFT_EYEBROW",
          "position": {
            "x": 161.94027709960938,
            "y": 162.83816528320312,
            "z": 5.076964378356934
          }
        },
        {
          "type": "RIGHT_OF_LEFT_EYEBROW",
          "position": {
            "x": 197.66070556640625,
            "y": 156.3829345703125,
            "z": -9.675141334533691
          }
        },
        {
          "type": "LEFT_OF_RIGHT_EYEBROW",
          "position": {
            "x": 224.83619689941406,
            "y": 152.10781860351562,
            "z": -7.878894805908203
          }
        },
        {
          "type": "RIGHT_OF_RIGHT_EYEBROW",
          "position": {
            "x": 259.0972595214844,
            "y": 146.51104736328125,
            "z": 11.450603485107422
          }
        },
        {
          "type": "MIDPOINT_BETWEEN_EYES",
          "position": {
            "x": 212.85159301757812,
            "y": 163.60215759277344,
            "z": -10.199538230895996
          }
        },
        {
          "type": "NOSE_TIP",
          "position": {
            "x": 220.0472412109375,
            "y": 195.26956176757812,
            "z": -28.161584854125977
          }
        },
        {
          "type": "UPPER_LIP",
          "position": {
            "x": 222.3502960205078,
            "y": 219.60073852539062,
            "z": -15.6742582321167
          }
        },
        {
          "type": "LOWER_LIP",
          "position": {
            "x": 225.22064208984375,
            "y": 237.480712890625,
            "z": -12.299677848815918
          }
        },
        {
          "type": "MOUTH_LEFT",
          "position": {
            "x": 199.33029174804688,
            "y": 232.29745483398438,
            "z": -1.7202860116958618
          }
        },
        {
          "type": "MOUTH_RIGHT",
          "position": {
            "x": 246.20501708984375,
            "y": 223.24806213378906,
            "z": 1.0599929094314575
          }
        },
        {
          "type": "MOUTH_CENTER",
          "position": {
            "x": 223.67913818359375,
            "y": 226.98370361328125,
            "z": -11.79358959197998
          }
        },
        {
          "type": "NOSE_BOTTOM_RIGHT",
          "position": {
            "x": 234.52015686035156,
            "y": 198.518798828125,
            "z": -5.3541083335876465
          }
        },
        {
          "type": "NOSE_BOTTOM_LEFT",
          "position": {
            "x": 204.6141357421875,
            "y": 204.43826293945312,
            "z": -7.510150909423828
          }
        },
        {
          "type": "NOSE_BOTTOM_CENTER",
          "position": {
            "x": 220.68453979492188,
            "y": 205.4827880859375,
            "z": -15.455708503723145
          }
        },
        {
          "type": "LEFT_EYE_TOP_BOUNDARY",
          "position": {
            "x": 184.27505493164062,
            "y": 167.72686767578125,
            "z": -3.7475812435150146
          }
        },
        {
          "type": "LEFT_EYE_RIGHT_CORNER",
          "position": {
            "x": 195.19068908691406,
            "y": 169.53140258789062,
            "z": 0.9365140795707703
          }
        },
        {
          "type": "LEFT_EYE_BOTTOM_BOUNDARY",
          "position": {
            "x": 185.286865234375,
            "y": 174.73602294921875,
            "z": -0.6877005696296692
          }
        },
        {
          "type": "LEFT_EYE_LEFT_CORNER",
          "position": {
            "x": 172.60015869140625,
            "y": 174.3997802734375,
            "z": 4.618633270263672
          }
        },
        {
          "type": "LEFT_EYE_PUPIL",
          "position": {
            "x": 183.91416931152344,
            "y": 171.82223510742188,
            "z": -1.5673918724060059
          }
        },
        {
          "type": "RIGHT_EYE_TOP_BOUNDARY",
          "position": {
            "x": 240.67568969726562,
            "y": 158.24124145507812,
            "z": -0.03444160521030426
          }
        },
        {
          "type": "RIGHT_EYE_RIGHT_CORNER",
          "position": {
            "x": 252.30404663085938,
            "y": 160.8601837158203,
            "z": 9.733750343322754
          }
        },
        {
          "type": "RIGHT_EYE_BOTTOM_BOUNDARY",
          "position": {
            "x": 243.08920288085938,
            "y": 165.49819946289062,
            "z": 3.0958423614501953
          }
        },
        {
          "type": "RIGHT_EYE_LEFT_CORNER",
          "position": {
            "x": 230.41690063476562,
            "y": 164.0090789794922,
            "z": 3.16965651512146
          }
        },
        {
          "type": "RIGHT_EYE_PUPIL",
          "position": {
            "x": 241.7490997314453,
            "y": 162.10650634765625,
            "z": 2.1799392700195312
          }
        },
        {
          "type": "LEFT_EYEBROW_UPPER_MIDPOINT",
          "position": {
            "x": 179.19546508789062,
            "y": 151.74856567382812,
            "z": -6.175802707672119
          }
        },
        {
          "type": "RIGHT_EYEBROW_UPPER_MIDPOINT",
          "position": {
            "x": 240.38287353515625,
            "y": 141.44931030273438,
            "z": -2.144505739212036
          }
        },
        {
          "type": "LEFT_EAR_TRAGION",
          "position": {
            "x": 148.64999389648438,
            "y": 209.38197326660156,
            "z": 67.67581939697266
          }
        },
        {
          "type": "RIGHT_EAR_TRAGION",
          "position": {
            "x": 277.6619873046875,
            "y": 187.61358642578125,
            "z": 75.56705474853516
          }
        },
        {
          "type": "FOREHEAD_GLABELLA",
          "position": {
            "x": 211.1998748779297,
            "y": 152.31906127929688,
            "z": -10.998771667480469
          }
        },
        {
          "type": "CHIN_GNATHION",
          "position": {
            "x": 229.48582458496094,
            "y": 262.9360656738281,
            "z": -5.375764846801758
          }
        },
        {
          "type": "CHIN_LEFT_GONION",
          "position": {
            "x": 163.16419982910156,
            "y": 243.03036499023438,
            "z": 42.848052978515625
          }
        },
        {
          "type": "CHIN_RIGHT_GONION",
          "position": {
            "x": 278.9628601074219,
            "y": 223.50143432617188,
            "z": 50.48486328125
          }
        }
      ],
      "rollAngle": -9.725150108337402,
      "panAngle": 3.717869281768799,
      "tiltAngle": 2.351184129714966,
      "detectionConfidence": 0.9999268054962158,
      "landmarkingConfidence": 0.7660496830940247,
      "joyLikelihood": "VERY_UNLIKELY",
      "sorrowLikelihood": "VERY_UNLIKELY",
      "angerLikelihood": "VERY_UNLIKELY",
      "surpriseLikelihood": "VERY_UNLIKELY",
      "underExposedLikelihood": "VERY_UNLIKELY",
      "blurredLikelihood": "VERY_UNLIKELY",
      "headwearLikelihood": "VERY_UNLIKELY"
    },
    {
      "boundingPoly": {
        "vertices": [
          {
            "x": 515,
            "y": 138
          },
          {
            "x": 752,
            "y": 138
          },
          {
            "x": 752,
            "y": 413
          },
          {
            "x": 515,
            "y": 413
          }
        ]
      },
      "fdBoundingPoly": {
        "vertices": [
          {
            "x": 566,
            "y": 203
          },
          {
            "x": 746,
            "y": 203
          },
          {
            "x": 746,
            "y": 382
          },
          {
            "x": 566,
            "y": 382
          }
        ]
      },
      "landmarks": [
        {
          "type": "LEFT_EYE",
          "position": {
            "x": 652.9197387695312,
            "y": 258.151611328125,
            "z": -0.0007833584677428007
          }
        },
        {
          "type": "RIGHT_EYE",
          "position": {
            "x": 705.0187377929688,
            "y": 262.3733825683594,
            "z": 43.56181716918945
          }
        },
        {
          "type": "LEFT_OF_LEFT_EYEBROW",
          "position": {
            "x": 621.7889404296875,
            "y": 247.3819122314453,
            "z": -12.015353202819824
          }
        },
        {
          "type": "RIGHT_OF_LEFT_EYEBROW",
          "position": {
            "x": 672.3541870117188,
            "y": 246.94432067871094,
            "z": -1.0166535377502441
          }
        },
        {
          "type": "LEFT_OF_RIGHT_EYEBROW",
          "position": {
            "x": 699.711669921875,
            "y": 247.3756561279297,
            "z": 20.927940368652344
          }
        },
        {
          "type": "RIGHT_OF_RIGHT_EYEBROW",
          "position": {
            "x": 719.414794921875,
            "y": 248.47897338867188,
            "z": 63.79309844970703
          }
        },
        {
          "type": "MIDPOINT_BETWEEN_EYES",
          "position": {
            "x": 686.6098022460938,
            "y": 262.68609619140625,
            "z": 9.091504096984863
          }
        },
        {
          "type": "NOSE_TIP",
          "position": {
            "x": 698.5285034179688,
            "y": 303.30633544921875,
            "z": -7.377561092376709
          }
        },
        {
          "type": "UPPER_LIP",
          "position": {
            "x": 686.598388671875,
            "y": 330.4202880859375,
            "z": 5.596732139587402
          }
        },
        {
          "type": "LOWER_LIP",
          "position": {
            "x": 682.1197509765625,
            "y": 350.7442932128906,
            "z": 9.393369674682617
          }
        },
        {
          "type": "MOUTH_LEFT",
          "position": {
            "x": 650.343017578125,
            "y": 340.60662841796875,
            "z": 2.624915838241577
          }
        },
        {
          "type": "MOUTH_RIGHT",
          "position": {
            "x": 694.7366333007812,
            "y": 341.4355773925781,
            "z": 37.66691970825195
          }
        },
        {
          "type": "MOUTH_CENTER",
          "position": {
            "x": 683.7276000976562,
            "y": 339.639892578125,
            "z": 9.572157859802246
          }
        },
        {
          "type": "NOSE_BOTTOM_RIGHT",
          "position": {
            "x": 695.7203979492188,
            "y": 310.59356689453125,
            "z": 26.438995361328125
          }
        },
        {
          "type": "NOSE_BOTTOM_LEFT",
          "position": {
            "x": 667.322998046875,
            "y": 310.9704895019531,
            "z": 1.8338148593902588
          }
        },
        {
          "type": "NOSE_BOTTOM_CENTER",
          "position": {
            "x": 688.7103271484375,
            "y": 315.78631591796875,
            "z": 5.305076599121094
          }
        },
        {
          "type": "LEFT_EYE_TOP_BOUNDARY",
          "position": {
            "x": 652.4610595703125,
            "y": 257.6224060058594,
            "z": -5.643706321716309
          }
        },
        {
          "type": "LEFT_EYE_RIGHT_CORNER",
          "position": {
            "x": 661.04052734375,
            "y": 263.63128662109375,
            "z": 7.553224563598633
          }
        },
        {
          "type": "LEFT_EYE_BOTTOM_BOUNDARY",
          "position": {
            "x": 649.8814697265625,
            "y": 265.7044372558594,
            "z": -2.3595030307769775
          }
        },
        {
          "type": "LEFT_EYE_LEFT_CORNER",
          "position": {
            "x": 633.4647216796875,
            "y": 260.0995788574219,
            "z": -5.8298540115356445
          }
        },
        {
          "type": "LEFT_EYE_PUPIL",
          "position": {
            "x": 649.396484375,
            "y": 262.58795166015625,
            "z": -4.0240397453308105
          }
        },
        {
          "type": "RIGHT_EYE_TOP_BOUNDARY",
          "position": {
            "x": 707.719482421875,
            "y": 259.7536926269531,
            "z": 39.5980224609375
          }
        },
        {
          "type": "RIGHT_EYE_RIGHT_CORNER",
          "position": {
            "x": 711.3860473632812,
            "y": 265.16278076171875,
            "z": 57.425716400146484
          }
        },
        {
          "type": "RIGHT_EYE_BOTTOM_BOUNDARY",
          "position": {
            "x": 705.111572265625,
            "y": 269.856689453125,
            "z": 42.86559295654297
          }
        },
        {
          "type": "RIGHT_EYE_LEFT_CORNER",
          "position": {
            "x": 692.950439453125,
            "y": 264.97979736328125,
            "z": 34.36680221557617
          }
        },
        {
          "type": "RIGHT_EYE_PUPIL",
          "position": {
            "x": 706.1610717773438,
            "y": 264.89251708984375,
            "z": 42.34164810180664
          }
        },
        {
          "type": "LEFT_EYEBROW_UPPER_MIDPOINT",
          "position": {
            "x": 652.8701171875,
            "y": 237.27029418945312,
            "z": -10.378716468811035
          }
        },
        {
          "type": "RIGHT_EYEBROW_UPPER_MIDPOINT",
          "position": {
            "x": 712.962890625,
            "y": 239.48196411132812,
            "z": 38.7323112487793
          }
        },
        {
          "type": "LEFT_EAR_TRAGION",
          "position": {
            "x": 556.9346313476562,
            "y": 294.98638916015625,
            "z": 37.447139739990234
          }
        },
        {
          "type": "RIGHT_EAR_TRAGION",
          "position": {
            "x": 682.6029052734375,
            "y": 299.6276550292969,
            "z": 140.33642578125
          }
        },
        {
          "type": "FOREHEAD_GLABELLA",
          "position": {
            "x": 687.9444580078125,
            "y": 246.2093048095703,
            "z": 7.783413410186768
          }
        },
        {
          "type": "CHIN_GNATHION",
          "position": {
            "x": 676.54931640625,
            "y": 382.44482421875,
            "z": 16.601425170898438
          }
        },
        {
          "type": "CHIN_LEFT_GONION",
          "position": {
            "x": 579.6284790039062,
            "y": 341.9683837890625,
            "z": 19.689542770385742
          }
        },
        {
          "type": "CHIN_RIGHT_GONION",
          "position": {
            "x": 693.343017578125,
            "y": 345.75152587890625,
            "z": 112.73367309570312
          }
        }
      ],
      "rollAngle": 1.8922704458236694,
      "panAngle": 39.272254943847656,
      "tiltAngle": 0.2619970440864563,
      "detectionConfidence": 0.9947932362556458,
      "landmarkingConfidence": 0.7586162686347961,
      "joyLikelihood": "VERY_UNLIKELY",
      "sorrowLikelihood": "VERY_UNLIKELY",
      "angerLikelihood": "VERY_UNLIKELY",
      "surpriseLikelihood": "VERY_UNLIKELY",
      "underExposedLikelihood": "VERY_UNLIKELY",
      "blurredLikelihood": "VERY_UNLIKELY",
      "headwearLikelihood": "VERY_UNLIKELY"
    }
  ]
}
