{
  "faceAnnotations": [
    {
      "boundingPoly": {
        "vertices": [
          {
            "x": 84,
            "y": 44
          },
          {
            "x": 164,
            "y": 44
          },
          {
            "x": 164,
            "y": 137
          },
          {
            "x": 84,
            "y": 137
          }
        ]
      },
      "fdBoundingPoly": {
        "vertices": [
          {
            "x": 102,
            "y": 72
          },
          {
            "x": 160,
            "y": 72
          },
          {
            "x": 160,
            "y": 130
          },
          {
            "x": 102,
            "y": 130
          }
        ]
      },
      "landmarks": [
        {
          "type": "LEFT_EYE",
          "position": {
            "x": 131.46690368652344,
            "y": 90.88529205322266,
            "z": -7.403256313409656e-05
          }
        },
        {
          "type": "RIGHT_EYE",
          "position": {
            "x": 147.25396728515625,
            "y": 87.68339538574219,
            "z": 14.337285041809082
          }
        },
        {
          "type": "LEFT_OF_LEFT_EYEBROW",
          "position": {
            "x": 122.15018463134766,
            "y": 86.6224594116211,
            "z": -5.83517599105835
          }
        },
        {
          "type": "RIGHT_OF_LEFT_EYEBROW",
          "position": {
            "x": 136.99940490722656,
            "y": 85.74285125732422,
            "z": -1.6590821743011475
          }
        },
        {
          "type": "LEFT_OF_RIGHT_EYEBROW",
          "position": {
            "x": 146.13023376464844,
            "y": 83.310302734375,
            "z": 5.901277542114258
          }
        },
        {
          "type": "RIGHT_OF_RIGHT_EYEBROW",
          "position": {
            "x": 152.41836547851562,
            "y": 80.13253784179688,
            "z": 20.435808181762695
          }
        },
        {
          "type": "MIDPOINT_BETWEEN_EYES",
          "position": {
            "x": 141.4225311279297,
            "y": 89.0687026977539,
            "z": 2.8822975158691406
          }
        },
        {
          "type": "NOSE_TIP",
          "position": {
            "x": 146.38406372070312,
            "y": 103.68769836425781,
            "z": 0.5747888088226318
          }
        },
        {
          "type": "UPPER_LIP",
          "position": {
            "x": 143.8304901123047,
            "y": 112.41841125488281,
            "z": 6.6083502769470215
          }
        },
        {
          "type": "LOWER_LIP",
          "position": {
            "x": 142.8850860595703,
            "y": 120.29777526855469,
            "z": 9.677469253540039
          }
        },
        {
          "type": "MOUTH_LEFT",
          "position": {
            "x": 131.96763610839844,
            "y": 115.88911437988281,
            "z": 5.947375297546387
          }
        },
        {
          "type": "MOUTH_RIGHT",
          "position": {
            "x": 146.82638549804688,
            "y": 113.31645202636719,
            "z": 18.356857299804688
          }
        },
        {
          "type": "MOUTH_CENTER",
          "position": {
            "x": 142.63748168945312,
            "y": 115.96136474609375,
            "z": 8.78075885772705
          }
        },
        {
          "type": "NOSE_BOTTOM_RIGHT",
          "position": {
            "x": 146.18809509277344,
            "y": 103.6771011352539,
            "z": 12.10294246673584
          }
        },
        {
          "type": "NOSE_BOTTOM_LEFT",
          "position": {
            "x": 136.37744140625,
            "y": 105.67271423339844,
            "z": 3.554448366165161
          }
        },
        {
          "type": "NOSE_BOTTOM_CENTER",
          "position": {
            "x": 143.3872833251953,
            "y": 107.32884216308594,
            "z": 5.480350017547607
          }
        },
        {
          "type": "LEFT_EYE_TOP_BOUNDARY",
          "position": {
            "x": 130.54827880859375,
            "y": 89.96261596679688,
            "z": -2.6069271564483643
          }
        },
        {
          "type": "LEFT_EYE_RIGHT_CORNER",
          "position": {
            "x": 133.119384765625,
            "y": 91.16233825683594,
            "z": 2.2544920444488525
          }
        },
        {
          "type": "LEFT_EYE_BOTTOM_BOUNDARY",
          "position": {
            "x": 130.51174926757812,
            "y": 93.0488510131836,
            "z": -0.7332462668418884
          }
        },
        {
          "type": "LEFT_EYE_LEFT_CORNER",
          "position": {
            "x": 125.14676666259766,
            "y": 91.90443420410156,
            "z": -2.4026899337768555
          }
        },
        {
          "type": "LEFT_EYE_PUPIL",
          "position": {
            "x": 129.58148193359375,
            "y": 91.5447998046875,
            "z": -1.7114540338516235
          }
        },
        {
          "type": "RIGHT_EYE_TOP_BOUNDARY",
          "position": {
            "x": 148.94735717773438,
            "y": 86.00321960449219,
            "z": 13.151165962219238
          }
        },
        {
          "type": "RIGHT_EYE_RIGHT_CORNER",
          "position": {
            "x": 150.113037109375,
            "y": 86.43536376953125,
            "z": 19.484344482421875
          }
        },
        {
          "type": "RIGHT_EYE_BOTTOM_BOUNDARY",
          "position": {
            "x": 147.9287872314453,
            "y": 88.73391723632812,
            "z": 14.82381534576416
          }
        },
        {
          "type": "RIGHT_EYE_LEFT_CORNER",
          "position": {
            "x": 143.87530517578125,
            "y": 88.48832702636719,
            "z": 11.578573226928711
          }
        },
        {
          "type": "RIGHT_EYE_PUPIL",
          "position": {
            "x": 148.5148468017578,
            "y": 87.47799682617188,
            "z": 14.443997383117676
          }
        },
        {
          "type": "LEFT_EYEBROW_UPPER_MIDPOINT",
          "position": {
            "x": 130.2771453857422,
            "y": 83.28620910644531,
            "z": -5.658426284790039
          }
        },
        {
          "type": "RIGHT_EYEBROW_UPPER_MIDPOINT",
          "position": {
            "x": 150.27587890625,
            "y": 78.9920425415039,
            "z": 11.44471263885498
          }
        },
        {
          "type": "LEFT_EAR_TRAGION",
          "position": {
            "x": 98.10581970214844,
            "y": 101.6683349609375,
            "z": 13.868267059326172
          }
        },
        {
          "type": "RIGHT_EAR_TRAGION",
          "position": {
            "x": 140.00564575195312,
            "y": 92.72637176513672,
            "z": 49.63230514526367
          }
        },
        {
          "type": "FOREHEAD_GLABELLA",
          "position": {
            "x": 142.19168090820312,
            "y": 84.11226654052734,
            "z": 1.3610239028930664
          }
        },
        {
          "type": "CHIN_GNATHION",
          "position": {
            "x": 140.84072875976562,
            "y": 130.46844482421875,
            "z": 14.569028854370117
          }
        },
        {
          "type": "CHIN_LEFT_GONION",
          "position": {
            "x": 107.2634048461914,
            "y": 117.96178436279297,
            "z": 11.410978317260742
          }
        },
        {
          "type": "CHIN_RIGHT_GONION",
          "position": {
            "x": 145.14865112304688,
            "y": 109.95653533935547,
            "z": 43.7945442199707
          }
        }
      ],
      "rollAngle": -1.9743136167526245,
      "panAngle": 40.93693542480469,
      "tiltAngle": -11.87503433227539,
      "detectionConfidence": 0.9710612893104553,
      "landmarkingConfidence": 0.6580217480659485,
      "joyLikelihood": "VERY_UNLIKELY",
      "sorrowLikelihood": "VERY_UNLIKELY",
      "angerLikelihood": "VERY_UNLIKELY",
      "surpriseLikelihood": "VERY_UNLIKELY",
      "underExposedLikelihood": "VERY_UNLIKELY",
      "blurredLikelihood": "VERY_UNLIKELY",
      "headwearLikelihood": "VERY_UNLIKELY"
    },
    {
      "boundingPoly": {
        "vertices": [
          {
            "x": 236,
            "y": 45
          },
          {
            "x": 310,
            "y": 45
          },
          {
            "x": 310,
            "y": 131
          },
          {
            "x": 236,
            "y": 131
          }
        ]
      },
      "fdBoundingPoly": {
        "vertices": [
          {
            "x": 239,
            "y": 73
          },
          {
            "x": 292,
            "y": 73
          },
          {
            "x": 292,
            "y": 127
          },
          {
            "x": 239,
            "y": 127
          }
        ]
      },
      "landmarks": [
        {
          "type": "LEFT_EYE",
          "position": {
            "x": 249.19410705566406,
            "y": 86.73321533203125,
            "z": -0.00031111238058656454
          }
        },
        {
          "type": "RIGHT_EYE",
          "position": {
            "x": 258.3587646484375,
            "y": 90.78829193115234,
            "z": -19.860538482666016
          }
        },
        {
          "type": "LEFT_OF_LEFT_EYEBROW",
          "position": {
            "x": 247.2117156982422,
            "y": 79.14415740966797,
            "z": 5.894957065582275
          }
        },
        {
          "type": "RIGHT_OF_LEFT_EYEBROW",
          "position": {
            "x": 247.1095428466797,
            "y": 83.47569274902344,
            "z": -8.659706115722656
          }
        },
        {
          "type": "LEFT_OF_RIGHT_EYEBROW",
          "position": {
            "x": 251.94378662109375,
            "y": 85.86390686035156,
            "z": -18.496999740600586
          }
        },
        {
          "type": "RIGHT_OF_RIGHT_EYEBROW",
          "position": {
            "x": 264.07305908203125,
            "y": 87.94560241699219,
            "z": -27.939048767089844
          }
        },
        {
          "type": "MIDPOINT_BETWEEN_EYES",
          "position": {
            "x": 249.88885498046875,
            "y": 89.13105773925781,
            "z": -12.324111938476562
          }
        },
        {
          "type": "NOSE_TIP",
          "position": {
            "x": 245.38893127441406,
            "y": 103.45062255859375,
            "z": -11.028494834899902
          }
        },
        {
          "type": "UPPER_LIP",
          "position": {
            "x": 251.41064453125,
            "y": 109.91751098632812,
            "z": -6.580855846405029
          }
        },
        {
          "type": "LOWER_LIP",
          "position": {
            "x": 253.83016967773438,
            "y": 117.32503509521484,
            "z": -3.5963621139526367
          }
        },
        {
          "type": "MOUTH_LEFT",
          "position": {
            "x": 253.15606689453125,
            "y": 110.13825988769531,
            "z": 4.71608304977417
          }
        },
        {
          "type": "MOUTH_RIGHT",
          "position": {
            "x": 262.46380615234375,
            "y": 112.6766586303711,
            "z": -11.799513816833496
          }
        },
        {
          "type": "MOUTH_CENTER",
          "position": {
            "x": 253.59776306152344,
            "y": 113.35592651367188,
            "z": -4.779336929321289
          }
        },
        {
          "type": "NOSE_BOTTOM_RIGHT",
          "position": {
            "x": 255.4939422607422,
            "y": 104.19847106933594,
            "z": -12.56779956817627
          }
        },
        {
          "type": "NOSE_BOTTOM_LEFT",
          "position": {
            "x": 250.66522216796875,
            "y": 101.80215454101562,
            "z": -1.6770012378692627
          }
        },
        {
          "type": "NOSE_BOTTOM_CENTER",
          "position": {
            "x": 250.9040069580078,
            "y": 106.23379516601562,
            "z": -7.8666181564331055
          }
        },
        {
          "type": "LEFT_EYE_TOP_BOUNDARY",
          "position": {
            "x": 247.6627960205078,
            "y": 85.282470703125,
            "z": -1.1706767082214355
          }
        },
        {
          "type": "LEFT_EYE_RIGHT_CORNER",
          "position": {
            "x": 251.2965087890625,
            "y": 87.59233856201172,
            "z": -4.112578392028809
          }
        },
        {
          "type": "LEFT_EYE_BOTTOM_BOUNDARY",
          "position": {
            "x": 249.22462463378906,
            "y": 87.9838638305664,
            "z": 0.2289193719625473
          }
        },
        {
          "type": "LEFT_EYE_LEFT_CORNER",
          "position": {
            "x": 249.16912841796875,
            "y": 85.05785369873047,
            "z": 4.7097392082214355
          }
        },
        {
          "type": "LEFT_EYE_PUPIL",
          "position": {
            "x": 248.59165954589844,
            "y": 86.48566436767578,
            "z": -0.02010219916701317
          }
        },
        {
          "type": "RIGHT_EYE_TOP_BOUNDARY",
          "position": {
            "x": 257.5215759277344,
            "y": 90.23309326171875,
            "z": -21.435758590698242
          }
        },
        {
          "type": "RIGHT_EYE_RIGHT_CORNER",
          "position": {
            "x": 263.07501220703125,
            "y": 92.1871109008789,
            "z": -23.58024024963379
          }
        },
        {
          "type": "RIGHT_EYE_BOTTOM_BOUNDARY",
          "position": {
            "x": 258.64727783203125,
            "y": 92.4666976928711,
            "z": -20.006546020507812
          }
        },
        {
          "type": "RIGHT_EYE_LEFT_CORNER",
          "position": {
            "x": 256.7855224609375,
            "y": 90.38720703125,
            "z": -16.15386390686035
          }
        },
        {
          "type": "RIGHT_EYE_PUPIL",
          "position": {
            "x": 258.68829345703125,
            "y": 91.5718002319336,
            "z": -20.832788467407227
          }
        },
        {
          "type": "LEFT_EYEBROW_UPPER_MIDPOINT",
          "position": {
            "x": 245.45404052734375,
            "y": 78.96881103515625,
            "z": -2.706958293914795
          }
        },
        {
          "type": "RIGHT_EYEBROW_UPPER_MIDPOINT",
          "position": {
            "x": 256.16998291015625,
            "y": 84.35882568359375,
            "z": -24.682598114013672
          }
        },
        {
          "type": "LEFT_EAR_TRAGION",
          "position": {
            "x": 269.7171630859375,
            "y": 87.94985961914062,
            "z": 26.692668914794922
          }
        },
        {
          "type": "RIGHT_EAR_TRAGION",
          "position": {
            "x": 290.4625549316406,
            "y": 100.51747131347656,
            "z": -18.31993865966797
          }
        },
        {
          "type": "FOREHEAD_GLABELLA",
          "position": {
            "x": 248.7219696044922,
            "y": 84.61100006103516,
            "z": -13.98691463470459
          }
        },
        {
          "type": "CHIN_GNATHION",
          "position": {
            "x": 257.3825988769531,
            "y": 127.818359375,
            "z": 0.7697368264198303
          }
        },
        {
          "type": "CHIN_LEFT_GONION",
          "position": {
            "x": 264.01025390625,
            "y": 104.7728500366211,
            "z": 25.189987182617188
          }
        },
        {
          "type": "CHIN_RIGHT_GONION",
          "position": {
            "x": 284.1658630371094,
            "y": 114.83531951904297,
            "z": -16.12405014038086
          }
        }
      ],
      "rollAngle": -6.9309773445129395,
      "panAngle": -66.4977798461914,
      "tiltAngle": -16.777362823486328,
      "detectionConfidence": 0.7864758968353271,
      "landmarkingConfidence": 0.5446969866752625,
      "joyLikelihood": "LIKELY",
      "sorrowLikelihood": "VERY_UNLIKELY",
      "angerLikelihood": "VERY_UNLIKELY",
      "surpriseLikelihood": "VERY_UNLIKELY",
      "underExposedLikelihood": "VERY_UNLIKELY",
      "blurredLikelihood": "VERY_UNLIKELY",
      "headwearLikelihood": "VERY_UNLIKELY"
    }
  ]
}
