{
  "faceAnnotations": [
    {
      "boundingPoly": {
        "vertices": [
          {
            "x": 228,
            "y": 22
          },
          {
            "x": 342,
            "y": 22
          },
          {
            "x": 342,
            "y": 154
          },
          {
            "x": 228,
            "y": 154
          }
        ]
      },
      "fdBoundingPoly": {
        "vertices": [
          {
            "x": 238,
            "y": 70
          },
          {
            "x": 319,
            "y": 70
          },
          {
            "x": 319,
            "y": 150
          },
          {
            "x": 238,
            "y": 150
          }
        ]
      },
      "landmarks": [
        {
          "type": "LEFT_EYE",
          "position": {
            "x": 250.6234130859375,
            "y": 97.03480529785156,
            "z": 0.0004686819447670132
          }
        },
        {
          "type": "RIGHT_EYE",
          "position": {
            "x": 274.87701416015625,
            "y": 99.8740463256836,
            "z": -20.580123901367188
          }
        },
        {
          "type": "LEFT_OF_LEFT_EYEBROW",
          "position": {
            "x": 241.3470001220703,
            "y": 87.2281265258789,
            "z": 6.709971904754639
          }
        },
        {
          "type": "RIGHT_OF_LEFT_EYEBROW",
          "position": {
            "x": 250.80589294433594,
            "y": 93.004638671875,
            "z": -12.638858795166016
          }
        },
        {
          "type": "LEFT_OF_RIGHT_EYEBROW",
          "position": {
            "x": 263.03021240234375,
            "y": 94.11148071289062,
            "z": -23.14698600769043
          }
        },
        {
          "type": "RIGHT_OF_RIGHT_EYEBROW",
          "position": {
            "x": 284.77716064453125,
            "y": 92.37625122070312,
            "z": -29.110065460205078
          }
        },
        {
          "type": "MIDPOINT_BETWEEN_EYES",
          "position": {
            "x": 258.60009765625,
            "y": 99.05895233154297,
            "z": -15.726583480834961
          }
        },
        {
          "type": "NOSE_TIP",
          "position": {
            "x": 255.726318359375,
            "y": 122.76518249511719,
            "z": -14.781607627868652
          }
        },
        {
          "type": "UPPER_LIP",
          "position": {
            "x": 263.8478698730469,
            "y": 130.36387634277344,
            "z": -4.638466835021973
          }
        },
        {
          "type": "LOWER_LIP",
          "position": {
            "x": 267.474365234375,
            "y": 138.84242248535156,
            "z": 1.1550449132919312
          }
        },
        {
          "type": "MOUTH_LEFT",
          "position": {
            "x": 259.0870056152344,
            "y": 128.43658447265625,
            "z": 11.74763011932373
          }
        },
        {
          "type": "MOUTH_RIGHT",
          "position": {
            "x": 281.46331787109375,
            "y": 130.7851104736328,
            "z": -5.478943824768066
          }
        },
        {
          "type": "MOUTH_CENTER",
          "position": {
            "x": 266.30755615234375,
            "y": 133.4182586669922,
            "z": -1.0802772045135498
          }
        },
        {
          "type": "NOSE_BOTTOM_RIGHT",
          "position": {
            "x": 271.1860046386719,
            "y": 119.0416259765625,
            "z": -10.995582580566406
          }
        },
        {
          "type": "NOSE_BOTTOM_LEFT",
          "position": {
            "x": 257.57818603515625,
            "y": 117.82398986816406,
            "z": 0.8280655145645142
          }
        },
        {
          "type": "NOSE_BOTTOM_CENTER",
          "position": {
            "x": 261.98974609375,
            "y": 124.54448699951172,
            "z": -7.376554489135742
          }
        },
        {
          "type": "LEFT_EYE_TOP_BOUNDARY",
          "position": {
            "x": 247.997802734375,
            "y": 95.61930847167969,
            "z": -2.057396650314331
          }
        },
        {
          "type": "LEFT_EYE_RIGHT_CORNER",
          "position": {
            "x": 255.5673370361328,
            "y": 97.58551025390625,
            "z": -3.8044042587280273
          }
        },
        {
          "type": "LEFT_EYE_BOTTOM_BOUNDARY",
          "position": {
            "x": 250.44180297851562,
            "y": 99.26167297363281,
            "z": 1.0608007907867432
          }
        },
        {
          "type": "LEFT_EYE_LEFT_CORNER",
          "position": {
            "x": 246.58639526367188,
            "y": 94.94171142578125,
            "z": 6.771078586578369
          }
        },
        {
          "type": "LEFT_EYE_PUPIL",
          "position": {
            "x": 248.93544006347656,
            "y": 97.04014587402344,
            "z": 0.1390683501958847
          }
        },
        {
          "type": "RIGHT_EYE_TOP_BOUNDARY",
          "position": {
            "x": 273.809814453125,
            "y": 98.63414001464844,
            "z": -23.453638076782227
          }
        },
        {
          "type": "RIGHT_EYE_RIGHT_CORNER",
          "position": {
            "x": 282.5330810546875,
            "y": 99.07083129882812,
            "z": -23.16992950439453
          }
        },
        {
          "type": "RIGHT_EYE_BOTTOM_BOUNDARY",
          "position": {
            "x": 275.84307861328125,
            "y": 101.90512084960938,
            "z": -20.344154357910156
          }
        },
        {
          "type": "RIGHT_EYE_LEFT_CORNER",
          "position": {
            "x": 270.63037109375,
            "y": 99.67681884765625,
            "z": -16.497913360595703
          }
        },
        {
          "type": "RIGHT_EYE_PUPIL",
          "position": {
            "x": 275.40850830078125,
            "y": 100.14010620117188,
            "z": -21.836971282958984
          }
        },
        {
          "type": "LEFT_EYEBROW_UPPER_MIDPOINT",
          "position": {
            "x": 243.78216552734375,
            "y": 87.35536193847656,
            "z": -6.003451347351074
          }
        },
        {
          "type": "RIGHT_EYEBROW_UPPER_MIDPOINT",
          "position": {
            "x": 271.8212890625,
            "y": 90.60696411132812,
            "z": -29.243370056152344
          }
        },
        {
          "type": "LEFT_EAR_TRAGION",
          "position": {
            "x": 262.0928955078125,
            "y": 91.47270202636719,
            "z": 48.72246551513672
          }
        },
        {
          "type": "RIGHT_EAR_TRAGION",
          "position": {
            "x": 323.4821472167969,
            "y": 97.02813720703125,
            "z": -0.4900069832801819
          }
        },
        {
          "type": "FOREHEAD_GLABELLA",
          "position": {
            "x": 256.232177734375,
            "y": 93.86502075195312,
            "z": -18.838857650756836
          }
        },
        {
          "type": "CHIN_GNATHION",
          "position": {
            "x": 271.7233581542969,
            "y": 151.10638427734375,
            "z": 9.520872116088867
          }
        },
        {
          "type": "CHIN_LEFT_GONION",
          "position": {
            "x": 261.3877868652344,
            "y": 116.83242797851562,
            "z": 46.056453704833984
          }
        },
        {
          "type": "CHIN_RIGHT_GONION",
          "position": {
            "x": 315.9990539550781,
            "y": 122.35689544677734,
            "z": 0.5826931595802307
          }
        }
      ],
      "rollAngle": -13.095132827758789,
      "panAngle": -43.383480072021484,
      "tiltAngle": -22.311952590942383,
      "detectionConfidence": 0.9948482513427734,
      "landmarkingConfidence": 0.6150661110877991,
      "joyLikelihood": "UNLIKELY",
      "sorrowLikelihood": "VERY_UNLIKELY",
      "angerLikelihood": "VERY_UNLIKELY",
      "surpriseLikelihood": "VERY_UNLIKELY",
      "underExposedLikelihood": "VERY_UNLIKELY",
      "blurredLikelihood": "VERY_UNLIKELY",
      "headwearLikelihood": "VERY_UNLIKELY"
    },
    {
      "boundingPoly": {
        "vertices": [
          {
            "x": 73,
            "y": 24
          },
          {
            "x": 204,
            "y": 24
          },
          {
            "x": 204,
            "y": 176
          },
          {
            "x": 73,
            "y": 176
          }
        ]
      },
      "fdBoundingPoly": {
        "vertices": [
          {
            "x": 103,
            "y": 70
          },
          {
            "x": 202,
            "y": 70
          },
          {
            "x": 202,
            "y": 169
          },
          {
            "x": 103,
            "y": 169
          }
        ]
      },
      "landmarks": [
        {
          "type": "LEFT_EYE",
          "position": {
            "x": 180.36460876464844,
            "y": 112.22843933105469,
            "z": -0.00047509928117506206
          }
        },
        {
          "type": "RIGHT_EYE",
          "position": {
            "x": 180.25636291503906,
            "y": 114.16850280761719,
            "z": 39.2941780090332
          }
        },
        {
          "type": "LEFT_OF_LEFT_EYEBROW",
          "position": {
            "x": 181.15399169921875,
            "y": 102.82890319824219,
            "z": -13.062849998474121
          }
        },
        {
          "type": "RIGHT_OF_LEFT_EYEBROW",
          "position": {
            "x": 191.23309326171875,
            "y": 109.19233703613281,
            "z": 10.008439064025879
          }
        },
        {
          "type": "LEFT_OF_RIGHT_EYEBROW",
          "position": {
            "x": 191.50892639160156,
            "y": 109.64586639404297,
            "z": 29.151714324951172
          }
        },
        {
          "type": "RIGHT_OF_RIGHT_EYEBROW",
          "position": {
            "x": 181.9854736328125,
            "y": 104.59583282470703,
            "z": 52.79853820800781
          }
        },
        {
          "type": "MIDPOINT_BETWEEN_EYES",
          "position": {
            "x": 187.57310485839844,
            "y": 117.1139907836914,
            "z": 19.443626403808594
          }
        },
        {
          "type": "NOSE_TIP",
          "position": {
            "x": 185.89178466796875,
            "y": 143.20521545410156,
            "z": 18.842920303344727
          }
        },
        {
          "type": "UPPER_LIP",
          "position": {
            "x": 170.6005401611328,
            "y": 150.4534454345703,
            "z": 18.88601303100586
          }
        },
        {
          "type": "LOWER_LIP",
          "position": {
            "x": 162.16729736328125,
            "y": 158.99778747558594,
            "z": 18.786710739135742
          }
        },
        {
          "type": "MOUTH_LEFT",
          "position": {
            "x": 158.39102172851562,
            "y": 148.53790283203125,
            "z": 3.3864834308624268
          }
        },
        {
          "type": "MOUTH_RIGHT",
          "position": {
            "x": 159.16175842285156,
            "y": 149.7926025390625,
            "z": 34.589168548583984
          }
        },
        {
          "type": "MOUTH_CENTER",
          "position": {
            "x": 165.22787475585938,
            "y": 153.796142578125,
            "z": 18.876476287841797
          }
        },
        {
          "type": "NOSE_BOTTOM_RIGHT",
          "position": {
            "x": 171.64581298828125,
            "y": 137.44793701171875,
            "z": 30.028696060180664
          }
        },
        {
          "type": "NOSE_BOTTOM_LEFT",
          "position": {
            "x": 171.4416046142578,
            "y": 137.50827026367188,
            "z": 8.478748321533203
          }
        },
        {
          "type": "NOSE_BOTTOM_CENTER",
          "position": {
            "x": 174.86053466796875,
            "y": 143.5152587890625,
            "z": 18.992549896240234
          }
        },
        {
          "type": "LEFT_EYE_TOP_BOUNDARY",
          "position": {
            "x": 183.35829162597656,
            "y": 112.16746520996094,
            "z": -0.09759411960840225
          }
        },
        {
          "type": "LEFT_EYE_RIGHT_CORNER",
          "position": {
            "x": 179.5733642578125,
            "y": 113.52276611328125,
            "z": 7.836571216583252
          }
        },
        {
          "type": "LEFT_EYE_BOTTOM_BOUNDARY",
          "position": {
            "x": 179.02023315429688,
            "y": 115.33671569824219,
            "z": -0.07222720980644226
          }
        },
        {
          "type": "LEFT_EYE_LEFT_CORNER",
          "position": {
            "x": 176.39593505859375,
            "y": 111.25276184082031,
            "z": -7.822294235229492
          }
        },
        {
          "type": "LEFT_EYE_PUPIL",
          "position": {
            "x": 180.50119018554688,
            "y": 113.64507293701172,
            "z": -0.7066423296928406
          }
        },
        {
          "type": "RIGHT_EYE_TOP_BOUNDARY",
          "position": {
            "x": 183.90670776367188,
            "y": 113.13629913330078,
            "z": 39.3076286315918
          }
        },
        {
          "type": "RIGHT_EYE_RIGHT_CORNER",
          "position": {
            "x": 177.1741180419922,
            "y": 112.59994506835938,
            "z": 47.27195739746094
          }
        },
        {
          "type": "RIGHT_EYE_BOTTOM_BOUNDARY",
          "position": {
            "x": 179.20538330078125,
            "y": 116.59427642822266,
            "z": 39.27678680419922
          }
        },
        {
          "type": "RIGHT_EYE_LEFT_CORNER",
          "position": {
            "x": 179.84796142578125,
            "y": 114.14213562011719,
            "z": 31.452360153198242
          }
        },
        {
          "type": "RIGHT_EYE_PUPIL",
          "position": {
            "x": 181.0906219482422,
            "y": 114.66806030273438,
            "z": 39.725746154785156
          }
        },
        {
          "type": "LEFT_EYEBROW_UPPER_MIDPOINT",
          "position": {
            "x": 190.81777954101562,
            "y": 103.2783203125,
            "z": -1.6633734703063965
          }
        },
        {
          "type": "RIGHT_EYEBROW_UPPER_MIDPOINT",
          "position": {
            "x": 191.41259765625,
            "y": 104.3182601928711,
            "z": 41.09612274169922
          }
        },
        {
          "type": "LEFT_EAR_TRAGION",
          "position": {
            "x": 125.63616180419922,
            "y": 104.75041198730469,
            "z": -25.106910705566406
          }
        },
        {
          "type": "RIGHT_EAR_TRAGION",
          "position": {
            "x": 128.70497131347656,
            "y": 106.65495300292969,
            "z": 65.46088409423828
          }
        },
        {
          "type": "FOREHEAD_GLABELLA",
          "position": {
            "x": 192.88616943359375,
            "y": 109.76976013183594,
            "z": 19.53633689880371
          }
        },
        {
          "type": "CHIN_GNATHION",
          "position": {
            "x": 149.84652709960938,
            "y": 172.21908569335938,
            "z": 18.665807723999023
          }
        },
        {
          "type": "CHIN_LEFT_GONION",
          "position": {
            "x": 128.2354736328125,
            "y": 134.6434326171875,
            "z": -20.812511444091797
          }
        },
        {
          "type": "CHIN_RIGHT_GONION",
          "position": {
            "x": 129.54759216308594,
            "y": 136.3641357421875,
            "z": 60.46334457397461
          }
        }
      ],
      "rollAngle": 30.39161491394043,
      "panAngle": 88.59112548828125,
      "tiltAngle": 0.7787363529205322,
      "detectionConfidence": 0.7842599153518677,
      "landmarkingConfidence": 0.2975662350654602,
      "joyLikelihood": "VERY_UNLIKELY",
      "sorrowLikelihood": "VERY_UNLIKELY",
      "angerLikelihood": "VERY_UNLIKELY",
      "surpriseLikelihood": "VERY_UNLIKELY",
      "underExposedLikelihood": "VERY_UNLIKELY",
      "blurredLikelihood": "VERY_UNLIKELY",
      "headwearLikelihood": "VERY_UNLIKELY"
    }
  ]
}
