{
  "faceAnnotations": [
    {
      "boundingPoly": {
        "vertices": [
          {
            "x": 89,
            "y": 37
          },
          {
            "x": 190,
            "y": 37
          },
          {
            "x": 190,
            "y": 155
          },
          {
            "x": 89,
            "y": 155
          }
        ]
      },
      "fdBoundingPoly": {
        "vertices": [
          {
            "x": 111,
            "y": 68
          },
          {
            "x": 188,
            "y": 68
          },
          {
            "x": 188,
            "y": 145
          },
          {
            "x": 111,
            "y": 145
          }
        ]
      },
      "landmarks": [
        {
          "type": "LEFT_EYE",
          "position": {
            "x": 160.60284423828125,
            "y": 95.28337097167969,
            "z": 0.0006113519193604589
          }
        },
        {
          "type": "RIGHT_EYE",
          "position": {
            "x": 171.1948699951172,
            "y": 89.20079040527344,
            "z": 27.982751846313477
          }
        },
        {
          "type": "LEFT_OF_LEFT_EYEBROW",
          "position": {
            "x": 152.85186767578125,
            "y": 87.98548889160156,
            "z": -10.664430618286133
          }
        },
        {
          "type": "RIGHT_OF_LEFT_EYEBROW",
          "position": {
            "x": 168.37701416015625,
            "y": 86.18637084960938,
            "z": 3.224989175796509
          }
        },
        {
          "type": "LEFT_OF_RIGHT_EYEBROW",
          "position": {
            "x": 173.89060974121094,
            "y": 83.46688842773438,
            "z": 17.073535919189453
          }
        },
        {
          "type": "RIGHT_OF_RIGHT_EYEBROW",
          "position": {
            "x": 172.2325439453125,
            "y": 79.8232192993164,
            "z": 37.18150329589844
          }
        },
        {
          "type": "MIDPOINT_BETWEEN_EYES",
          "position": {
            "x": 171.57867431640625,
            "y": 91.34934997558594,
            "z": 11.218603134155273
          }
        },
        {
          "type": "NOSE_TIP",
          "position": {
            "x": 179.25997924804688,
            "y": 108.48886108398438,
            "z": 11.25449275970459
          }
        },
        {
          "type": "UPPER_LIP",
          "position": {
            "x": 173.70501708984375,
            "y": 120.11184692382812,
            "z": 15.916047096252441
          }
        },
        {
          "type": "LOWER_LIP",
          "position": {
            "x": 171.6621856689453,
            "y": 130.70318603515625,
            "z": 18.747440338134766
          }
        },
        {
          "type": "MOUTH_LEFT",
          "position": {
            "x": 160.7821807861328,
            "y": 125.84226989746094,
            "z": 8.318445205688477
          }
        },
        {
          "type": "MOUTH_RIGHT",
          "position": {
            "x": 170.36961364746094,
            "y": 122.02912139892578,
            "z": 30.947885513305664
          }
        },
        {
          "type": "MOUTH_CENTER",
          "position": {
            "x": 171.5887451171875,
            "y": 124.98512268066406,
            "z": 17.691740036010742
          }
        },
        {
          "type": "NOSE_BOTTOM_RIGHT",
          "position": {
            "x": 172.35479736328125,
            "y": 109.49844360351562,
            "z": 23.692811965942383
          }
        },
        {
          "type": "NOSE_BOTTOM_LEFT",
          "position": {
            "x": 166.5789337158203,
            "y": 111.53227996826172,
            "z": 8.226454734802246
          }
        },
        {
          "type": "NOSE_BOTTOM_CENTER",
          "position": {
            "x": 173.2361602783203,
            "y": 113.59890747070312,
            "z": 14.69467830657959
          }
        },
        {
          "type": "LEFT_EYE_TOP_BOUNDARY",
          "position": {
            "x": 161.88539123535156,
            "y": 92.64134979248047,
            "z": -1.7169039249420166
          }
        },
        {
          "type": "LEFT_EYE_RIGHT_CORNER",
          "position": {
            "x": 162.94676208496094,
            "y": 94.08970642089844,
            "z": 5.46893835067749
          }
        },
        {
          "type": "LEFT_EYE_BOTTOM_BOUNDARY",
          "position": {
            "x": 160.3336181640625,
            "y": 97.19132995605469,
            "z": -0.21573129296302795
          }
        },
        {
          "type": "LEFT_EYE_LEFT_CORNER",
          "position": {
            "x": 154.65309143066406,
            "y": 95.98127746582031,
            "z": -5.275671005249023
          }
        },
        {
          "type": "LEFT_EYE_PUPIL",
          "position": {
            "x": 160.4495391845703,
            "y": 94.74764251708984,
            "z": -1.2891093492507935
          }
        },
        {
          "type": "RIGHT_EYE_TOP_BOUNDARY",
          "position": {
            "x": 173.16355895996094,
            "y": 87.14537048339844,
            "z": 26.834835052490234
          }
        },
        {
          "type": "RIGHT_EYE_RIGHT_CORNER",
          "position": {
            "x": 170.8268585205078,
            "y": 87.99462127685547,
            "z": 34.67517852783203
          }
        },
        {
          "type": "RIGHT_EYE_BOTTOM_BOUNDARY",
          "position": {
            "x": 171.49081420898438,
            "y": 91.21435546875,
            "z": 28.251224517822266
          }
        },
        {
          "type": "RIGHT_EYE_LEFT_CORNER",
          "position": {
            "x": 168.87490844726562,
            "y": 90.48451232910156,
            "z": 22.34160614013672
          }
        },
        {
          "type": "RIGHT_EYE_PUPIL",
          "position": {
            "x": 172.07147216796875,
            "y": 89.10386657714844,
            "z": 27.996078491210938
          }
        },
        {
          "type": "LEFT_EYEBROW_UPPER_MIDPOINT",
          "position": {
            "x": 162.68304443359375,
            "y": 83.89391326904297,
            "z": -5.173707485198975
          }
        },
        {
          "type": "RIGHT_EYEBROW_UPPER_MIDPOINT",
          "position": {
            "x": 174.95436096191406,
            "y": 77.98210906982422,
            "z": 25.799715042114258
          }
        },
        {
          "type": "LEFT_EAR_TRAGION",
          "position": {
            "x": 118.40770721435547,
            "y": 111.02446746826172,
            "z": -1.7256066799163818
          }
        },
        {
          "type": "RIGHT_EAR_TRAGION",
          "position": {
            "x": 142.78977966308594,
            "y": 98.58918762207031,
            "z": 62.58799743652344
          }
        },
        {
          "type": "FOREHEAD_GLABELLA",
          "position": {
            "x": 172.2073211669922,
            "y": 84.469482421875,
            "z": 9.653778076171875
          }
        },
        {
          "type": "CHIN_GNATHION",
          "position": {
            "x": 167.4750518798828,
            "y": 145.2228546142578,
            "z": 23.066049575805664
          }
        },
        {
          "type": "CHIN_LEFT_GONION",
          "position": {
            "x": 130.48121643066406,
            "y": 130.72142028808594,
            "z": 0.1675623655319214
          }
        },
        {
          "type": "CHIN_RIGHT_GONION",
          "position": {
            "x": 153.6425018310547,
            "y": 119.60746765136719,
            "z": 58.623836517333984
          }
        }
      ],
      "rollAngle": -0.7013832330703735,
      "panAngle": 68.62924194335938,
      "tiltAngle": -10.599178314208984,
      "detectionConfidence": 0.9655388593673706,
      "landmarkingConfidence": 0.4168508052825928,
      "joyLikelihood": "UNLIKELY",
      "sorrowLikelihood": "VERY_UNLIKELY",
      "angerLikelihood": "VERY_UNLIKELY",
      "surpriseLikelihood": "VERY_UNLIKELY",
      "underExposedLikelihood": "VERY_UNLIKELY",
      "blurredLikelihood": "VERY_UNLIKELY",
      "headwearLikelihood": "VERY_UNLIKELY"
    },
    {
      "boundingPoly": {
        "vertices": [
          {
            "x": 336,
            "y": 58
          },
          {
            "x": 436,
            "y": 58
          },
          {
            "x": 436,
            "y": 174
          },
          {
            "x": 336,
            "y": 174
          }
        ]
      },
      "fdBoundingPoly": {
        "vertices": [
          {
            "x": 332,
            "y": 89
          },
          {
            "x": 402,
            "y": 89
          },
          {
            "x": 402,
            "y": 158
          },
          {
            "x": 332,
            "y": 158
          }
        ]
      },
      "landmarks": [
        {
          "type": "LEFT_EYE",
          "position": {
            "x": 359.2261047363281,
            "y": 110.7149887084961,
            "z": 0.00037804702878929675
          }
        },
        {
          "type": "RIGHT_EYE",
          "position": {
            "x": 359.84417724609375,
            "y": 110.39232635498047,
            "z": -30.603378295898438
          }
        },
        {
          "type": "LEFT_OF_LEFT_EYEBROW",
          "position": {
            "x": 361.78778076171875,
            "y": 104.10499572753906,
            "z": 10.540717124938965
          }
        },
        {
          "type": "RIGHT_OF_LEFT_EYEBROW",
          "position": {
            "x": 353.4166564941406,
            "y": 103.50105285644531,
            "z": -7.8393096923828125
          }
        },
        {
          "type": "LEFT_OF_RIGHT_EYEBROW",
          "position": {
            "x": 353.79205322265625,
            "y": 103.14964294433594,
            "z": -22.72673797607422
          }
        },
        {
          "type": "RIGHT_OF_RIGHT_EYEBROW",
          "position": {
            "x": 364.2536926269531,
            "y": 103.16889190673828,
            "z": -41.21796417236328
          }
        },
        {
          "type": "MIDPOINT_BETWEEN_EYES",
          "position": {
            "x": 353.1420593261719,
            "y": 109.85173034667969,
            "z": -15.441827774047852
          }
        },
        {
          "type": "NOSE_TIP",
          "position": {
            "x": 344.38360595703125,
            "y": 127.78382873535156,
            "z": -16.0970516204834
          }
        },
        {
          "type": "UPPER_LIP",
          "position": {
            "x": 351.09283447265625,
            "y": 138.5869598388672,
            "z": -16.182369232177734
          }
        },
        {
          "type": "LOWER_LIP",
          "position": {
            "x": 353.3243408203125,
            "y": 149.20562744140625,
            "z": -16.379104614257812
          }
        },
        {
          "type": "MOUTH_LEFT",
          "position": {
            "x": 359.0231628417969,
            "y": 143.3905487060547,
            "z": -4.091283321380615
          }
        },
        {
          "type": "MOUTH_RIGHT",
          "position": {
            "x": 359.87884521484375,
            "y": 143.02020263671875,
            "z": -28.144184112548828
          }
        },
        {
          "type": "MOUTH_CENTER",
          "position": {
            "x": 353.40185546875,
            "y": 143.53236389160156,
            "z": -16.242876052856445
          }
        },
        {
          "type": "NOSE_BOTTOM_RIGHT",
          "position": {
            "x": 355.8145751953125,
            "y": 130.11468505859375,
            "z": -24.184110641479492
          }
        },
        {
          "type": "NOSE_BOTTOM_LEFT",
          "position": {
            "x": 355.5904235839844,
            "y": 129.98292541503906,
            "z": -7.485546588897705
          }
        },
        {
          "type": "NOSE_BOTTOM_CENTER",
          "position": {
            "x": 351.0009765625,
            "y": 132.52806091308594,
            "z": -16.03788185119629
          }
        },
        {
          "type": "LEFT_EYE_TOP_BOUNDARY",
          "position": {
            "x": 357.1237487792969,
            "y": 108.96707153320312,
            "z": 0.026263605803251266
          }
        },
        {
          "type": "LEFT_EYE_RIGHT_CORNER",
          "position": {
            "x": 359.822021484375,
            "y": 111.16053771972656,
            "z": -6.12135124206543
          }
        },
        {
          "type": "LEFT_EYE_BOTTOM_BOUNDARY",
          "position": {
            "x": 358.8778381347656,
            "y": 113.01712036132812,
            "z": -0.05581137537956238
          }
        },
        {
          "type": "LEFT_EYE_LEFT_CORNER",
          "position": {
            "x": 361.8281555175781,
            "y": 111.36451721191406,
            "z": 6.173582077026367
          }
        },
        {
          "type": "LEFT_EYE_PUPIL",
          "position": {
            "x": 358.4092102050781,
            "y": 111.10417175292969,
            "z": 0.4997568726539612
          }
        },
        {
          "type": "RIGHT_EYE_TOP_BOUNDARY",
          "position": {
            "x": 357.91351318359375,
            "y": 108.2547378540039,
            "z": -30.628841400146484
          }
        },
        {
          "type": "RIGHT_EYE_RIGHT_CORNER",
          "position": {
            "x": 362.875,
            "y": 110.46650695800781,
            "z": -36.62544631958008
          }
        },
        {
          "type": "RIGHT_EYE_BOTTOM_BOUNDARY",
          "position": {
            "x": 359.68157958984375,
            "y": 112.457763671875,
            "z": -30.67165184020996
          }
        },
        {
          "type": "RIGHT_EYE_LEFT_CORNER",
          "position": {
            "x": 359.9098205566406,
            "y": 110.77813720703125,
            "z": -24.486539840698242
          }
        },
        {
          "type": "RIGHT_EYE_PUPIL",
          "position": {
            "x": 359.1935119628906,
            "y": 110.38782501220703,
            "z": -30.974590301513672
          }
        },
        {
          "type": "LEFT_EYEBROW_UPPER_MIDPOINT",
          "position": {
            "x": 355.5901794433594,
            "y": 100.05541229248047,
            "z": 1.5070602893829346
          }
        },
        {
          "type": "RIGHT_EYEBROW_UPPER_MIDPOINT",
          "position": {
            "x": 356.4712219238281,
            "y": 99.2805404663086,
            "z": -31.757471084594727
          }
        },
        {
          "type": "LEFT_EAR_TRAGION",
          "position": {
            "x": 396.1986389160156,
            "y": 127.01753234863281,
            "z": 19.96868896484375
          }
        },
        {
          "type": "RIGHT_EAR_TRAGION",
          "position": {
            "x": 396.0150146484375,
            "y": 124.0182876586914,
            "z": -48.23747634887695
          }
        },
        {
          "type": "FOREHEAD_GLABELLA",
          "position": {
            "x": 352.4708557128906,
            "y": 102.95057678222656,
            "z": -15.285446166992188
          }
        },
        {
          "type": "CHIN_GNATHION",
          "position": {
            "x": 357.5729675292969,
            "y": 162.67855834960938,
            "z": -16.589521408081055
          }
        },
        {
          "type": "CHIN_LEFT_GONION",
          "position": {
            "x": 383.6144714355469,
            "y": 146.60662841796875,
            "z": 15.85091495513916
          }
        },
        {
          "type": "CHIN_RIGHT_GONION",
          "position": {
            "x": 385.2821960449219,
            "y": 144.95562744140625,
            "z": -46.832210540771484
          }
        }
      ],
      "rollAngle": 0.40412330627441406,
      "panAngle": -88.52763366699219,
      "tiltAngle": 1.3714148998260498,
      "detectionConfidence": 0.5831673741340637,
      "landmarkingConfidence": 0.22567617893218994,
      "joyLikelihood": "VERY_UNLIKELY",
      "sorrowLikelihood": "VERY_UNLIKELY",
      "angerLikelihood": "VERY_UNLIKELY",
      "surpriseLikelihood": "VERY_UNLIKELY",
      "underExposedLikelihood": "VERY_UNLIKELY",
      "blurredLikelihood": "VERY_UNLIKELY",
      "headwearLikelihood": "VERY_UNLIKELY"
    }
  ]
}
