{
  "faceAnnotations": [
    {
      "boundingPoly": {
        "vertices": [
          {
            "x": 493,
            "y": 37
          },
          {
            "x": 566,
            "y": 37
          },
          {
            "x": 566,
            "y": 123
          },
          {
            "x": 493,
            "y": 123
          }
        ]
      },
      "fdBoundingPoly": {
        "vertices": [
          {
            "x": 497,
            "y": 58
          },
          {
            "x": 557,
            "y": 58
          },
          {
            "x": 557,
            "y": 118
          },
          {
            "x": 497,
            "y": 118
          }
        ]
      },
      "landmarks": [
        {
          "type": "LEFT_EYE",
          "position": {
            "x": 506.68890380859375,
            "y": 77.84573364257812,
            "z": -4.431114575709216e-05
          }
        },
        {
          "type": "RIGHT_EYE",
          "position": {
            "x": 520.0372924804688,
            "y": 80.04280090332031,
            "z": -16.898101806640625
          }
        },
        {
          "type": "LEFT_OF_LEFT_EYEBROW",
          "position": {
            "x": 503.846435546875,
            "y": 71.43328094482422,
            "z": 6.349462509155273
          }
        },
        {
          "type": "RIGHT_OF_LEFT_EYEBROW",
          "position": {
            "x": 506.7928161621094,
            "y": 73.30842590332031,
            "z": -7.553597927093506
          }
        },
        {
          "type": "LEFT_OF_RIGHT_EYEBROW",
          "position": {
            "x": 513.3864135742188,
            "y": 74.5162582397461,
            "z": -15.748758316040039
          }
        },
        {
          "type": "RIGHT_OF_RIGHT_EYEBROW",
          "position": {
            "x": 527.052001953125,
            "y": 76.29011535644531,
            "z": -22.049877166748047
          }
        },
        {
          "type": "MIDPOINT_BETWEEN_EYES",
          "position": {
            "x": 509.7257080078125,
            "y": 77.53450012207031,
            "z": -11.304839134216309
          }
        },
        {
          "type": "NOSE_TIP",
          "position": {
            "x": 504.30657958984375,
            "y": 91.65901184082031,
            "z": -13.385767936706543
          }
        },
        {
          "type": "UPPER_LIP",
          "position": {
            "x": 508.0370178222656,
            "y": 99.2410888671875,
            "z": -9.177129745483398
          }
        },
        {
          "type": "LOWER_LIP",
          "position": {
            "x": 509.076904296875,
            "y": 105.0999984741211,
            "z": -7.361007213592529
          }
        },
        {
          "type": "MOUTH_LEFT",
          "position": {
            "x": 507.7508544921875,
            "y": 100.22254180908203,
            "z": 1.42926025390625
          }
        },
        {
          "type": "MOUTH_RIGHT",
          "position": {
            "x": 517.5621337890625,
            "y": 102.33221435546875,
            "z": -11.78210163116455
          }
        },
        {
          "type": "MOUTH_CENTER",
          "position": {
            "x": 509.2734680175781,
            "y": 101.8127670288086,
            "z": -7.7751078605651855
          }
        },
        {
          "type": "NOSE_BOTTOM_RIGHT",
          "position": {
            "x": 514.0595703125,
            "y": 92.8836898803711,
            "z": -12.54691219329834
          }
        },
        {
          "type": "NOSE_BOTTOM_LEFT",
          "position": {
            "x": 507.42974853515625,
            "y": 91.40980529785156,
            "z": -3.365417242050171
          }
        },
        {
          "type": "NOSE_BOTTOM_CENTER",
          "position": {
            "x": 508.1231384277344,
            "y": 94.51010131835938,
            "z": -9.857011795043945
          }
        },
        {
          "type": "LEFT_EYE_TOP_BOUNDARY",
          "position": {
            "x": 505.5149841308594,
            "y": 76.09618377685547,
            "z": -1.0361889600753784
          }
        },
        {
          "type": "LEFT_EYE_RIGHT_CORNER",
          "position": {
            "x": 508.7850646972656,
            "y": 77.84134674072266,
            "z": -3.0861339569091797
          }
        },
        {
          "type": "LEFT_EYE_BOTTOM_BOUNDARY",
          "position": {
            "x": 506.41204833984375,
            "y": 79.0009994506836,
            "z": 0.1690598875284195
          }
        },
        {
          "type": "LEFT_EYE_LEFT_CORNER",
          "position": {
            "x": 505.5704650878906,
            "y": 76.86172485351562,
            "z": 4.688692092895508
          }
        },
        {
          "type": "LEFT_EYE_PUPIL",
          "position": {
            "x": 506.0231628417969,
            "y": 77.42576599121094,
            "z": 4.0022969187702984e-05
          }
        },
        {
          "type": "RIGHT_EYE_TOP_BOUNDARY",
          "position": {
            "x": 518.7781982421875,
            "y": 78.6021957397461,
            "z": -17.903575897216797
          }
        },
        {
          "type": "RIGHT_EYE_RIGHT_CORNER",
          "position": {
            "x": 524.3694458007812,
            "y": 80.25332641601562,
            "z": -18.99735450744629
          }
        },
        {
          "type": "RIGHT_EYE_BOTTOM_BOUNDARY",
          "position": {
            "x": 520.2374877929688,
            "y": 81.2447509765625,
            "z": -16.7867488861084
          }
        },
        {
          "type": "RIGHT_EYE_LEFT_CORNER",
          "position": {
            "x": 517.5974731445312,
            "y": 79.62713623046875,
            "z": -13.423249244689941
          }
        },
        {
          "type": "RIGHT_EYE_PUPIL",
          "position": {
            "x": 519.5918579101562,
            "y": 79.98878479003906,
            "z": -17.30574607849121
          }
        },
        {
          "type": "LEFT_EYEBROW_UPPER_MIDPOINT",
          "position": {
            "x": 504.1610107421875,
            "y": 69.85543060302734,
            "z": -1.8454304933547974
          }
        },
        {
          "type": "RIGHT_EYEBROW_UPPER_MIDPOINT",
          "position": {
            "x": 518.5567626953125,
            "y": 72.5826187133789,
            "z": -20.16593360900879
          }
        },
        {
          "type": "LEFT_EAR_TRAGION",
          "position": {
            "x": 519.3388671875,
            "y": 83.97770690917969,
            "z": 29.08763313293457
          }
        },
        {
          "type": "RIGHT_EAR_TRAGION",
          "position": {
            "x": 551.8367919921875,
            "y": 88.77395629882812,
            "z": -10.035599708557129
          }
        },
        {
          "type": "FOREHEAD_GLABELLA",
          "position": {
            "x": 509.3611755371094,
            "y": 73.68734741210938,
            "z": -12.188223838806152
          }
        },
        {
          "type": "CHIN_GNATHION",
          "position": {
            "x": 510.7986755371094,
            "y": 115.10342407226562,
            "z": -4.359733581542969
          }
        },
        {
          "type": "CHIN_LEFT_GONION",
          "position": {
            "x": 514.2252197265625,
            "y": 98.59025573730469,
            "z": 24.676197052001953
          }
        },
        {
          "type": "CHIN_RIGHT_GONION",
          "position": {
            "x": 543.0985107421875,
            "y": 103.9185791015625,
            "z": -11.714766502380371
          }
        }
      ],
      "rollAngle": 0.7470155358314514,
      "panAngle": -52.06106948852539,
      "tiltAngle": -7.905017375946045,
      "detectionConfidence": 0.9860549569129944,
      "landmarkingConfidence": 0.6966622471809387,
      "joyLikelihood": "VERY_UNLIKELY",
      "sorrowLikelihood": "VERY_UNLIKELY",
      "angerLikelihood": "VERY_UNLIKELY",
      "surpriseLikelihood": "VERY_UNLIKELY",
      "underExposedLikelihood": "VERY_UNLIKELY",
      "blurredLikelihood": "VERY_UNLIKELY",
      "headwearLikelihood": "VERY_UNLIKELY"
    },
    {
      "boundingPoly": {
        "vertices": [
          {
            "x": 52,
            "y": 56
          },
          {
            "x": 132,
            "y": 56
          },
          {
            "x": 132,
            "y": 149
          },
          {
            "x": 52,
            "y": 149
          }
        ]
      },
      "fdBoundingPoly": {
        "vertices": [
          {
            "x": 69,
            "y": 82
          },
          {
            "x": 133,
            "y": 82
          },
          {
            "x": 133,
            "y": 146
          },
          {
            "x": 69,
            "y": 146
          }
        ]
      },
      "landmarks": [
        {
          "type": "LEFT_EYE",
          "position": {
            "x": 110.7091064453125,
            "y": 104.3434066772461,
            "z": -8.234213601099327e-05
          }
        },
        {
          "type": "RIGHT_EYE",
          "position": {
            "x": 116.53897094726562,
            "y": 95.61427307128906,
            "z": 21.412925720214844
          }
        },
        {
          "type": "LEFT_OF_LEFT_EYEBROW",
          "position": {
            "x": 106.34933471679688,
            "y": 102.57310485839844,
            "z": -9.010120391845703
          }
        },
        {
          "type": "RIGHT_OF_LEFT_EYEBROW",
          "position": {
            "x": 116.76264953613281,
            "y": 97.70382690429688,
            "z": 2.1400251388549805
          }
        },
        {
          "type": "LEFT_OF_RIGHT_EYEBROW",
          "position": {
            "x": 119.42483520507812,
            "y": 93.01313781738281,
            "z": 12.51456356048584
          }
        },
        {
          "type": "RIGHT_OF_RIGHT_EYEBROW",
          "position": {
            "x": 116.1856918334961,
            "y": 87.03556823730469,
            "z": 26.8990421295166
          }
        },
        {
          "type": "MIDPOINT_BETWEEN_EYES",
          "position": {
            "x": 118.52149200439453,
            "y": 99.64757537841797,
            "z": 9.129181861877441
          }
        },
        {
          "type": "NOSE_TIP",
          "position": {
            "x": 125.65699005126953,
            "y": 114.63018798828125,
            "z": 13.289624214172363
          }
        },
        {
          "type": "UPPER_LIP",
          "position": {
            "x": 119.3732681274414,
            "y": 120.66084289550781,
            "z": 17.758188247680664
          }
        },
        {
          "type": "LOWER_LIP",
          "position": {
            "x": 118.69111633300781,
            "y": 128.42724609375,
            "z": 21.46042251586914
          }
        },
        {
          "type": "MOUTH_LEFT",
          "position": {
            "x": 111.52075958251953,
            "y": 126.89665985107422,
            "z": 12.074612617492676
          }
        },
        {
          "type": "MOUTH_RIGHT",
          "position": {
            "x": 116.33026123046875,
            "y": 119.92648315429688,
            "z": 29.08124351501465
          }
        },
        {
          "type": "MOUTH_CENTER",
          "position": {
            "x": 118.36054229736328,
            "y": 124.18077087402344,
            "z": 19.694561004638672
          }
        },
        {
          "type": "NOSE_BOTTOM_RIGHT",
          "position": {
            "x": 118.22982025146484,
            "y": 111.62174987792969,
            "z": 21.73394012451172
          }
        },
        {
          "type": "NOSE_BOTTOM_LEFT",
          "position": {
            "x": 115.09797668457031,
            "y": 116.1627197265625,
            "z": 9.960166931152344
          }
        },
        {
          "type": "NOSE_BOTTOM_CENTER",
          "position": {
            "x": 120.23779296875,
            "y": 116.73826599121094,
            "z": 15.877225875854492
          }
        },
        {
          "type": "LEFT_EYE_TOP_BOUNDARY",
          "position": {
            "x": 112.14334106445312,
            "y": 103.43116760253906,
            "z": -1.1179416179656982
          }
        },
        {
          "type": "LEFT_EYE_RIGHT_CORNER",
          "position": {
            "x": 112.24484252929688,
            "y": 102.9421157836914,
            "z": 4.4065423011779785
          }
        },
        {
          "type": "LEFT_EYE_BOTTOM_BOUNDARY",
          "position": {
            "x": 110.79484558105469,
            "y": 105.83045196533203,
            "z": 0.4351781904697418
          }
        },
        {
          "type": "LEFT_EYE_LEFT_CORNER",
          "position": {
            "x": 107.26615142822266,
            "y": 106.52809143066406,
            "z": -3.8357996940612793
          }
        },
        {
          "type": "LEFT_EYE_PUPIL",
          "position": {
            "x": 111.0816879272461,
            "y": 105.0052261352539,
            "z": -0.5667285919189453
          }
        },
        {
          "type": "RIGHT_EYE_TOP_BOUNDARY",
          "position": {
            "x": 118.02381896972656,
            "y": 94.15663146972656,
            "z": 20.37291145324707
          }
        },
        {
          "type": "RIGHT_EYE_RIGHT_CORNER",
          "position": {
            "x": 115.51637268066406,
            "y": 93.59313201904297,
            "z": 26.210792541503906
          }
        },
        {
          "type": "RIGHT_EYE_BOTTOM_BOUNDARY",
          "position": {
            "x": 116.83111572265625,
            "y": 97.14562225341797,
            "z": 21.98712158203125
          }
        },
        {
          "type": "RIGHT_EYE_LEFT_CORNER",
          "position": {
            "x": 115.2590103149414,
            "y": 97.58531188964844,
            "z": 17.1890926361084
          }
        },
        {
          "type": "RIGHT_EYE_PUPIL",
          "position": {
            "x": 117.13387298583984,
            "y": 95.51036834716797,
            "z": 21.48593521118164
          }
        },
        {
          "type": "LEFT_EYEBROW_UPPER_MIDPOINT",
          "position": {
            "x": 112.93441009521484,
            "y": 97.5058822631836,
            "z": -5.060615539550781
          }
        },
        {
          "type": "RIGHT_EYEBROW_UPPER_MIDPOINT",
          "position": {
            "x": 119.30400848388672,
            "y": 87.42723083496094,
            "z": 18.25286102294922
          }
        },
        {
          "type": "LEFT_EAR_TRAGION",
          "position": {
            "x": 77.8137435913086,
            "y": 121.16403198242188,
            "z": -1.7577340602874756
          }
        },
        {
          "type": "RIGHT_EAR_TRAGION",
          "position": {
            "x": 91.54424285888672,
            "y": 98.23970031738281,
            "z": 46.63800048828125
          }
        },
        {
          "type": "FOREHEAD_GLABELLA",
          "position": {
            "x": 118.87287902832031,
            "y": 95.07810974121094,
            "z": 6.971347332000732
          }
        },
        {
          "type": "CHIN_GNATHION",
          "position": {
            "x": 116.14246368408203,
            "y": 137.9369659423828,
            "z": 26.389738082885742
          }
        },
        {
          "type": "CHIN_LEFT_GONION",
          "position": {
            "x": 88.4237289428711,
            "y": 133.3213348388672,
            "z": 3.82930064201355
          }
        },
        {
          "type": "CHIN_RIGHT_GONION",
          "position": {
            "x": 100.6070785522461,
            "y": 114.25506591796875,
            "z": 48.21708679199219
          }
        }
      ],
      "rollAngle": -1.2229257822036743,
      "panAngle": 75.42799377441406,
      "tiltAngle": -23.10030174255371,
      "detectionConfidence": 0.6224305629730225,
      "landmarkingConfidence": 0.3157181441783905,
      "joyLikelihood": "VERY_UNLIKELY",
      "sorrowLikelihood": "VERY_UNLIKELY",
      "angerLikelihood": "VERY_UNLIKELY",
      "surpriseLikelihood": "VERY_UNLIKELY",
      "underExposedLikelihood": "VERY_UNLIKELY",
      "blurredLikelihood": "VERY_UNLIKELY",
      "headwearLikelihood": "VERY_UNLIKELY"
    }
  ]
}
