{
  "faceAnnotations": [
    {
      "boundingPoly": {
        "vertices": [
          {
            "x": 217,
            "y": 221
          },
          {
            "x": 428,
            "y": 221
          },
          {
            "x": 428,
            "y": 466
          },
          {
            "x": 217,
            "y": 466
          }
        ]
      },
      "fdBoundingPoly": {
        "vertices": [
          {
            "x": 252,
            "y": 281
          },
          {
            "x": 419,
            "y": 281
          },
          {
            "x": 419,
            "y": 448
          },
          {
            "x": 252,
            "y": 448
          }
        ]
      },
      "landmarks": [
        {
          "type": "LEFT_EYE",
          "position": {
            "x": 334.4449157714844,
            "y": 334.614501953125,
            "z": -0.0016262634890154004
          }
        },
        {
          "type": "RIGHT_EYE",
          "position": {
            "x": 386.5432434082031,
            "y": 341.30999755859375,
            "z": 37.2942008972168
          }
        },
        {
          "type": "LEFT_OF_LEFT_EYEBROW",
          "position": {
            "x": 312.62713623046875,
            "y": 320.5180358886719,
            "z": -7.215747356414795
          }
        },
        {
          "type": "RIGHT_OF_LEFT_EYEBROW",
          "position": {
            "x": 358.8022155761719,
            "y": 325.3001708984375,
            "z": -0.2959963083267212
          }
        },
        {
          "type": "LEFT_OF_RIGHT_EYEBROW",
          "position": {
            "x": 382.22784423828125,
            "y": 326.60107421875,
            "z": 17.340177536010742
          }
        },
        {
          "type": "RIGHT_OF_RIGHT_EYEBROW",
          "position": {
            "x": 401.7841796875,
            "y": 327.8323059082031,
            "z": 53.78520965576172
          }
        },
        {
          "type": "MIDPOINT_BETWEEN_EYES",
          "position": {
            "x": 370.8271789550781,
            "y": 337.875732421875,
            "z": 8.045174598693848
          }
        },
        {
          "type": "NOSE_TIP",
          "position": {
            "x": 375.5684509277344,
            "y": 374.2265625,
            "z": -5.259760856628418
          }
        },
        {
          "type": "UPPER_LIP",
          "position": {
            "x": 364.522705078125,
            "y": 397.0717468261719,
            "z": 7.3903703689575195
          }
        },
        {
          "type": "LOWER_LIP",
          "position": {
            "x": 358.5489807128906,
            "y": 417.9737548828125,
            "z": 12.0579833984375
          }
        },
        {
          "type": "MOUTH_LEFT",
          "position": {
            "x": 333.2396240234375,
            "y": 403.332763671875,
            "z": 7.2457475662231445
          }
        },
        {
          "type": "MOUTH_RIGHT",
          "position": {
            "x": 372.1244201660156,
            "y": 406.5771789550781,
            "z": 35.778987884521484
          }
        },
        {
          "type": "MOUTH_CENTER",
          "position": {
            "x": 359.8740234375,
            "y": 406.8720703125,
            "z": 11.714964866638184
          }
        },
        {
          "type": "NOSE_BOTTOM_RIGHT",
          "position": {
            "x": 374.59991455078125,
            "y": 379.529296875,
            "z": 24.62944984436035
          }
        },
        {
          "type": "NOSE_BOTTOM_LEFT",
          "position": {
            "x": 349.3642883300781,
            "y": 377.594482421875,
            "z": 4.799839019775391
          }
        },
        {
          "type": "NOSE_BOTTOM_CENTER",
          "position": {
            "x": 365.96856689453125,
            "y": 384.3169250488281,
            "z": 6.7703471183776855
          }
        },
        {
          "type": "LEFT_EYE_TOP_BOUNDARY",
          "position": {
            "x": 338.60009765625,
            "y": 332.6452331542969,
            "z": -2.8854000568389893
          }
        },
        {
          "type": "LEFT_EYE_RIGHT_CORNER",
          "position": {
            "x": 346.455078125,
            "y": 338.3514709472656,
            "z": 8.43127727508545
          }
        },
        {
          "type": "LEFT_EYE_BOTTOM_BOUNDARY",
          "position": {
            "x": 333.47686767578125,
            "y": 339.8581848144531,
            "z": 0.218875452876091
          }
        },
        {
          "type": "LEFT_EYE_LEFT_CORNER",
          "position": {
            "x": 320.5412292480469,
            "y": 335.18731689453125,
            "z": -1.9525703191757202
          }
        },
        {
          "type": "LEFT_EYE_PUPIL",
          "position": {
            "x": 335.8055725097656,
            "y": 336.615234375,
            "z": -1.116858959197998
          }
        },
        {
          "type": "RIGHT_EYE_TOP_BOUNDARY",
          "position": {
            "x": 389.2998046875,
            "y": 337.5282897949219,
            "z": 33.642608642578125
          }
        },
        {
          "type": "RIGHT_EYE_RIGHT_CORNER",
          "position": {
            "x": 393.09112548828125,
            "y": 341.9602966308594,
            "z": 49.27687072753906
          }
        },
        {
          "type": "RIGHT_EYE_BOTTOM_BOUNDARY",
          "position": {
            "x": 386.40234375,
            "y": 345.75994873046875,
            "z": 37.02519607543945
          }
        },
        {
          "type": "RIGHT_EYE_LEFT_CORNER",
          "position": {
            "x": 377.2467956542969,
            "y": 341.1768493652344,
            "z": 30.47047233581543
          }
        },
        {
          "type": "RIGHT_EYE_PUPIL",
          "position": {
            "x": 387.7837829589844,
            "y": 341.64678955078125,
            "z": 36.29057693481445
          }
        },
        {
          "type": "LEFT_EYEBROW_UPPER_MIDPOINT",
          "position": {
            "x": 340.5071716308594,
            "y": 314.8673095703125,
            "z": -7.7457051277160645
          }
        },
        {
          "type": "RIGHT_EYEBROW_UPPER_MIDPOINT",
          "position": {
            "x": 395.52569580078125,
            "y": 320.1386413574219,
            "z": 31.874853134155273
          }
        },
        {
          "type": "LEFT_EAR_TRAGION",
          "position": {
            "x": 251.28468322753906,
            "y": 354.29339599609375,
            "z": 42.240230560302734
          }
        },
        {
          "type": "RIGHT_EAR_TRAGION",
          "position": {
            "x": 370.3584289550781,
            "y": 366.7602233886719,
            "z": 125.02021026611328
          }
        },
        {
          "type": "FOREHEAD_GLABELLA",
          "position": {
            "x": 371.5088806152344,
            "y": 324.92822265625,
            "z": 6.440035820007324
          }
        },
        {
          "type": "CHIN_GNATHION",
          "position": {
            "x": 350.23590087890625,
            "y": 445.2729187011719,
            "z": 20.173431396484375
          }
        },
        {
          "type": "CHIN_LEFT_GONION",
          "position": {
            "x": 270.12506103515625,
            "y": 398.7234191894531,
            "z": 26.56757164001465
          }
        },
        {
          "type": "CHIN_RIGHT_GONION",
          "position": {
            "x": 374.4407043457031,
            "y": 408.35968017578125,
            "z": 101.89964294433594
          }
        }
      ],
      "rollAngle": 7.028107166290283,
      "panAngle": 35.70757293701172,
      "tiltAngle": -2.2077603340148926,
      "detectionConfidence": 0.9999450445175171,
      "landmarkingConfidence": 0.7671959400177002,
      "joyLikelihood": "VERY_UNLIKELY",
      "sorrowLikelihood": "VERY_UNLIKELY",
      "angerLikelihood": "VERY_UNLIKELY",
      "surpriseLikelihood": "VERY_UNLIKELY",
      "underExposedLikelihood": "VERY_UNLIKELY",
      "blurredLikelihood": "VERY_UNLIKELY",
      "headwearLikelihood": "VERY_UNLIKELY"
    },
    {
      "boundingPoly": {
        "vertices": [
          {
            "x": 1022,
            "y": 183
          },
          {
            "x": 1259,
            "y": 183
          },
          {
            "x": 1259,
            "y": 459
          },
          {
            "x": 1022,
            "y": 459
          }
        ]
      },
      "fdBoundingPoly": {
        "vertices": [
          {
            "x": 1032,
            "y": 271
          },
          {
            "x": 1186,
            "y": 271
          },
          {
            "x": 1186,
            "y": 425
          },
          {
            "x": 1032,
            "y": 425
          }
        ]
      },
      "landmarks": [
        {
          "type": "LEFT_EYE",
          "position": {
            "x": 1068.0706787109375,
            "y": 308.6745300292969,
            "z": -3.7300756957847625e-05
          }
        },
        {
          "type": "RIGHT_EYE",
          "position": {
            "x": 1085.950927734375,
            "y": 317.77569580078125,
            "z": -69.59966278076172
          }
        },
        {
          "type": "LEFT_OF_LEFT_EYEBROW",
          "position": {
            "x": 1067.4105224609375,
            "y": 287.44451904296875,
            "z": 22.141725540161133
          }
        },
        {
          "type": "RIGHT_OF_LEFT_EYEBROW",
          "position": {
            "x": 1057.9403076171875,
            "y": 295.228515625,
            "z": -24.134756088256836
          }
        },
        {
          "type": "LEFT_OF_RIGHT_EYEBROW",
          "position": {
            "x": 1066.9140625,
            "y": 301.85107421875,
            "z": -57.730628967285156
          }
        },
        {
          "type": "RIGHT_OF_RIGHT_EYEBROW",
          "position": {
            "x": 1098.534912109375,
            "y": 305.3111572265625,
            "z": -94.51234436035156
          }
        },
        {
          "type": "MIDPOINT_BETWEEN_EYES",
          "position": {
            "x": 1063.3553466796875,
            "y": 311.8669738769531,
            "z": -38.89561080932617
          }
        },
        {
          "type": "NOSE_TIP",
          "position": {
            "x": 1045.0860595703125,
            "y": 356.7015380859375,
            "z": -37.10235595703125
          }
        },
        {
          "type": "UPPER_LIP",
          "position": {
            "x": 1061.7366943359375,
            "y": 380.8638916015625,
            "z": -28.949234008789062
          }
        },
        {
          "type": "LOWER_LIP",
          "position": {
            "x": 1068.2313232421875,
            "y": 405.12799072265625,
            "z": -23.656797409057617
          }
        },
        {
          "type": "MOUTH_LEFT",
          "position": {
            "x": 1074.05419921875,
            "y": 385.4266662597656,
            "z": 4.669234275817871
          }
        },
        {
          "type": "MOUTH_RIGHT",
          "position": {
            "x": 1087.3328857421875,
            "y": 394.48065185546875,
            "z": -49.50722122192383
          }
        },
        {
          "type": "MOUTH_CENTER",
          "position": {
            "x": 1067.6627197265625,
            "y": 391.86785888671875,
            "z": -25.787635803222656
          }
        },
        {
          "type": "NOSE_BOTTOM_RIGHT",
          "position": {
            "x": 1074.875,
            "y": 363.21661376953125,
            "z": -48.27581787109375
          }
        },
        {
          "type": "NOSE_BOTTOM_LEFT",
          "position": {
            "x": 1066.137939453125,
            "y": 356.30072021484375,
            "z": -10.732154846191406
          }
        },
        {
          "type": "NOSE_BOTTOM_CENTER",
          "position": {
            "x": 1062.04150390625,
            "y": 367.1109313964844,
            "z": -31.274120330810547
          }
        },
        {
          "type": "LEFT_EYE_TOP_BOUNDARY",
          "position": {
            "x": 1062.974365234375,
            "y": 303.9895324707031,
            "z": -1.9467824697494507
          }
        },
        {
          "type": "LEFT_EYE_RIGHT_CORNER",
          "position": {
            "x": 1071.8807373046875,
            "y": 311.09356689453125,
            "z": -13.87586784362793
          }
        },
        {
          "type": "LEFT_EYE_BOTTOM_BOUNDARY",
          "position": {
            "x": 1067.63916015625,
            "y": 313.3511962890625,
            "z": 0.5734012126922607
          }
        },
        {
          "type": "LEFT_EYE_LEFT_CORNER",
          "position": {
            "x": 1070.8134765625,
            "y": 306.051513671875,
            "z": 15.419937133789062
          }
        },
        {
          "type": "LEFT_EYE_PUPIL",
          "position": {
            "x": 1065.9432373046875,
            "y": 308.4731750488281,
            "z": 0.6792747378349304
          }
        },
        {
          "type": "RIGHT_EYE_TOP_BOUNDARY",
          "position": {
            "x": 1081.111572265625,
            "y": 314.2776184082031,
            "z": -71.70133972167969
          }
        },
        {
          "type": "RIGHT_EYE_RIGHT_CORNER",
          "position": {
            "x": 1095.8974609375,
            "y": 320.1607360839844,
            "z": -81.88639068603516
          }
        },
        {
          "type": "RIGHT_EYE_BOTTOM_BOUNDARY",
          "position": {
            "x": 1085.6260986328125,
            "y": 322.401123046875,
            "z": -69.14054870605469
          }
        },
        {
          "type": "RIGHT_EYE_LEFT_CORNER",
          "position": {
            "x": 1082.212646484375,
            "y": 317.002197265625,
            "z": -55.51314163208008
          }
        },
        {
          "type": "RIGHT_EYE_PUPIL",
          "position": {
            "x": 1084.4781494140625,
            "y": 319.0389404296875,
            "z": -70.94258117675781
          }
        },
        {
          "type": "LEFT_EYEBROW_UPPER_MIDPOINT",
          "position": {
            "x": 1057.5035400390625,
            "y": 282.98577880859375,
            "z": -3.2756638526916504
          }
        },
        {
          "type": "RIGHT_EYEBROW_UPPER_MIDPOINT",
          "position": {
            "x": 1077.1832275390625,
            "y": 294.24407958984375,
            "z": -78.90888977050781
          }
        },
        {
          "type": "LEFT_EAR_TRAGION",
          "position": {
            "x": 1144.8482666015625,
            "y": 329.4098205566406,
            "z": 71.02275848388672
          }
        },
        {
          "type": "RIGHT_EAR_TRAGION",
          "position": {
            "x": 1182.19384765625,
            "y": 352.8843994140625,
            "z": -85.37816619873047
          }
        },
        {
          "type": "FOREHEAD_GLABELLA",
          "position": {
            "x": 1059.758056640625,
            "y": 297.123779296875,
            "z": -41.7998046875
          }
        },
        {
          "type": "CHIN_GNATHION",
          "position": {
            "x": 1080.7606201171875,
            "y": 434.1461486816406,
            "z": -16.089597702026367
          }
        },
        {
          "type": "CHIN_LEFT_GONION",
          "position": {
            "x": 1120.58349609375,
            "y": 379.5255126953125,
            "z": 63.92402648925781
          }
        },
        {
          "type": "CHIN_RIGHT_GONION",
          "position": {
            "x": 1157.7216796875,
            "y": 400.158447265625,
            "z": -78.82144165039062
          }
        }
      ],
      "rollAngle": -3.112821102142334,
      "panAngle": -76.0621566772461,
      "tiltAngle": -9.175790786743164,
      "detectionConfidence": 0.9792815446853638,
      "landmarkingConfidence": 0.45034274458885193,
      "joyLikelihood": "VERY_UNLIKELY",
      "sorrowLikelihood": "VERY_UNLIKELY",
      "angerLikelihood": "VERY_UNLIKELY",
      "surpriseLikelihood": "VERY_UNLIKELY",
      "underExposedLikelihood": "VERY_UNLIKELY",
      "blurredLikelihood": "VERY_UNLIKELY",
      "headwearLikelihood": "VERY_UNLIKELY"
    }
  ]
}
