{
  "faceAnnotations": [
    {
      "boundingPoly": {
        "vertices": [
          {
            "x": 306,
            "y": 185
          },
          {
            "x": 529,
            "y": 185
          },
          {
            "x": 529,
            "y": 444
          },
          {
            "x": 306,
            "y": 444
          }
        ]
      },
      "fdBoundingPoly": {
        "vertices": [
          {
            "x": 342,
            "y": 247
          },
          {
            "x": 522,
            "y": 247
          },
          {
            "x": 522,
            "y": 427
          },
          {
            "x": 342,
            "y": 427
          }
        ]
      },
      "landmarks": [
        {
          "type": "LEFT_EYE",
          "position": {
            "x": 465.9852600097656,
            "y": 305.7100830078125,
            "z": -0.0009235554607585073
          }
        },
        {
          "type": "RIGHT_EYE",
          "position": {
            "x": 492.9866638183594,
            "y": 305.7081604003906,
            "z": 58.417877197265625
          }
        },
        {
          "type": "LEFT_OF_LEFT_EYEBROW",
          "position": {
            "x": 442.3623962402344,
            "y": 293.76092529296875,
            "z": -22.31675148010254
          }
        },
        {
          "type": "RIGHT_OF_LEFT_EYEBROW",
          "position": {
            "x": 484.28369140625,
            "y": 292.03985595703125,
            "z": 6.6313958168029785
          }
        },
        {
          "type": "LEFT_OF_RIGHT_EYEBROW",
          "position": {
            "x": 496.6068420410156,
            "y": 291.44403076171875,
            "z": 35.65201950073242
          }
        },
        {
          "type": "RIGHT_OF_RIGHT_EYEBROW",
          "position": {
            "x": 496.2988586425781,
            "y": 289.4479064941406,
            "z": 79.66606903076172
          }
        },
        {
          "type": "MIDPOINT_BETWEEN_EYES",
          "position": {
            "x": 490.38818359375,
            "y": 307.16021728515625,
            "z": 21.45301055908203
          }
        },
        {
          "type": "NOSE_TIP",
          "position": {
            "x": 506.2450866699219,
            "y": 346.178955078125,
            "z": 14.850702285766602
          }
        },
        {
          "type": "UPPER_LIP",
          "position": {
            "x": 489.22576904296875,
            "y": 365.0802001953125,
            "z": 22.887300491333008
          }
        },
        {
          "type": "LOWER_LIP",
          "position": {
            "x": 484.4815979003906,
            "y": 389.848876953125,
            "z": 26.169790267944336
          }
        },
        {
          "type": "MOUTH_LEFT",
          "position": {
            "x": 454.01715087890625,
            "y": 374.04150390625,
            "z": 5.6811089515686035
          }
        },
        {
          "type": "MOUTH_RIGHT",
          "position": {
            "x": 484.3909912109375,
            "y": 375.3572998046875,
            "z": 54.94664001464844
          }
        },
        {
          "type": "MOUTH_CENTER",
          "position": {
            "x": 484.3709411621094,
            "y": 377.5496826171875,
            "z": 25.6507511138916
          }
        },
        {
          "type": "NOSE_BOTTOM_RIGHT",
          "position": {
            "x": 489.8996887207031,
            "y": 347.37823486328125,
            "z": 42.803585052490234
          }
        },
        {
          "type": "NOSE_BOTTOM_LEFT",
          "position": {
            "x": 475.67529296875,
            "y": 346.197265625,
            "z": 10.255453109741211
          }
        },
        {
          "type": "NOSE_BOTTOM_CENTER",
          "position": {
            "x": 491.2098083496094,
            "y": 354.4527587890625,
            "z": 22.09571075439453
          }
        },
        {
          "type": "LEFT_EYE_TOP_BOUNDARY",
          "position": {
            "x": 467.2051696777344,
            "y": 303.061279296875,
            "z": -4.663160800933838
          }
        },
        {
          "type": "LEFT_EYE_RIGHT_CORNER",
          "position": {
            "x": 470.07275390625,
            "y": 306.7652282714844,
            "z": 10.048102378845215
          }
        },
        {
          "type": "LEFT_EYE_BOTTOM_BOUNDARY",
          "position": {
            "x": 463.9217529296875,
            "y": 310.8767395019531,
            "z": -2.379631280899048
          }
        },
        {
          "type": "LEFT_EYE_LEFT_CORNER",
          "position": {
            "x": 451.6509094238281,
            "y": 307.10107421875,
            "z": -11.736266136169434
          }
        },
        {
          "type": "LEFT_EYE_PUPIL",
          "position": {
            "x": 463.7549133300781,
            "y": 307.3690185546875,
            "z": -4.068693161010742
          }
        },
        {
          "type": "RIGHT_EYE_TOP_BOUNDARY",
          "position": {
            "x": 495.8839111328125,
            "y": 301.61871337890625,
            "z": 55.21401596069336
          }
        },
        {
          "type": "RIGHT_EYE_RIGHT_CORNER",
          "position": {
            "x": 491.8251953125,
            "y": 305.27484130859375,
            "z": 72.0667953491211
          }
        },
        {
          "type": "RIGHT_EYE_BOTTOM_BOUNDARY",
          "position": {
            "x": 492.6867980957031,
            "y": 311.1475830078125,
            "z": 57.47138595581055
          }
        },
        {
          "type": "RIGHT_EYE_LEFT_CORNER",
          "position": {
            "x": 485.6865234375,
            "y": 306.575927734375,
            "z": 45.63462448120117
          }
        },
        {
          "type": "RIGHT_EYE_PUPIL",
          "position": {
            "x": 493.2369689941406,
            "y": 305.9716796875,
            "z": 57.32529830932617
          }
        },
        {
          "type": "LEFT_EYEBROW_UPPER_MIDPOINT",
          "position": {
            "x": 469.7001953125,
            "y": 284.3139343261719,
            "z": -9.734119415283203
          }
        },
        {
          "type": "RIGHT_EYEBROW_UPPER_MIDPOINT",
          "position": {
            "x": 500.9402160644531,
            "y": 282.73699951171875,
            "z": 55.36264419555664
          }
        },
        {
          "type": "LEFT_EAR_TRAGION",
          "position": {
            "x": 361.7607727050781,
            "y": 337.58880615234375,
            "z": -4.808547496795654
          }
        },
        {
          "type": "RIGHT_EAR_TRAGION",
          "position": {
            "x": 433.3392333984375,
            "y": 331.08770751953125,
            "z": 133.56178283691406
          }
        },
        {
          "type": "FOREHEAD_GLABELLA",
          "position": {
            "x": 491.92694091796875,
            "y": 291.2039489746094,
            "z": 19.873920440673828
          }
        },
        {
          "type": "CHIN_GNATHION",
          "position": {
            "x": 476.17535400390625,
            "y": 422.70269775390625,
            "z": 31.33224105834961
          }
        },
        {
          "type": "CHIN_LEFT_GONION",
          "position": {
            "x": 389.2400207519531,
            "y": 382.5238037109375,
            "z": -7.238396167755127
          }
        },
        {
          "type": "CHIN_RIGHT_GONION",
          "position": {
            "x": 450.61474609375,
            "y": 375.63555908203125,
            "z": 119.19709014892578
          }
        }
      ],
      "rollAngle": 3.1557226181030273,
      "panAngle": 64.47687530517578,
      "tiltAngle": -2.9552690982818604,
      "detectionConfidence": 0.9983441233634949,
      "landmarkingConfidence": 0.5900083184242249,
      "joyLikelihood": "UNLIKELY",
      "sorrowLikelihood": "VERY_UNLIKELY",
      "angerLikelihood": "VERY_UNLIKELY",
      "surpriseLikelihood": "VERY_UNLIKELY",
      "underExposedLikelihood": "VERY_UNLIKELY",
      "blurredLikelihood": "VERY_UNLIKELY",
      "headwearLikelihood": "VERY_UNLIKELY"
    },
    {
      "boundingPoly": {
        "vertices": [
          {
            "x": 902,
            "y": 189
          },
          {
            "x": 1173,
            "y": 189
          },
          {
            "x": 1173,
            "y": 504
          },
          {
            "x": 902,
            "y": 504
          }
        ]
      },
      "fdBoundingPoly": {
        "vertices": [
          {
            "x": 902,
            "y": 288
          },
          {
            "x": 1072,
            "y": 288
          },
          {
            "x": 1072,
            "y": 458
          },
          {
            "x": 902,
            "y": 458
          }
        ]
      },
      "landmarks": [
        {
          "type": "LEFT_EYE",
          "position": {
            "x": 958.8372802734375,
            "y": 340.0882568359375,
            "z": -0.0018190925475209951
          }
        },
        {
          "type": "RIGHT_EYE",
          "position": {
            "x": 959.34716796875,
            "y": 338.5772705078125,
            "z": -81.70613861083984
          }
        },
        {
          "type": "LEFT_OF_LEFT_EYEBROW",
          "position": {
            "x": 964.655517578125,
            "y": 323.0562744140625,
            "z": 28.66674041748047
          }
        },
        {
          "type": "RIGHT_OF_LEFT_EYEBROW",
          "position": {
            "x": 941.9797973632812,
            "y": 322.614990234375,
            "z": -20.556846618652344
          }
        },
        {
          "type": "LEFT_OF_RIGHT_EYEBROW",
          "position": {
            "x": 942.808349609375,
            "y": 321.10223388671875,
            "z": -60.38916778564453
          }
        },
        {
          "type": "RIGHT_OF_RIGHT_EYEBROW",
          "position": {
            "x": 968.913330078125,
            "y": 316.9041748046875,
            "z": -109.3369369506836
          }
        },
        {
          "type": "MIDPOINT_BETWEEN_EYES",
          "position": {
            "x": 942.6867065429688,
            "y": 339.51849365234375,
            "z": -41.16990280151367
          }
        },
        {
          "type": "NOSE_TIP",
          "position": {
            "x": 925.522216796875,
            "y": 392.14202880859375,
            "z": -43.54117202758789
          }
        },
        {
          "type": "UPPER_LIP",
          "position": {
            "x": 943.2202758789062,
            "y": 416.1971435546875,
            "z": -44.126644134521484
          }
        },
        {
          "type": "LOWER_LIP",
          "position": {
            "x": 948.8768310546875,
            "y": 441.4201965332031,
            "z": -44.98839569091797
          }
        },
        {
          "type": "MOUTH_LEFT",
          "position": {
            "x": 965.724365234375,
            "y": 427.44012451171875,
            "z": -11.729761123657227
          }
        },
        {
          "type": "MOUTH_RIGHT",
          "position": {
            "x": 969.3837890625,
            "y": 423.7410583496094,
            "z": -77.25037384033203
          }
        },
        {
          "type": "MOUTH_CENTER",
          "position": {
            "x": 949.55029296875,
            "y": 427.98211669921875,
            "z": -44.46818161010742
          }
        },
        {
          "type": "NOSE_BOTTOM_RIGHT",
          "position": {
            "x": 955.009765625,
            "y": 395.34381103515625,
            "z": -65.74583435058594
          }
        },
        {
          "type": "NOSE_BOTTOM_LEFT",
          "position": {
            "x": 953.703369140625,
            "y": 392.814453125,
            "z": -20.326047897338867
          }
        },
        {
          "type": "NOSE_BOTTOM_CENTER",
          "position": {
            "x": 942.3392944335938,
            "y": 402.1792297363281,
            "z": -43.570411682128906
          }
        },
        {
          "type": "LEFT_EYE_TOP_BOUNDARY",
          "position": {
            "x": 953.0283813476562,
            "y": 336.58441162109375,
            "z": 0.20187817513942719
          }
        },
        {
          "type": "LEFT_EYE_RIGHT_CORNER",
          "position": {
            "x": 963.0639038085938,
            "y": 341.0310363769531,
            "z": -16.053173065185547
          }
        },
        {
          "type": "LEFT_EYE_BOTTOM_BOUNDARY",
          "position": {
            "x": 957.9437866210938,
            "y": 345.8813171386719,
            "z": -0.1380763202905655
          }
        },
        {
          "type": "LEFT_EYE_LEFT_CORNER",
          "position": {
            "x": 966.1823120117188,
            "y": 342.14752197265625,
            "z": 16.632610321044922
          }
        },
        {
          "type": "LEFT_EYE_PUPIL",
          "position": {
            "x": 957.0610961914062,
            "y": 341.9803161621094,
            "z": 1.4256033897399902
          }
        },
        {
          "type": "RIGHT_EYE_TOP_BOUNDARY",
          "position": {
            "x": 954.527587890625,
            "y": 333.4912109375,
            "z": -81.77112579345703
          }
        },
        {
          "type": "RIGHT_EYE_RIGHT_CORNER",
          "position": {
            "x": 968.7083740234375,
            "y": 338.7574462890625,
            "z": -98.16079711914062
          }
        },
        {
          "type": "RIGHT_EYE_BOTTOM_BOUNDARY",
          "position": {
            "x": 959.7442016601562,
            "y": 344.154541015625,
            "z": -82.00079345703125
          }
        },
        {
          "type": "RIGHT_EYE_LEFT_CORNER",
          "position": {
            "x": 958.6704711914062,
            "y": 340.466552734375,
            "z": -65.24989318847656
          }
        },
        {
          "type": "RIGHT_EYE_PUPIL",
          "position": {
            "x": 958.5169067382812,
            "y": 338.905029296875,
            "z": -82.72483825683594
          }
        },
        {
          "type": "LEFT_EYEBROW_UPPER_MIDPOINT",
          "position": {
            "x": 947.1405029296875,
            "y": 313.26788330078125,
            "z": 4.516971111297607
          }
        },
        {
          "type": "RIGHT_EYEBROW_UPPER_MIDPOINT",
          "position": {
            "x": 948.8076171875,
            "y": 309.8323974609375,
            "z": -84.44402313232422
          }
        },
        {
          "type": "LEFT_EAR_TRAGION",
          "position": {
            "x": 1062.7342529296875,
            "y": 376.08258056640625,
            "z": 53.422401428222656
          }
        },
        {
          "type": "RIGHT_EAR_TRAGION",
          "position": {
            "x": 1068.4002685546875,
            "y": 363.0658264160156,
            "z": -134.9303741455078
          }
        },
        {
          "type": "FOREHEAD_GLABELLA",
          "position": {
            "x": 939.2627563476562,
            "y": 321.10223388671875,
            "z": -40.508567810058594
          }
        },
        {
          "type": "CHIN_GNATHION",
          "position": {
            "x": 958.1030883789062,
            "y": 477.5179443359375,
            "z": -46.16823959350586
          }
        },
        {
          "type": "CHIN_LEFT_GONION",
          "position": {
            "x": 1033.6954345703125,
            "y": 430.47039794921875,
            "z": 41.664649963378906
          }
        },
        {
          "type": "CHIN_RIGHT_GONION",
          "position": {
            "x": 1036.84912109375,
            "y": 424.9052734375,
            "z": -127.2907485961914
          }
        }
      ],
      "rollAngle": -4.278645038604736,
      "panAngle": -88.74481964111328,
      "tiltAngle": 2.127473831176758,
      "detectionConfidence": 0.9259504079818726,
      "landmarkingConfidence": 0.5287004709243774,
      "joyLikelihood": "UNLIKELY",
      "sorrowLikelihood": "VERY_UNLIKELY",
      "angerLikelihood": "VERY_UNLIKELY",
      "surpriseLikelihood": "VERY_UNLIKELY",
      "underExposedLikelihood": "VERY_UNLIKELY",
      "blurredLikelihood": "VERY_UNLIKELY",
      "headwearLikelihood": "VERY_UNLIKELY"
    }
  ]
}
