{
  "faceAnnotations": [
    {
      "boundingPoly": {
        "vertices": [
          {
            "x": 317,
            "y": 62
          },
          {
            "x": 363,
            "y": 62
          },
          {
            "x": 363,
            "y": 116
          },
          {
            "x": 317,
            "y": 116
          }
        ]
      },
      "fdBoundingPoly": {
        "vertices": [
          {
            "x": 312,
            "y": 69
          },
          {
            "x": 362,
            "y": 69
          },
          {
            "x": 362,
            "y": 119
          },
          {
            "x": 312,
            "y": 119
          }
        ]
      },
      "landmarks": [
        {
          "type": "LEFT_EYE",
          "position": {
            "x": 326.27093505859375,
            "y": 86.3947982788086,
            "z": 0.0002308212424395606
          }
        },
        {
          "type": "RIGHT_EYE",
          "position": {
            "x": 335.9614562988281,
            "y": 87.55929565429688,
            "z": -9.520166397094727
          }
        },
        {
          "type": "LEFT_OF_LEFT_EYEBROW",
          "position": {
            "x": 324.3480529785156,
            "y": 82.88136291503906,
            "z": 3.769010066986084
          }
        },
        {
          "type": "RIGHT_OF_LEFT_EYEBROW",
          "position": {
            "x": 327.3656005859375,
            "y": 83.580322265625,
            "z": -4.753483295440674
          }
        },
        {
          "type": "LEFT_OF_RIGHT_EYEBROW",
          "position": {
            "x": 332.4211120605469,
            "y": 84.16947937011719,
            "z": -9.41354751586914
          }
        },
        {
          "type": "RIGHT_OF_RIGHT_EYEBROW",
          "position": {
            "x": 340.8360595703125,
            "y": 84.97929382324219,
            "z": -12.262041091918945
          }
        },
        {
          "type": "MIDPOINT_BETWEEN_EYES",
          "position": {
            "x": 329.4466857910156,
            "y": 86.57341003417969,
            "z": -7.038055419921875
          }
        },
        {
          "type": "NOSE_TIP",
          "position": {
            "x": 325.99127197265625,
            "y": 94.21604919433594,
            "z": -9.37509822845459
          }
        },
        {
          "type": "UPPER_LIP",
          "position": {
            "x": 328.27093505859375,
            "y": 99.50479125976562,
            "z": -6.695190906524658
          }
        },
        {
          "type": "LOWER_LIP",
          "position": {
            "x": 328.6455078125,
            "y": 104.29124450683594,
            "z": -5.648130416870117
          }
        },
        {
          "type": "MOUTH_LEFT",
          "position": {
            "x": 326.8448486328125,
            "y": 101.05008697509766,
            "z": -0.1347285807132721
          }
        },
        {
          "type": "MOUTH_RIGHT",
          "position": {
            "x": 334.62103271484375,
            "y": 101.9569320678711,
            "z": -7.686856269836426
          }
        },
        {
          "type": "MOUTH_CENTER",
          "position": {
            "x": 328.7855224609375,
            "y": 101.75670623779297,
            "z": -5.810094356536865
          }
        },
        {
          "type": "NOSE_BOTTOM_RIGHT",
          "position": {
            "x": 332.5718994140625,
            "y": 95.84551239013672,
            "z": -8.12891674041748
          }
        },
        {
          "type": "NOSE_BOTTOM_LEFT",
          "position": {
            "x": 327.168701171875,
            "y": 95.26701354980469,
            "z": -2.851691961288452
          }
        },
        {
          "type": "NOSE_BOTTOM_CENTER",
          "position": {
            "x": 328.2903137207031,
            "y": 96.737548828125,
            "z": -6.940212726593018
          }
        },
        {
          "type": "LEFT_EYE_TOP_BOUNDARY",
          "position": {
            "x": 325.9377136230469,
            "y": 85.59893798828125,
            "z": -0.8786417841911316
          }
        },
        {
          "type": "LEFT_EYE_RIGHT_CORNER",
          "position": {
            "x": 328.3421325683594,
            "y": 86.95741271972656,
            "z": -1.9740108251571655
          }
        },
        {
          "type": "LEFT_EYE_BOTTOM_BOUNDARY",
          "position": {
            "x": 326.1296691894531,
            "y": 87.46483612060547,
            "z": -0.12826360762119293
          }
        },
        {
          "type": "LEFT_EYE_LEFT_CORNER",
          "position": {
            "x": 325.474853515625,
            "y": 86.32298278808594,
            "z": 2.6765971183776855
          }
        },
        {
          "type": "LEFT_EYE_PUPIL",
          "position": {
            "x": 326.1659851074219,
            "y": 86.52322387695312,
            "z": -0.23225943744182587
          }
        },
        {
          "type": "RIGHT_EYE_TOP_BOUNDARY",
          "position": {
            "x": 335.71533203125,
            "y": 86.79460906982422,
            "z": -10.462841033935547
          }
        },
        {
          "type": "RIGHT_EYE_RIGHT_CORNER",
          "position": {
            "x": 339.3293762207031,
            "y": 88.09930419921875,
            "z": -10.750025749206543
          }
        },
        {
          "type": "RIGHT_EYE_BOTTOM_BOUNDARY",
          "position": {
            "x": 336.15277099609375,
            "y": 88.8311996459961,
            "z": -9.737421035766602
          }
        },
        {
          "type": "RIGHT_EYE_LEFT_CORNER",
          "position": {
            "x": 334.3441467285156,
            "y": 87.65908813476562,
            "z": -7.751336097717285
          }
        },
        {
          "type": "RIGHT_EYE_PUPIL",
          "position": {
            "x": 336.1798400878906,
            "y": 87.75814056396484,
            "z": -10.073875427246094
          }
        },
        {
          "type": "LEFT_EYEBROW_UPPER_MIDPOINT",
          "position": {
            "x": 325.2861633300781,
            "y": 81.57672119140625,
            "z": -1.23651921749115
          }
        },
        {
          "type": "RIGHT_EYEBROW_UPPER_MIDPOINT",
          "position": {
            "x": 335.894287109375,
            "y": 82.87171936035156,
            "z": -11.640789031982422
          }
        },
        {
          "type": "LEFT_EAR_TRAGION",
          "position": {
            "x": 331.918701171875,
            "y": 92.1838150024414,
            "z": 18.67897605895996
          }
        },
        {
          "type": "RIGHT_EAR_TRAGION",
          "position": {
            "x": 355.3194274902344,
            "y": 94.94673156738281,
            "z": -3.147581100463867
          }
        },
        {
          "type": "FOREHEAD_GLABELLA",
          "position": {
            "x": 329.3978576660156,
            "y": 83.71527099609375,
            "z": -7.465522289276123
          }
        },
        {
          "type": "CHIN_GNATHION",
          "position": {
            "x": 329.696044921875,
            "y": 110.42608642578125,
            "z": -3.833104372024536
          }
        },
        {
          "type": "CHIN_LEFT_GONION",
          "position": {
            "x": 328.6655578613281,
            "y": 101.11514282226562,
            "z": 14.30553150177002
          }
        },
        {
          "type": "CHIN_RIGHT_GONION",
          "position": {
            "x": 348.8455810546875,
            "y": 103.91802978515625,
            "z": -5.500387191772461
          }
        }
      ],
      "rollAngle": 3.04872727394104,
      "panAngle": -44.34488296508789,
      "tiltAngle": -4.010455131530762,
      "detectionConfidence": 0.5740407109260559,
      "landmarkingConfidence": 0.4418349862098694,
      "joyLikelihood": "POSSIBLE",
      "sorrowLikelihood": "VERY_UNLIKELY",
      "angerLikelihood": "VERY_UNLIKELY",
      "surpriseLikelihood": "VERY_UNLIKELY",
      "underExposedLikelihood": "VERY_UNLIKELY",
      "blurredLikelihood": "VERY_UNLIKELY",
      "headwearLikelihood": "VERY_UNLIKELY"
    },
    {
      "boundingPoly": {
        "vertices": [
          {
            "x": 76,
            "y": 37
          },
          {
            "x": 130,
            "y": 37
          },
          {
            "x": 130,
            "y": 100
          },
          {
            "x": 76,
            "y": 100
          }
        ]
      },
      "fdBoundingPoly": {
        "vertices": [
          {
            "x": 87,
            "y": 48
          },
          {
            "x": 137,
            "y": 48
          },
          {
            "x": 137,
            "y": 98
          },
          {
            "x": 87,
            "y": 98
          }
        ]
      },
      "landmarks": [
        {
          "type": "LEFT_EYE",
          "position": {
            "x": 115.37962341308594,
            "y": 66.86359405517578,
            "z": -0.0002601953165140003
          }
        },
        {
          "type": "RIGHT_EYE",
          "position": {
            "x": 119.64544677734375,
            "y": 65.22943115234375,
            "z": 16.625057220458984
          }
        },
        {
          "type": "LEFT_OF_LEFT_EYEBROW",
          "position": {
            "x": 112.51228332519531,
            "y": 63.443824768066406,
            "z": -5.552660942077637
          }
        },
        {
          "type": "RIGHT_OF_LEFT_EYEBROW",
          "position": {
            "x": 119.8218994140625,
            "y": 62.44134521484375,
            "z": 3.0593245029449463
          }
        },
        {
          "type": "LEFT_OF_RIGHT_EYEBROW",
          "position": {
            "x": 121.89391326904297,
            "y": 61.5821418762207,
            "z": 11.102468490600586
          }
        },
        {
          "type": "RIGHT_OF_RIGHT_EYEBROW",
          "position": {
            "x": 119.65585327148438,
            "y": 60.5576171875,
            "z": 22.131141662597656
          }
        },
        {
          "type": "MIDPOINT_BETWEEN_EYES",
          "position": {
            "x": 120.84351348876953,
            "y": 65.6811752319336,
            "z": 7.39411735534668
          }
        },
        {
          "type": "NOSE_TIP",
          "position": {
            "x": 125.52812957763672,
            "y": 75.4917221069336,
            "z": 7.116495609283447
          }
        },
        {
          "type": "UPPER_LIP",
          "position": {
            "x": 121.427001953125,
            "y": 81.63670349121094,
            "z": 8.706947326660156
          }
        },
        {
          "type": "LOWER_LIP",
          "position": {
            "x": 120.50428771972656,
            "y": 87.55162048339844,
            "z": 9.578849792480469
          }
        },
        {
          "type": "MOUTH_LEFT",
          "position": {
            "x": 115.80674743652344,
            "y": 84.70698547363281,
            "z": 3.5768280029296875
          }
        },
        {
          "type": "MOUTH_RIGHT",
          "position": {
            "x": 119.1546859741211,
            "y": 83.51678466796875,
            "z": 16.52097511291504
          }
        },
        {
          "type": "MOUTH_CENTER",
          "position": {
            "x": 120.35237884521484,
            "y": 84.50227355957031,
            "z": 9.2887544631958
          }
        },
        {
          "type": "NOSE_BOTTOM_RIGHT",
          "position": {
            "x": 120.66830444335938,
            "y": 76.27107238769531,
            "z": 13.318289756774902
          }
        },
        {
          "type": "NOSE_BOTTOM_LEFT",
          "position": {
            "x": 118.51497650146484,
            "y": 76.9097900390625,
            "z": 4.378302097320557
          }
        },
        {
          "type": "NOSE_BOTTOM_CENTER",
          "position": {
            "x": 121.6313705444336,
            "y": 78.13581848144531,
            "z": 8.337969779968262
          }
        },
        {
          "type": "LEFT_EYE_TOP_BOUNDARY",
          "position": {
            "x": 116.54989624023438,
            "y": 65.63743591308594,
            "z": -0.38762539625167847
          }
        },
        {
          "type": "LEFT_EYE_RIGHT_CORNER",
          "position": {
            "x": 116.2808609008789,
            "y": 66.5875244140625,
            "z": 3.3762423992156982
          }
        },
        {
          "type": "LEFT_EYE_BOTTOM_BOUNDARY",
          "position": {
            "x": 115.64974212646484,
            "y": 67.86764526367188,
            "z": 0.09927695244550705
          }
        },
        {
          "type": "LEFT_EYE_LEFT_CORNER",
          "position": {
            "x": 113.15494537353516,
            "y": 67.1213607788086,
            "z": -2.855989694595337
          }
        },
        {
          "type": "LEFT_EYE_PUPIL",
          "position": {
            "x": 115.77629089355469,
            "y": 66.81163024902344,
            "z": -0.37249109148979187
          }
        },
        {
          "type": "RIGHT_EYE_TOP_BOUNDARY",
          "position": {
            "x": 120.82353973388672,
            "y": 64.0543212890625,
            "z": 16.221200942993164
          }
        },
        {
          "type": "RIGHT_EYE_RIGHT_CORNER",
          "position": {
            "x": 119.02822875976562,
            "y": 64.89198303222656,
            "z": 20.273984909057617
          }
        },
        {
          "type": "RIGHT_EYE_BOTTOM_BOUNDARY",
          "position": {
            "x": 119.83454895019531,
            "y": 66.36067199707031,
            "z": 16.66792106628418
          }
        },
        {
          "type": "RIGHT_EYE_LEFT_CORNER",
          "position": {
            "x": 118.78909301757812,
            "y": 65.65347290039062,
            "z": 13.285762786865234
          }
        },
        {
          "type": "RIGHT_EYE_PUPIL",
          "position": {
            "x": 120.19124603271484,
            "y": 65.19213104248047,
            "z": 16.670164108276367
          }
        },
        {
          "type": "LEFT_EYEBROW_UPPER_MIDPOINT",
          "position": {
            "x": 117.25318145751953,
            "y": 60.73310852050781,
            "z": -1.7867273092269897
          }
        },
        {
          "type": "RIGHT_EYEBROW_UPPER_MIDPOINT",
          "position": {
            "x": 121.89506530761719,
            "y": 59.00617980957031,
            "z": 16.206912994384766
          }
        },
        {
          "type": "LEFT_EAR_TRAGION",
          "position": {
            "x": 95.02490997314453,
            "y": 75.29148864746094,
            "z": -3.4431307315826416
          }
        },
        {
          "type": "RIGHT_EAR_TRAGION",
          "position": {
            "x": 102.05025482177734,
            "y": 72.18061828613281,
            "z": 32.92926025390625
          }
        },
        {
          "type": "FOREHEAD_GLABELLA",
          "position": {
            "x": 121.46141815185547,
            "y": 61.77495574951172,
            "z": 6.913930416107178
          }
        },
        {
          "type": "CHIN_GNATHION",
          "position": {
            "x": 118.4136962890625,
            "y": 96.22901916503906,
            "z": 10.97569465637207
          }
        },
        {
          "type": "CHIN_LEFT_GONION",
          "position": {
            "x": 99.65218353271484,
            "y": 86.71234130859375,
            "z": -3.249873399734497
          }
        },
        {
          "type": "CHIN_RIGHT_GONION",
          "position": {
            "x": 108.39149475097656,
            "y": 83.70671844482422,
            "z": 30.520767211914062
          }
        }
      ],
      "rollAngle": 0.34391313791275024,
      "panAngle": 75.69256591796875,
      "tiltAngle": -5.536215782165527,
      "detectionConfidence": 0.5534908175468445,
      "landmarkingConfidence": 0.360100656747818,
      "joyLikelihood": "VERY_UNLIKELY",
      "sorrowLikelihood": "VERY_UNLIKELY",
      "angerLikelihood": "VERY_UNLIKELY",
      "surpriseLikelihood": "VERY_UNLIKELY",
      "underExposedLikelihood": "VERY_UNLIKELY",
      "blurredLikelihood": "VERY_UNLIKELY",
      "headwearLikelihood": "VERY_UNLIKELY"
    }
  ]
}
