{
  "faceAnnotations": [
    {
      "boundingPoly": {
        "vertices": [
          {
            "x": 373,
            "y": 61
          },
          {
            "x": 475,
            "y": 61
          },
          {
            "x": 475,
            "y": 180
          },
          {
            "x": 373,
            "y": 180
          }
        ]
      },
      "fdBoundingPoly": {
        "vertices": [
          {
            "x": 377,
            "y": 100
          },
          {
            "x": 444,
            "y": 100
          },
          {
            "x": 444,
            "y": 166
          },
          {
            "x": 377,
            "y": 166
          }
        ]
      },
      "landmarks": [
        {
          "type": "LEFT_EYE",
          "position": {
            "x": 391.7822570800781,
            "y": 116.62091064453125,
            "z": 0.00023102917475625873
          }
        },
        {
          "type": "RIGHT_EYE",
          "position": {
            "x": 401.2101135253906,
            "y": 121.68299865722656,
            "z": -28.06905174255371
          }
        },
        {
          "type": "LEFT_OF_LEFT_EYEBROW",
          "position": {
            "x": 390.5000915527344,
            "y": 107.22816467285156,
            "z": 9.087563514709473
          }
        },
        {
          "type": "RIGHT_OF_LEFT_EYEBROW",
          "position": {
            "x": 388.322021484375,
            "y": 111.22233581542969,
            "z": -10.864934921264648
          }
        },
        {
          "type": "LEFT_OF_RIGHT_EYEBROW",
          "position": {
            "x": 393.63409423828125,
            "y": 113.0274887084961,
            "z": -25.007266998291016
          }
        },
        {
          "type": "RIGHT_OF_RIGHT_EYEBROW",
          "position": {
            "x": 408.00299072265625,
            "y": 115.65316772460938,
            "z": -39.10161209106445
          }
        },
        {
          "type": "MIDPOINT_BETWEEN_EYES",
          "position": {
            "x": 391.4407043457031,
            "y": 118.310302734375,
            "z": -16.776613235473633
          }
        },
        {
          "type": "NOSE_TIP",
          "position": {
            "x": 384.3108825683594,
            "y": 137.46922302246094,
            "z": -16.081069946289062
          }
        },
        {
          "type": "UPPER_LIP",
          "position": {
            "x": 391.4541015625,
            "y": 147.55213928222656,
            "z": -11.608001708984375
          }
        },
        {
          "type": "LOWER_LIP",
          "position": {
            "x": 394.06634521484375,
            "y": 158.3939666748047,
            "z": -8.707879066467285
          }
        },
        {
          "type": "MOUTH_LEFT",
          "position": {
            "x": 395.087890625,
            "y": 149.25881958007812,
            "z": 3.268202304840088
          }
        },
        {
          "type": "MOUTH_RIGHT",
          "position": {
            "x": 403.6509094238281,
            "y": 152.1148681640625,
            "z": -19.635448455810547
          }
        },
        {
          "type": "MOUTH_CENTER",
          "position": {
            "x": 393.6990051269531,
            "y": 152.46041870117188,
            "z": -9.869117736816406
          }
        },
        {
          "type": "NOSE_BOTTOM_RIGHT",
          "position": {
            "x": 397.1242980957031,
            "y": 139.34158325195312,
            "z": -19.59836769104004
          }
        },
        {
          "type": "NOSE_BOTTOM_LEFT",
          "position": {
            "x": 391.9581298828125,
            "y": 137.02098083496094,
            "z": -4.001908779144287
          }
        },
        {
          "type": "NOSE_BOTTOM_CENTER",
          "position": {
            "x": 390.76983642578125,
            "y": 142.0401611328125,
            "z": -12.836780548095703
          }
        },
        {
          "type": "LEFT_EYE_TOP_BOUNDARY",
          "position": {
            "x": 389.67742919921875,
            "y": 114.7210693359375,
            "z": -1.1192805767059326
          }
        },
        {
          "type": "LEFT_EYE_RIGHT_CORNER",
          "position": {
            "x": 394.0008544921875,
            "y": 117.81953430175781,
            "z": -5.722506046295166
          }
        },
        {
          "type": "LEFT_EYE_BOTTOM_BOUNDARY",
          "position": {
            "x": 391.65386962890625,
            "y": 118.66987609863281,
            "z": 0.2822887897491455
          }
        },
        {
          "type": "LEFT_EYE_LEFT_CORNER",
          "position": {
            "x": 392.37261962890625,
            "y": 115.3013916015625,
            "z": 6.617444038391113
          }
        },
        {
          "type": "LEFT_EYE_PUPIL",
          "position": {
            "x": 390.9560546875,
            "y": 116.57008361816406,
            "z": 0.19632667303085327
          }
        },
        {
          "type": "RIGHT_EYE_TOP_BOUNDARY",
          "position": {
            "x": 400.1340026855469,
            "y": 119.81106567382812,
            "z": -30.003053665161133
          }
        },
        {
          "type": "RIGHT_EYE_RIGHT_CORNER",
          "position": {
            "x": 407.0904846191406,
            "y": 122.44645690917969,
            "z": -33.70631790161133
          }
        },
        {
          "type": "RIGHT_EYE_BOTTOM_BOUNDARY",
          "position": {
            "x": 401.8648376464844,
            "y": 124.10301208496094,
            "z": -28.49877166748047
          }
        },
        {
          "type": "RIGHT_EYE_LEFT_CORNER",
          "position": {
            "x": 399.9695739746094,
            "y": 121.79585266113281,
            "z": -22.880271911621094
          }
        },
        {
          "type": "RIGHT_EYE_PUPIL",
          "position": {
            "x": 401.66693115234375,
            "y": 121.81298828125,
            "z": -29.456937789916992
          }
        },
        {
          "type": "LEFT_EYEBROW_UPPER_MIDPOINT",
          "position": {
            "x": 387.24493408203125,
            "y": 105.74835205078125,
            "z": -2.1713509559631348
          }
        },
        {
          "type": "RIGHT_EYEBROW_UPPER_MIDPOINT",
          "position": {
            "x": 398.61590576171875,
            "y": 111.22944641113281,
            "z": -33.500831604003906
          }
        },
        {
          "type": "LEFT_EAR_TRAGION",
          "position": {
            "x": 422.2976989746094,
            "y": 123.39163970947266,
            "z": 33.563663482666016
          }
        },
        {
          "type": "RIGHT_EAR_TRAGION",
          "position": {
            "x": 446.1016845703125,
            "y": 134.86502075195312,
            "z": -32.03355407714844
          }
        },
        {
          "type": "FOREHEAD_GLABELLA",
          "position": {
            "x": 389.82476806640625,
            "y": 112.22526550292969,
            "z": -18.310182571411133
          }
        },
        {
          "type": "CHIN_GNATHION",
          "position": {
            "x": 398.98138427734375,
            "y": 171.09466552734375,
            "z": -4.642658233642578
          }
        },
        {
          "type": "CHIN_LEFT_GONION",
          "position": {
            "x": 412.8247985839844,
            "y": 145.105224609375,
            "z": 30.24534034729004
          }
        },
        {
          "type": "CHIN_RIGHT_GONION",
          "position": {
            "x": 434.3052062988281,
            "y": 155.41677856445312,
            "z": -29.007524490356445
          }
        }
      ],
      "rollAngle": -3.8307671546936035,
      "panAngle": -71.0315170288086,
      "tiltAngle": -11.266204833984375,
      "detectionConfidence": 0.5497630834579468,
      "landmarkingConfidence": 0.5347097516059875,
      "joyLikelihood": "VERY_UNLIKELY",
      "sorrowLikelihood": "VERY_UNLIKELY",
      "angerLikelihood": "VERY_UNLIKELY",
      "surpriseLikelihood": "VERY_UNLIKELY",
      "underExposedLikelihood": "VERY_UNLIKELY",
      "blurredLikelihood": "VERY_UNLIKELY",
      "headwearLikelihood": "VERY_UNLIKELY"
    },
    {
      "boundingPoly": {
        "vertices": [
          {
            "x": 127,
            "y": 91
          },
          {
            "x": 230,
            "y": 91
          },
          {
            "x": 230,
            "y": 212
          },
          {
            "x": 127,
            "y": 212
          }
        ]
      },
      "fdBoundingPoly": {
        "vertices": [
          {
            "x": 147,
            "y": 118
          },
          {
            "x": 235,
            "y": 118
          },
          {
            "x": 235,
            "y": 206
          },
          {
            "x": 147,
            "y": 206
          }
        ]
      },
      "landmarks": [
        {
          "type": "LEFT_EYE",
          "position": {
            "x": 200.99986267089844,
            "y": 150.84437561035156,
            "z": -0.00012398744001984596
          }
        },
        {
          "type": "RIGHT_EYE",
          "position": {
            "x": 212.08160400390625,
            "y": 146.76988220214844,
            "z": 28.5237979888916
          }
        },
        {
          "type": "LEFT_OF_LEFT_EYEBROW",
          "position": {
            "x": 194.68887329101562,
            "y": 144.7554168701172,
            "z": -9.74414348602295
          }
        },
        {
          "type": "RIGHT_OF_LEFT_EYEBROW",
          "position": {
            "x": 209.61590576171875,
            "y": 142.91177368164062,
            "z": 4.067763328552246
          }
        },
        {
          "type": "LEFT_OF_RIGHT_EYEBROW",
          "position": {
            "x": 215.0091552734375,
            "y": 140.94482421875,
            "z": 17.966949462890625
          }
        },
        {
          "type": "RIGHT_OF_RIGHT_EYEBROW",
          "position": {
            "x": 213.25535583496094,
            "y": 137.96678161621094,
            "z": 38.1039924621582
          }
        },
        {
          "type": "MIDPOINT_BETWEEN_EYES",
          "position": {
            "x": 212.607421875,
            "y": 148.4158935546875,
            "z": 11.84293270111084
          }
        },
        {
          "type": "NOSE_TIP",
          "position": {
            "x": 220.9736785888672,
            "y": 166.65089416503906,
            "z": 11.286865234375
          }
        },
        {
          "type": "UPPER_LIP",
          "position": {
            "x": 213.85763549804688,
            "y": 176.89889526367188,
            "z": 15.505934715270996
          }
        },
        {
          "type": "LOWER_LIP",
          "position": {
            "x": 211.00991821289062,
            "y": 187.27719116210938,
            "z": 17.934711456298828
          }
        },
        {
          "type": "MOUTH_LEFT",
          "position": {
            "x": 199.60357666015625,
            "y": 183.4483642578125,
            "z": 7.627818584442139
          }
        },
        {
          "type": "MOUTH_RIGHT",
          "position": {
            "x": 209.9626922607422,
            "y": 179.8364715576172,
            "z": 30.3900146484375
          }
        },
        {
          "type": "MOUTH_CENTER",
          "position": {
            "x": 211.39373779296875,
            "y": 181.88619995117188,
            "z": 17.12363624572754
          }
        },
        {
          "type": "NOSE_BOTTOM_RIGHT",
          "position": {
            "x": 212.45819091796875,
            "y": 166.8426055908203,
            "z": 23.72481918334961
          }
        },
        {
          "type": "NOSE_BOTTOM_LEFT",
          "position": {
            "x": 206.4877166748047,
            "y": 168.82119750976562,
            "z": 8.041044235229492
          }
        },
        {
          "type": "NOSE_BOTTOM_CENTER",
          "position": {
            "x": 214.74452209472656,
            "y": 170.58261108398438,
            "z": 14.483728408813477
          }
        },
        {
          "type": "LEFT_EYE_TOP_BOUNDARY",
          "position": {
            "x": 202.92935180664062,
            "y": 148.8858642578125,
            "z": -1.1130599975585938
          }
        },
        {
          "type": "LEFT_EYE_RIGHT_CORNER",
          "position": {
            "x": 203.03627014160156,
            "y": 150.22938537597656,
            "z": 5.759513854980469
          }
        },
        {
          "type": "LEFT_EYE_BOTTOM_BOUNDARY",
          "position": {
            "x": 201.1226348876953,
            "y": 152.9051971435547,
            "z": 0.18489418923854828
          }
        },
        {
          "type": "LEFT_EYE_LEFT_CORNER",
          "position": {
            "x": 196.04444885253906,
            "y": 151.5198516845703,
            "z": -4.73232364654541
          }
        },
        {
          "type": "LEFT_EYE_PUPIL",
          "position": {
            "x": 201.43869018554688,
            "y": 150.93801879882812,
            "z": -0.7593569159507751
          }
        },
        {
          "type": "RIGHT_EYE_TOP_BOUNDARY",
          "position": {
            "x": 214.041748046875,
            "y": 144.8214569091797,
            "z": 27.510501861572266
          }
        },
        {
          "type": "RIGHT_EYE_RIGHT_CORNER",
          "position": {
            "x": 211.58590698242188,
            "y": 145.8295135498047,
            "z": 35.29274368286133
          }
        },
        {
          "type": "RIGHT_EYE_BOTTOM_BOUNDARY",
          "position": {
            "x": 212.23544311523438,
            "y": 148.82855224609375,
            "z": 28.78311538696289
          }
        },
        {
          "type": "RIGHT_EYE_LEFT_CORNER",
          "position": {
            "x": 209.70367431640625,
            "y": 147.7852020263672,
            "z": 22.923419952392578
          }
        },
        {
          "type": "RIGHT_EYE_PUPIL",
          "position": {
            "x": 212.87542724609375,
            "y": 146.7741241455078,
            "z": 28.593109130859375
          }
        },
        {
          "type": "LEFT_EYEBROW_UPPER_MIDPOINT",
          "position": {
            "x": 204.12022399902344,
            "y": 140.27670288085938,
            "z": -4.235551357269287
          }
        },
        {
          "type": "RIGHT_EYEBROW_UPPER_MIDPOINT",
          "position": {
            "x": 216.1831817626953,
            "y": 135.87342834472656,
            "z": 26.840253829956055
          }
        },
        {
          "type": "LEFT_EAR_TRAGION",
          "position": {
            "x": 155.89625549316406,
            "y": 165.4987030029297,
            "z": -3.0308563709259033
          }
        },
        {
          "type": "RIGHT_EAR_TRAGION",
          "position": {
            "x": 182.85235595703125,
            "y": 156.05154418945312,
            "z": 62.67966079711914
          }
        },
        {
          "type": "FOREHEAD_GLABELLA",
          "position": {
            "x": 213.41946411132812,
            "y": 141.64334106445312,
            "z": 10.539667129516602
          }
        },
        {
          "type": "CHIN_GNATHION",
          "position": {
            "x": 206.8052215576172,
            "y": 200.7064666748047,
            "z": 21.553707122802734
          }
        },
        {
          "type": "CHIN_LEFT_GONION",
          "position": {
            "x": 170.0030517578125,
            "y": 185.55691528320312,
            "z": -0.8842163681983948
          }
        },
        {
          "type": "CHIN_RIGHT_GONION",
          "position": {
            "x": 192.86183166503906,
            "y": 177.0095977783203,
            "z": 58.053436279296875
          }
        }
      ],
      "rollAngle": 1.4647024869918823,
      "panAngle": 69.17803192138672,
      "tiltAngle": -8.651596069335938,
      "detectionConfidence": 0.5427796244621277,
      "landmarkingConfidence": 0.3111855089664459,
      "joyLikelihood": "POSSIBLE",
      "sorrowLikelihood": "VERY_UNLIKELY",
      "angerLikelihood": "VERY_UNLIKELY",
      "surpriseLikelihood": "VERY_UNLIKELY",
      "underExposedLikelihood": "VERY_UNLIKELY",
      "blurredLikelihood": "VERY_UNLIKELY",
      "headwearLikelihood": "VERY_UNLIKELY"
    }
  ]
}
