{
  "faceAnnotations": [
    {
      "boundingPoly": {
        "vertices": [
          {
            "x": 84,
            "y": 129
          },
          {
            "x": 208,
            "y": 129
          },
          {
            "x": 208,
            "y": 273
          },
          {
            "x": 84,
            "y": 273
          }
        ]
      },
      "fdBoundingPoly": {
        "vertices": [
          {
            "x": 97,
            "y": 160
          },
          {
            "x": 189,
            "y": 160
          },
          {
            "x": 189,
            "y": 251
          },
          {
            "x": 97,
            "y": 251
          }
        ]
      },
      "landmarks": [
        {
          "type": "LEFT_EYE",
          "position": {
            "x": 118.59455108642578,
            "y": 194.1647491455078,
            "z": 0.0006320092361420393
          }
        },
        {
          "type": "RIGHT_EYE",
          "position": {
            "x": 154.72047424316406,
            "y": 184.44384765625,
            "z": -4.429563522338867
          }
        },
        {
          "type": "LEFT_OF_LEFT_EYEBROW",
          "position": {
            "x": 105.90438079833984,
            "y": 190.167236328125,
            "z": 6.345787048339844
          }
        },
        {
          "type": "RIGHT_OF_LEFT_EYEBROW",
          "position": {
            "x": 125.23653411865234,
            "y": 182.65261840820312,
            "z": -6.6535964012146
          }
        },
        {
          "type": "LEFT_OF_RIGHT_EYEBROW",
          "position": {
            "x": 142.5945281982422,
            "y": 177.98390197753906,
            "z": -8.773259162902832
          }
        },
        {
          "type": "RIGHT_OF_RIGHT_EYEBROW",
          "position": {
            "x": 165.46902465820312,
            "y": 174.15699768066406,
            "z": -0.9623001217842102
          }
        },
        {
          "type": "MIDPOINT_BETWEEN_EYES",
          "position": {
            "x": 135.14556884765625,
            "y": 187.5542755126953,
            "z": -9.756610870361328
          }
        },
        {
          "type": "NOSE_TIP",
          "position": {
            "x": 138.7563934326172,
            "y": 206.1554412841797,
            "z": -24.481136322021484
          }
        },
        {
          "type": "UPPER_LIP",
          "position": {
            "x": 144.02047729492188,
            "y": 220.35739135742188,
            "z": -18.57842445373535
          }
        },
        {
          "type": "LOWER_LIP",
          "position": {
            "x": 146.93936157226562,
            "y": 233.0526123046875,
            "z": -18.384614944458008
          }
        },
        {
          "type": "MOUTH_LEFT",
          "position": {
            "x": 131.06626892089844,
            "y": 231.4701690673828,
            "z": -7.7074055671691895
          }
        },
        {
          "type": "MOUTH_RIGHT",
          "position": {
            "x": 161.45606994628906,
            "y": 224.2226104736328,
            "z": -11.466442108154297
          }
        },
        {
          "type": "MOUTH_CENTER",
          "position": {
            "x": 145.7220001220703,
            "y": 226.90625,
            "z": -17.02309226989746
          }
        },
        {
          "type": "NOSE_BOTTOM_RIGHT",
          "position": {
            "x": 150.5459442138672,
            "y": 208.10635375976562,
            "z": -12.318363189697266
          }
        },
        {
          "type": "NOSE_BOTTOM_LEFT",
          "position": {
            "x": 131.91905212402344,
            "y": 213.35203552246094,
            "z": -9.801971435546875
          }
        },
        {
          "type": "NOSE_BOTTOM_CENTER",
          "position": {
            "x": 141.29519653320312,
            "y": 212.64048767089844,
            "z": -17.21833038330078
          }
        },
        {
          "type": "LEFT_EYE_TOP_BOUNDARY",
          "position": {
            "x": 118.33464050292969,
            "y": 191.93881225585938,
            "z": -2.1209421157836914
          }
        },
        {
          "type": "LEFT_EYE_RIGHT_CORNER",
          "position": {
            "x": 126.8399887084961,
            "y": 193.53961181640625,
            "z": -1.0141558647155762
          }
        },
        {
          "type": "LEFT_EYE_BOTTOM_BOUNDARY",
          "position": {
            "x": 119.51602172851562,
            "y": 197.4949188232422,
            "z": -0.9455001354217529
          }
        },
        {
          "type": "LEFT_EYE_LEFT_CORNER",
          "position": {
            "x": 112.84587860107422,
            "y": 197.36123657226562,
            "z": 4.018406391143799
          }
        },
        {
          "type": "LEFT_EYE_PUPIL",
          "position": {
            "x": 118.64506530761719,
            "y": 194.83700561523438,
            "z": -0.9926115870475769
          }
        },
        {
          "type": "RIGHT_EYE_TOP_BOUNDARY",
          "position": {
            "x": 153.98268127441406,
            "y": 182.28932189941406,
            "z": -6.494253158569336
          }
        },
        {
          "type": "RIGHT_EYE_RIGHT_CORNER",
          "position": {
            "x": 162.86923217773438,
            "y": 183.841064453125,
            "z": -2.0629520416259766
          }
        },
        {
          "type": "RIGHT_EYE_BOTTOM_BOUNDARY",
          "position": {
            "x": 156.2594451904297,
            "y": 187.6231231689453,
            "z": -5.346353530883789
          }
        },
        {
          "type": "RIGHT_EYE_LEFT_CORNER",
          "position": {
            "x": 148.17076110839844,
            "y": 187.5189208984375,
            "z": -3.5899159908294678
          }
        },
        {
          "type": "RIGHT_EYE_PUPIL",
          "position": {
            "x": 155.2312469482422,
            "y": 184.93862915039062,
            "z": -5.52735710144043
          }
        },
        {
          "type": "LEFT_EYEBROW_UPPER_MIDPOINT",
          "position": {
            "x": 113.99273681640625,
            "y": 181.7817840576172,
            "z": -1.6703064441680908
          }
        },
        {
          "type": "RIGHT_EYEBROW_UPPER_MIDPOINT",
          "position": {
            "x": 152.65199279785156,
            "y": 171.3271942138672,
            "z": -6.4215922355651855
          }
        },
        {
          "type": "LEFT_EAR_TRAGION",
          "position": {
            "x": 108.44918823242188,
            "y": 225.4049530029297,
            "z": 43.82996368408203
          }
        },
        {
          "type": "RIGHT_EAR_TRAGION",
          "position": {
            "x": 189.3573760986328,
            "y": 203.4974365234375,
            "z": 33.955406188964844
          }
        },
        {
          "type": "FOREHEAD_GLABELLA",
          "position": {
            "x": 133.54295349121094,
            "y": 179.692626953125,
            "z": -9.006918907165527
          }
        },
        {
          "type": "CHIN_GNATHION",
          "position": {
            "x": 151.642333984375,
            "y": 249.98062133789062,
            "z": -16.47327423095703
          }
        },
        {
          "type": "CHIN_LEFT_GONION",
          "position": {
            "x": 115.45025634765625,
            "y": 244.69869995117188,
            "z": 24.046964645385742
          }
        },
        {
          "type": "CHIN_RIGHT_GONION",
          "position": {
            "x": 188.55606079101562,
            "y": 224.95022583007812,
            "z": 15.071208953857422
          }
        }
      ],
      "rollAngle": -13.827615737915039,
      "panAngle": -6.8763275146484375,
      "tiltAngle": 11.107024192810059,
      "detectionConfidence": 0.961334228515625,
      "landmarkingConfidence": 0.5357913374900818,
      "joyLikelihood": "VERY_LIKELY",
      "sorrowLikelihood": "VERY_UNLIKELY",
      "angerLikelihood": "VERY_UNLIKELY",
      "surpriseLikelihood": "VERY_UNLIKELY",
      "underExposedLikelihood": "VERY_UNLIKELY",
      "blurredLikelihood": "VERY_UNLIKELY",
      "headwearLikelihood": "VERY_UNLIKELY"
    },
    {
      "boundingPoly": {
        "vertices": [
          {
            "x": 328,
            "y": 45
          },
          {
            "x": 470,
            "y": 45
          },
          {
            "x": 470,
            "y": 210
          },
          {
            "x": 328,
            "y": 210
          }
        ]
      },
      "fdBoundingPoly": {
        "vertices": [
          {
            "x": 334,
            "y": 75
          },
          {
            "x": 443,
            "y": 75
          },
          {
            "x": 443,
            "y": 184
          },
          {
            "x": 334,
            "y": 184
          }
        ]
      },
      "landmarks": [
        {
          "type": "LEFT_EYE",
          "position": {
            "x": 359.3497619628906,
            "y": 120.545166015625,
            "z": 0.0013123354874551296
          }
        },
        {
          "type": "RIGHT_EYE",
          "position": {
            "x": 391.7080993652344,
            "y": 108.43049621582031,
            "z": -19.83139419555664
          }
        },
        {
          "type": "LEFT_OF_LEFT_EYEBROW",
          "position": {
            "x": 346.19879150390625,
            "y": 115.98494720458984,
            "z": 13.871437072753906
          }
        },
        {
          "type": "RIGHT_OF_LEFT_EYEBROW",
          "position": {
            "x": 360.6021728515625,
            "y": 107.34454345703125,
            "z": -9.122238159179688
          }
        },
        {
          "type": "LEFT_OF_RIGHT_EYEBROW",
          "position": {
            "x": 376.3296203613281,
            "y": 101.83222961425781,
            "z": -19.521629333496094
          }
        },
        {
          "type": "RIGHT_OF_RIGHT_EYEBROW",
          "position": {
            "x": 407.8857421875,
            "y": 98.910400390625,
            "z": -22.26788902282715
          }
        },
        {
          "type": "MIDPOINT_BETWEEN_EYES",
          "position": {
            "x": 368.85931396484375,
            "y": 113.54158020019531,
            "z": -17.24735450744629
          }
        },
        {
          "type": "NOSE_TIP",
          "position": {
            "x": 366.9635925292969,
            "y": 134.81202697753906,
            "z": -34.03786849975586
          }
        },
        {
          "type": "UPPER_LIP",
          "position": {
            "x": 375.95159912109375,
            "y": 151.63900756835938,
            "z": -29.564617156982422
          }
        },
        {
          "type": "LOWER_LIP",
          "position": {
            "x": 379.82794189453125,
            "y": 165.47573852539062,
            "z": -30.678302764892578
          }
        },
        {
          "type": "MOUTH_LEFT",
          "position": {
            "x": 368.9117736816406,
            "y": 163.55780029296875,
            "z": -13.271121978759766
          }
        },
        {
          "type": "MOUTH_RIGHT",
          "position": {
            "x": 398.6531982421875,
            "y": 154.0413055419922,
            "z": -29.752830505371094
          }
        },
        {
          "type": "MOUTH_CENTER",
          "position": {
            "x": 378.4080810546875,
            "y": 158.08843994140625,
            "z": -28.610279083251953
          }
        },
        {
          "type": "NOSE_BOTTOM_RIGHT",
          "position": {
            "x": 387.3738708496094,
            "y": 137.147216796875,
            "z": -26.927000045776367
          }
        },
        {
          "type": "NOSE_BOTTOM_LEFT",
          "position": {
            "x": 366.225341796875,
            "y": 143.22808837890625,
            "z": -14.903582572937012
          }
        },
        {
          "type": "NOSE_BOTTOM_CENTER",
          "position": {
            "x": 373.77032470703125,
            "y": 142.74749755859375,
            "z": -27.442039489746094
          }
        },
        {
          "type": "LEFT_EYE_TOP_BOUNDARY",
          "position": {
            "x": 355.57806396484375,
            "y": 117.98735809326172,
            "z": -0.8841705322265625
          }
        },
        {
          "type": "LEFT_EYE_RIGHT_CORNER",
          "position": {
            "x": 364.8931579589844,
            "y": 119.13059997558594,
            "z": -3.480975389480591
          }
        },
        {
          "type": "LEFT_EYE_BOTTOM_BOUNDARY",
          "position": {
            "x": 358.4096984863281,
            "y": 123.79194641113281,
            "z": -0.36987584829330444
          }
        },
        {
          "type": "LEFT_EYE_LEFT_CORNER",
          "position": {
            "x": 352.616455078125,
            "y": 124.18373107910156,
            "z": 8.260000228881836
          }
        },
        {
          "type": "LEFT_EYE_PUPIL",
          "position": {
            "x": 356.42974853515625,
            "y": 121.31380462646484,
            "z": 0.24854958057403564
          }
        },
        {
          "type": "RIGHT_EYE_TOP_BOUNDARY",
          "position": {
            "x": 391.23822021484375,
            "y": 106.563232421875,
            "z": -22.284313201904297
          }
        },
        {
          "type": "RIGHT_EYE_RIGHT_CORNER",
          "position": {
            "x": 402.4966735839844,
            "y": 108.65328216552734,
            "z": -21.691783905029297
          }
        },
        {
          "type": "RIGHT_EYE_BOTTOM_BOUNDARY",
          "position": {
            "x": 392.88568115234375,
            "y": 112.17950439453125,
            "z": -21.575841903686523
          }
        },
        {
          "type": "RIGHT_EYE_LEFT_CORNER",
          "position": {
            "x": 383.88946533203125,
            "y": 112.93390655517578,
            "z": -15.959317207336426
          }
        },
        {
          "type": "RIGHT_EYE_PUPIL",
          "position": {
            "x": 392.98486328125,
            "y": 109.58894348144531,
            "z": -21.809114456176758
          }
        },
        {
          "type": "LEFT_EYEBROW_UPPER_MIDPOINT",
          "position": {
            "x": 350.935791015625,
            "y": 106.32151794433594,
            "z": 1.3701964616775513
          }
        },
        {
          "type": "RIGHT_EYEBROW_UPPER_MIDPOINT",
          "position": {
            "x": 389.712646484375,
            "y": 93.95027160644531,
            "z": -21.856201171875
          }
        },
        {
          "type": "LEFT_EAR_TRAGION",
          "position": {
            "x": 366.9049377441406,
            "y": 156.10874938964844,
            "z": 53.20913314819336
          }
        },
        {
          "type": "RIGHT_EAR_TRAGION",
          "position": {
            "x": 447.4120178222656,
            "y": 130.13673400878906,
            "z": 4.440805435180664
          }
        },
        {
          "type": "FOREHEAD_GLABELLA",
          "position": {
            "x": 368.247802734375,
            "y": 103.872314453125,
            "z": -15.572676658630371
          }
        },
        {
          "type": "CHIN_GNATHION",
          "position": {
            "x": 385.3589782714844,
            "y": 185.67666625976562,
            "z": -30.737167358398438
          }
        },
        {
          "type": "CHIN_LEFT_GONION",
          "position": {
            "x": 365.5286560058594,
            "y": 179.1959228515625,
            "z": 29.868749618530273
          }
        },
        {
          "type": "CHIN_RIGHT_GONION",
          "position": {
            "x": 440.2072448730469,
            "y": 157.24142456054688,
            "z": -15.048055648803711
          }
        }
      ],
      "rollAngle": -9.065241813659668,
      "panAngle": -30.846229553222656,
      "tiltAngle": 14.80809211730957,
      "detectionConfidence": 0.9999961853027344,
      "landmarkingConfidence": 0.7407840490341187,
      "joyLikelihood": "VERY_UNLIKELY",
      "sorrowLikelihood": "VERY_UNLIKELY",
      "angerLikelihood": "VERY_UNLIKELY",
      "surpriseLikelihood": "VERY_UNLIKELY",
      "underExposedLikelihood": "VERY_UNLIKELY",
      "blurredLikelihood": "VERY_UNLIKELY",
      "headwearLikelihood": "VERY_UNLIKELY"
    }
  ]
}
