{
  "faceAnnotations": [
    {
      "boundingPoly": {
        "vertices": [
          {
            "x": 376,
            "y": 32
          },
          {
            "x": 491,
            "y": 32
          },
          {
            "x": 491,
            "y": 165
          },
          {
            "x": 376,
            "y": 165
          }
        ]
      },
      "fdBoundingPoly": {
        "vertices": [
          {
            "x": 389,
            "y": 62
          },
          {
            "x": 476,
            "y": 62
          },
          {
            "x": 476,
            "y": 150
          },
          {
            "x": 389,
            "y": 150
          }
        ]
      },
      "landmarks": [
        {
          "type": "LEFT_EYE",
          "position": {
            "x": 415.6888122558594,
            "y": 90.15874481201172,
            "z": -7.680035923840478e-05
          }
        },
        {
          "type": "RIGHT_EYE",
          "position": {
            "x": 450.618896484375,
            "y": 90.53692626953125,
            "z": -1.4951714277267456
          }
        },
        {
          "type": "LEFT_OF_LEFT_EYEBROW",
          "position": {
            "x": 403.5026550292969,
            "y": 82.36177825927734,
            "z": 4.442165374755859
          }
        },
        {
          "type": "RIGHT_OF_LEFT_EYEBROW",
          "position": {
            "x": 422.607177734375,
            "y": 81.41558074951172,
            "z": -6.323543548583984
          }
        },
        {
          "type": "LEFT_OF_RIGHT_EYEBROW",
          "position": {
            "x": 440.3965148925781,
            "y": 81.21405792236328,
            "z": -7.077334403991699
          }
        },
        {
          "type": "RIGHT_OF_RIGHT_EYEBROW",
          "position": {
            "x": 460.2867736816406,
            "y": 81.4033203125,
            "z": 1.681613802909851
          }
        },
        {
          "type": "MIDPOINT_BETWEEN_EYES",
          "position": {
            "x": 431.8841247558594,
            "y": 88.90609741210938,
            "z": -7.926123142242432
          }
        },
        {
          "type": "NOSE_TIP",
          "position": {
            "x": 431.758544921875,
            "y": 108.59526062011719,
            "z": -19.97905158996582
          }
        },
        {
          "type": "UPPER_LIP",
          "position": {
            "x": 431.95440673828125,
            "y": 120.47792053222656,
            "z": -12.965781211853027
          }
        },
        {
          "type": "LOWER_LIP",
          "position": {
            "x": 431.856201171875,
            "y": 134.0020294189453,
            "z": -11.554491996765137
          }
        },
        {
          "type": "MOUTH_LEFT",
          "position": {
            "x": 415.02728271484375,
            "y": 123.75419616699219,
            "z": -2.162599802017212
          }
        },
        {
          "type": "MOUTH_RIGHT",
          "position": {
            "x": 450.2142333984375,
            "y": 123.93795776367188,
            "z": -3.3993048667907715
          }
        },
        {
          "type": "MOUTH_CENTER",
          "position": {
            "x": 432.12640380859375,
            "y": 126.56419372558594,
            "z": -10.91328239440918
          }
        },
        {
          "type": "NOSE_BOTTOM_RIGHT",
          "position": {
            "x": 442.9528503417969,
            "y": 110.06254577636719,
            "z": -6.9207611083984375
          }
        },
        {
          "type": "NOSE_BOTTOM_LEFT",
          "position": {
            "x": 421.2997131347656,
            "y": 110.7793960571289,
            "z": -6.055953502655029
          }
        },
        {
          "type": "NOSE_BOTTOM_CENTER",
          "position": {
            "x": 432.2193908691406,
            "y": 113.59909057617188,
            "z": -12.443592071533203
          }
        },
        {
          "type": "LEFT_EYE_TOP_BOUNDARY",
          "position": {
            "x": 414.9178466796875,
            "y": 87.84674835205078,
            "z": -2.1666996479034424
          }
        },
        {
          "type": "LEFT_EYE_RIGHT_CORNER",
          "position": {
            "x": 421.453125,
            "y": 91.12033081054688,
            "z": -0.20461982488632202
          }
        },
        {
          "type": "LEFT_EYE_BOTTOM_BOUNDARY",
          "position": {
            "x": 414.72821044921875,
            "y": 92.71282196044922,
            "z": -0.5460278987884521
          }
        },
        {
          "type": "LEFT_EYE_LEFT_CORNER",
          "position": {
            "x": 408.0785217285156,
            "y": 90.88422393798828,
            "z": 3.464409351348877
          }
        },
        {
          "type": "LEFT_EYE_PUPIL",
          "position": {
            "x": 414.40936279296875,
            "y": 90.32670593261719,
            "z": -0.9788210988044739
          }
        },
        {
          "type": "RIGHT_EYE_TOP_BOUNDARY",
          "position": {
            "x": 449.4458312988281,
            "y": 87.55796813964844,
            "z": -3.6263129711151123
          }
        },
        {
          "type": "RIGHT_EYE_RIGHT_CORNER",
          "position": {
            "x": 456.64617919921875,
            "y": 90.88389587402344,
            "z": 1.3539397716522217
          }
        },
        {
          "type": "RIGHT_EYE_BOTTOM_BOUNDARY",
          "position": {
            "x": 450.6080322265625,
            "y": 92.75404357910156,
            "z": -2.0005693435668945
          }
        },
        {
          "type": "RIGHT_EYE_LEFT_CORNER",
          "position": {
            "x": 443.82293701171875,
            "y": 91.22245788574219,
            "z": -1.0934619903564453
          }
        },
        {
          "type": "RIGHT_EYE_PUPIL",
          "position": {
            "x": 449.8786315917969,
            "y": 90.06529235839844,
            "z": -2.516308069229126
          }
        },
        {
          "type": "LEFT_EYEBROW_UPPER_MIDPOINT",
          "position": {
            "x": 413.2485656738281,
            "y": 77.60718536376953,
            "z": -2.931525945663452
          }
        },
        {
          "type": "RIGHT_EYEBROW_UPPER_MIDPOINT",
          "position": {
            "x": 450.689697265625,
            "y": 77.27217864990234,
            "z": -4.519561290740967
          }
        },
        {
          "type": "LEFT_EAR_TRAGION",
          "position": {
            "x": 395.10546875,
            "y": 111.36094665527344,
            "z": 41.80867004394531
          }
        },
        {
          "type": "RIGHT_EAR_TRAGION",
          "position": {
            "x": 473.626953125,
            "y": 111.49085998535156,
            "z": 38.663795471191406
          }
        },
        {
          "type": "FOREHEAD_GLABELLA",
          "position": {
            "x": 431.8339538574219,
            "y": 80.7940444946289,
            "z": -8.04102897644043
          }
        },
        {
          "type": "CHIN_GNATHION",
          "position": {
            "x": 432.4373779296875,
            "y": 148.4923095703125,
            "z": -8.267423629760742
          }
        },
        {
          "type": "CHIN_LEFT_GONION",
          "position": {
            "x": 398.32421875,
            "y": 131.9794921875,
            "z": 25.675765991210938
          }
        },
        {
          "type": "CHIN_RIGHT_GONION",
          "position": {
            "x": 469.0472717285156,
            "y": 131.38002014160156,
            "z": 22.678569793701172
          }
        }
      ],
      "rollAngle": -0.29650431871414185,
      "panAngle": -2.4294040203094482,
      "tiltAngle": 5.375809669494629,
      "detectionConfidence": 0.9998939037322998,
      "landmarkingConfidence": 0.783316433429718,
      "joyLikelihood": "VERY_LIKELY",
      "sorrowLikelihood": "VERY_UNLIKELY",
      "angerLikelihood": "VERY_UNLIKELY",
      "surpriseLikelihood": "VERY_UNLIKELY",
      "underExposedLikelihood": "VERY_UNLIKELY",
      "blurredLikelihood": "VERY_UNLIKELY",
      "headwearLikelihood": "VERY_UNLIKELY"
    },
    {
      "boundingPoly": {
        "vertices": [
          {
            "x": 192
          },
          {
            "x": 330
          },
          {
            "x": 330,
            "y": 149
          },
          {
            "x": 192,
            "y": 149
          }
        ]
      },
      "fdBoundingPoly": {
        "vertices": [
          {
            "x": 214,
            "y": 35
          },
          {
            "x": 323,
            "y": 35
          },
          {
            "x": 323,
            "y": 144
          },
          {
            "x": 214,
            "y": 144
          }
        ]
      },
      "landmarks": [
        {
          "type": "LEFT_EYE",
          "position": {
            "x": 263.05914306640625,
            "y": 69.35400390625,
            "z": 0.00032814231235533953
          }
        },
        {
          "type": "RIGHT_EYE",
          "position": {
            "x": 299.2779235839844,
            "y": 75.80357360839844,
            "z": 17.389493942260742
          }
        },
        {
          "type": "LEFT_OF_LEFT_EYEBROW",
          "position": {
            "x": 250.92567443847656,
            "y": 57.6982536315918,
            "z": -4.256097316741943
          }
        },
        {
          "type": "RIGHT_OF_LEFT_EYEBROW",
          "position": {
            "x": 277.2188415527344,
            "y": 64.94328308105469,
            "z": -4.385143280029297
          }
        },
        {
          "type": "LEFT_OF_RIGHT_EYEBROW",
          "position": {
            "x": 295.4748840332031,
            "y": 67.38849639892578,
            "z": 4.0636982917785645
          }
        },
        {
          "type": "RIGHT_OF_RIGHT_EYEBROW",
          "position": {
            "x": 312.8450927734375,
            "y": 68.1760482788086,
            "z": 25.21427345275879
          }
        },
        {
          "type": "MIDPOINT_BETWEEN_EYES",
          "position": {
            "x": 285.13525390625,
            "y": 74.64173889160156,
            "z": 0.75365149974823
          }
        },
        {
          "type": "NOSE_TIP",
          "position": {
            "x": 283.3527526855469,
            "y": 100.43902587890625,
            "z": -5.889105796813965
          }
        },
        {
          "type": "UPPER_LIP",
          "position": {
            "x": 275.9393615722656,
            "y": 111.62623596191406,
            "z": 5.338703632354736
          }
        },
        {
          "type": "LOWER_LIP",
          "position": {
            "x": 271.0582580566406,
            "y": 125.56880187988281,
            "z": 10.753106117248535
          }
        },
        {
          "type": "MOUTH_LEFT",
          "position": {
            "x": 251.0443115234375,
            "y": 107.63468933105469,
            "z": 9.59304141998291
          }
        },
        {
          "type": "MOUTH_RIGHT",
          "position": {
            "x": 288.2567138671875,
            "y": 115.46165466308594,
            "z": 24.35919189453125
          }
        },
        {
          "type": "MOUTH_CENTER",
          "position": {
            "x": 272.7294921875,
            "y": 118.18793487548828,
            "z": 9.416851043701172
          }
        },
        {
          "type": "NOSE_BOTTOM_RIGHT",
          "position": {
            "x": 286.74945068359375,
            "y": 100.59088134765625,
            "z": 13.748249053955078
          }
        },
        {
          "type": "NOSE_BOTTOM_LEFT",
          "position": {
            "x": 266.8747863769531,
            "y": 97.49465942382812,
            "z": 4.075102806091309
          }
        },
        {
          "type": "NOSE_BOTTOM_CENTER",
          "position": {
            "x": 277.80889892578125,
            "y": 104.6511001586914,
            "z": 3.8212227821350098
          }
        },
        {
          "type": "LEFT_EYE_TOP_BOUNDARY",
          "position": {
            "x": 264.25579833984375,
            "y": 67.96208953857422,
            "z": -3.0853071212768555
          }
        },
        {
          "type": "LEFT_EYE_RIGHT_CORNER",
          "position": {
            "x": 270.52728271484375,
            "y": 72.24360656738281,
            "z": 3.8049986362457275
          }
        },
        {
          "type": "LEFT_EYE_BOTTOM_BOUNDARY",
          "position": {
            "x": 261.9488220214844,
            "y": 71.9465560913086,
            "z": -0.0012856724206358194
          }
        },
        {
          "type": "LEFT_EYE_LEFT_CORNER",
          "position": {
            "x": 253.25418090820312,
            "y": 67.80876922607422,
            "z": -0.1697033792734146
          }
        },
        {
          "type": "LEFT_EYE_PUPIL",
          "position": {
            "x": 262.326416015625,
            "y": 70.1448745727539,
            "z": -1.3394017219543457
          }
        },
        {
          "type": "RIGHT_EYE_TOP_BOUNDARY",
          "position": {
            "x": 301.2528991699219,
            "y": 74.2926025390625,
            "z": 14.53023910522461
          }
        },
        {
          "type": "RIGHT_EYE_RIGHT_CORNER",
          "position": {
            "x": 305.41192626953125,
            "y": 76.6846923828125,
            "z": 24.461679458618164
          }
        },
        {
          "type": "RIGHT_EYE_BOTTOM_BOUNDARY",
          "position": {
            "x": 299.3766174316406,
            "y": 78.78646850585938,
            "z": 17.70191764831543
          }
        },
        {
          "type": "RIGHT_EYE_LEFT_CORNER",
          "position": {
            "x": 291.9870300292969,
            "y": 75.49494934082031,
            "z": 14.227153778076172
          }
        },
        {
          "type": "RIGHT_EYE_PUPIL",
          "position": {
            "x": 300.3310852050781,
            "y": 76.6699447631836,
            "z": 16.714618682861328
          }
        },
        {
          "type": "LEFT_EYEBROW_UPPER_MIDPOINT",
          "position": {
            "x": 266.4317932128906,
            "y": 56.83967971801758,
            "z": -7.853720664978027
          }
        },
        {
          "type": "RIGHT_EYEBROW_UPPER_MIDPOINT",
          "position": {
            "x": 306.5866394042969,
            "y": 63.699729919433594,
            "z": 11.271549224853516
          }
        },
        {
          "type": "LEFT_EAR_TRAGION",
          "position": {
            "x": 212.65074157714844,
            "y": 72.86406707763672,
            "z": 38.58760452270508
          }
        },
        {
          "type": "RIGHT_EAR_TRAGION",
          "position": {
            "x": 298.61474609375,
            "y": 86.32601928710938,
            "z": 78.00780487060547
          }
        },
        {
          "type": "FOREHEAD_GLABELLA",
          "position": {
            "x": 287.2484130859375,
            "y": 65.7817611694336,
            "z": -1.771780252456665
          }
        },
        {
          "type": "CHIN_GNATHION",
          "position": {
            "x": 264.400634765625,
            "y": 141.40802001953125,
            "z": 19.00935935974121
          }
        },
        {
          "type": "CHIN_LEFT_GONION",
          "position": {
            "x": 218.3414306640625,
            "y": 102.36318969726562,
            "z": 29.518587112426758
          }
        },
        {
          "type": "CHIN_RIGHT_GONION",
          "position": {
            "x": 294.3808898925781,
            "y": 115.26893615722656,
            "z": 65.7158203125
          }
        }
      ],
      "rollAngle": 14.45948314666748,
      "panAngle": 25.552391052246094,
      "tiltAngle": -10.059985160827637,
      "detectionConfidence": 0.9999200701713562,
      "landmarkingConfidence": 0.6120690703392029,
      "joyLikelihood": "VERY_LIKELY",
      "sorrowLikelihood": "VERY_UNLIKELY",
      "angerLikelihood": "VERY_UNLIKELY",
      "surpriseLikelihood": "VERY_UNLIKELY",
      "underExposedLikelihood": "VERY_UNLIKELY",
      "blurredLikelihood": "VERY_UNLIKELY",
      "headwearLikelihood": "VERY_UNLIKELY"
    }
  ]
}
