{
  "faceAnnotations": [
    {
      "boundingPoly": {
        "vertices": [
          {
            "x": 32
          },
          {
            "x": 283
          },
          {
            "x": 283,
            "y": 242
          },
          {
            "x": 32,
            "y": 242
          }
        ]
      },
      "fdBoundingPoly": {
        "vertices": [
          {
            "x": 75,
            "y": 25
          },
          {
            "x": 248,
            "y": 25
          },
          {
            "x": 248,
            "y": 198
          },
          {
            "x": 75,
            "y": 198
          }
        ]
      },
      "landmarks": [
        {
          "type": "LEFT_EYE",
          "position": {
            "x": 140.60885620117188,
            "y": 75.73258972167969,
            "z": -0.0004852798883803189
          }
        },
        {
          "type": "RIGHT_EYE",
          "position": {
            "x": 209.14857482910156,
            "y": 93.94390106201172,
            "z": 7.765893459320068
          }
        },
        {
          "type": "LEFT_OF_LEFT_EYEBROW",
          "position": {
            "x": 118.5812759399414,
            "y": 49.69062042236328,
            "z": 4.432413101196289
          }
        },
        {
          "type": "RIGHT_OF_LEFT_EYEBROW",
          "position": {
            "x": 163.72470092773438,
            "y": 62.27957534790039,
            "z": -12.429733276367188
          }
        },
        {
          "type": "LEFT_OF_RIGHT_EYEBROW",
          "position": {
            "x": 199.06089782714844,
            "y": 72.27725219726562,
            "z": -8.445252418518066
          }
        },
        {
          "type": "RIGHT_OF_RIGHT_EYEBROW",
          "position": {
            "x": 239.7506103515625,
            "y": 84.44349670410156,
            "z": 18.031787872314453
          }
        },
        {
          "type": "MIDPOINT_BETWEEN_EYES",
          "position": {
            "x": 177.81031799316406,
            "y": 79.84315490722656,
            "z": -11.961706161499023
          }
        },
        {
          "type": "NOSE_TIP",
          "position": {
            "x": 166.83486938476562,
            "y": 125.02085876464844,
            "z": -34.95499801635742
          }
        },
        {
          "type": "UPPER_LIP",
          "position": {
            "x": 157.71011352539062,
            "y": 153.42138671875,
            "z": -17.673198699951172
          }
        },
        {
          "type": "LOWER_LIP",
          "position": {
            "x": 151.0006866455078,
            "y": 174.23046875,
            "z": -12.882928848266602
          }
        },
        {
          "type": "MOUTH_LEFT",
          "position": {
            "x": 123.8484115600586,
            "y": 153.69100952148438,
            "z": -0.6019579768180847
          }
        },
        {
          "type": "MOUTH_RIGHT",
          "position": {
            "x": 182.41697692871094,
            "y": 170.0521697998047,
            "z": 5.665517807006836
          }
        },
        {
          "type": "MOUTH_CENTER",
          "position": {
            "x": 154.4770050048828,
            "y": 162.29795837402344,
            "z": -12.328975677490234
          }
        },
        {
          "type": "NOSE_BOTTOM_RIGHT",
          "position": {
            "x": 183.1390838623047,
            "y": 136.14657592773438,
            "z": -3.7301671504974365
          }
        },
        {
          "type": "NOSE_BOTTOM_LEFT",
          "position": {
            "x": 144.81863403320312,
            "y": 126.50554656982422,
            "z": -8.432363510131836
          }
        },
        {
          "type": "NOSE_BOTTOM_CENTER",
          "position": {
            "x": 162.4024200439453,
            "y": 137.14915466308594,
            "z": -17.711999893188477
          }
        },
        {
          "type": "LEFT_EYE_TOP_BOUNDARY",
          "position": {
            "x": 140.440185546875,
            "y": 69.62225341796875,
            "z": -5.072841644287109
          }
        },
        {
          "type": "LEFT_EYE_RIGHT_CORNER",
          "position": {
            "x": 155.0191650390625,
            "y": 81.49829864501953,
            "z": 1.794216275215149
          }
        },
        {
          "type": "LEFT_EYE_BOTTOM_BOUNDARY",
          "position": {
            "x": 138.48854064941406,
            "y": 80.15674591064453,
            "z": -0.8434673547744751
          }
        },
        {
          "type": "LEFT_EYE_LEFT_CORNER",
          "position": {
            "x": 123.29882049560547,
            "y": 70.91854095458984,
            "z": 5.210139751434326
          }
        },
        {
          "type": "LEFT_EYE_PUPIL",
          "position": {
            "x": 137.5822296142578,
            "y": 74.36811065673828,
            "z": -2.060227155685425
          }
        },
        {
          "type": "RIGHT_EYE_TOP_BOUNDARY",
          "position": {
            "x": 213.2030792236328,
            "y": 90.03440856933594,
            "z": 3.0576930046081543
          }
        },
        {
          "type": "RIGHT_EYE_RIGHT_CORNER",
          "position": {
            "x": 224.9114990234375,
            "y": 99.30943298339844,
            "z": 16.533357620239258
          }
        },
        {
          "type": "RIGHT_EYE_BOTTOM_BOUNDARY",
          "position": {
            "x": 209.31753540039062,
            "y": 99.44202423095703,
            "z": 7.244765281677246
          }
        },
        {
          "type": "RIGHT_EYE_LEFT_CORNER",
          "position": {
            "x": 195.82907104492188,
            "y": 91.56689453125,
            "z": 6.596895694732666
          }
        },
        {
          "type": "RIGHT_EYE_PUPIL",
          "position": {
            "x": 212.2974853515625,
            "y": 95.32754516601562,
            "z": 6.259532928466797
          }
        },
        {
          "type": "LEFT_EYEBROW_UPPER_MIDPOINT",
          "position": {
            "x": 143.68165588378906,
            "y": 47.33852005004883,
            "z": -8.78022575378418
          }
        },
        {
          "type": "RIGHT_EYEBROW_UPPER_MIDPOINT",
          "position": {
            "x": 222.69424438476562,
            "y": 69.55912780761719,
            "z": 0.053635019809007645
          }
        },
        {
          "type": "LEFT_EAR_TRAGION",
          "position": {
            "x": 72.0247802734375,
            "y": 96.572265625,
            "z": 87.36688232421875
          }
        },
        {
          "type": "RIGHT_EAR_TRAGION",
          "position": {
            "x": 237.31272888183594,
            "y": 143.18545532226562,
            "z": 105.6089096069336
          }
        },
        {
          "type": "FOREHEAD_GLABELLA",
          "position": {
            "x": 181.94451904296875,
            "y": 66.41026306152344,
            "z": -13.256570816040039
          }
        },
        {
          "type": "CHIN_GNATHION",
          "position": {
            "x": 140.66079711914062,
            "y": 209.53158569335938,
            "z": -2.643249750137329
          }
        },
        {
          "type": "CHIN_LEFT_GONION",
          "position": {
            "x": 70.27865600585938,
            "y": 146.15492248535156,
            "z": 56.34895324707031
          }
        },
        {
          "type": "CHIN_RIGHT_GONION",
          "position": {
            "x": 219.81805419921875,
            "y": 188.12533569335938,
            "z": 73.02313995361328
          }
        }
      ],
      "rollAngle": 15.546858787536621,
      "panAngle": 6.1308064460754395,
      "tiltAngle": 1.1810474395751953,
      "detectionConfidence": 0.989019513130188,
      "landmarkingConfidence": 0.6760016679763794,
      "joyLikelihood": "VERY_UNLIKELY",
      "sorrowLikelihood": "VERY_UNLIKELY",
      "angerLikelihood": "VERY_UNLIKELY",
      "surpriseLikelihood": "VERY_UNLIKELY",
      "underExposedLikelihood": "VERY_UNLIKELY",
      "blurredLikelihood": "VERY_UNLIKELY",
      "headwearLikelihood": "VERY_UNLIKELY"
    },
    {
      "boundingPoly": {
        "vertices": [
          {
            "x": 207
          },
          {
            "x": 447
          },
          {
            "x": 447,
            "y": 233
          },
          {
            "x": 207,
            "y": 233
          }
        ]
      },
      "fdBoundingPoly": {
        "vertices": [
          {
            "x": 222,
            "y": 20
          },
          {
            "x": 391,
            "y": 20
          },
          {
            "x": 391,
            "y": 188
          },
          {
            "x": 222,
            "y": 188
          }
        ]
      },
      "landmarks": [
        {
          "type": "LEFT_EYE",
          "position": {
            "x": 250.0453643798828,
            "y": 84.21415710449219,
            "z": -0.00012600542686413974
          }
        },
        {
          "type": "RIGHT_EYE",
          "position": {
            "x": 282.82965087890625,
            "y": 71.86824798583984,
            "z": -61.64970779418945
          }
        },
        {
          "type": "LEFT_OF_LEFT_EYEBROW",
          "position": {
            "x": 243.93551635742188,
            "y": 72.05591583251953,
            "z": 27.42608070373535
          }
        },
        {
          "type": "RIGHT_OF_LEFT_EYEBROW",
          "position": {
            "x": 245.84510803222656,
            "y": 63.176979064941406,
            "z": -19.788658142089844
          }
        },
        {
          "type": "LEFT_OF_RIGHT_EYEBROW",
          "position": {
            "x": 263.6125793457031,
            "y": 57.73027038574219,
            "z": -50.443782806396484
          }
        },
        {
          "type": "RIGHT_OF_RIGHT_EYEBROW",
          "position": {
            "x": 302.51409912109375,
            "y": 50.761810302734375,
            "z": -78.11206817626953
          }
        },
        {
          "type": "MIDPOINT_BETWEEN_EYES",
          "position": {
            "x": 256.0810546875,
            "y": 75.83812713623047,
            "z": -38.22830581665039
          }
        },
        {
          "type": "NOSE_TIP",
          "position": {
            "x": 233.26597595214844,
            "y": 116.65589141845703,
            "z": -56.31467819213867
          }
        },
        {
          "type": "UPPER_LIP",
          "position": {
            "x": 252.33001708984375,
            "y": 141.6546630859375,
            "z": -52.29579544067383
          }
        },
        {
          "type": "LOWER_LIP",
          "position": {
            "x": 257.01739501953125,
            "y": 166.1015625,
            "z": -54.2475700378418
          }
        },
        {
          "type": "MOUTH_LEFT",
          "position": {
            "x": 256.1379699707031,
            "y": 158.27357482910156,
            "z": -20.15645408630371
          }
        },
        {
          "type": "MOUTH_RIGHT",
          "position": {
            "x": 290.9223327636719,
            "y": 143.6230010986328,
            "z": -70.99876403808594
          }
        },
        {
          "type": "MOUTH_CENTER",
          "position": {
            "x": 257.44244384765625,
            "y": 152.90402221679688,
            "z": -51.785743713378906
          }
        },
        {
          "type": "NOSE_BOTTOM_RIGHT",
          "position": {
            "x": 267.52801513671875,
            "y": 120.33538818359375,
            "z": -59.99058532714844
          }
        },
        {
          "type": "NOSE_BOTTOM_LEFT",
          "position": {
            "x": 251.5430145263672,
            "y": 125.35834503173828,
            "z": -26.197538375854492
          }
        },
        {
          "type": "NOSE_BOTTOM_CENTER",
          "position": {
            "x": 249.6605224609375,
            "y": 127.25028991699219,
            "z": -49.933773040771484
          }
        },
        {
          "type": "LEFT_EYE_TOP_BOUNDARY",
          "position": {
            "x": 245.55079650878906,
            "y": 79.1002197265625,
            "z": -1.4217146635055542
          }
        },
        {
          "type": "LEFT_EYE_RIGHT_CORNER",
          "position": {
            "x": 257.0140380859375,
            "y": 82.27687072753906,
            "z": -12.531706809997559
          }
        },
        {
          "type": "LEFT_EYE_BOTTOM_BOUNDARY",
          "position": {
            "x": 249.59442138671875,
            "y": 89.04863739013672,
            "z": -1.1735352277755737
          }
        },
        {
          "type": "LEFT_EYE_LEFT_CORNER",
          "position": {
            "x": 249.0543975830078,
            "y": 87.40970611572266,
            "z": 15.666955947875977
          }
        },
        {
          "type": "LEFT_EYE_PUPIL",
          "position": {
            "x": 247.94601440429688,
            "y": 84.3924331665039,
            "z": 0.16193097829818726
          }
        },
        {
          "type": "RIGHT_EYE_TOP_BOUNDARY",
          "position": {
            "x": 279.916259765625,
            "y": 66.72565460205078,
            "z": -64.40863037109375
          }
        },
        {
          "type": "RIGHT_EYE_RIGHT_CORNER",
          "position": {
            "x": 297.9317626953125,
            "y": 70.25634002685547,
            "z": -72.5932388305664
          }
        },
        {
          "type": "RIGHT_EYE_BOTTOM_BOUNDARY",
          "position": {
            "x": 283.6197509765625,
            "y": 77.01319122314453,
            "z": -64.0686264038086
          }
        },
        {
          "type": "RIGHT_EYE_LEFT_CORNER",
          "position": {
            "x": 277.3019714355469,
            "y": 74.63737487792969,
            "z": -50.185699462890625
          }
        },
        {
          "type": "RIGHT_EYE_PUPIL",
          "position": {
            "x": 283.1361083984375,
            "y": 71.70821380615234,
            "z": -64.52213287353516
          }
        },
        {
          "type": "LEFT_EYEBROW_UPPER_MIDPOINT",
          "position": {
            "x": 240.24005126953125,
            "y": 58.62102127075195,
            "z": 3.2388715744018555
          }
        },
        {
          "type": "RIGHT_EYEBROW_UPPER_MIDPOINT",
          "position": {
            "x": 277.59490966796875,
            "y": 45.16743087768555,
            "z": -65.11731719970703
          }
        },
        {
          "type": "LEFT_EAR_TRAGION",
          "position": {
            "x": 308.69012451171875,
            "y": 132.59544372558594,
            "z": 76.09110260009766
          }
        },
        {
          "type": "RIGHT_EAR_TRAGION",
          "position": {
            "x": 387.5109558105469,
            "y": 104.53160858154297,
            "z": -67.28295135498047
          }
        },
        {
          "type": "FOREHEAD_GLABELLA",
          "position": {
            "x": 251.85183715820312,
            "y": 59.11931610107422,
            "z": -36.21918869018555
          }
        },
        {
          "type": "CHIN_GNATHION",
          "position": {
            "x": 265.35430908203125,
            "y": 203.4654998779297,
            "z": -56.13862991333008
          }
        },
        {
          "type": "CHIN_LEFT_GONION",
          "position": {
            "x": 287.76190185546875,
            "y": 175.37342834472656,
            "z": 46.8998908996582
          }
        },
        {
          "type": "CHIN_RIGHT_GONION",
          "position": {
            "x": 358.3648681640625,
            "y": 150.0008544921875,
            "z": -82.42253112792969
          }
        }
      ],
      "rollAngle": -1.7380532026290894,
      "panAngle": -61.477630615234375,
      "tiltAngle": 10.20358657836914,
      "detectionConfidence": 0.9184379577636719,
      "landmarkingConfidence": 0.5825483798980713,
      "joyLikelihood": "LIKELY",
      "sorrowLikelihood": "VERY_UNLIKELY",
      "angerLikelihood": "VERY_UNLIKELY",
      "surpriseLikelihood": "VERY_UNLIKELY",
      "underExposedLikelihood": "VERY_UNLIKELY",
      "blurredLikelihood": "VERY_UNLIKELY",
      "headwearLikelihood": "UNLIKELY"
    }
  ]
}
