{
  "faceAnnotations": [
    {
      "boundingPoly": {
        "vertices": [
          {
            "x": 214,
            "y": 3
          },
          {
            "x": 349,
            "y": 3
          },
          {
            "x": 349,
            "y": 159
          },
          {
            "x": 214,
            "y": 159
          }
        ]
      },
      "fdBoundingPoly": {
        "vertices": [
          {
            "x": 232,
            "y": 34
          },
          {
            "x": 330,
            "y": 34
          },
          {
            "x": 330,
            "y": 133
          },
          {
            "x": 232,
            "y": 133
          }
        ]
      },
      "landmarks": [
        {
          "type": "LEFT_EYE",
          "position": {
            "x": 259.8023681640625,
            "y": 67.07877349853516,
            "z": -0.0005659523303620517
          }
        },
        {
          "type": "RIGHT_EYE",
          "position": {
            "x": 297.9205627441406,
            "y": 63.56785202026367,
            "z": -3.0671942234039307
          }
        },
        {
          "type": "LEFT_OF_LEFT_EYEBROW",
          "position": {
            "x": 242.9522705078125,
            "y": 60.27547836303711,
            "z": 7.232145309448242
          }
        },
        {
          "type": "RIGHT_OF_LEFT_EYEBROW",
          "position": {
            "x": 266.03692626953125,
            "y": 55.808509826660156,
            "z": -6.1126580238342285
          }
        },
        {
          "type": "LEFT_OF_RIGHT_EYEBROW",
          "position": {
            "x": 285.3886413574219,
            "y": 53.26987075805664,
            "z": -7.632530212402344
          }
        },
        {
          "type": "RIGHT_OF_RIGHT_EYEBROW",
          "position": {
            "x": 310.8573913574219,
            "y": 53.84156799316406,
            "z": 1.820457100868225
          }
        },
        {
          "type": "MIDPOINT_BETWEEN_EYES",
          "position": {
            "x": 275.6339111328125,
            "y": 63.002906799316406,
            "z": -9.533356666564941
          }
        },
        {
          "type": "NOSE_TIP",
          "position": {
            "x": 276.15350341796875,
            "y": 82.85818481445312,
            "z": -26.89824104309082
          }
        },
        {
          "type": "UPPER_LIP",
          "position": {
            "x": 278.39044189453125,
            "y": 98.05989074707031,
            "z": -20.973102569580078
          }
        },
        {
          "type": "LOWER_LIP",
          "position": {
            "x": 280.5074768066406,
            "y": 115.03850555419922,
            "z": -21.690326690673828
          }
        },
        {
          "type": "MOUTH_LEFT",
          "position": {
            "x": 263.8415222167969,
            "y": 109.26984405517578,
            "z": -10.363420486450195
          }
        },
        {
          "type": "MOUTH_RIGHT",
          "position": {
            "x": 298.349609375,
            "y": 103.7421646118164,
            "z": -12.21923828125
          }
        },
        {
          "type": "MOUTH_CENTER",
          "position": {
            "x": 279.80938720703125,
            "y": 106.28978729248047,
            "z": -19.6474552154541
          }
        },
        {
          "type": "NOSE_BOTTOM_RIGHT",
          "position": {
            "x": 290.1901550292969,
            "y": 87.14125061035156,
            "z": -12.952707290649414
          }
        },
        {
          "type": "NOSE_BOTTOM_LEFT",
          "position": {
            "x": 267.1768798828125,
            "y": 89.4408950805664,
            "z": -11.238595008850098
          }
        },
        {
          "type": "NOSE_BOTTOM_CENTER",
          "position": {
            "x": 277.537353515625,
            "y": 90.33751678466797,
            "z": -19.134315490722656
          }
        },
        {
          "type": "LEFT_EYE_TOP_BOUNDARY",
          "position": {
            "x": 256.4570007324219,
            "y": 64.11477661132812,
            "z": -1.811198115348816
          }
        },
        {
          "type": "LEFT_EYE_RIGHT_CORNER",
          "position": {
            "x": 265.6795349121094,
            "y": 67.78004455566406,
            "z": -0.5103358626365662
          }
        },
        {
          "type": "LEFT_EYE_BOTTOM_BOUNDARY",
          "position": {
            "x": 258.1117248535156,
            "y": 70.11336517333984,
            "z": -0.8860360383987427
          }
        },
        {
          "type": "LEFT_EYE_LEFT_CORNER",
          "position": {
            "x": 249.25782775878906,
            "y": 69.26798248291016,
            "z": 4.412160396575928
          }
        },
        {
          "type": "LEFT_EYE_PUPIL",
          "position": {
            "x": 256.1509094238281,
            "y": 67.333984375,
            "z": -0.7645419239997864
          }
        },
        {
          "type": "RIGHT_EYE_TOP_BOUNDARY",
          "position": {
            "x": 297.09136962890625,
            "y": 60.251739501953125,
            "z": -5.040719509124756
          }
        },
        {
          "type": "RIGHT_EYE_RIGHT_CORNER",
          "position": {
            "x": 306.0498046875,
            "y": 63.85253143310547,
            "z": -0.09795258939266205
          }
        },
        {
          "type": "RIGHT_EYE_BOTTOM_BOUNDARY",
          "position": {
            "x": 297.97576904296875,
            "y": 66.14868927001953,
            "z": -4.045820713043213
          }
        },
        {
          "type": "RIGHT_EYE_LEFT_CORNER",
          "position": {
            "x": 288.70123291015625,
            "y": 64.90457153320312,
            "z": -2.3814806938171387
          }
        },
        {
          "type": "RIGHT_EYE_PUPIL",
          "position": {
            "x": 297.8892822265625,
            "y": 63.334922790527344,
            "z": -4.143973350524902
          }
        },
        {
          "type": "LEFT_EYEBROW_UPPER_MIDPOINT",
          "position": {
            "x": 253.56634521484375,
            "y": 52.25944137573242,
            "z": -0.8449837565422058
          }
        },
        {
          "type": "RIGHT_EYEBROW_UPPER_MIDPOINT",
          "position": {
            "x": 297.6889343261719,
            "y": 48.061485290527344,
            "z": -4.32772970199585
          }
        },
        {
          "type": "LEFT_EAR_TRAGION",
          "position": {
            "x": 237.62086486816406,
            "y": 101.20362091064453,
            "z": 46.2022590637207
          }
        },
        {
          "type": "RIGHT_EAR_TRAGION",
          "position": {
            "x": 328.42578125,
            "y": 92.64324951171875,
            "z": 37.969947814941406
          }
        },
        {
          "type": "FOREHEAD_GLABELLA",
          "position": {
            "x": 275.4532165527344,
            "y": 53.33983612060547,
            "z": -8.220403671264648
          }
        },
        {
          "type": "CHIN_GNATHION",
          "position": {
            "x": 282.018310546875,
            "y": 133.01019287109375,
            "z": -20.391490936279297
          }
        },
        {
          "type": "CHIN_LEFT_GONION",
          "position": {
            "x": 242.2943878173828,
            "y": 122.35606384277344,
            "z": 23.311588287353516
          }
        },
        {
          "type": "CHIN_RIGHT_GONION",
          "position": {
            "x": 325.5743103027344,
            "y": 114.46902465820312,
            "z": 16.696510314941406
          }
        }
      ],
      "rollAngle": -4.313976764678955,
      "panAngle": -4.667632579803467,
      "tiltAngle": 13.924264907836914,
      "detectionConfidence": 0.9993807077407837,
      "landmarkingConfidence": 0.6873430013656616,
      "joyLikelihood": "POSSIBLE",
      "sorrowLikelihood": "VERY_UNLIKELY",
      "angerLikelihood": "VERY_UNLIKELY",
      "surpriseLikelihood": "VERY_UNLIKELY",
      "underExposedLikelihood": "VERY_UNLIKELY",
      "blurredLikelihood": "VERY_UNLIKELY",
      "headwearLikelihood": "VERY_UNLIKELY"
    },
    {
      "boundingPoly": {
        "vertices": [
          {
            "x": 103
          },
          {
            "x": 241
          },
          {
            "x": 241,
            "y": 155
          },
          {
            "x": 103,
            "y": 155
          }
        ]
      },
      "fdBoundingPoly": {
        "vertices": [
          {
            "x": 143,
            "y": 43
          },
          {
            "x": 233,
            "y": 43
          },
          {
            "x": 233,
            "y": 132
          },
          {
            "x": 143,
            "y": 132
          }
        ]
      },
      "landmarks": [
        {
          "type": "LEFT_EYE",
          "position": {
            "x": 202.99685668945312,
            "y": 70.56726837158203,
            "z": 0.00026644865283742547
          }
        },
        {
          "type": "RIGHT_EYE",
          "position": {
            "x": 219.05349731445312,
            "y": 77.51870727539062,
            "z": 37.01097869873047
          }
        },
        {
          "type": "LEFT_OF_LEFT_EYEBROW",
          "position": {
            "x": 193.94300842285156,
            "y": 58.58952331542969,
            "z": -11.187986373901367
          }
        },
        {
          "type": "RIGHT_OF_LEFT_EYEBROW",
          "position": {
            "x": 215.38780212402344,
            "y": 62.662376403808594,
            "z": 6.305361270904541
          }
        },
        {
          "type": "LEFT_OF_RIGHT_EYEBROW",
          "position": {
            "x": 224.0883331298828,
            "y": 67.13253784179688,
            "z": 24.69135856628418
          }
        },
        {
          "type": "RIGHT_OF_RIGHT_EYEBROW",
          "position": {
            "x": 223.4103240966797,
            "y": 69.46574401855469,
            "z": 52.15825271606445
          }
        },
        {
          "type": "MIDPOINT_BETWEEN_EYES",
          "position": {
            "x": 216.63955688476562,
            "y": 74.77626037597656,
            "z": 14.635346412658691
          }
        },
        {
          "type": "NOSE_TIP",
          "position": {
            "x": 224.58892822265625,
            "y": 99.45555114746094,
            "z": 7.368021488189697
          }
        },
        {
          "type": "UPPER_LIP",
          "position": {
            "x": 212.6171112060547,
            "y": 110.65885925292969,
            "z": 10.435012817382812
          }
        },
        {
          "type": "LOWER_LIP",
          "position": {
            "x": 205.82955932617188,
            "y": 127.51313781738281,
            "z": 10.465570449829102
          }
        },
        {
          "type": "MOUTH_LEFT",
          "position": {
            "x": 192.67190551757812,
            "y": 115.19679260253906,
            "z": -0.39080706238746643
          }
        },
        {
          "type": "MOUTH_RIGHT",
          "position": {
            "x": 207.61825561523438,
            "y": 120.28203582763672,
            "z": 29.36766815185547
          }
        },
        {
          "type": "MOUTH_CENTER",
          "position": {
            "x": 208.19418334960938,
            "y": 118.91576385498047,
            "z": 11.146300315856934
          }
        },
        {
          "type": "NOSE_BOTTOM_RIGHT",
          "position": {
            "x": 214.21690368652344,
            "y": 101.90682983398438,
            "z": 24.261890411376953
          }
        },
        {
          "type": "NOSE_BOTTOM_LEFT",
          "position": {
            "x": 207.16830444335938,
            "y": 98.52232360839844,
            "z": 4.433804988861084
          }
        },
        {
          "type": "NOSE_BOTTOM_CENTER",
          "position": {
            "x": 215.0583953857422,
            "y": 104.14385986328125,
            "z": 10.957502365112305
          }
        },
        {
          "type": "LEFT_EYE_TOP_BOUNDARY",
          "position": {
            "x": 205.28765869140625,
            "y": 68.2789306640625,
            "z": -1.633199691772461
          }
        },
        {
          "type": "LEFT_EYE_RIGHT_CORNER",
          "position": {
            "x": 205.97181701660156,
            "y": 72.23445129394531,
            "z": 7.0933074951171875
          }
        },
        {
          "type": "LEFT_EYE_BOTTOM_BOUNDARY",
          "position": {
            "x": 202.3312530517578,
            "y": 73.47633361816406,
            "z": -0.9412429928779602
          }
        },
        {
          "type": "LEFT_EYE_LEFT_CORNER",
          "position": {
            "x": 196.15673828125,
            "y": 69.36341857910156,
            "z": -6.267347812652588
          }
        },
        {
          "type": "LEFT_EYE_PUPIL",
          "position": {
            "x": 202.78025817871094,
            "y": 70.70259094238281,
            "z": -1.6540088653564453
          }
        },
        {
          "type": "RIGHT_EYE_TOP_BOUNDARY",
          "position": {
            "x": 222.1875457763672,
            "y": 75.10790252685547,
            "z": 36.08906936645508
          }
        },
        {
          "type": "RIGHT_EYE_RIGHT_CORNER",
          "position": {
            "x": 219.03057861328125,
            "y": 78.34786987304688,
            "z": 46.16307830810547
          }
        },
        {
          "type": "RIGHT_EYE_BOTTOM_BOUNDARY",
          "position": {
            "x": 218.82398986816406,
            "y": 80.27583312988281,
            "z": 36.65294647216797
          }
        },
        {
          "type": "RIGHT_EYE_LEFT_CORNER",
          "position": {
            "x": 215.62425231933594,
            "y": 76.56779479980469,
            "z": 29.560422897338867
          }
        },
        {
          "type": "RIGHT_EYE_PUPIL",
          "position": {
            "x": 220.1678466796875,
            "y": 77.71551513671875,
            "z": 37.027488708496094
          }
        },
        {
          "type": "LEFT_EYEBROW_UPPER_MIDPOINT",
          "position": {
            "x": 208.9522247314453,
            "y": 56.37146759033203,
            "z": -3.137176990509033
          }
        },
        {
          "type": "RIGHT_EYEBROW_UPPER_MIDPOINT",
          "position": {
            "x": 227.31704711914062,
            "y": 63.79890441894531,
            "z": 37.79966735839844
          }
        },
        {
          "type": "LEFT_EAR_TRAGION",
          "position": {
            "x": 140.93385314941406,
            "y": 78.12771606445312,
            "z": -4.1357011795043945
          }
        },
        {
          "type": "RIGHT_EAR_TRAGION",
          "position": {
            "x": 179.37677001953125,
            "y": 93.6287841796875,
            "z": 81.53350830078125
          }
        },
        {
          "type": "FOREHEAD_GLABELLA",
          "position": {
            "x": 221.36741638183594,
            "y": 65.2304458618164,
            "z": 14.938496589660645
          }
        },
        {
          "type": "CHIN_GNATHION",
          "position": {
            "x": 197.33108520507812,
            "y": 143.91668701171875,
            "z": 11.51943302154541
          }
        },
        {
          "type": "CHIN_LEFT_GONION",
          "position": {
            "x": 152.234375,
            "y": 107.76211547851562,
            "z": -9.482244491577148
          }
        },
        {
          "type": "CHIN_RIGHT_GONION",
          "position": {
            "x": 186.95028686523438,
            "y": 121.7989273071289,
            "z": 67.93607330322266
          }
        }
      ],
      "rollAngle": 12.335410118103027,
      "panAngle": 64.57585144042969,
      "tiltAngle": 4.632347583770752,
      "detectionConfidence": 0.7370633482933044,
      "landmarkingConfidence": 0.5188155770301819,
      "joyLikelihood": "VERY_LIKELY",
      "sorrowLikelihood": "VERY_UNLIKELY",
      "angerLikelihood": "VERY_UNLIKELY",
      "surpriseLikelihood": "VERY_UNLIKELY",
      "underExposedLikelihood": "VERY_UNLIKELY",
      "blurredLikelihood": "VERY_UNLIKELY",
      "headwearLikelihood": "VERY_UNLIKELY"
    }
  ]
}
