{
  "faceAnnotations": [
    {
      "boundingPoly": {
        "vertices": [
          {
            "x": 222,
            "y": 56
          },
          {
            "x": 375,
            "y": 56
          },
          {
            "x": 375,
            "y": 234
          },
          {
            "x": 222,
            "y": 234
          }
        ]
      },
      "fdBoundingPoly": {
        "vertices": [
          {
            "x": 228,
            "y": 109
          },
          {
            "x": 332,
            "y": 109
          },
          {
            "x": 332,
            "y": 213
          },
          {
            "x": 228,
            "y": 213
          }
        ]
      },
      "landmarks": [
        {
          "type": "LEFT_EYE",
          "position": {
            "x": 256.0040283203125,
            "y": 128.87466430664062,
            "z": 0.001329538761638105
          }
        },
        {
          "type": "RIGHT_EYE",
          "position": {
            "x": 265.27587890625,
            "y": 138.42449951171875,
            "z": -44.35121154785156
          }
        },
        {
          "type": "LEFT_OF_LEFT_EYEBROW",
          "position": {
            "x": 258.4172668457031,
            "y": 115.17406463623047,
            "z": 13.833090782165527
          }
        },
        {
          "type": "RIGHT_OF_LEFT_EYEBROW",
          "position": {
            "x": 250.94943237304688,
            "y": 119.73910522460938,
            "z": -15.521844863891602
          }
        },
        {
          "type": "LEFT_OF_RIGHT_EYEBROW",
          "position": {
            "x": 255.5751495361328,
            "y": 124.742919921875,
            "z": -37.102439880371094
          }
        },
        {
          "type": "RIGHT_OF_RIGHT_EYEBROW",
          "position": {
            "x": 274.136474609375,
            "y": 131.6631622314453,
            "z": -60.535736083984375
          }
        },
        {
          "type": "MIDPOINT_BETWEEN_EYES",
          "position": {
            "x": 251.360107421875,
            "y": 131.6898193359375,
            "z": -24.608890533447266
          }
        },
        {
          "type": "NOSE_TIP",
          "position": {
            "x": 234.22793579101562,
            "y": 156.27496337890625,
            "z": -22.651750564575195
          }
        },
        {
          "type": "UPPER_LIP",
          "position": {
            "x": 243.3470001220703,
            "y": 173.87838745117188,
            "z": -17.009445190429688
          }
        },
        {
          "type": "LOWER_LIP",
          "position": {
            "x": 244.70074462890625,
            "y": 189.86776733398438,
            "z": -13.203914642333984
          }
        },
        {
          "type": "MOUTH_LEFT",
          "position": {
            "x": 251.05130004882812,
            "y": 177.62777709960938,
            "z": 4.530279636383057
          }
        },
        {
          "type": "MOUTH_RIGHT",
          "position": {
            "x": 259.2449645996094,
            "y": 185.5938720703125,
            "z": -30.673254013061523
          }
        },
        {
          "type": "MOUTH_CENTER",
          "position": {
            "x": 245.83840942382812,
            "y": 181.46722412109375,
            "z": -14.813913345336914
          }
        },
        {
          "type": "NOSE_BOTTOM_RIGHT",
          "position": {
            "x": 254.17352294921875,
            "y": 163.787109375,
            "z": -30.10138702392578
          }
        },
        {
          "type": "NOSE_BOTTOM_LEFT",
          "position": {
            "x": 249.25595092773438,
            "y": 158.64198303222656,
            "z": -5.8218817710876465
          }
        },
        {
          "type": "NOSE_BOTTOM_CENTER",
          "position": {
            "x": 244.1461181640625,
            "y": 164.42019653320312,
            "z": -18.875749588012695
          }
        },
        {
          "type": "LEFT_EYE_TOP_BOUNDARY",
          "position": {
            "x": 253.36386108398438,
            "y": 125.44232177734375,
            "z": -1.2511309385299683
          }
        },
        {
          "type": "LEFT_EYE_RIGHT_CORNER",
          "position": {
            "x": 258.0207214355469,
            "y": 131.15028381347656,
            "z": -8.769559860229492
          }
        },
        {
          "type": "LEFT_EYE_BOTTOM_BOUNDARY",
          "position": {
            "x": 255.2599639892578,
            "y": 131.84228515625,
            "z": 0.527492344379425
          }
        },
        {
          "type": "LEFT_EYE_LEFT_CORNER",
          "position": {
            "x": 258.2975158691406,
            "y": 127.34977722167969,
            "z": 9.860074996948242
          }
        },
        {
          "type": "LEFT_EYE_PUPIL",
          "position": {
            "x": 254.77645874023438,
            "y": 128.55528259277344,
            "z": 0.49670055508613586
          }
        },
        {
          "type": "RIGHT_EYE_TOP_BOUNDARY",
          "position": {
            "x": 262.705810546875,
            "y": 135.24871826171875,
            "z": -45.75625991821289
          }
        },
        {
          "type": "RIGHT_EYE_RIGHT_CORNER",
          "position": {
            "x": 271.3702392578125,
            "y": 141.04417419433594,
            "z": -52.32755661010742
          }
        },
        {
          "type": "RIGHT_EYE_BOTTOM_BOUNDARY",
          "position": {
            "x": 264.5884704589844,
            "y": 141.6339569091797,
            "z": -43.92855453491211
          }
        },
        {
          "type": "RIGHT_EYE_LEFT_CORNER",
          "position": {
            "x": 263.6142883300781,
            "y": 137.02395629882812,
            "z": -35.42475128173828
          }
        },
        {
          "type": "RIGHT_EYE_PUPIL",
          "position": {
            "x": 264.3104248046875,
            "y": 138.6283416748047,
            "z": -45.184112548828125
          }
        },
        {
          "type": "LEFT_EYEBROW_UPPER_MIDPOINT",
          "position": {
            "x": 252.35877990722656,
            "y": 111.65181732177734,
            "z": -2.4315810203552246
          }
        },
        {
          "type": "RIGHT_EYEBROW_UPPER_MIDPOINT",
          "position": {
            "x": 262.496337890625,
            "y": 122.30169677734375,
            "z": -50.72322463989258
          }
        },
        {
          "type": "LEFT_EAR_TRAGION",
          "position": {
            "x": 303.1057434082031,
            "y": 149.4086456298828,
            "z": 45.35810089111328
          }
        },
        {
          "type": "RIGHT_EAR_TRAGION",
          "position": {
            "x": 324.2137756347656,
            "y": 171.6559600830078,
            "z": -55.67732238769531
          }
        },
        {
          "type": "FOREHEAD_GLABELLA",
          "position": {
            "x": 251.5867919921875,
            "y": 121.4246597290039,
            "z": -26.8209228515625
          }
        },
        {
          "type": "CHIN_GNATHION",
          "position": {
            "x": 248.72903442382812,
            "y": 210.85403442382812,
            "z": -7.769781112670898
          }
        },
        {
          "type": "CHIN_LEFT_GONION",
          "position": {
            "x": 282.03826904296875,
            "y": 178.04010009765625,
            "z": 41.927059173583984
          }
        },
        {
          "type": "CHIN_RIGHT_GONION",
          "position": {
            "x": 301.221435546875,
            "y": 198.16397094726562,
            "z": -49.4290771484375
          }
        }
      ],
      "rollAngle": 7.2001848220825195,
      "panAngle": -76.95318603515625,
      "tiltAngle": -10.875082015991211,
      "detectionConfidence": 0.9578157663345337,
      "landmarkingConfidence": 0.20446807146072388,
      "joyLikelihood": "LIKELY",
      "sorrowLikelihood": "VERY_UNLIKELY",
      "angerLikelihood": "VERY_UNLIKELY",
      "surpriseLikelihood": "VERY_UNLIKELY",
      "underExposedLikelihood": "VERY_UNLIKELY",
      "blurredLikelihood": "VERY_UNLIKELY",
      "headwearLikelihood": "VERY_UNLIKELY"
    },
    {
      "boundingPoly": {
        "vertices": [
          {
            "x": 59,
            "y": 21
          },
          {
            "x": 222,
            "y": 21
          },
          {
            "x": 222,
            "y": 210
          },
          {
            "x": 59,
            "y": 210
          }
        ]
      },
      "fdBoundingPoly": {
        "vertices": [
          {
            "x": 122,
            "y": 86
          },
          {
            "x": 214,
            "y": 86
          },
          {
            "x": 214,
            "y": 179
          },
          {
            "x": 122,
            "y": 179
          }
        ]
      },
      "landmarks": [
        {
          "type": "LEFT_EYE",
          "position": {
            "x": 191.8868408203125,
            "y": 112.94642639160156,
            "z": -0.00044733865070156753
          }
        },
        {
          "type": "RIGHT_EYE",
          "position": {
            "x": 182.6585693359375,
            "y": 111.42323303222656,
            "z": 48.399627685546875
          }
        },
        {
          "type": "LEFT_OF_LEFT_EYEBROW",
          "position": {
            "x": 191.94461059570312,
            "y": 101.21453094482422,
            "z": -17.262216567993164
          }
        },
        {
          "type": "RIGHT_OF_LEFT_EYEBROW",
          "position": {
            "x": 200.35581970214844,
            "y": 101.76561737060547,
            "z": 14.166604042053223
          }
        },
        {
          "type": "LEFT_OF_RIGHT_EYEBROW",
          "position": {
            "x": 195.87030029296875,
            "y": 101.04206085205078,
            "z": 37.71571731567383
          }
        },
        {
          "type": "RIGHT_OF_RIGHT_EYEBROW",
          "position": {
            "x": 176.515625,
            "y": 98.71676635742188,
            "z": 63.73863983154297
          }
        },
        {
          "type": "MIDPOINT_BETWEEN_EYES",
          "position": {
            "x": 197.53175354003906,
            "y": 111.88208770751953,
            "z": 26.153505325317383
          }
        },
        {
          "type": "NOSE_TIP",
          "position": {
            "x": 208.2825164794922,
            "y": 141.70632934570312,
            "z": 29.119550704956055
          }
        },
        {
          "type": "UPPER_LIP",
          "position": {
            "x": 194.89918518066406,
            "y": 158.07794189453125,
            "z": 27.057090759277344
          }
        },
        {
          "type": "LOWER_LIP",
          "position": {
            "x": 189.3154754638672,
            "y": 174.61863708496094,
            "z": 26.49217987060547
          }
        },
        {
          "type": "MOUTH_LEFT",
          "position": {
            "x": 184.60487365722656,
            "y": 165.2574462890625,
            "z": 5.703310012817383
          }
        },
        {
          "type": "MOUTH_RIGHT",
          "position": {
            "x": 177.4293670654297,
            "y": 163.15042114257812,
            "z": 43.619266510009766
          }
        },
        {
          "type": "MOUTH_CENTER",
          "position": {
            "x": 190.3114776611328,
            "y": 165.58267211914062,
            "z": 26.404773712158203
          }
        },
        {
          "type": "NOSE_BOTTOM_RIGHT",
          "position": {
            "x": 186.80653381347656,
            "y": 142.69601440429688,
            "z": 38.80221939086914
          }
        },
        {
          "type": "NOSE_BOTTOM_LEFT",
          "position": {
            "x": 191.84893798828125,
            "y": 143.50152587890625,
            "z": 12.264873504638672
          }
        },
        {
          "type": "NOSE_BOTTOM_CENTER",
          "position": {
            "x": 196.2894744873047,
            "y": 147.97250366210938,
            "z": 27.013687133789062
          }
        },
        {
          "type": "LEFT_EYE_TOP_BOUNDARY",
          "position": {
            "x": 195.56455993652344,
            "y": 109.81063842773438,
            "z": 0.5545487999916077
          }
        },
        {
          "type": "LEFT_EYE_RIGHT_CORNER",
          "position": {
            "x": 189.82151794433594,
            "y": 112.8729248046875,
            "z": 9.636666297912598
          }
        },
        {
          "type": "LEFT_EYE_BOTTOM_BOUNDARY",
          "position": {
            "x": 191.90936279296875,
            "y": 116.16421508789062,
            "z": 0.07579279690980911
          }
        },
        {
          "type": "LEFT_EYE_LEFT_CORNER",
          "position": {
            "x": 189.3074493408203,
            "y": 112.73452758789062,
            "z": -10.546280860900879
          }
        },
        {
          "type": "LEFT_EYE_PUPIL",
          "position": {
            "x": 193.2336883544922,
            "y": 112.94398498535156,
            "z": -0.5922704339027405
          }
        },
        {
          "type": "RIGHT_EYE_TOP_BOUNDARY",
          "position": {
            "x": 186.30145263671875,
            "y": 108.34522247314453,
            "z": 49.05388259887695
          }
        },
        {
          "type": "RIGHT_EYE_RIGHT_CORNER",
          "position": {
            "x": 176.3786163330078,
            "y": 110.67575073242188,
            "z": 57.2121696472168
          }
        },
        {
          "type": "RIGHT_EYE_BOTTOM_BOUNDARY",
          "position": {
            "x": 182.67239379882812,
            "y": 114.67971801757812,
            "z": 48.51972961425781
          }
        },
        {
          "type": "RIGHT_EYE_LEFT_CORNER",
          "position": {
            "x": 184.28445434570312,
            "y": 111.99879455566406,
            "z": 38.679691314697266
          }
        },
        {
          "type": "RIGHT_EYE_PUPIL",
          "position": {
            "x": 183.792724609375,
            "y": 111.45352172851562,
            "z": 49.191680908203125
          }
        },
        {
          "type": "LEFT_EYEBROW_UPPER_MIDPOINT",
          "position": {
            "x": 200.09486389160156,
            "y": 95.85408020019531,
            "z": -1.1368800401687622
          }
        },
        {
          "type": "RIGHT_EYEBROW_UPPER_MIDPOINT",
          "position": {
            "x": 190.04815673828125,
            "y": 94.26513671875,
            "z": 51.47929382324219
          }
        },
        {
          "type": "LEFT_EAR_TRAGION",
          "position": {
            "x": 135.9436492919922,
            "y": 129.97335815429688,
            "z": -41.980010986328125
          }
        },
        {
          "type": "RIGHT_EAR_TRAGION",
          "position": {
            "x": 114.4627914428711,
            "y": 127.38978576660156,
            "z": 67.87422180175781
          }
        },
        {
          "type": "FOREHEAD_GLABELLA",
          "position": {
            "x": 199.9878387451172,
            "y": 101.00166320800781,
            "z": 26.29301643371582
          }
        },
        {
          "type": "CHIN_GNATHION",
          "position": {
            "x": 179.94158935546875,
            "y": 195.7895965576172,
            "z": 25.336179733276367
          }
        },
        {
          "type": "CHIN_LEFT_GONION",
          "position": {
            "x": 150.32894897460938,
            "y": 164.33013916015625,
            "z": -32.9022216796875
          }
        },
        {
          "type": "CHIN_RIGHT_GONION",
          "position": {
            "x": 131.3157958984375,
            "y": 161.3632049560547,
            "z": 66.6462173461914
          }
        }
      ],
      "rollAngle": 6.818365573883057,
      "panAngle": 100.94203186035156,
      "tiltAngle": -0.4296792447566986,
      "detectionConfidence": 0.5755343437194824,
      "landmarkingConfidence": 0.15286992490291595,
      "joyLikelihood": "VERY_UNLIKELY",
      "sorrowLikelihood": "VERY_UNLIKELY",
      "angerLikelihood": "VERY_UNLIKELY",
      "surpriseLikelihood": "VERY_UNLIKELY",
      "underExposedLikelihood": "VERY_UNLIKELY",
      "blurredLikelihood": "VERY_UNLIKELY",
      "headwearLikelihood": "LIKELY"
    }
  ]
}
