{
  "faceAnnotations": [
    {
      "boundingPoly": {
        "vertices": [
          {
            "x": 83,
            "y": 13
          },
          {
            "x": 185,
            "y": 13
          },
          {
            "x": 185,
            "y": 131
          },
          {
            "x": 83,
            "y": 131
          }
        ]
      },
      "fdBoundingPoly": {
        "vertices": [
          {
            "x": 98,
            "y": 40
          },
          {
            "x": 179,
            "y": 40
          },
          {
            "x": 179,
            "y": 122
          },
          {
            "x": 98,
            "y": 122
          }
        ]
      },
      "landmarks": [
        {
          "type": "LEFT_EYE",
          "position": {
            "x": 147.17303466796875,
            "y": 69.78794860839844,
            "z": -0.0006115407450124621
          }
        },
        {
          "type": "RIGHT_EYE",
          "position": {
            "x": 167.006103515625,
            "y": 81.48197937011719,
            "z": 18.111963272094727
          }
        },
        {
          "type": "LEFT_OF_LEFT_EYEBROW",
          "position": {
            "x": 142.59080505371094,
            "y": 56.28641128540039,
            "z": -3.7394208908081055
          }
        },
        {
          "type": "RIGHT_OF_LEFT_EYEBROW",
          "position": {
            "x": 160.02720642089844,
            "y": 65.79937744140625,
            "z": 0.3455284833908081
          }
        },
        {
          "type": "LEFT_OF_RIGHT_EYEBROW",
          "position": {
            "x": 169.45272827148438,
            "y": 73.07035827636719,
            "z": 9.550086975097656
          }
        },
        {
          "type": "RIGHT_OF_RIGHT_EYEBROW",
          "position": {
            "x": 176.53204345703125,
            "y": 79.22613525390625,
            "z": 27.7625732421875
          }
        },
        {
          "type": "MIDPOINT_BETWEEN_EYES",
          "position": {
            "x": 161.81732177734375,
            "y": 74.68573760986328,
            "z": 4.0055084228515625
          }
        },
        {
          "type": "NOSE_TIP",
          "position": {
            "x": 158.14341735839844,
            "y": 92.84149169921875,
            "z": -4.912792682647705
          }
        },
        {
          "type": "UPPER_LIP",
          "position": {
            "x": 147.76736450195312,
            "y": 100.91506958007812,
            "z": -0.1934414654970169
          }
        },
        {
          "type": "LOWER_LIP",
          "position": {
            "x": 141.81277465820312,
            "y": 109.77496337890625,
            "z": 0.5225179195404053
          }
        },
        {
          "type": "MOUTH_LEFT",
          "position": {
            "x": 132.9191436767578,
            "y": 96.9892578125,
            "z": -1.466927409172058
          }
        },
        {
          "type": "MOUTH_RIGHT",
          "position": {
            "x": 149.3333282470703,
            "y": 108.70768737792969,
            "z": 13.324580192565918
          }
        },
        {
          "type": "MOUTH_CENTER",
          "position": {
            "x": 144.414306640625,
            "y": 104.82300567626953,
            "z": 1.1314576864242554
          }
        },
        {
          "type": "NOSE_BOTTOM_RIGHT",
          "position": {
            "x": 155.64080810546875,
            "y": 96.21049499511719,
            "z": 9.448714256286621
          }
        },
        {
          "type": "NOSE_BOTTOM_LEFT",
          "position": {
            "x": 144.92250061035156,
            "y": 88.56786346435547,
            "z": -0.7974610924720764
          }
        },
        {
          "type": "NOSE_BOTTOM_CENTER",
          "position": {
            "x": 151.46182250976562,
            "y": 95.96631622314453,
            "z": 0.24514047801494598
          }
        },
        {
          "type": "LEFT_EYE_TOP_BOUNDARY",
          "position": {
            "x": 149.22181701660156,
            "y": 66.67130279541016,
            "z": -1.864639401435852
          }
        },
        {
          "type": "LEFT_EYE_RIGHT_CORNER",
          "position": {
            "x": 151.1253204345703,
            "y": 71.05779266357422,
            "z": 3.49670672416687
          }
        },
        {
          "type": "LEFT_EYE_BOTTOM_BOUNDARY",
          "position": {
            "x": 145.61663818359375,
            "y": 70.89006042480469,
            "z": -0.8463247418403625
          }
        },
        {
          "type": "LEFT_EYE_LEFT_CORNER",
          "position": {
            "x": 140.9864959716797,
            "y": 64.93479919433594,
            "z": -1.9317858219146729
          }
        },
        {
          "type": "LEFT_EYE_PUPIL",
          "position": {
            "x": 147.09689331054688,
            "y": 67.97847747802734,
            "z": -1.3057070970535278
          }
        },
        {
          "type": "RIGHT_EYE_TOP_BOUNDARY",
          "position": {
            "x": 169.8430633544922,
            "y": 80.36982727050781,
            "z": 17.034809112548828
          }
        },
        {
          "type": "RIGHT_EYE_RIGHT_CORNER",
          "position": {
            "x": 170.0361785888672,
            "y": 83.90223693847656,
            "z": 24.474872589111328
          }
        },
        {
          "type": "RIGHT_EYE_BOTTOM_BOUNDARY",
          "position": {
            "x": 166.64219665527344,
            "y": 83.78459930419922,
            "z": 18.065040588378906
          }
        },
        {
          "type": "RIGHT_EYE_LEFT_CORNER",
          "position": {
            "x": 163.34962463378906,
            "y": 79.07124328613281,
            "z": 14.766894340515137
          }
        },
        {
          "type": "RIGHT_EYE_PUPIL",
          "position": {
            "x": 168.29473876953125,
            "y": 82.0423583984375,
            "z": 18.068452835083008
          }
        },
        {
          "type": "LEFT_EYEBROW_UPPER_MIDPOINT",
          "position": {
            "x": 153.7395782470703,
            "y": 58.445556640625,
            "z": -3.0125372409820557
          }
        },
        {
          "type": "RIGHT_EYEBROW_UPPER_MIDPOINT",
          "position": {
            "x": 176.09658813476562,
            "y": 73.35554504394531,
            "z": 17.478473663330078
          }
        },
        {
          "type": "LEFT_EAR_TRAGION",
          "position": {
            "x": 105.44114685058594,
            "y": 63.39098358154297,
            "z": 16.413869857788086
          }
        },
        {
          "type": "RIGHT_EAR_TRAGION",
          "position": {
            "x": 151.4425048828125,
            "y": 94.66789245605469,
            "z": 59.29243850708008
          }
        },
        {
          "type": "FOREHEAD_GLABELLA",
          "position": {
            "x": 165.3192138671875,
            "y": 69.64057922363281,
            "z": 4.076197147369385
          }
        },
        {
          "type": "CHIN_GNATHION",
          "position": {
            "x": 132.27259826660156,
            "y": 121.4227294921875,
            "z": 2.6663177013397217
          }
        },
        {
          "type": "CHIN_LEFT_GONION",
          "position": {
            "x": 103.70645141601562,
            "y": 86.22691345214844,
            "z": 6.5455193519592285
          }
        },
        {
          "type": "CHIN_RIGHT_GONION",
          "position": {
            "x": 146.59165954589844,
            "y": 113.51545715332031,
            "z": 45.454933166503906
          }
        }
      ],
      "rollAngle": 29.432741165161133,
      "panAngle": 37.53485107421875,
      "tiltAngle": 5.486360549926758,
      "detectionConfidence": 0.984616756439209,
      "landmarkingConfidence": 0.658214271068573,
      "joyLikelihood": "UNLIKELY",
      "sorrowLikelihood": "VERY_UNLIKELY",
      "angerLikelihood": "VERY_UNLIKELY",
      "surpriseLikelihood": "VERY_UNLIKELY",
      "underExposedLikelihood": "VERY_UNLIKELY",
      "blurredLikelihood": "VERY_UNLIKELY",
      "headwearLikelihood": "VERY_UNLIKELY"
    },
    {
      "boundingPoly": {
        "vertices": [
          {
            "x": 244,
            "y": 42
          },
          {
            "x": 341,
            "y": 42
          },
          {
            "x": 341,
            "y": 155
          },
          {
            "x": 244,
            "y": 155
          }
        ]
      },
      "fdBoundingPoly": {
        "vertices": [
          {
            "x": 245,
            "y": 67
          },
          {
            "x": 315,
            "y": 67
          },
          {
            "x": 315,
            "y": 136
          },
          {
            "x": 245,
            "y": 136
          }
        ]
      },
      "landmarks": [
        {
          "type": "LEFT_EYE",
          "position": {
            "x": 262.7764587402344,
            "y": 97.33027648925781,
            "z": -0.00042710211710073054
          }
        },
        {
          "type": "RIGHT_EYE",
          "position": {
            "x": 269.7252502441406,
            "y": 90.2904052734375,
            "z": -27.907344818115234
          }
        },
        {
          "type": "LEFT_OF_LEFT_EYEBROW",
          "position": {
            "x": 262.57659912109375,
            "y": 92.54822540283203,
            "z": 11.540592193603516
          }
        },
        {
          "type": "RIGHT_OF_LEFT_EYEBROW",
          "position": {
            "x": 258.5533447265625,
            "y": 88.78886413574219,
            "z": -7.193198204040527
          }
        },
        {
          "type": "LEFT_OF_RIGHT_EYEBROW",
          "position": {
            "x": 262.2137145996094,
            "y": 85.7552490234375,
            "z": -20.837928771972656
          }
        },
        {
          "type": "RIGHT_OF_RIGHT_EYEBROW",
          "position": {
            "x": 275.620361328125,
            "y": 82.9935302734375,
            "z": -35.919795989990234
          }
        },
        {
          "type": "MIDPOINT_BETWEEN_EYES",
          "position": {
            "x": 260.3165283203125,
            "y": 93.41841125488281,
            "z": -15.38984203338623
          }
        },
        {
          "type": "NOSE_TIP",
          "position": {
            "x": 253.24127197265625,
            "y": 110.47168731689453,
            "z": -21.054887771606445
          }
        },
        {
          "type": "UPPER_LIP",
          "position": {
            "x": 260.3638000488281,
            "y": 120.58523559570312,
            "z": -21.481979370117188
          }
        },
        {
          "type": "LOWER_LIP",
          "position": {
            "x": 263.0904846191406,
            "y": 130.56268310546875,
            "z": -23.018362045288086
          }
        },
        {
          "type": "MOUTH_LEFT",
          "position": {
            "x": 265.531494140625,
            "y": 127.19186401367188,
            "z": -9.355997085571289
          }
        },
        {
          "type": "MOUTH_RIGHT",
          "position": {
            "x": 269.9893798828125,
            "y": 122.838623046875,
            "z": -31.081787109375
          }
        },
        {
          "type": "MOUTH_CENTER",
          "position": {
            "x": 262.56597900390625,
            "y": 124.89021301269531,
            "z": -21.86679458618164
          }
        },
        {
          "type": "NOSE_BOTTOM_RIGHT",
          "position": {
            "x": 265.8814697265625,
            "y": 111.22691345214844,
            "z": -26.26698875427246
          }
        },
        {
          "type": "NOSE_BOTTOM_LEFT",
          "position": {
            "x": 262.1744079589844,
            "y": 113.92320251464844,
            "z": -10.950376510620117
          }
        },
        {
          "type": "NOSE_BOTTOM_CENTER",
          "position": {
            "x": 259.9990539550781,
            "y": 114.49696350097656,
            "z": -20.247333526611328
          }
        },
        {
          "type": "LEFT_EYE_TOP_BOUNDARY",
          "position": {
            "x": 260.7046203613281,
            "y": 95.31779479980469,
            "z": -0.04447248950600624
          }
        },
        {
          "type": "LEFT_EYE_RIGHT_CORNER",
          "position": {
            "x": 264.3399963378906,
            "y": 96.25910949707031,
            "z": -5.616479396820068
          }
        },
        {
          "type": "LEFT_EYE_BOTTOM_BOUNDARY",
          "position": {
            "x": 262.6782531738281,
            "y": 99.21601867675781,
            "z": -0.4472423195838928
          }
        },
        {
          "type": "LEFT_EYE_LEFT_CORNER",
          "position": {
            "x": 263.98272705078125,
            "y": 98.6053695678711,
            "z": 6.267773628234863
          }
        },
        {
          "type": "LEFT_EYE_PUPIL",
          "position": {
            "x": 261.9735107421875,
            "y": 97.41363525390625,
            "z": 0.3114930987358093
          }
        },
        {
          "type": "RIGHT_EYE_TOP_BOUNDARY",
          "position": {
            "x": 267.8919677734375,
            "y": 89.01470947265625,
            "z": -28.12767219543457
          }
        },
        {
          "type": "RIGHT_EYE_RIGHT_CORNER",
          "position": {
            "x": 274.0604248046875,
            "y": 89.67173767089844,
            "z": -32.949222564697266
          }
        },
        {
          "type": "RIGHT_EYE_BOTTOM_BOUNDARY",
          "position": {
            "x": 269.8149719238281,
            "y": 92.83444213867188,
            "z": -28.488143920898438
          }
        },
        {
          "type": "RIGHT_EYE_LEFT_CORNER",
          "position": {
            "x": 268.6296691894531,
            "y": 92.434814453125,
            "z": -22.428787231445312
          }
        },
        {
          "type": "RIGHT_EYE_PUPIL",
          "position": {
            "x": 269.31158447265625,
            "y": 90.94979095458984,
            "z": -28.524276733398438
          }
        },
        {
          "type": "LEFT_EYEBROW_UPPER_MIDPOINT",
          "position": {
            "x": 258.4184875488281,
            "y": 87.1920394897461,
            "z": 2.530149221420288
          }
        },
        {
          "type": "RIGHT_EYEBROW_UPPER_MIDPOINT",
          "position": {
            "x": 266.2253112792969,
            "y": 80.38920593261719,
            "z": -27.94771957397461
          }
        },
        {
          "type": "LEFT_EAR_TRAGION",
          "position": {
            "x": 294.5354309082031,
            "y": 115.19422912597656,
            "z": 24.072345733642578
          }
        },
        {
          "type": "RIGHT_EAR_TRAGION",
          "position": {
            "x": 310.1495056152344,
            "y": 100.16615295410156,
            "z": -39.310359954833984
          }
        },
        {
          "type": "FOREHEAD_GLABELLA",
          "position": {
            "x": 259.215576171875,
            "y": 86.9363021850586,
            "z": -14.2069091796875
          }
        },
        {
          "type": "CHIN_GNATHION",
          "position": {
            "x": 268.6130676269531,
            "y": 143.9303436279297,
            "z": -24.64793586730957
          }
        },
        {
          "type": "CHIN_LEFT_GONION",
          "position": {
            "x": 284.88677978515625,
            "y": 133.29452514648438,
            "z": 14.153678894042969
          }
        },
        {
          "type": "CHIN_RIGHT_GONION",
          "position": {
            "x": 299.6944274902344,
            "y": 120.13510131835938,
            "z": -43.54428482055664
          }
        }
      ],
      "rollAngle": -3.6698696613311768,
      "panAngle": -75.20018768310547,
      "tiltAngle": 11.723565101623535,
      "detectionConfidence": 0.8884308338165283,
      "landmarkingConfidence": 0.3493005633354187,
      "joyLikelihood": "VERY_UNLIKELY",
      "sorrowLikelihood": "VERY_UNLIKELY",
      "angerLikelihood": "VERY_UNLIKELY",
      "surpriseLikelihood": "VERY_UNLIKELY",
      "underExposedLikelihood": "VERY_UNLIKELY",
      "blurredLikelihood": "VERY_UNLIKELY",
      "headwearLikelihood": "VERY_UNLIKELY"
    }
  ]
}
