{
  "faceAnnotations": [
    {
      "boundingPoly": {
        "vertices": [
          {
            "x": 86,
            "y": 24
          },
          {
            "x": 174,
            "y": 24
          },
          {
            "x": 174,
            "y": 126
          },
          {
            "x": 86,
            "y": 126
          }
        ]
      },
      "fdBoundingPoly": {
        "vertices": [
          {
            "x": 99,
            "y": 54
          },
          {
            "x": 170,
            "y": 54
          },
          {
            "x": 170,
            "y": 125
          },
          {
            "x": 99,
            "y": 125
          }
        ]
      },
      "landmarks": [
        {
          "type": "LEFT_EYE",
          "position": {
            "x": 125.1998291015625,
            "y": 75.91643524169922,
            "z": -0.00011533503129612654
          }
        },
        {
          "type": "RIGHT_EYE",
          "position": {
            "x": 151.41380310058594,
            "y": 79.87433624267578,
            "z": 8.109090805053711
          }
        },
        {
          "type": "LEFT_OF_LEFT_EYEBROW",
          "position": {
            "x": 118.3865966796875,
            "y": 69.00798034667969,
            "z": -1.5052579641342163
          }
        },
        {
          "type": "RIGHT_OF_LEFT_EYEBROW",
          "position": {
            "x": 135.29742431640625,
            "y": 73.14531707763672,
            "z": -3.9962289333343506
          }
        },
        {
          "type": "LEFT_OF_RIGHT_EYEBROW",
          "position": {
            "x": 147.45321655273438,
            "y": 74.60763549804688,
            "z": -0.27423807978630066
          }
        },
        {
          "type": "RIGHT_OF_RIGHT_EYEBROW",
          "position": {
            "x": 160.3919219970703,
            "y": 74.21580505371094,
            "z": 11.305244445800781
          }
        },
        {
          "type": "MIDPOINT_BETWEEN_EYES",
          "position": {
            "x": 140.8166961669922,
            "y": 77.91936492919922,
            "z": -1.334125280380249
          }
        },
        {
          "type": "NOSE_TIP",
          "position": {
            "x": 139.72816467285156,
            "y": 95.91787719726562,
            "z": -4.252566337585449
          }
        },
        {
          "type": "UPPER_LIP",
          "position": {
            "x": 136.00816345214844,
            "y": 103.16608428955078,
            "z": 3.9225010871887207
          }
        },
        {
          "type": "LOWER_LIP",
          "position": {
            "x": 133.78831481933594,
            "y": 111.10505676269531,
            "z": 8.032743453979492
          }
        },
        {
          "type": "MOUTH_LEFT",
          "position": {
            "x": 123.69404602050781,
            "y": 103.46025085449219,
            "z": 8.43842887878418
          }
        },
        {
          "type": "MOUTH_RIGHT",
          "position": {
            "x": 143.34832763671875,
            "y": 105.76861572265625,
            "z": 14.47132682800293
          }
        },
        {
          "type": "MOUTH_CENTER",
          "position": {
            "x": 134.6980438232422,
            "y": 106.54800415039062,
            "z": 6.835195541381836
          }
        },
        {
          "type": "NOSE_BOTTOM_RIGHT",
          "position": {
            "x": 143.42919921875,
            "y": 95.66445922851562,
            "z": 7.801912784576416
          }
        },
        {
          "type": "NOSE_BOTTOM_LEFT",
          "position": {
            "x": 129.97250366210938,
            "y": 95.62833404541016,
            "z": 3.7241404056549072
          }
        },
        {
          "type": "NOSE_BOTTOM_CENTER",
          "position": {
            "x": 137.27041625976562,
            "y": 99.92311096191406,
            "z": 2.647590160369873
          }
        },
        {
          "type": "LEFT_EYE_TOP_BOUNDARY",
          "position": {
            "x": 127.12592315673828,
            "y": 75.62409973144531,
            "z": -1.6976065635681152
          }
        },
        {
          "type": "LEFT_EYE_RIGHT_CORNER",
          "position": {
            "x": 130.7749786376953,
            "y": 77.73028564453125,
            "z": 2.0959818363189697
          }
        },
        {
          "type": "LEFT_EYE_BOTTOM_BOUNDARY",
          "position": {
            "x": 125.72089385986328,
            "y": 78.30620574951172,
            "z": 0.6356719136238098
          }
        },
        {
          "type": "LEFT_EYE_LEFT_CORNER",
          "position": {
            "x": 120.2989730834961,
            "y": 75.22920989990234,
            "z": 1.1678980588912964
          }
        },
        {
          "type": "LEFT_EYE_PUPIL",
          "position": {
            "x": 126.1138916015625,
            "y": 76.98008728027344,
            "z": -0.31105121970176697
          }
        },
        {
          "type": "RIGHT_EYE_TOP_BOUNDARY",
          "position": {
            "x": 152.18016052246094,
            "y": 78.65284729003906,
            "z": 5.983469486236572
          }
        },
        {
          "type": "RIGHT_EYE_RIGHT_CORNER",
          "position": {
            "x": 155.7810516357422,
            "y": 79.91960906982422,
            "z": 11.921802520751953
          }
        },
        {
          "type": "RIGHT_EYE_BOTTOM_BOUNDARY",
          "position": {
            "x": 151.1175994873047,
            "y": 81.60163879394531,
            "z": 8.359318733215332
          }
        },
        {
          "type": "RIGHT_EYE_LEFT_CORNER",
          "position": {
            "x": 146.27883911132812,
            "y": 79.41666412353516,
            "z": 6.712582588195801
          }
        },
        {
          "type": "RIGHT_EYE_PUPIL",
          "position": {
            "x": 151.81976318359375,
            "y": 80.10200500488281,
            "z": 7.550507545471191
          }
        },
        {
          "type": "LEFT_EYEBROW_UPPER_MIDPOINT",
          "position": {
            "x": 127.9161605834961,
            "y": 68.65601348876953,
            "z": -5.2332682609558105
          }
        },
        {
          "type": "RIGHT_EYEBROW_UPPER_MIDPOINT",
          "position": {
            "x": 155.07879638671875,
            "y": 71.92284393310547,
            "z": 3.0964388847351074
          }
        },
        {
          "type": "LEFT_EAR_TRAGION",
          "position": {
            "x": 99.95939636230469,
            "y": 77.38504791259766,
            "z": 28.826644897460938
          }
        },
        {
          "type": "RIGHT_EAR_TRAGION",
          "position": {
            "x": 156.74081420898438,
            "y": 84.30117797851562,
            "z": 46.288822174072266
          }
        },
        {
          "type": "FOREHEAD_GLABELLA",
          "position": {
            "x": 141.71180725097656,
            "y": 73.89431762695312,
            "z": -3.1347408294677734
          }
        },
        {
          "type": "CHIN_GNATHION",
          "position": {
            "x": 131.3155975341797,
            "y": 118.90594482421875,
            "z": 14.235969543457031
          }
        },
        {
          "type": "CHIN_LEFT_GONION",
          "position": {
            "x": 102.06810760498047,
            "y": 96.91152954101562,
            "z": 24.164236068725586
          }
        },
        {
          "type": "CHIN_RIGHT_GONION",
          "position": {
            "x": 153.4423828125,
            "y": 103.0626220703125,
            "z": 39.93679428100586
          }
        }
      ],
      "rollAngle": 11.525832176208496,
      "panAngle": 17.571687698364258,
      "tiltAngle": -14.993574142456055,
      "detectionConfidence": 0.8299639225006104,
      "landmarkingConfidence": 0.2651779353618622,
      "joyLikelihood": "VERY_UNLIKELY",
      "sorrowLikelihood": "VERY_UNLIKELY",
      "angerLikelihood": "VERY_UNLIKELY",
      "surpriseLikelihood": "UNLIKELY",
      "underExposedLikelihood": "VERY_UNLIKELY",
      "blurredLikelihood": "VERY_UNLIKELY",
      "headwearLikelihood": "LIKELY"
    },
    {
      "boundingPoly": {
        "vertices": [
          {
            "x": 165,
            "y": 15
          },
          {
            "x": 249,
            "y": 15
          },
          {
            "x": 249,
            "y": 113
          },
          {
            "x": 165,
            "y": 113
          }
        ]
      },
      "fdBoundingPoly": {
        "vertices": [
          {
            "x": 173,
            "y": 51
          },
          {
            "x": 236,
            "y": 51
          },
          {
            "x": 236,
            "y": 114
          },
          {
            "x": 173,
            "y": 114
          }
        ]
      },
      "landmarks": [
        {
          "type": "LEFT_EYE",
          "position": {
            "x": 179.02960205078125,
            "y": 72.83912658691406,
            "z": -0.0002900536055676639
          }
        },
        {
          "type": "RIGHT_EYE",
          "position": {
            "x": 191.76559448242188,
            "y": 76.8554458618164,
            "z": -21.93414878845215
          }
        },
        {
          "type": "LEFT_OF_LEFT_EYEBROW",
          "position": {
            "x": 174.03018188476562,
            "y": 65.15650939941406,
            "z": 5.621687889099121
          }
        },
        {
          "type": "RIGHT_OF_LEFT_EYEBROW",
          "position": {
            "x": 175.83831787109375,
            "y": 71.84480285644531,
            "z": -9.647644996643066
          }
        },
        {
          "type": "LEFT_OF_RIGHT_EYEBROW",
          "position": {
            "x": 181.88861083984375,
            "y": 73.93702697753906,
            "z": -20.203598022460938
          }
        },
        {
          "type": "RIGHT_OF_RIGHT_EYEBROW",
          "position": {
            "x": 195.15090942382812,
            "y": 72.39735412597656,
            "z": -30.697797775268555
          }
        },
        {
          "type": "MIDPOINT_BETWEEN_EYES",
          "position": {
            "x": 180.17599487304688,
            "y": 77.85250854492188,
            "z": -12.87620735168457
          }
        },
        {
          "type": "NOSE_TIP",
          "position": {
            "x": 181.1204833984375,
            "y": 92.90484619140625,
            "z": -9.388360977172852
          }
        },
        {
          "type": "UPPER_LIP",
          "position": {
            "x": 189.84878540039062,
            "y": 97.53598022460938,
            "z": -3.561359167098999
          }
        },
        {
          "type": "LOWER_LIP",
          "position": {
            "x": 195.03038024902344,
            "y": 103.61672973632812,
            "z": 0.6744488477706909
          }
        },
        {
          "type": "MOUTH_LEFT",
          "position": {
            "x": 191.72393798828125,
            "y": 94.91323852539062,
            "z": 8.717243194580078
          }
        },
        {
          "type": "MOUTH_RIGHT",
          "position": {
            "x": 201.58013916015625,
            "y": 98.418701171875,
            "z": -8.3285493850708
          }
        },
        {
          "type": "MOUTH_CENTER",
          "position": {
            "x": 193.06321716308594,
            "y": 99.77565002441406,
            "z": -1.2468241453170776
          }
        },
        {
          "type": "NOSE_BOTTOM_RIGHT",
          "position": {
            "x": 193.1000213623047,
            "y": 90.66818237304688,
            "z": -11.263679504394531
          }
        },
        {
          "type": "NOSE_BOTTOM_LEFT",
          "position": {
            "x": 186.22637939453125,
            "y": 88.23822021484375,
            "z": 0.6240402460098267
          }
        },
        {
          "type": "NOSE_BOTTOM_CENTER",
          "position": {
            "x": 187.53076171875,
            "y": 93.33732604980469,
            "z": -5.747776508331299
          }
        },
        {
          "type": "LEFT_EYE_TOP_BOUNDARY",
          "position": {
            "x": 176.94969177246094,
            "y": 72.37799072265625,
            "z": -1.2223888635635376
          }
        },
        {
          "type": "LEFT_EYE_RIGHT_CORNER",
          "position": {
            "x": 181.69183349609375,
            "y": 73.8250961303711,
            "z": -4.181360721588135
          }
        },
        {
          "type": "LEFT_EYE_BOTTOM_BOUNDARY",
          "position": {
            "x": 179.586181640625,
            "y": 74.33540344238281,
            "z": 0.6766748428344727
          }
        },
        {
          "type": "LEFT_EYE_LEFT_CORNER",
          "position": {
            "x": 178.32115173339844,
            "y": 70.6971664428711,
            "z": 5.165547847747803
          }
        },
        {
          "type": "LEFT_EYE_PUPIL",
          "position": {
            "x": 178.31796264648438,
            "y": 73.12486267089844,
            "z": 0.1872987449169159
          }
        },
        {
          "type": "RIGHT_EYE_TOP_BOUNDARY",
          "position": {
            "x": 189.51583862304688,
            "y": 76.80184173583984,
            "z": -22.91585350036621
          }
        },
        {
          "type": "RIGHT_EYE_RIGHT_CORNER",
          "position": {
            "x": 196.1904296875,
            "y": 76.79289245605469,
            "z": -25.248455047607422
          }
        },
        {
          "type": "RIGHT_EYE_BOTTOM_BOUNDARY",
          "position": {
            "x": 192.5267333984375,
            "y": 78.79336547851562,
            "z": -21.006860733032227
          }
        },
        {
          "type": "RIGHT_EYE_LEFT_CORNER",
          "position": {
            "x": 188.79629516601562,
            "y": 77.03961944580078,
            "z": -17.004247665405273
          }
        },
        {
          "type": "RIGHT_EYE_PUPIL",
          "position": {
            "x": 191.18470764160156,
            "y": 77.7035140991211,
            "z": -22.071882247924805
          }
        },
        {
          "type": "LEFT_EYEBROW_UPPER_MIDPOINT",
          "position": {
            "x": 172.2791290283203,
            "y": 66.94329071044922,
            "z": -3.756828546524048
          }
        },
        {
          "type": "RIGHT_EYEBROW_UPPER_MIDPOINT",
          "position": {
            "x": 185.9037628173828,
            "y": 71.7459716796875,
            "z": -27.295961380004883
          }
        },
        {
          "type": "LEFT_EAR_TRAGION",
          "position": {
            "x": 200.156982421875,
            "y": 62.39973449707031,
            "z": 29.150968551635742
          }
        },
        {
          "type": "RIGHT_EAR_TRAGION",
          "position": {
            "x": 228.6812286376953,
            "y": 72.47705841064453,
            "z": -20.114994049072266
          }
        },
        {
          "type": "FOREHEAD_GLABELLA",
          "position": {
            "x": 177.97286987304688,
            "y": 73.24369812011719,
            "z": -15.366074562072754
          }
        },
        {
          "type": "CHIN_GNATHION",
          "position": {
            "x": 202.76248168945312,
            "y": 110.91497039794922,
            "z": 6.583277702331543
          }
        },
        {
          "type": "CHIN_LEFT_GONION",
          "position": {
            "x": 200.5625762939453,
            "y": 81.88211822509766,
            "z": 30.09710693359375
          }
        },
        {
          "type": "CHIN_RIGHT_GONION",
          "position": {
            "x": 226.33973693847656,
            "y": 90.98484802246094,
            "z": -14.427833557128906
          }
        }
      ],
      "rollAngle": -27.679969787597656,
      "panAngle": -69.14443969726562,
      "tiltAngle": -24.20127296447754,
      "detectionConfidence": 0.5383289456367493,
      "landmarkingConfidence": 0.19217373430728912,
      "joyLikelihood": "VERY_UNLIKELY",
      "sorrowLikelihood": "VERY_UNLIKELY",
      "angerLikelihood": "VERY_UNLIKELY",
      "surpriseLikelihood": "VERY_UNLIKELY",
      "underExposedLikelihood": "VERY_UNLIKELY",
      "blurredLikelihood": "VERY_UNLIKELY",
      "headwearLikelihood": "VERY_UNLIKELY"
    }
  ]
}
