{
  "faceAnnotations": [
    {
      "boundingPoly": {
        "vertices": [
          {
            "y": 106
          },
          {
            "x": 243,
            "y": 106
          },
          {
            "x": 243,
            "y": 437
          },
          {
            "y": 437
          }
        ]
      },
      "fdBoundingPoly": {
        "vertices": [
          {
            "y": 199
          },
          {
            "x": 216,
            "y": 199
          },
          {
            "x": 216,
            "y": 420
          },
          {
            "y": 420
          }
        ]
      },
      "landmarks": [
        {
          "type": "LEFT_EYE",
          "position": {
            "x": 111.35213470458984,
            "y": 269.0551452636719,
            "z": 0.0007184348069131374
          }
        },
        {
          "type": "RIGHT_EYE",
          "position": {
            "x": 175.13369750976562,
            "y": 246.52969360351562,
            "z": 48.405818939208984
          }
        },
        {
          "type": "LEFT_OF_LEFT_EYEBROW",
          "position": {
            "x": 74.49797058105469,
            "y": 263.9742431640625,
            "z": -15.600071907043457
          }
        },
        {
          "type": "RIGHT_OF_LEFT_EYEBROW",
          "position": {
            "x": 131.62794494628906,
            "y": 248.04373168945312,
            "z": -6.361474990844727
          }
        },
        {
          "type": "LEFT_OF_RIGHT_EYEBROW",
          "position": {
            "x": 163.57676696777344,
            "y": 236.2210693359375,
            "z": 17.651700973510742
          }
        },
        {
          "type": "RIGHT_OF_RIGHT_EYEBROW",
          "position": {
            "x": 187.51528930664062,
            "y": 220.68199157714844,
            "z": 66.50155639648438
          }
        },
        {
          "type": "MIDPOINT_BETWEEN_EYES",
          "position": {
            "x": 152.79954528808594,
            "y": 260.19189453125,
            "z": 8.672691345214844
          }
        },
        {
          "type": "NOSE_TIP",
          "position": {
            "x": 176.6710205078125,
            "y": 306.9253845214844,
            "z": -0.7104767560958862
          }
        },
        {
          "type": "UPPER_LIP",
          "position": {
            "x": 170.22421264648438,
            "y": 339.21875,
            "z": 22.429744720458984
          }
        },
        {
          "type": "LOWER_LIP",
          "position": {
            "x": 171.5439910888672,
            "y": 363.144775390625,
            "z": 33.001556396484375
          }
        },
        {
          "type": "MOUTH_LEFT",
          "position": {
            "x": 131.26171875,
            "y": 357.2464599609375,
            "z": 23.51859474182129
          }
        },
        {
          "type": "MOUTH_RIGHT",
          "position": {
            "x": 184.03662109375,
            "y": 339.041259765625,
            "z": 62.03767013549805
          }
        },
        {
          "type": "MOUTH_CENTER",
          "position": {
            "x": 168.68966674804688,
            "y": 349.237548828125,
            "z": 30.003562927246094
          }
        },
        {
          "type": "NOSE_BOTTOM_RIGHT",
          "position": {
            "x": 175.95582580566406,
            "y": 305.7623291015625,
            "z": 40.35753631591797
          }
        },
        {
          "type": "NOSE_BOTTOM_LEFT",
          "position": {
            "x": 142.59979248046875,
            "y": 320.5682373046875,
            "z": 13.80953311920166
          }
        },
        {
          "type": "NOSE_BOTTOM_CENTER",
          "position": {
            "x": 166.23280334472656,
            "y": 320.65130615234375,
            "z": 18.019914627075195
          }
        },
        {
          "type": "LEFT_EYE_TOP_BOUNDARY",
          "position": {
            "x": 110.80338287353516,
            "y": 267.6977233886719,
            "z": -7.20039701461792
          }
        },
        {
          "type": "LEFT_EYE_RIGHT_CORNER",
          "position": {
            "x": 123.21421813964844,
            "y": 269.076171875,
            "z": 9.313490867614746
          }
        },
        {
          "type": "LEFT_EYE_BOTTOM_BOUNDARY",
          "position": {
            "x": 111.0193862915039,
            "y": 277.29937744140625,
            "z": -0.6431539058685303
          }
        },
        {
          "type": "LEFT_EYE_LEFT_CORNER",
          "position": {
            "x": 90.12721252441406,
            "y": 277.6010437011719,
            "z": -4.894497394561768
          }
        },
        {
          "type": "LEFT_EYE_PUPIL",
          "position": {
            "x": 108.65101623535156,
            "y": 273.65924072265625,
            "z": -3.788494825363159
          }
        },
        {
          "type": "RIGHT_EYE_TOP_BOUNDARY",
          "position": {
            "x": 176.619140625,
            "y": 243.26487731933594,
            "z": 42.16298294067383
          }
        },
        {
          "type": "RIGHT_EYE_RIGHT_CORNER",
          "position": {
            "x": 182.60562133789062,
            "y": 243.58331298828125,
            "z": 64.0956802368164
          }
        },
        {
          "type": "RIGHT_EYE_BOTTOM_BOUNDARY",
          "position": {
            "x": 176.20877075195312,
            "y": 254.19558715820312,
            "z": 48.70185852050781
          }
        },
        {
          "type": "RIGHT_EYE_LEFT_CORNER",
          "position": {
            "x": 161.1036376953125,
            "y": 253.33978271484375,
            "z": 38.504947662353516
          }
        },
        {
          "type": "RIGHT_EYE_PUPIL",
          "position": {
            "x": 176.22779846191406,
            "y": 248.63270568847656,
            "z": 46.82321548461914
          }
        },
        {
          "type": "LEFT_EYEBROW_UPPER_MIDPOINT",
          "position": {
            "x": 105.6588363647461,
            "y": 245.3846893310547,
            "z": -18.137218475341797
          }
        },
        {
          "type": "RIGHT_EYEBROW_UPPER_MIDPOINT",
          "position": {
            "x": 177.15333557128906,
            "y": 218.8189697265625,
            "z": 35.43004608154297
          }
        },
        {
          "type": "LEFT_EAR_TRAGION",
          "position": {
            "x": 9.222930908203125,
            "y": 326.3319091796875,
            "z": 60.81077194213867
          }
        },
        {
          "type": "RIGHT_EAR_TRAGION",
          "position": {
            "x": 159.46458435058594,
            "y": 267.8963623046875,
            "z": 172.21832275390625
          }
        },
        {
          "type": "FOREHEAD_GLABELLA",
          "position": {
            "x": 149.32777404785156,
            "y": 241.46780395507812,
            "z": 2.831362724304199
          }
        },
        {
          "type": "CHIN_GNATHION",
          "position": {
            "x": 172.1557159423828,
            "y": 400.35498046875,
            "z": 51.18102264404297
          }
        },
        {
          "type": "CHIN_LEFT_GONION",
          "position": {
            "x": 48.8511848449707,
            "y": 375.92388916015625,
            "z": 49.90898132324219
          }
        },
        {
          "type": "CHIN_RIGHT_GONION",
          "position": {
            "x": 184.25692749023438,
            "y": 325.1075439453125,
            "z": 151.33343505859375
          }
        }
      ],
      "rollAngle": -11.46869945526123,
      "panAngle": 36.06032943725586,
      "tiltAngle": -12.46032428741455,
      "detectionConfidence": 0.9221352338790894,
      "landmarkingConfidence": 0.5898229479789734,
      "joyLikelihood": "VERY_UNLIKELY",
      "sorrowLikelihood": "VERY_UNLIKELY",
      "angerLikelihood": "VERY_UNLIKELY",
      "surpriseLikelihood": "VERY_UNLIKELY",
      "underExposedLikelihood": "VERY_UNLIKELY",
      "blurredLikelihood": "VERY_UNLIKELY",
      "headwearLikelihood": "VERY_UNLIKELY"
    },
    {
      "boundingPoly": {
        "vertices": [
          {
            "x": 687
          },
          {
            "x": 999
          },
          {
            "x": 999,
            "y": 362
          },
          {
            "x": 687,
            "y": 362
          }
        ]
      },
      "fdBoundingPoly": {
        "vertices": [
          {
            "x": 698,
            "y": 114
          },
          {
            "x": 889,
            "y": 114
          },
          {
            "x": 889,
            "y": 305
          },
          {
            "x": 698,
            "y": 305
          }
        ]
      },
      "landmarks": [
        {
          "type": "LEFT_EYE",
          "position": {
            "x": 757.0446166992188,
            "y": 177.77096557617188,
            "z": 0.0009130235994234681
          }
        },
        {
          "type": "RIGHT_EYE",
          "position": {
            "x": 749.5416870117188,
            "y": 179.11138916015625,
            "z": -96.58985137939453
          }
        },
        {
          "type": "LEFT_OF_LEFT_EYEBROW",
          "position": {
            "x": 763.4573974609375,
            "y": 152.4647216796875,
            "z": 31.32305908203125
          }
        },
        {
          "type": "RIGHT_OF_LEFT_EYEBROW",
          "position": {
            "x": 731.6488647460938,
            "y": 158.9300994873047,
            "z": -23.53565788269043
          }
        },
        {
          "type": "LEFT_OF_RIGHT_EYEBROW",
          "position": {
            "x": 728.4699096679688,
            "y": 160.4069366455078,
            "z": -70.42277526855469
          }
        },
        {
          "type": "RIGHT_OF_RIGHT_EYEBROW",
          "position": {
            "x": 750.7369384765625,
            "y": 156.59938049316406,
            "z": -129.88540649414062
          }
        },
        {
          "type": "MIDPOINT_BETWEEN_EYES",
          "position": {
            "x": 732.7288818359375,
            "y": 180.15707397460938,
            "z": -46.63142013549805
          }
        },
        {
          "type": "NOSE_TIP",
          "position": {
            "x": 720.6248168945312,
            "y": 238.92120361328125,
            "z": -43.85603332519531
          }
        },
        {
          "type": "UPPER_LIP",
          "position": {
            "x": 744.4276733398438,
            "y": 270.3052673339844,
            "z": -45.31791305541992
          }
        },
        {
          "type": "LOWER_LIP",
          "position": {
            "x": 757.8844604492188,
            "y": 301.97906494140625,
            "z": -45.59931564331055
          }
        },
        {
          "type": "MOUTH_LEFT",
          "position": {
            "x": 775.432861328125,
            "y": 278.37823486328125,
            "z": -9.702526092529297
          }
        },
        {
          "type": "MOUTH_RIGHT",
          "position": {
            "x": 769.5772705078125,
            "y": 280.13751220703125,
            "z": -85.21913146972656
          }
        },
        {
          "type": "MOUTH_CENTER",
          "position": {
            "x": 754.58935546875,
            "y": 284.2879638671875,
            "z": -45.79494094848633
          }
        },
        {
          "type": "NOSE_BOTTOM_RIGHT",
          "position": {
            "x": 751.9857177734375,
            "y": 241.41586303710938,
            "z": -73.3934555053711
          }
        },
        {
          "type": "NOSE_BOTTOM_LEFT",
          "position": {
            "x": 755.3148803710938,
            "y": 239.5250244140625,
            "z": -20.55470085144043
          }
        },
        {
          "type": "NOSE_BOTTOM_CENTER",
          "position": {
            "x": 740.8106689453125,
            "y": 250.76904296875,
            "z": -45.49065399169922
          }
        },
        {
          "type": "LEFT_EYE_TOP_BOUNDARY",
          "position": {
            "x": 749.0809326171875,
            "y": 172.25399780273438,
            "z": 0.4993712306022644
          }
        },
        {
          "type": "LEFT_EYE_RIGHT_CORNER",
          "position": {
            "x": 755.8563232421875,
            "y": 178.77696228027344,
            "z": -19.50984001159668
          }
        },
        {
          "type": "LEFT_EYE_BOTTOM_BOUNDARY",
          "position": {
            "x": 757.1928100585938,
            "y": 184.16107177734375,
            "z": 0.026799583807587624
          }
        },
        {
          "type": "LEFT_EYE_LEFT_CORNER",
          "position": {
            "x": 766.9754028320312,
            "y": 175.68936157226562,
            "z": 18.37318992614746
          }
        },
        {
          "type": "LEFT_EYE_PUPIL",
          "position": {
            "x": 754.3787231445312,
            "y": 177.99160766601562,
            "z": 1.7142661809921265
          }
        },
        {
          "type": "RIGHT_EYE_TOP_BOUNDARY",
          "position": {
            "x": 741.4592895507812,
            "y": 174.67440795898438,
            "z": -96.10536193847656
          }
        },
        {
          "type": "RIGHT_EYE_RIGHT_CORNER",
          "position": {
            "x": 756.4121704101562,
            "y": 179.0452423095703,
            "z": -116.54450988769531
          }
        },
        {
          "type": "RIGHT_EYE_BOTTOM_BOUNDARY",
          "position": {
            "x": 750.0243530273438,
            "y": 185.72525024414062,
            "z": -96.4533462524414
          }
        },
        {
          "type": "RIGHT_EYE_LEFT_CORNER",
          "position": {
            "x": 750.446044921875,
            "y": 180.77731323242188,
            "z": -77.23750305175781
          }
        },
        {
          "type": "RIGHT_EYE_PUPIL",
          "position": {
            "x": 746.5068969726562,
            "y": 180.51809692382812,
            "z": -97.4421615600586
          }
        },
        {
          "type": "LEFT_EYEBROW_UPPER_MIDPOINT",
          "position": {
            "x": 739.015869140625,
            "y": 145.31423950195312,
            "z": 4.6829915046691895
          }
        },
        {
          "type": "RIGHT_EYEBROW_UPPER_MIDPOINT",
          "position": {
            "x": 730.7947387695312,
            "y": 147.9797821044922,
            "z": -100.03126525878906
          }
        },
        {
          "type": "LEFT_EAR_TRAGION",
          "position": {
            "x": 886.5023193359375,
            "y": 200.83099365234375,
            "z": 51.19995880126953
          }
        },
        {
          "type": "RIGHT_EAR_TRAGION",
          "position": {
            "x": 860.48828125,
            "y": 207.34286499023438,
            "z": -160.842041015625
          }
        },
        {
          "type": "FOREHEAD_GLABELLA",
          "position": {
            "x": 726.1010131835938,
            "y": 159.07159423828125,
            "z": -46.608577728271484
          }
        },
        {
          "type": "CHIN_GNATHION",
          "position": {
            "x": 779.59619140625,
            "y": 341.8431396484375,
            "z": -46.33544921875
          }
        },
        {
          "type": "CHIN_LEFT_GONION",
          "position": {
            "x": 858.9279174804688,
            "y": 270.22900390625,
            "z": 44.71625518798828
          }
        },
        {
          "type": "CHIN_RIGHT_GONION",
          "position": {
            "x": 843.3307495117188,
            "y": 274.1070556640625,
            "z": -152.2142791748047
          }
        }
      ],
      "rollAngle": -11.094805717468262,
      "panAngle": -94.74108123779297,
      "tiltAngle": -0.5309693813323975,
      "detectionConfidence": 0.8549303412437439,
      "landmarkingConfidence": 0.18216925859451294,
      "joyLikelihood": "VERY_UNLIKELY",
      "sorrowLikelihood": "VERY_UNLIKELY",
      "angerLikelihood": "VERY_UNLIKELY",
      "surpriseLikelihood": "VERY_UNLIKELY",
      "underExposedLikelihood": "VERY_UNLIKELY",
      "blurredLikelihood": "VERY_UNLIKELY",
      "headwearLikelihood": "VERY_UNLIKELY"
    }
  ]
}
