{
  "faceAnnotations": [
    {
      "boundingPoly": {
        "vertices": [
          {
            "x": 159,
            "y": 65
          },
          {
            "x": 293,
            "y": 65
          },
          {
            "x": 293,
            "y": 221
          },
          {
            "x": 159,
            "y": 221
          }
        ]
      },
      "fdBoundingPoly": {
        "vertices": [
          {
            "x": 180,
            "y": 97
          },
          {
            "x": 286,
            "y": 97
          },
          {
            "x": 286,
            "y": 204
          },
          {
            "x": 180,
            "y": 204
          }
        ]
      },
      "landmarks": [
        {
          "type": "LEFT_EYE",
          "position": {
            "x": 235.27932739257812,
            "y": 130.26150512695312,
            "z": 0.0002292485150974244
          }
        },
        {
          "type": "RIGHT_EYE",
          "position": {
            "x": 266.2972412109375,
            "y": 132.81878662109375,
            "z": 24.99161720275879
          }
        },
        {
          "type": "LEFT_OF_LEFT_EYEBROW",
          "position": {
            "x": 219.0300750732422,
            "y": 120.95410919189453,
            "z": -4.224550724029541
          }
        },
        {
          "type": "RIGHT_OF_LEFT_EYEBROW",
          "position": {
            "x": 247.10289001464844,
            "y": 119.86255645751953,
            "z": 1.8982387781143188
          }
        },
        {
          "type": "LEFT_OF_RIGHT_EYEBROW",
          "position": {
            "x": 262.00994873046875,
            "y": 121.86215209960938,
            "z": 13.921544075012207
          }
        },
        {
          "type": "RIGHT_OF_RIGHT_EYEBROW",
          "position": {
            "x": 272.9652099609375,
            "y": 125.62721252441406,
            "z": 37.327083587646484
          }
        },
        {
          "type": "MIDPOINT_BETWEEN_EYES",
          "position": {
            "x": 255.00927734375,
            "y": 128.2246551513672,
            "z": 6.132275581359863
          }
        },
        {
          "type": "NOSE_TIP",
          "position": {
            "x": 263.9598388671875,
            "y": 150.22349548339844,
            "z": -6.724368095397949
          }
        },
        {
          "type": "UPPER_LIP",
          "position": {
            "x": 258.7200012207031,
            "y": 165.88241577148438,
            "z": -2.079197406768799
          }
        },
        {
          "type": "LOWER_LIP",
          "position": {
            "x": 256.815185546875,
            "y": 177.59368896484375,
            "z": -2.015242099761963
          }
        },
        {
          "type": "MOUTH_LEFT",
          "position": {
            "x": 239.7976837158203,
            "y": 171.10467529296875,
            "z": -4.590961456298828
          }
        },
        {
          "type": "MOUTH_RIGHT",
          "position": {
            "x": 264.22137451171875,
            "y": 172.67495727539062,
            "z": 15.197235107421875
          }
        },
        {
          "type": "MOUTH_CENTER",
          "position": {
            "x": 256.7921447753906,
            "y": 171.32522583007812,
            "z": -0.8103578090667725
          }
        },
        {
          "type": "NOSE_BOTTOM_RIGHT",
          "position": {
            "x": 263.3539733886719,
            "y": 156.24319458007812,
            "z": 11.65052604675293
          }
        },
        {
          "type": "NOSE_BOTTOM_LEFT",
          "position": {
            "x": 247.46009826660156,
            "y": 154.67996215820312,
            "z": -2.1021578311920166
          }
        },
        {
          "type": "NOSE_BOTTOM_CENTER",
          "position": {
            "x": 258.7418518066406,
            "y": 157.48309326171875,
            "z": -0.7917173504829407
          }
        },
        {
          "type": "LEFT_EYE_TOP_BOUNDARY",
          "position": {
            "x": 236.4140625,
            "y": 127.04621887207031,
            "z": -1.8067584037780762
          }
        },
        {
          "type": "LEFT_EYE_RIGHT_CORNER",
          "position": {
            "x": 240.0485382080078,
            "y": 130.4563751220703,
            "z": 4.668478012084961
          }
        },
        {
          "type": "LEFT_EYE_BOTTOM_BOUNDARY",
          "position": {
            "x": 234.2564697265625,
            "y": 132.9052734375,
            "z": -1.0606971979141235
          }
        },
        {
          "type": "LEFT_EYE_LEFT_CORNER",
          "position": {
            "x": 225.83792114257812,
            "y": 130.51637268066406,
            "z": -2.4946823120117188
          }
        },
        {
          "type": "LEFT_EYE_PUPIL",
          "position": {
            "x": 235.01675415039062,
            "y": 129.9331817626953,
            "z": -1.336034893989563
          }
        },
        {
          "type": "RIGHT_EYE_TOP_BOUNDARY",
          "position": {
            "x": 267.0099792480469,
            "y": 130.06564331054688,
            "z": 22.937036514282227
          }
        },
        {
          "type": "RIGHT_EYE_RIGHT_CORNER",
          "position": {
            "x": 269.273681640625,
            "y": 134.48110961914062,
            "z": 32.26483917236328
          }
        },
        {
          "type": "RIGHT_EYE_BOTTOM_BOUNDARY",
          "position": {
            "x": 266.93450927734375,
            "y": 136.15188598632812,
            "z": 23.950998306274414
          }
        },
        {
          "type": "RIGHT_EYE_LEFT_CORNER",
          "position": {
            "x": 260.149169921875,
            "y": 133.28948974609375,
            "z": 19.84347152709961
          }
        },
        {
          "type": "RIGHT_EYE_PUPIL",
          "position": {
            "x": 266.3987731933594,
            "y": 133.0435791015625,
            "z": 23.98373031616211
          }
        },
        {
          "type": "LEFT_EYEBROW_UPPER_MIDPOINT",
          "position": {
            "x": 235.8417205810547,
            "y": 115.279296875,
            "z": -2.4428517818450928
          }
        },
        {
          "type": "RIGHT_EYEBROW_UPPER_MIDPOINT",
          "position": {
            "x": 269.0304260253906,
            "y": 118.58714294433594,
            "z": 24.414701461791992
          }
        },
        {
          "type": "LEFT_EAR_TRAGION",
          "position": {
            "x": 179.64901733398438,
            "y": 154.74009704589844,
            "z": 18.717370986938477
          }
        },
        {
          "type": "RIGHT_EAR_TRAGION",
          "position": {
            "x": 254.84889221191406,
            "y": 161.55874633789062,
            "z": 74.81853485107422
          }
        },
        {
          "type": "FOREHEAD_GLABELLA",
          "position": {
            "x": 255.50196838378906,
            "y": 120.39170837402344,
            "z": 6.829032897949219
          }
        },
        {
          "type": "CHIN_GNATHION",
          "position": {
            "x": 254.97462463378906,
            "y": 197.6378173828125,
            "z": -1.1926016807556152
          }
        },
        {
          "type": "CHIN_LEFT_GONION",
          "position": {
            "x": 199.2403564453125,
            "y": 177.61468505859375,
            "z": 4.32902193069458
          }
        },
        {
          "type": "CHIN_RIGHT_GONION",
          "position": {
            "x": 262.3974609375,
            "y": 183.3167266845703,
            "z": 55.716068267822266
          }
        }
      ],
      "rollAngle": -2.416227340698242,
      "panAngle": 39.53749084472656,
      "tiltAngle": 9.810502052307129,
      "detectionConfidence": 0.9981158375740051,
      "landmarkingConfidence": 0.7643724679946899,
      "joyLikelihood": "VERY_UNLIKELY",
      "sorrowLikelihood": "VERY_UNLIKELY",
      "angerLikelihood": "VERY_UNLIKELY",
      "surpriseLikelihood": "VERY_UNLIKELY",
      "underExposedLikelihood": "VERY_UNLIKELY",
      "blurredLikelihood": "VERY_UNLIKELY",
      "headwearLikelihood": "VERY_UNLIKELY"
    },
    {
      "boundingPoly": {
        "vertices": [
          {
            "x": 325,
            "y": 44
          },
          {
            "x": 450,
            "y": 44
          },
          {
            "x": 450,
            "y": 189
          },
          {
            "x": 325,
            "y": 189
          }
        ]
      },
      "fdBoundingPoly": {
        "vertices": [
          {
            "x": 329,
            "y": 80
          },
          {
            "x": 430,
            "y": 80
          },
          {
            "x": 430,
            "y": 181
          },
          {
            "x": 329,
            "y": 181
          }
        ]
      },
      "landmarks": [
        {
          "type": "LEFT_EYE",
          "position": {
            "x": 350.2203063964844,
            "y": 107.82295227050781,
            "z": -8.342257933691144e-05
          }
        },
        {
          "type": "RIGHT_EYE",
          "position": {
            "x": 373.90753173828125,
            "y": 113.50212097167969,
            "z": -29.247655868530273
          }
        },
        {
          "type": "LEFT_OF_LEFT_EYEBROW",
          "position": {
            "x": 345.69366455078125,
            "y": 96.96237182617188,
            "z": 11.072407722473145
          }
        },
        {
          "type": "RIGHT_OF_LEFT_EYEBROW",
          "position": {
            "x": 351.2462158203125,
            "y": 100.26000213623047,
            "z": -13.287684440612793
          }
        },
        {
          "type": "LEFT_OF_RIGHT_EYEBROW",
          "position": {
            "x": 362.79534912109375,
            "y": 103.0299301147461,
            "z": -27.528589248657227
          }
        },
        {
          "type": "RIGHT_OF_RIGHT_EYEBROW",
          "position": {
            "x": 385.4278869628906,
            "y": 106.50042724609375,
            "z": -37.989288330078125
          }
        },
        {
          "type": "MIDPOINT_BETWEEN_EYES",
          "position": {
            "x": 355.65655517578125,
            "y": 108.62484741210938,
            "z": -19.896320343017578
          }
        },
        {
          "type": "NOSE_TIP",
          "position": {
            "x": 344.0439147949219,
            "y": 133.3133544921875,
            "z": -24.302061080932617
          }
        },
        {
          "type": "UPPER_LIP",
          "position": {
            "x": 351.3165588378906,
            "y": 144.71124267578125,
            "z": -16.86125946044922
          }
        },
        {
          "type": "LOWER_LIP",
          "position": {
            "x": 351.88525390625,
            "y": 155.73416137695312,
            "z": -13.836740493774414
          }
        },
        {
          "type": "MOUTH_LEFT",
          "position": {
            "x": 349.26873779296875,
            "y": 148.14736938476562,
            "z": 1.8033149242401123
          }
        },
        {
          "type": "MOUTH_RIGHT",
          "position": {
            "x": 371.13104248046875,
            "y": 151.69485473632812,
            "z": -21.762048721313477
          }
        },
        {
          "type": "MOUTH_CENTER",
          "position": {
            "x": 352.8888244628906,
            "y": 150.1436767578125,
            "z": -14.375734329223633
          }
        },
        {
          "type": "NOSE_BOTTOM_RIGHT",
          "position": {
            "x": 363.4311828613281,
            "y": 135.42210388183594,
            "z": -22.729373931884766
          }
        },
        {
          "type": "NOSE_BOTTOM_LEFT",
          "position": {
            "x": 349.9435729980469,
            "y": 132.47308349609375,
            "z": -6.49645471572876
          }
        },
        {
          "type": "NOSE_BOTTOM_CENTER",
          "position": {
            "x": 350.9099426269531,
            "y": 138.05819702148438,
            "z": -17.897260665893555
          }
        },
        {
          "type": "LEFT_EYE_TOP_BOUNDARY",
          "position": {
            "x": 348.3731994628906,
            "y": 105.18963623046875,
            "z": -1.8758854866027832
          }
        },
        {
          "type": "LEFT_EYE_RIGHT_CORNER",
          "position": {
            "x": 355.01959228515625,
            "y": 109.23078918457031,
            "z": -5.685444355010986
          }
        },
        {
          "type": "LEFT_EYE_BOTTOM_BOUNDARY",
          "position": {
            "x": 349.69073486328125,
            "y": 110.33383178710938,
            "z": 0.1624690443277359
          }
        },
        {
          "type": "LEFT_EYE_LEFT_CORNER",
          "position": {
            "x": 348.12994384765625,
            "y": 106.73457336425781,
            "z": 8.139338493347168
          }
        },
        {
          "type": "LEFT_EYE_PUPIL",
          "position": {
            "x": 349.042236328125,
            "y": 107.6705322265625,
            "z": -0.08026682585477829
          }
        },
        {
          "type": "RIGHT_EYE_TOP_BOUNDARY",
          "position": {
            "x": 372.14715576171875,
            "y": 110.8908462524414,
            "z": -31.206058502197266
          }
        },
        {
          "type": "RIGHT_EYE_RIGHT_CORNER",
          "position": {
            "x": 381.37744140625,
            "y": 114.7098388671875,
            "z": -32.88545608520508
          }
        },
        {
          "type": "RIGHT_EYE_BOTTOM_BOUNDARY",
          "position": {
            "x": 373.4360046386719,
            "y": 116.03594207763672,
            "z": -29.1396484375
          }
        },
        {
          "type": "RIGHT_EYE_LEFT_CORNER",
          "position": {
            "x": 369.18939208984375,
            "y": 112.726318359375,
            "z": -23.238719940185547
          }
        },
        {
          "type": "RIGHT_EYE_PUPIL",
          "position": {
            "x": 373.4017639160156,
            "y": 113.52741241455078,
            "z": -30.20311737060547
          }
        },
        {
          "type": "LEFT_EYEBROW_UPPER_MIDPOINT",
          "position": {
            "x": 346.8163757324219,
            "y": 94.00170135498047,
            "z": -3.207531452178955
          }
        },
        {
          "type": "RIGHT_EYEBROW_UPPER_MIDPOINT",
          "position": {
            "x": 372.6238708496094,
            "y": 100.18013763427734,
            "z": -35.03071975708008
          }
        },
        {
          "type": "LEFT_EAR_TRAGION",
          "position": {
            "x": 370.1073913574219,
            "y": 122.28509521484375,
            "z": 50.644222259521484
          }
        },
        {
          "type": "RIGHT_EAR_TRAGION",
          "position": {
            "x": 424.0555725097656,
            "y": 135.26123046875,
            "z": -16.030656814575195
          }
        },
        {
          "type": "FOREHEAD_GLABELLA",
          "position": {
            "x": 355.9104309082031,
            "y": 101.16310119628906,
            "z": -21.397594451904297
          }
        },
        {
          "type": "CHIN_GNATHION",
          "position": {
            "x": 353.4322509765625,
            "y": 176.86265563964844,
            "z": -8.2473783493042
          }
        },
        {
          "type": "CHIN_LEFT_GONION",
          "position": {
            "x": 358.4374694824219,
            "y": 147.24581909179688,
            "z": 40.56154251098633
          }
        },
        {
          "type": "CHIN_RIGHT_GONION",
          "position": {
            "x": 407.240966796875,
            "y": 158.94989013671875,
            "z": -19.644638061523438
          }
        }
      ],
      "rollAngle": 5.090888023376465,
      "panAngle": -50.6883659362793,
      "tiltAngle": -6.926544666290283,
      "detectionConfidence": 0.9772412776947021,
      "landmarkingConfidence": 0.30062663555145264,
      "joyLikelihood": "VERY_UNLIKELY",
      "sorrowLikelihood": "VERY_UNLIKELY",
      "angerLikelihood": "VERY_UNLIKELY",
      "surpriseLikelihood": "VERY_UNLIKELY",
      "underExposedLikelihood": "VERY_UNLIKELY",
      "blurredLikelihood": "VERY_UNLIKELY",
      "headwearLikelihood": "VERY_UNLIKELY"
    }
  ]
}
