{
  "faceAnnotations": [
    {
      "boundingPoly": {
        "vertices": [
          {
            "x": 149,
            "y": 59
          },
          {
            "x": 206,
            "y": 59
          },
          {
            "x": 206,
            "y": 125
          },
          {
            "x": 149,
            "y": 125
          }
        ]
      },
      "fdBoundingPoly": {
        "vertices": [
          {
            "x": 147,
            "y": 67
          },
          {
            "x": 197,
            "y": 67
          },
          {
            "x": 197,
            "y": 117
          },
          {
            "x": 147,
            "y": 117
          }
        ]
      },
      "landmarks": [
        {
          "type": "LEFT_EYE",
          "position": {
            "x": 166.11549377441406,
            "y": 83.05581665039062,
            "z": 3.854833266814239e-05
          }
        },
        {
          "type": "RIGHT_EYE",
          "position": {
            "x": 171.01449584960938,
            "y": 84.23828125,
            "z": -16.790584564208984
          }
        },
        {
          "type": "LEFT_OF_LEFT_EYEBROW",
          "position": {
            "x": 167.68545532226562,
            "y": 79.5257339477539,
            "z": 6.320926666259766
          }
        },
        {
          "type": "RIGHT_OF_LEFT_EYEBROW",
          "position": {
            "x": 166.28787231445312,
            "y": 78.01265716552734,
            "z": -5.007418155670166
          }
        },
        {
          "type": "LEFT_OF_RIGHT_EYEBROW",
          "position": {
            "x": 168.56814575195312,
            "y": 78.74526977539062,
            "z": -13.14497184753418
          }
        },
        {
          "type": "RIGHT_OF_RIGHT_EYEBROW",
          "position": {
            "x": 175.80038452148438,
            "y": 81.97071075439453,
            "z": -21.782712936401367
          }
        },
        {
          "type": "MIDPOINT_BETWEEN_EYES",
          "position": {
            "x": 165.66705322265625,
            "y": 81.56767272949219,
            "z": -9.36750602722168
          }
        },
        {
          "type": "NOSE_TIP",
          "position": {
            "x": 157.26177978515625,
            "y": 88.40229797363281,
            "z": -11.376543045043945
          }
        },
        {
          "type": "UPPER_LIP",
          "position": {
            "x": 157.65005493164062,
            "y": 95.99363708496094,
            "z": -10.655594825744629
          }
        },
        {
          "type": "LOWER_LIP",
          "position": {
            "x": 156.08499145507812,
            "y": 101.808349609375,
            "z": -10.662074089050293
          }
        },
        {
          "type": "MOUTH_LEFT",
          "position": {
            "x": 158.4720916748047,
            "y": 99.76054382324219,
            "z": -2.9674177169799805
          }
        },
        {
          "type": "MOUTH_RIGHT",
          "position": {
            "x": 161.40240478515625,
            "y": 101.03688049316406,
            "z": -15.857449531555176
          }
        },
        {
          "type": "MOUTH_CENTER",
          "position": {
            "x": 157.48619079589844,
            "y": 98.9990234375,
            "z": -10.462591171264648
          }
        },
        {
          "type": "NOSE_BOTTOM_RIGHT",
          "position": {
            "x": 163.03094482421875,
            "y": 92.92351531982422,
            "z": -14.14196491241455
          }
        },
        {
          "type": "NOSE_BOTTOM_LEFT",
          "position": {
            "x": 160.6669158935547,
            "y": 92.1138687133789,
            "z": -5.05185079574585
          }
        },
        {
          "type": "NOSE_BOTTOM_CENTER",
          "position": {
            "x": 159.3409881591797,
            "y": 92.5968246459961,
            "z": -10.44665813446045
          }
        },
        {
          "type": "LEFT_EYE_TOP_BOUNDARY",
          "position": {
            "x": 165.6482696533203,
            "y": 81.37628173828125,
            "z": -0.23450198769569397
          }
        },
        {
          "type": "LEFT_EYE_RIGHT_CORNER",
          "position": {
            "x": 167.09344482421875,
            "y": 83.37346649169922,
            "z": -3.352182388305664
          }
        },
        {
          "type": "LEFT_EYE_BOTTOM_BOUNDARY",
          "position": {
            "x": 165.4855194091797,
            "y": 83.97159576416016,
            "z": -0.11200784891843796
          }
        },
        {
          "type": "LEFT_EYE_LEFT_CORNER",
          "position": {
            "x": 166.51107788085938,
            "y": 83.47499084472656,
            "z": 3.7806010246276855
          }
        },
        {
          "type": "LEFT_EYE_PUPIL",
          "position": {
            "x": 165.67958068847656,
            "y": 82.75004577636719,
            "z": 0.16294267773628235
          }
        },
        {
          "type": "RIGHT_EYE_TOP_BOUNDARY",
          "position": {
            "x": 170.5019073486328,
            "y": 82.61695861816406,
            "z": -17.019712448120117
          }
        },
        {
          "type": "RIGHT_EYE_RIGHT_CORNER",
          "position": {
            "x": 173.29208374023438,
            "y": 85.21401977539062,
            "z": -19.652538299560547
          }
        },
        {
          "type": "RIGHT_EYE_BOTTOM_BOUNDARY",
          "position": {
            "x": 170.3404541015625,
            "y": 85.1657943725586,
            "z": -16.87029457092285
          }
        },
        {
          "type": "RIGHT_EYE_LEFT_CORNER",
          "position": {
            "x": 170.15667724609375,
            "y": 83.94343566894531,
            "z": -13.41090202331543
          }
        },
        {
          "type": "RIGHT_EYE_PUPIL",
          "position": {
            "x": 170.64569091796875,
            "y": 84.02203369140625,
            "z": -17.070114135742188
          }
        },
        {
          "type": "LEFT_EYEBROW_UPPER_MIDPOINT",
          "position": {
            "x": 166.92356872558594,
            "y": 76.34327697753906,
            "z": 0.5343014597892761
          }
        },
        {
          "type": "RIGHT_EYEBROW_UPPER_MIDPOINT",
          "position": {
            "x": 172.1790771484375,
            "y": 77.70671081542969,
            "z": -17.666410446166992
          }
        },
        {
          "type": "LEFT_EAR_TRAGION",
          "position": {
            "x": 177.6158447265625,
            "y": 99.3377685546875,
            "z": 16.068355560302734
          }
        },
        {
          "type": "RIGHT_EAR_TRAGION",
          "position": {
            "x": 187.77732849121094,
            "y": 100.86870574951172,
            "z": -21.394058227539062
          }
        },
        {
          "type": "FOREHEAD_GLABELLA",
          "position": {
            "x": 167.0055694580078,
            "y": 77.84031677246094,
            "z": -9.236122131347656
          }
        },
        {
          "type": "CHIN_GNATHION",
          "position": {
            "x": 154.71829223632812,
            "y": 109.57038879394531,
            "z": -10.446026802062988
          }
        },
        {
          "type": "CHIN_LEFT_GONION",
          "position": {
            "x": 167.0561981201172,
            "y": 106.4856185913086,
            "z": 11.582066535949707
          }
        },
        {
          "type": "CHIN_RIGHT_GONION",
          "position": {
            "x": 177.04025268554688,
            "y": 108.9395751953125,
            "z": -22.731464385986328
          }
        }
      ],
      "rollAngle": 26.074546813964844,
      "panAngle": -73.75867462158203,
      "tiltAngle": 3.480299234390259,
      "detectionConfidence": 0.5782095789909363,
      "landmarkingConfidence": 0.25837016105651855,
      "joyLikelihood": "VERY_UNLIKELY",
      "sorrowLikelihood": "VERY_UNLIKELY",
      "angerLikelihood": "VERY_UNLIKELY",
      "surpriseLikelihood": "VERY_UNLIKELY",
      "underExposedLikelihood": "VERY_UNLIKELY",
      "blurredLikelihood": "VERY_UNLIKELY",
      "headwearLikelihood": "VERY_UNLIKELY"
    },
    {
      "boundingPoly": {
        "vertices": [
          {
            "x": 69,
            "y": 9
          },
          {
            "x": 133,
            "y": 9
          },
          {
            "x": 133,
            "y": 84
          },
          {
            "x": 69,
            "y": 84
          }
        ]
      },
      "fdBoundingPoly": {
        "vertices": [
          {
            "x": 83,
            "y": 33
          },
          {
            "x": 133,
            "y": 33
          },
          {
            "x": 133,
            "y": 83
          },
          {
            "x": 83,
            "y": 83
          }
        ]
      },
      "landmarks": [
        {
          "type": "LEFT_EYE",
          "position": {
            "x": 119.7988052368164,
            "y": 56.60938262939453,
            "z": 5.754294397775084e-05
          }
        },
        {
          "type": "RIGHT_EYE",
          "position": {
            "x": 120.71723175048828,
            "y": 57.39581298828125,
            "z": 19.523550033569336
          }
        },
        {
          "type": "LEFT_OF_LEFT_EYEBROW",
          "position": {
            "x": 121.46732330322266,
            "y": 50.9288444519043,
            "z": -6.3803629875183105
          }
        },
        {
          "type": "RIGHT_OF_LEFT_EYEBROW",
          "position": {
            "x": 126.27702331542969,
            "y": 55.30491638183594,
            "z": 4.829936504364014
          }
        },
        {
          "type": "LEFT_OF_RIGHT_EYEBROW",
          "position": {
            "x": 126.64363098144531,
            "y": 55.93672180175781,
            "z": 14.35108470916748
          }
        },
        {
          "type": "RIGHT_OF_RIGHT_EYEBROW",
          "position": {
            "x": 122.74866485595703,
            "y": 53.106292724609375,
            "z": 26.383310317993164
          }
        },
        {
          "type": "MIDPOINT_BETWEEN_EYES",
          "position": {
            "x": 123.97980499267578,
            "y": 58.97412872314453,
            "z": 9.471004486083984
          }
        },
        {
          "type": "NOSE_TIP",
          "position": {
            "x": 121.37395477294922,
            "y": 70.59111785888672,
            "z": 8.793733596801758
          }
        },
        {
          "type": "UPPER_LIP",
          "position": {
            "x": 113.11331176757812,
            "y": 73.45838928222656,
            "z": 8.939238548278809
          }
        },
        {
          "type": "LOWER_LIP",
          "position": {
            "x": 107.30178833007812,
            "y": 78.01378631591797,
            "z": 8.871384620666504
          }
        },
        {
          "type": "MOUTH_LEFT",
          "position": {
            "x": 106.2126235961914,
            "y": 71.66043090820312,
            "z": 1.3910404443740845
          }
        },
        {
          "type": "MOUTH_RIGHT",
          "position": {
            "x": 107.29228973388672,
            "y": 72.99363708496094,
            "z": 16.943613052368164
          }
        },
        {
          "type": "MOUTH_CENTER",
          "position": {
            "x": 109.6845932006836,
            "y": 75.17118072509766,
            "z": 8.965846061706543
          }
        },
        {
          "type": "NOSE_BOTTOM_RIGHT",
          "position": {
            "x": 114.61164093017578,
            "y": 67.78562927246094,
            "z": 14.644071578979492
          }
        },
        {
          "type": "NOSE_BOTTOM_LEFT",
          "position": {
            "x": 114.92819213867188,
            "y": 66.2191390991211,
            "z": 3.9665327072143555
          }
        },
        {
          "type": "NOSE_BOTTOM_CENTER",
          "position": {
            "x": 116.18576049804688,
            "y": 70.27487182617188,
            "z": 9.037144660949707
          }
        },
        {
          "type": "LEFT_EYE_TOP_BOUNDARY",
          "position": {
            "x": 121.94511413574219,
            "y": 55.93852615356445,
            "z": -0.11913798004388809
          }
        },
        {
          "type": "LEFT_EYE_RIGHT_CORNER",
          "position": {
            "x": 120.1924819946289,
            "y": 56.77891540527344,
            "z": 3.9192123413085938
          }
        },
        {
          "type": "LEFT_EYE_BOTTOM_BOUNDARY",
          "position": {
            "x": 118.96635437011719,
            "y": 57.50578308105469,
            "z": -0.10645578056573868
          }
        },
        {
          "type": "LEFT_EYE_LEFT_CORNER",
          "position": {
            "x": 117.99821472167969,
            "y": 54.831512451171875,
            "z": -3.946324586868286
          }
        },
        {
          "type": "LEFT_EYE_PUPIL",
          "position": {
            "x": 120.40476989746094,
            "y": 56.39204406738281,
            "z": -0.3967251479625702
          }
        },
        {
          "type": "RIGHT_EYE_TOP_BOUNDARY",
          "position": {
            "x": 122.71898651123047,
            "y": 57.21893310546875,
            "z": 19.501291275024414
          }
        },
        {
          "type": "RIGHT_EYE_RIGHT_CORNER",
          "position": {
            "x": 119.56989288330078,
            "y": 56.53471374511719,
            "z": 23.59061622619629
          }
        },
        {
          "type": "RIGHT_EYE_BOTTOM_BOUNDARY",
          "position": {
            "x": 119.99105834960938,
            "y": 58.49840545654297,
            "z": 19.509048461914062
          }
        },
        {
          "type": "RIGHT_EYE_LEFT_CORNER",
          "position": {
            "x": 120.52896118164062,
            "y": 57.20305252075195,
            "z": 15.630228996276855
          }
        },
        {
          "type": "RIGHT_EYE_PUPIL",
          "position": {
            "x": 121.2376937866211,
            "y": 57.72075271606445,
            "z": 19.727468490600586
          }
        },
        {
          "type": "LEFT_EYEBROW_UPPER_MIDPOINT",
          "position": {
            "x": 126.41635131835938,
            "y": 52.12223434448242,
            "z": -0.8829322457313538
          }
        },
        {
          "type": "RIGHT_EYEBROW_UPPER_MIDPOINT",
          "position": {
            "x": 127.25106048583984,
            "y": 53.53582000732422,
            "z": 20.403215408325195
          }
        },
        {
          "type": "LEFT_EAR_TRAGION",
          "position": {
            "x": 95.59432983398438,
            "y": 46.709930419921875,
            "z": -10.76423168182373
          }
        },
        {
          "type": "RIGHT_EAR_TRAGION",
          "position": {
            "x": 96.66104888916016,
            "y": 49.81554412841797,
            "z": 33.53205490112305
          }
        },
        {
          "type": "FOREHEAD_GLABELLA",
          "position": {
            "x": 127.18821716308594,
            "y": 55.90542221069336,
            "z": 9.545933723449707
          }
        },
        {
          "type": "CHIN_GNATHION",
          "position": {
            "x": 98.81320190429688,
            "y": 84.0816650390625,
            "z": 8.83036994934082
          }
        },
        {
          "type": "CHIN_LEFT_GONION",
          "position": {
            "x": 92.88438415527344,
            "y": 61.79343032836914,
            "z": -9.73640251159668
          }
        },
        {
          "type": "CHIN_RIGHT_GONION",
          "position": {
            "x": 94.46598815917969,
            "y": 64.46077728271484,
            "z": 30.49506187438965
          }
        }
      ],
      "rollAngle": 40.51409912109375,
      "panAngle": 85.83955383300781,
      "tiltAngle": 1.4073001146316528,
      "detectionConfidence": 0.5359313488006592,
      "landmarkingConfidence": 0.3303276300430298,
      "joyLikelihood": "POSSIBLE",
      "sorrowLikelihood": "VERY_UNLIKELY",
      "angerLikelihood": "VERY_UNLIKELY",
      "surpriseLikelihood": "VERY_UNLIKELY",
      "underExposedLikelihood": "VERY_UNLIKELY",
      "blurredLikelihood": "VERY_UNLIKELY",
      "headwearLikelihood": "UNLIKELY"
    }
  ]
}
