{
  "faceAnnotations": [
    {
      "boundingPoly": {
        "vertices": [
          {
            "x": 205,
            "y": 16
          },
          {
            "x": 316,
            "y": 16
          },
          {
            "x": 316,
            "y": 145
          },
          {
            "x": 205,
            "y": 145
          }
        ]
      },
      "fdBoundingPoly": {
        "vertices": [
          {
            "x": 206,
            "y": 56
          },
          {
            "x": 288,
            "y": 56
          },
          {
            "x": 288,
            "y": 138
          },
          {
            "x": 206,
            "y": 138
          }
        ]
      },
      "landmarks": [
        {
          "type": "LEFT_EYE",
          "position": {
            "x": 223.57510375976562,
            "y": 84.09888458251953,
            "z": 0.00020886669517494738
          }
        },
        {
          "type": "RIGHT_EYE",
          "position": {
            "x": 244.8228302001953,
            "y": 83.98008728027344,
            "z": -26.118221282958984
          }
        },
        {
          "type": "LEFT_OF_LEFT_EYEBROW",
          "position": {
            "x": 217.1515655517578,
            "y": 75.58889770507812,
            "z": 9.445961952209473
          }
        },
        {
          "type": "RIGHT_OF_LEFT_EYEBROW",
          "position": {
            "x": 222.33697509765625,
            "y": 77.77238464355469,
            "z": -11.94589614868164
          }
        },
        {
          "type": "LEFT_OF_RIGHT_EYEBROW",
          "position": {
            "x": 232.3141326904297,
            "y": 76.78916931152344,
            "z": -24.73953628540039
          }
        },
        {
          "type": "RIGHT_OF_RIGHT_EYEBROW",
          "position": {
            "x": 253.75152587890625,
            "y": 75.43086242675781,
            "z": -34.31499099731445
          }
        },
        {
          "type": "MIDPOINT_BETWEEN_EYES",
          "position": {
            "x": 228.17185974121094,
            "y": 83.45237731933594,
            "z": -17.604331970214844
          }
        },
        {
          "type": "NOSE_TIP",
          "position": {
            "x": 224.7866668701172,
            "y": 106.24606323242188,
            "z": -20.44846534729004
          }
        },
        {
          "type": "UPPER_LIP",
          "position": {
            "x": 233.53460693359375,
            "y": 113.78227996826172,
            "z": -13.861228942871094
          }
        },
        {
          "type": "LOWER_LIP",
          "position": {
            "x": 238.34434509277344,
            "y": 126.56396484375,
            "z": -10.217536926269531
          }
        },
        {
          "type": "MOUTH_LEFT",
          "position": {
            "x": 233.43463134765625,
            "y": 117.74192810058594,
            "z": 2.884294033050537
          }
        },
        {
          "type": "MOUTH_RIGHT",
          "position": {
            "x": 254.40151977539062,
            "y": 115.05311584472656,
            "z": -18.496673583984375
          }
        },
        {
          "type": "MOUTH_CENTER",
          "position": {
            "x": 236.8560333251953,
            "y": 120.15664672851562,
            "z": -11.24088191986084
          }
        },
        {
          "type": "NOSE_BOTTOM_RIGHT",
          "position": {
            "x": 240.00222778320312,
            "y": 104.42524719238281,
            "z": -19.04123878479004
          }
        },
        {
          "type": "NOSE_BOTTOM_LEFT",
          "position": {
            "x": 229.7467498779297,
            "y": 104.71780395507812,
            "z": -4.971263885498047
          }
        },
        {
          "type": "NOSE_BOTTOM_CENTER",
          "position": {
            "x": 231.44522094726562,
            "y": 108.68771362304688,
            "z": -14.918680191040039
          }
        },
        {
          "type": "LEFT_EYE_TOP_BOUNDARY",
          "position": {
            "x": 221.35476684570312,
            "y": 82.28924560546875,
            "z": -1.74469792842865
          }
        },
        {
          "type": "LEFT_EYE_RIGHT_CORNER",
          "position": {
            "x": 227.42376708984375,
            "y": 84.18544006347656,
            "z": -4.9750213623046875
          }
        },
        {
          "type": "LEFT_EYE_BOTTOM_BOUNDARY",
          "position": {
            "x": 223.58956909179688,
            "y": 86.41426849365234,
            "z": 0.2359052449464798
          }
        },
        {
          "type": "LEFT_EYE_LEFT_CORNER",
          "position": {
            "x": 221.68722534179688,
            "y": 83.2721176147461,
            "z": 7.116523265838623
          }
        },
        {
          "type": "LEFT_EYE_PUPIL",
          "position": {
            "x": 222.5857696533203,
            "y": 84.10870361328125,
            "z": -0.09683016687631607
          }
        },
        {
          "type": "RIGHT_EYE_TOP_BOUNDARY",
          "position": {
            "x": 242.3693084716797,
            "y": 81.88970947265625,
            "z": -27.814577102661133
          }
        },
        {
          "type": "RIGHT_EYE_RIGHT_CORNER",
          "position": {
            "x": 251.14219665527344,
            "y": 82.85848236083984,
            "z": -29.3693790435791
          }
        },
        {
          "type": "RIGHT_EYE_BOTTOM_BOUNDARY",
          "position": {
            "x": 245.33360290527344,
            "y": 86.07246398925781,
            "z": -25.898826599121094
          }
        },
        {
          "type": "RIGHT_EYE_LEFT_CORNER",
          "position": {
            "x": 240.3358917236328,
            "y": 83.86377716064453,
            "z": -20.672666549682617
          }
        },
        {
          "type": "RIGHT_EYE_PUPIL",
          "position": {
            "x": 244.10455322265625,
            "y": 83.72319030761719,
            "z": -26.874828338623047
          }
        },
        {
          "type": "LEFT_EYEBROW_UPPER_MIDPOINT",
          "position": {
            "x": 217.0986785888672,
            "y": 73.3400650024414,
            "z": -3.231966495513916
          }
        },
        {
          "type": "RIGHT_EYEBROW_UPPER_MIDPOINT",
          "position": {
            "x": 239.90858459472656,
            "y": 72.88111114501953,
            "z": -31.528873443603516
          }
        },
        {
          "type": "LEFT_EAR_TRAGION",
          "position": {
            "x": 244.76377868652344,
            "y": 88.8510513305664,
            "z": 44.3336296081543
          }
        },
        {
          "type": "RIGHT_EAR_TRAGION",
          "position": {
            "x": 292.3825378417969,
            "y": 87.91209411621094,
            "z": -14.96309757232666
          }
        },
        {
          "type": "FOREHEAD_GLABELLA",
          "position": {
            "x": 226.3416748046875,
            "y": 77.5850830078125,
            "z": -19.148887634277344
          }
        },
        {
          "type": "CHIN_GNATHION",
          "position": {
            "x": 244.56784057617188,
            "y": 139.937744140625,
            "z": -5.2095465660095215
          }
        },
        {
          "type": "CHIN_LEFT_GONION",
          "position": {
            "x": 241.4634246826172,
            "y": 113.06270599365234,
            "z": 36.517601013183594
          }
        },
        {
          "type": "CHIN_RIGHT_GONION",
          "position": {
            "x": 284.54815673828125,
            "y": 112.2484359741211,
            "z": -16.9634952545166
          }
        }
      ],
      "rollAngle": -12.602176666259766,
      "panAngle": -52.047996520996094,
      "tiltAngle": -9.136008262634277,
      "detectionConfidence": 0.9774175882339478,
      "landmarkingConfidence": 0.6956133246421814,
      "joyLikelihood": "VERY_LIKELY",
      "sorrowLikelihood": "VERY_UNLIKELY",
      "angerLikelihood": "VERY_UNLIKELY",
      "surpriseLikelihood": "VERY_UNLIKELY",
      "underExposedLikelihood": "VERY_UNLIKELY",
      "blurredLikelihood": "VERY_UNLIKELY",
      "headwearLikelihood": "VERY_UNLIKELY"
    },
    {
      "boundingPoly": {
        "vertices": [
          {
            "x": 45,
            "y": 36
          },
          {
            "x": 159,
            "y": 36
          },
          {
            "x": 159,
            "y": 169
          },
          {
            "x": 45,
            "y": 169
          }
        ]
      },
      "fdBoundingPoly": {
        "vertices": [
          {
            "x": 78,
            "y": 72
          },
          {
            "x": 158,
            "y": 72
          },
          {
            "x": 158,
            "y": 152
          },
          {
            "x": 78,
            "y": 152
          }
        ]
      },
      "landmarks": [
        {
          "type": "LEFT_EYE",
          "position": {
            "x": 116.42375183105469,
            "y": 96.81689453125,
            "z": 0.0001035110981320031
          }
        },
        {
          "type": "RIGHT_EYE",
          "position": {
            "x": 137.9525604248047,
            "y": 96.45829772949219,
            "z": 27.01765251159668
          }
        },
        {
          "type": "LEFT_OF_LEFT_EYEBROW",
          "position": {
            "x": 106.55000305175781,
            "y": 88.6397933959961,
            "z": -7.135974407196045
          }
        },
        {
          "type": "RIGHT_OF_LEFT_EYEBROW",
          "position": {
            "x": 127.0523910522461,
            "y": 88.93383026123047,
            "z": 2.741032361984253
          }
        },
        {
          "type": "LEFT_OF_RIGHT_EYEBROW",
          "position": {
            "x": 137.75721740722656,
            "y": 88.4372329711914,
            "z": 15.89638614654541
          }
        },
        {
          "type": "RIGHT_OF_RIGHT_EYEBROW",
          "position": {
            "x": 142.8068389892578,
            "y": 88.57477569580078,
            "z": 38.242340087890625
          }
        },
        {
          "type": "MIDPOINT_BETWEEN_EYES",
          "position": {
            "x": 132.783203125,
            "y": 95.4206314086914,
            "z": 8.991744041442871
          }
        },
        {
          "type": "NOSE_TIP",
          "position": {
            "x": 141.00314331054688,
            "y": 116.30895233154297,
            "z": 2.5551536083221436
          }
        },
        {
          "type": "UPPER_LIP",
          "position": {
            "x": 134.7085418701172,
            "y": 127.58735656738281,
            "z": 7.6411309242248535
          }
        },
        {
          "type": "LOWER_LIP",
          "position": {
            "x": 132.34097290039062,
            "y": 140.7892303466797,
            "z": 9.291669845581055
          }
        },
        {
          "type": "MOUTH_LEFT",
          "position": {
            "x": 116.09600830078125,
            "y": 132.29443359375,
            "z": 2.5000720024108887
          }
        },
        {
          "type": "MOUTH_RIGHT",
          "position": {
            "x": 135.73731994628906,
            "y": 133.72923278808594,
            "z": 24.135278701782227
          }
        },
        {
          "type": "MOUTH_CENTER",
          "position": {
            "x": 132.81878662109375,
            "y": 134.0647735595703,
            "z": 9.30072021484375
          }
        },
        {
          "type": "NOSE_BOTTOM_RIGHT",
          "position": {
            "x": 136.50689697265625,
            "y": 118.24128723144531,
            "z": 18.376361846923828
          }
        },
        {
          "type": "NOSE_BOTTOM_LEFT",
          "position": {
            "x": 126.03651428222656,
            "y": 117.70161437988281,
            "z": 3.8578453063964844
          }
        },
        {
          "type": "NOSE_BOTTOM_CENTER",
          "position": {
            "x": 134.99891662597656,
            "y": 121.08181762695312,
            "z": 7.5752034187316895
          }
        },
        {
          "type": "LEFT_EYE_TOP_BOUNDARY",
          "position": {
            "x": 118.17539978027344,
            "y": 94.40837097167969,
            "z": -1.51425039768219
          }
        },
        {
          "type": "LEFT_EYE_RIGHT_CORNER",
          "position": {
            "x": 120.6366958618164,
            "y": 97.39332580566406,
            "z": 5.497281074523926
          }
        },
        {
          "type": "LEFT_EYE_BOTTOM_BOUNDARY",
          "position": {
            "x": 116.62078094482422,
            "y": 99.15605163574219,
            "z": -0.21623018383979797
          }
        },
        {
          "type": "LEFT_EYE_LEFT_CORNER",
          "position": {
            "x": 109.55900573730469,
            "y": 96.93890380859375,
            "z": -3.445042848587036
          }
        },
        {
          "type": "LEFT_EYE_PUPIL",
          "position": {
            "x": 116.68624114990234,
            "y": 96.80438232421875,
            "z": -1.0056463479995728
          }
        },
        {
          "type": "RIGHT_EYE_TOP_BOUNDARY",
          "position": {
            "x": 139.88780212402344,
            "y": 94.371337890625,
            "z": 25.654848098754883
          }
        },
        {
          "type": "RIGHT_EYE_RIGHT_CORNER",
          "position": {
            "x": 139.900634765625,
            "y": 96.88401794433594,
            "z": 34.515411376953125
          }
        },
        {
          "type": "RIGHT_EYE_BOTTOM_BOUNDARY",
          "position": {
            "x": 138.43089294433594,
            "y": 99.22537231445312,
            "z": 26.93775749206543
          }
        },
        {
          "type": "RIGHT_EYE_LEFT_CORNER",
          "position": {
            "x": 133.68760681152344,
            "y": 96.84086608886719,
            "z": 21.771669387817383
          }
        },
        {
          "type": "RIGHT_EYE_PUPIL",
          "position": {
            "x": 138.9941864013672,
            "y": 96.78155517578125,
            "z": 26.849082946777344
          }
        },
        {
          "type": "LEFT_EYEBROW_UPPER_MIDPOINT",
          "position": {
            "x": 118.58112335205078,
            "y": 84.30506896972656,
            "z": -3.758470058441162
          }
        },
        {
          "type": "RIGHT_EYEBROW_UPPER_MIDPOINT",
          "position": {
            "x": 142.1454315185547,
            "y": 84.27242279052734,
            "z": 25.715354919433594
          }
        },
        {
          "type": "LEFT_EAR_TRAGION",
          "position": {
            "x": 69.06101989746094,
            "y": 114.04118347167969,
            "z": 9.468034744262695
          }
        },
        {
          "type": "RIGHT_EAR_TRAGION",
          "position": {
            "x": 118.33902740478516,
            "y": 113.98187255859375,
            "z": 71.17431640625
          }
        },
        {
          "type": "FOREHEAD_GLABELLA",
          "position": {
            "x": 133.5133056640625,
            "y": 88.01429748535156,
            "z": 8.478571891784668
          }
        },
        {
          "type": "CHIN_GNATHION",
          "position": {
            "x": 128.9839630126953,
            "y": 156.7829132080078,
            "z": 12.287703514099121
          }
        },
        {
          "type": "CHIN_LEFT_GONION",
          "position": {
            "x": 82.58570098876953,
            "y": 136.29833984375,
            "z": 3.5740177631378174
          }
        },
        {
          "type": "CHIN_RIGHT_GONION",
          "position": {
            "x": 127.11042785644531,
            "y": 136.21005249023438,
            "z": 59.303260803222656
          }
        }
      ],
      "rollAngle": -0.2016909271478653,
      "panAngle": 51.37113952636719,
      "tiltAngle": 0.07293049246072769,
      "detectionConfidence": 0.7539548277854919,
      "landmarkingConfidence": 0.35707515478134155,
      "joyLikelihood": "VERY_LIKELY",
      "sorrowLikelihood": "VERY_UNLIKELY",
      "angerLikelihood": "VERY_UNLIKELY",
      "surpriseLikelihood": "VERY_UNLIKELY",
      "underExposedLikelihood": "VERY_UNLIKELY",
      "blurredLikelihood": "VERY_UNLIKELY",
      "headwearLikelihood": "VERY_UNLIKELY"
    }
  ]
}
