{
  "faceAnnotations": [
    {
      "boundingPoly": {
        "vertices": [
          {
            "x": 44,
            "y": 22
          },
          {
            "x": 189,
            "y": 22
          },
          {
            "x": 189,
            "y": 190
          },
          {
            "x": 44,
            "y": 190
          }
        ]
      },
      "fdBoundingPoly": {
        "vertices": [
          {
            "x": 71,
            "y": 59
          },
          {
            "x": 180,
            "y": 59
          },
          {
            "x": 180,
            "y": 168
          },
          {
            "x": 71,
            "y": 168
          }
        ]
      },
      "landmarks": [
        {
          "type": "LEFT_EYE",
          "position": {
            "x": 121.32168579101562,
            "y": 96.24102783203125,
            "z": -0.0002498111571185291
          }
        },
        {
          "type": "RIGHT_EYE",
          "position": {
            "x": 155.58877563476562,
            "y": 94.84625244140625,
            "z": 24.864168167114258
          }
        },
        {
          "type": "LEFT_OF_LEFT_EYEBROW",
          "position": {
            "x": 105.62053680419922,
            "y": 85.78324890136719,
            "z": -4.936512470245361
          }
        },
        {
          "type": "RIGHT_OF_LEFT_EYEBROW",
          "position": {
            "x": 134.01014709472656,
            "y": 84.0830078125,
            "z": -0.03259744867682457
          }
        },
        {
          "type": "LEFT_OF_RIGHT_EYEBROW",
          "position": {
            "x": 151.2479248046875,
            "y": 83.40696716308594,
            "z": 12.334657669067383
          }
        },
        {
          "type": "RIGHT_OF_RIGHT_EYEBROW",
          "position": {
            "x": 165.06735229492188,
            "y": 84.01774597167969,
            "z": 37.640052795410156
          }
        },
        {
          "type": "MIDPOINT_BETWEEN_EYES",
          "position": {
            "x": 143.8309326171875,
            "y": 91.92643737792969,
            "z": 5.103531360626221
          }
        },
        {
          "type": "NOSE_TIP",
          "position": {
            "x": 152.95547485351562,
            "y": 116.45523071289062,
            "z": -6.700057029724121
          }
        },
        {
          "type": "UPPER_LIP",
          "position": {
            "x": 147.9191436767578,
            "y": 132.65200805664062,
            "z": 0.7534769177436829
          }
        },
        {
          "type": "LOWER_LIP",
          "position": {
            "x": 147.17332458496094,
            "y": 148.9638671875,
            "z": 2.544506549835205
          }
        },
        {
          "type": "MOUTH_LEFT",
          "position": {
            "x": 126.15901184082031,
            "y": 143.34715270996094,
            "z": -0.04487305507063866
          }
        },
        {
          "type": "MOUTH_RIGHT",
          "position": {
            "x": 155.59463500976562,
            "y": 140.49200439453125,
            "z": 20.005603790283203
          }
        },
        {
          "type": "MOUTH_CENTER",
          "position": {
            "x": 146.55801391601562,
            "y": 140.84365844726562,
            "z": 3.0592222213745117
          }
        },
        {
          "type": "NOSE_BOTTOM_RIGHT",
          "position": {
            "x": 153.0539093017578,
            "y": 121.03417205810547,
            "z": 13.755722999572754
          }
        },
        {
          "type": "NOSE_BOTTOM_LEFT",
          "position": {
            "x": 134.43505859375,
            "y": 120.05667114257812,
            "z": -0.02278510108590126
          }
        },
        {
          "type": "NOSE_BOTTOM_CENTER",
          "position": {
            "x": 147.25,
            "y": 123.85496520996094,
            "z": 1.1449193954467773
          }
        },
        {
          "type": "LEFT_EYE_TOP_BOUNDARY",
          "position": {
            "x": 122.10213470458984,
            "y": 92.19485473632812,
            "z": -2.4791781902313232
          }
        },
        {
          "type": "LEFT_EYE_RIGHT_CORNER",
          "position": {
            "x": 127.93651580810547,
            "y": 95.96063995361328,
            "z": 5.017381191253662
          }
        },
        {
          "type": "LEFT_EYE_BOTTOM_BOUNDARY",
          "position": {
            "x": 121.0080337524414,
            "y": 98.61822509765625,
            "z": -0.7130946516990662
          }
        },
        {
          "type": "LEFT_EYE_LEFT_CORNER",
          "position": {
            "x": 111.21509552001953,
            "y": 96.15011596679688,
            "z": -2.0573341846466064
          }
        },
        {
          "type": "LEFT_EYE_PUPIL",
          "position": {
            "x": 120.65966033935547,
            "y": 95.32920837402344,
            "z": -1.5104395151138306
          }
        },
        {
          "type": "RIGHT_EYE_TOP_BOUNDARY",
          "position": {
            "x": 157.68324279785156,
            "y": 91.11453247070312,
            "z": 23.02444839477539
          }
        },
        {
          "type": "RIGHT_EYE_RIGHT_CORNER",
          "position": {
            "x": 160.95159912109375,
            "y": 94.63023376464844,
            "z": 33.55967712402344
          }
        },
        {
          "type": "RIGHT_EYE_BOTTOM_BOUNDARY",
          "position": {
            "x": 156.60879516601562,
            "y": 97.27584838867188,
            "z": 24.770593643188477
          }
        },
        {
          "type": "RIGHT_EYE_LEFT_CORNER",
          "position": {
            "x": 149.1040496826172,
            "y": 94.67523193359375,
            "z": 20.2811336517334
          }
        },
        {
          "type": "RIGHT_EYE_PUPIL",
          "position": {
            "x": 157.2098846435547,
            "y": 94.20922088623047,
            "z": 24.620521545410156
          }
        },
        {
          "type": "LEFT_EYEBROW_UPPER_MIDPOINT",
          "position": {
            "x": 120.9609603881836,
            "y": 79.27845001220703,
            "z": -4.631771564483643
          }
        },
        {
          "type": "RIGHT_EYEBROW_UPPER_MIDPOINT",
          "position": {
            "x": 159.57980346679688,
            "y": 78.11967468261719,
            "z": 23.03887939453125
          }
        },
        {
          "type": "LEFT_EAR_TRAGION",
          "position": {
            "x": 68.1849594116211,
            "y": 122.04922485351562,
            "z": 26.22618865966797
          }
        },
        {
          "type": "RIGHT_EAR_TRAGION",
          "position": {
            "x": 149.02284240722656,
            "y": 119.62718963623047,
            "z": 84.16075134277344
          }
        },
        {
          "type": "FOREHEAD_GLABELLA",
          "position": {
            "x": 143.54270935058594,
            "y": 82.95217895507812,
            "z": 4.835721969604492
          }
        },
        {
          "type": "CHIN_GNATHION",
          "position": {
            "x": 144.9239044189453,
            "y": 168.94937133789062,
            "z": 6.523428916931152
          }
        },
        {
          "type": "CHIN_LEFT_GONION",
          "position": {
            "x": 84.33824157714844,
            "y": 148.37063598632812,
            "z": 12.989203453063965
          }
        },
        {
          "type": "CHIN_RIGHT_GONION",
          "position": {
            "x": 157.41339111328125,
            "y": 146.15179443359375,
            "z": 65.3515625
          }
        }
      ],
      "rollAngle": -4.012825965881348,
      "panAngle": 35.67552947998047,
      "tiltAngle": 3.175271987915039,
      "detectionConfidence": 0.5222740173339844,
      "landmarkingConfidence": 0.2754439115524292,
      "joyLikelihood": "VERY_UNLIKELY",
      "sorrowLikelihood": "VERY_UNLIKELY",
      "angerLikelihood": "VERY_UNLIKELY",
      "surpriseLikelihood": "VERY_UNLIKELY",
      "underExposedLikelihood": "VERY_UNLIKELY",
      "blurredLikelihood": "VERY_UNLIKELY",
      "headwearLikelihood": "VERY_UNLIKELY"
    },
    {
      "boundingPoly": {
        "vertices": [
          {
            "x": 314,
            "y": 58
          },
          {
            "x": 449,
            "y": 58
          },
          {
            "x": 449,
            "y": 215
          },
          {
            "x": 314,
            "y": 215
          }
        ]
      },
      "fdBoundingPoly": {
        "vertices": [
          {
            "x": 315,
            "y": 105
          },
          {
            "x": 407,
            "y": 105
          },
          {
            "x": 407,
            "y": 198
          },
          {
            "x": 315,
            "y": 198
          }
        ]
      },
      "landmarks": [
        {
          "type": "LEFT_EYE",
          "position": {
            "x": 340.0034484863281,
            "y": 130.02664184570312,
            "z": -0.0012244441313669086
          }
        },
        {
          "type": "RIGHT_EYE",
          "position": {
            "x": 348.4100341796875,
            "y": 136.42039489746094,
            "z": -39.147335052490234
          }
        },
        {
          "type": "LEFT_OF_LEFT_EYEBROW",
          "position": {
            "x": 340.33880615234375,
            "y": 117.80641174316406,
            "z": 12.07320499420166
          }
        },
        {
          "type": "RIGHT_OF_LEFT_EYEBROW",
          "position": {
            "x": 333.7676086425781,
            "y": 122.99231719970703,
            "z": -13.347356796264648
          }
        },
        {
          "type": "LEFT_OF_RIGHT_EYEBROW",
          "position": {
            "x": 337.16241455078125,
            "y": 126.6784896850586,
            "z": -32.288482666015625
          }
        },
        {
          "type": "RIGHT_OF_RIGHT_EYEBROW",
          "position": {
            "x": 354.1394348144531,
            "y": 129.69996643066406,
            "z": -53.344173431396484
          }
        },
        {
          "type": "MIDPOINT_BETWEEN_EYES",
          "position": {
            "x": 335.4978332519531,
            "y": 132.82992553710938,
            "z": -21.39126205444336
          }
        },
        {
          "type": "NOSE_TIP",
          "position": {
            "x": 325.8841247558594,
            "y": 158.24020385742188,
            "z": -19.05391502380371
          }
        },
        {
          "type": "UPPER_LIP",
          "position": {
            "x": 335.6017150878906,
            "y": 170.17333984375,
            "z": -14.655203819274902
          }
        },
        {
          "type": "LOWER_LIP",
          "position": {
            "x": 339.56036376953125,
            "y": 183.23175048828125,
            "z": -11.49772834777832
          }
        },
        {
          "type": "MOUTH_LEFT",
          "position": {
            "x": 343.56988525390625,
            "y": 172.519775390625,
            "z": 3.9865527153015137
          }
        },
        {
          "type": "MOUTH_RIGHT",
          "position": {
            "x": 350.0620422363281,
            "y": 177.9994659423828,
            "z": -26.827762603759766
          }
        },
        {
          "type": "MOUTH_CENTER",
          "position": {
            "x": 339.1052551269531,
            "y": 176.6548309326172,
            "z": -12.783185005187988
          }
        },
        {
          "type": "NOSE_BOTTOM_RIGHT",
          "position": {
            "x": 342.4898376464844,
            "y": 161.24603271484375,
            "z": -26.08191680908203
          }
        },
        {
          "type": "NOSE_BOTTOM_LEFT",
          "position": {
            "x": 338.7342834472656,
            "y": 156.64437866210938,
            "z": -4.907149314880371
          }
        },
        {
          "type": "NOSE_BOTTOM_CENTER",
          "position": {
            "x": 334.3180847167969,
            "y": 163.47940063476562,
            "z": -16.128631591796875
          }
        },
        {
          "type": "LEFT_EYE_TOP_BOUNDARY",
          "position": {
            "x": 337.17816162109375,
            "y": 127.42147064208984,
            "z": -0.9962696433067322
          }
        },
        {
          "type": "LEFT_EYE_RIGHT_CORNER",
          "position": {
            "x": 341.84417724609375,
            "y": 131.59420776367188,
            "z": -7.69578742980957
          }
        },
        {
          "type": "LEFT_EYE_BOTTOM_BOUNDARY",
          "position": {
            "x": 339.8436584472656,
            "y": 132.5468292236328,
            "z": 0.4844173192977905
          }
        },
        {
          "type": "LEFT_EYE_LEFT_CORNER",
          "position": {
            "x": 342.0448303222656,
            "y": 128.2379913330078,
            "z": 8.562668800354004
          }
        },
        {
          "type": "LEFT_EYE_PUPIL",
          "position": {
            "x": 338.9255676269531,
            "y": 129.8654327392578,
            "z": 0.479465126991272
          }
        },
        {
          "type": "RIGHT_EYE_TOP_BOUNDARY",
          "position": {
            "x": 345.4212646484375,
            "y": 134.45901489257812,
            "z": -40.1367073059082
          }
        },
        {
          "type": "RIGHT_EYE_RIGHT_CORNER",
          "position": {
            "x": 353.2950439453125,
            "y": 137.78848266601562,
            "z": -46.08692932128906
          }
        },
        {
          "type": "RIGHT_EYE_BOTTOM_BOUNDARY",
          "position": {
            "x": 348.6174011230469,
            "y": 139.0745391845703,
            "z": -38.70842361450195
          }
        },
        {
          "type": "RIGHT_EYE_LEFT_CORNER",
          "position": {
            "x": 346.841064453125,
            "y": 135.62799072265625,
            "z": -31.17613983154297
          }
        },
        {
          "type": "RIGHT_EYE_PUPIL",
          "position": {
            "x": 347.3114013671875,
            "y": 137.08798217773438,
            "z": -39.69553756713867
          }
        },
        {
          "type": "LEFT_EYEBROW_UPPER_MIDPOINT",
          "position": {
            "x": 334.0743713378906,
            "y": 115.79349517822266,
            "z": -1.9510540962219238
          }
        },
        {
          "type": "RIGHT_EYEBROW_UPPER_MIDPOINT",
          "position": {
            "x": 342.9874572753906,
            "y": 123.46258544921875,
            "z": -44.42591857910156
          }
        },
        {
          "type": "LEFT_EAR_TRAGION",
          "position": {
            "x": 385.15509033203125,
            "y": 139.94053649902344,
            "z": 38.262611389160156
          }
        },
        {
          "type": "RIGHT_EAR_TRAGION",
          "position": {
            "x": 405.6264953613281,
            "y": 156.75881958007812,
            "z": -51.46201705932617
          }
        },
        {
          "type": "FOREHEAD_GLABELLA",
          "position": {
            "x": 334.2010192871094,
            "y": 124.37200927734375,
            "z": -23.24199867248535
          }
        },
        {
          "type": "CHIN_GNATHION",
          "position": {
            "x": 346.1860656738281,
            "y": 201.28921508789062,
            "z": -6.857355117797852
          }
        },
        {
          "type": "CHIN_LEFT_GONION",
          "position": {
            "x": 371.5285339355469,
            "y": 167.78961181640625,
            "z": 35.78132247924805
          }
        },
        {
          "type": "CHIN_RIGHT_GONION",
          "position": {
            "x": 388.41302490234375,
            "y": 182.38992309570312,
            "z": -44.74494171142578
          }
        }
      ],
      "rollAngle": -3.5819289684295654,
      "panAngle": -78.97135925292969,
      "tiltAngle": -10.919580459594727,
      "detectionConfidence": 0.5136004686355591,
      "landmarkingConfidence": 0.36753353476524353,
      "joyLikelihood": "VERY_UNLIKELY",
      "sorrowLikelihood": "VERY_UNLIKELY",
      "angerLikelihood": "VERY_UNLIKELY",
      "surpriseLikelihood": "VERY_UNLIKELY",
      "underExposedLikelihood": "VERY_UNLIKELY",
      "blurredLikelihood": "VERY_UNLIKELY",
      "headwearLikelihood": "VERY_UNLIKELY"
    }
  ]
}
