{
  "faceAnnotations": [
    {
      "boundingPoly": {
        "vertices": [
          {
            "x": 288
          },
          {
            "x": 423
          },
          {
            "x": 423,
            "y": 124
          },
          {
            "x": 288,
            "y": 124
          }
        ]
      },
      "fdBoundingPoly": {
        "vertices": [
          {
            "x": 306,
            "y": 31
          },
          {
            "x": 406,
            "y": 31
          },
          {
            "x": 406,
            "y": 131
          },
          {
            "x": 306,
            "y": 131
          }
        ]
      },
      "landmarks": [
        {
          "type": "LEFT_EYE",
          "position": {
            "x": 348.78411865234375,
            "y": 55.044769287109375,
            "z": -0.00046017859131097794
          }
        },
        {
          "type": "RIGHT_EYE",
          "position": {
            "x": 384.1865539550781,
            "y": 71.51179504394531,
            "z": 12.187216758728027
          }
        },
        {
          "type": "LEFT_OF_LEFT_EYEBROW",
          "position": {
            "x": 341.73382568359375,
            "y": 41.63569259643555,
            "z": -4.897845268249512
          }
        },
        {
          "type": "RIGHT_OF_LEFT_EYEBROW",
          "position": {
            "x": 363.0325012207031,
            "y": 57.183170318603516,
            "z": -7.621288299560547
          }
        },
        {
          "type": "LEFT_OF_RIGHT_EYEBROW",
          "position": {
            "x": 380.1928405761719,
            "y": 64.79293823242188,
            "z": -1.83848237991333
          }
        },
        {
          "type": "RIGHT_OF_RIGHT_EYEBROW",
          "position": {
            "x": 400.4755554199219,
            "y": 68.1205062866211,
            "z": 15.136106491088867
          }
        },
        {
          "type": "MIDPOINT_BETWEEN_EYES",
          "position": {
            "x": 367.2907409667969,
            "y": 68.0120849609375,
            "z": -1.2030028104782104
          }
        },
        {
          "type": "NOSE_TIP",
          "position": {
            "x": 356.41961669921875,
            "y": 91.25785827636719,
            "z": -0.7549537420272827
          }
        },
        {
          "type": "UPPER_LIP",
          "position": {
            "x": 348.4410400390625,
            "y": 96.83573913574219,
            "z": 13.926074028015137
          }
        },
        {
          "type": "LOWER_LIP",
          "position": {
            "x": 341.839599609375,
            "y": 105.55201721191406,
            "z": 22.674781799316406
          }
        },
        {
          "type": "MOUTH_LEFT",
          "position": {
            "x": 332.029296875,
            "y": 89.49732971191406,
            "z": 20.98081398010254
          }
        },
        {
          "type": "MOUTH_RIGHT",
          "position": {
            "x": 359.15576171875,
            "y": 101.72480773925781,
            "z": 30.431333541870117
          }
        },
        {
          "type": "MOUTH_CENTER",
          "position": {
            "x": 345.5277404785156,
            "y": 99.96903991699219,
            "z": 19.36119842529297
          }
        },
        {
          "type": "NOSE_BOTTOM_RIGHT",
          "position": {
            "x": 363.8428039550781,
            "y": 89.51652526855469,
            "z": 17.012062072753906
          }
        },
        {
          "type": "NOSE_BOTTOM_LEFT",
          "position": {
            "x": 344.5938720703125,
            "y": 80.7986831665039,
            "z": 10.459794044494629
          }
        },
        {
          "type": "NOSE_BOTTOM_CENTER",
          "position": {
            "x": 352.8070983886719,
            "y": 90.9032974243164,
            "z": 9.963651657104492
          }
        },
        {
          "type": "LEFT_EYE_TOP_BOUNDARY",
          "position": {
            "x": 350.437255859375,
            "y": 55.111427307128906,
            "z": -3.271298885345459
          }
        },
        {
          "type": "LEFT_EYE_RIGHT_CORNER",
          "position": {
            "x": 355.2427062988281,
            "y": 59.34492111206055,
            "z": 3.0434587001800537
          }
        },
        {
          "type": "LEFT_EYE_BOTTOM_BOUNDARY",
          "position": {
            "x": 347.63446044921875,
            "y": 57.2171630859375,
            "z": 1.0883567333221436
          }
        },
        {
          "type": "LEFT_EYE_LEFT_CORNER",
          "position": {
            "x": 341.7584228515625,
            "y": 50.59136199951172,
            "z": 1.0665241479873657
          }
        },
        {
          "type": "LEFT_EYE_PUPIL",
          "position": {
            "x": 348.4485778808594,
            "y": 56.004417419433594,
            "z": -0.7438060641288757
          }
        },
        {
          "type": "RIGHT_EYE_TOP_BOUNDARY",
          "position": {
            "x": 385.6253967285156,
            "y": 71.21913146972656,
            "z": 8.768308639526367
          }
        },
        {
          "type": "RIGHT_EYE_RIGHT_CORNER",
          "position": {
            "x": 390.91693115234375,
            "y": 73.07829284667969,
            "z": 17.886234283447266
          }
        },
        {
          "type": "RIGHT_EYE_BOTTOM_BOUNDARY",
          "position": {
            "x": 383.05523681640625,
            "y": 73.84809875488281,
            "z": 13.222556114196777
          }
        },
        {
          "type": "RIGHT_EYE_LEFT_CORNER",
          "position": {
            "x": 377.74560546875,
            "y": 68.99203491210938,
            "z": 10.271075248718262
          }
        },
        {
          "type": "RIGHT_EYE_PUPIL",
          "position": {
            "x": 384.5483703613281,
            "y": 72.55813598632812,
            "z": 11.582830429077148
          }
        },
        {
          "type": "LEFT_EYEBROW_UPPER_MIDPOINT",
          "position": {
            "x": 354.8492431640625,
            "y": 46.87797546386719,
            "z": -10.844630241394043
          }
        },
        {
          "type": "RIGHT_EYEBROW_UPPER_MIDPOINT",
          "position": {
            "x": 393.0083923339844,
            "y": 64.3217544555664,
            "z": 2.218703031539917
          }
        },
        {
          "type": "LEFT_EAR_TRAGION",
          "position": {
            "x": 314.7412109375,
            "y": 33.32769012451172,
            "z": 43.708438873291016
          }
        },
        {
          "type": "RIGHT_EAR_TRAGION",
          "position": {
            "x": 394.6062316894531,
            "y": 69.79818725585938,
            "z": 70.99127197265625
          }
        },
        {
          "type": "FOREHEAD_GLABELLA",
          "position": {
            "x": 371.95745849609375,
            "y": 61.36988067626953,
            "z": -6.261849403381348
          }
        },
        {
          "type": "CHIN_GNATHION",
          "position": {
            "x": 332.50286865234375,
            "y": 116.17399597167969,
            "z": 35.873634338378906
          }
        },
        {
          "type": "CHIN_LEFT_GONION",
          "position": {
            "x": 306.4349365234375,
            "y": 63.25993347167969,
            "z": 42.96017074584961
          }
        },
        {
          "type": "CHIN_RIGHT_GONION",
          "position": {
            "x": 378.585693359375,
            "y": 96.26531982421875,
            "z": 67.6531982421875
          }
        }
      ],
      "rollAngle": 33.70710754394531,
      "panAngle": 19.48548126220703,
      "tiltAngle": -27.017547607421875,
      "detectionConfidence": 0.5448983311653137,
      "landmarkingConfidence": 0.31809860467910767,
      "joyLikelihood": "VERY_UNLIKELY",
      "sorrowLikelihood": "VERY_UNLIKELY",
      "angerLikelihood": "VERY_UNLIKELY",
      "surpriseLikelihood": "VERY_UNLIKELY",
      "underExposedLikelihood": "VERY_UNLIKELY",
      "blurredLikelihood": "VERY_UNLIKELY",
      "headwearLikelihood": "VERY_UNLIKELY"
    },
    {
      "boundingPoly": {
        "vertices": [
          {
            "x": 123,
            "y": 3
          },
          {
            "x": 240,
            "y": 3
          },
          {
            "x": 240,
            "y": 139
          },
          {
            "x": 123,
            "y": 139
          }
        ]
      },
      "fdBoundingPoly": {
        "vertices": [
          {
            "x": 156,
            "y": 53
          },
          {
            "x": 236,
            "y": 53
          },
          {
            "x": 236,
            "y": 133
          },
          {
            "x": 156,
            "y": 133
          }
        ]
      },
      "landmarks": [
        {
          "type": "LEFT_EYE",
          "position": {
            "x": 200.62367248535156,
            "y": 82.062255859375,
            "z": 0.00010213779751211405
          }
        },
        {
          "type": "RIGHT_EYE",
          "position": {
            "x": 218.1881866455078,
            "y": 67.42315673828125,
            "z": 26.383747100830078
          }
        },
        {
          "type": "LEFT_OF_LEFT_EYEBROW",
          "position": {
            "x": 191.66322326660156,
            "y": 79.53280639648438,
            "z": -11.529175758361816
          }
        },
        {
          "type": "RIGHT_OF_LEFT_EYEBROW",
          "position": {
            "x": 210.5298614501953,
            "y": 71.55569458007812,
            "z": -0.8704019784927368
          }
        },
        {
          "type": "LEFT_OF_RIGHT_EYEBROW",
          "position": {
            "x": 219.46705627441406,
            "y": 65.36293029785156,
            "z": 12.352790832519531
          }
        },
        {
          "type": "RIGHT_OF_RIGHT_EYEBROW",
          "position": {
            "x": 221.14395141601562,
            "y": 54.139854431152344,
            "z": 32.56557846069336
          }
        },
        {
          "type": "MIDPOINT_BETWEEN_EYES",
          "position": {
            "x": 215.81283569335938,
            "y": 75.52725219726562,
            "z": 9.325316429138184
          }
        },
        {
          "type": "NOSE_TIP",
          "position": {
            "x": 225.63980102539062,
            "y": 95.54398345947266,
            "z": 14.640767097473145
          }
        },
        {
          "type": "UPPER_LIP",
          "position": {
            "x": 218.06088256835938,
            "y": 105.18339538574219,
            "z": 24.726943969726562
          }
        },
        {
          "type": "LOWER_LIP",
          "position": {
            "x": 216.0724639892578,
            "y": 114.96206665039062,
            "z": 31.76923942565918
          }
        },
        {
          "type": "MOUTH_LEFT",
          "position": {
            "x": 203.1373748779297,
            "y": 113.20347595214844,
            "z": 21.04536247253418
          }
        },
        {
          "type": "MOUTH_RIGHT",
          "position": {
            "x": 216.9164581298828,
            "y": 101.27522277832031,
            "z": 41.7567024230957
          }
        },
        {
          "type": "MOUTH_CENTER",
          "position": {
            "x": 215.94000244140625,
            "y": 109.3662338256836,
            "z": 28.628183364868164
          }
        },
        {
          "type": "NOSE_BOTTOM_RIGHT",
          "position": {
            "x": 218.16465759277344,
            "y": 90.76863098144531,
            "z": 29.28804588317871
          }
        },
        {
          "type": "NOSE_BOTTOM_LEFT",
          "position": {
            "x": 208.8444366455078,
            "y": 99.73326110839844,
            "z": 15.039517402648926
          }
        },
        {
          "type": "NOSE_BOTTOM_CENTER",
          "position": {
            "x": 218.75405883789062,
            "y": 99.43463134765625,
            "z": 21.18129539489746
          }
        },
        {
          "type": "LEFT_EYE_TOP_BOUNDARY",
          "position": {
            "x": 202.51976013183594,
            "y": 80.93165588378906,
            "z": -2.2790334224700928
          }
        },
        {
          "type": "LEFT_EYE_RIGHT_CORNER",
          "position": {
            "x": 203.8352813720703,
            "y": 79.83983612060547,
            "z": 5.466272354125977
          }
        },
        {
          "type": "LEFT_EYE_BOTTOM_BOUNDARY",
          "position": {
            "x": 200.2662353515625,
            "y": 85.1280517578125,
            "z": 1.039247989654541
          }
        },
        {
          "type": "LEFT_EYE_LEFT_CORNER",
          "position": {
            "x": 194.0167999267578,
            "y": 84.96122741699219,
            "z": -3.8094050884246826
          }
        },
        {
          "type": "LEFT_EYE_PUPIL",
          "position": {
            "x": 200.9567413330078,
            "y": 82.97050476074219,
            "z": -0.8324353098869324
          }
        },
        {
          "type": "RIGHT_EYE_TOP_BOUNDARY",
          "position": {
            "x": 220.20223999023438,
            "y": 65.71791076660156,
            "z": 24.143856048583984
          }
        },
        {
          "type": "RIGHT_EYE_RIGHT_CORNER",
          "position": {
            "x": 218.88629150390625,
            "y": 63.61944580078125,
            "z": 33.137184143066406
          }
        },
        {
          "type": "RIGHT_EYE_BOTTOM_BOUNDARY",
          "position": {
            "x": 218.46432495117188,
            "y": 69.48066711425781,
            "z": 27.42029571533203
          }
        },
        {
          "type": "RIGHT_EYE_LEFT_CORNER",
          "position": {
            "x": 214.52288818359375,
            "y": 70.59359741210938,
            "z": 21.290180206298828
          }
        },
        {
          "type": "RIGHT_EYE_PUPIL",
          "position": {
            "x": 219.1476287841797,
            "y": 67.35612487792969,
            "z": 26.25837516784668
          }
        },
        {
          "type": "LEFT_EYEBROW_UPPER_MIDPOINT",
          "position": {
            "x": 203.12960815429688,
            "y": 72.98042297363281,
            "z": -9.242204666137695
          }
        },
        {
          "type": "RIGHT_EYEBROW_UPPER_MIDPOINT",
          "position": {
            "x": 222.3098907470703,
            "y": 56.500736236572266,
            "z": 19.43012809753418
          }
        },
        {
          "type": "LEFT_EAR_TRAGION",
          "position": {
            "x": 152.03738403320312,
            "y": 97.05973815917969,
            "z": 10.972136497497559
          }
        },
        {
          "type": "RIGHT_EAR_TRAGION",
          "position": {
            "x": 192.08042907714844,
            "y": 62.51559829711914,
            "z": 70.95616912841797
          }
        },
        {
          "type": "FOREHEAD_GLABELLA",
          "position": {
            "x": 216.31399536132812,
            "y": 68.9903564453125,
            "z": 5.141829490661621
          }
        },
        {
          "type": "CHIN_GNATHION",
          "position": {
            "x": 211.28439331054688,
            "y": 126.020263671875,
            "z": 41.49105453491211
          }
        },
        {
          "type": "CHIN_LEFT_GONION",
          "position": {
            "x": 166.73956298828125,
            "y": 118.39126586914062,
            "z": 18.549421310424805
          }
        },
        {
          "type": "CHIN_RIGHT_GONION",
          "position": {
            "x": 202.9729766845703,
            "y": 87.20230865478516,
            "z": 72.73894500732422
          }
        }
      ],
      "rollAngle": -1.1452362537384033,
      "panAngle": 59.33991622924805,
      "tiltAngle": -29.36217498779297,
      "detectionConfidence": 0.5760265588760376,
      "landmarkingConfidence": 0.1744435429573059,
      "joyLikelihood": "UNLIKELY",
      "sorrowLikelihood": "VERY_UNLIKELY",
      "angerLikelihood": "VERY_UNLIKELY",
      "surpriseLikelihood": "VERY_UNLIKELY",
      "underExposedLikelihood": "VERY_UNLIKELY",
      "blurredLikelihood": "VERY_UNLIKELY",
      "headwearLikelihood": "VERY_UNLIKELY"
    }
  ]
}
